customer_id,frequency,T,monetary_value,purchase_trend,inter_purchase_interval_std,days_since_last_purchase,churned,predicted_churn_proba
12346.0,7.0,542.0,11066.637142857144,0.9903848112716852,62.38218648045806,142.0,1,0.9657887
12347.0,3.0,221.0,845.0733333333333,1.0,13.638181696985855,63.0,0,0.011704974
12348.0,3.0,255.0,389.08,1.0,17.45470328211473,65.0,0,0.012148068
12349.0,1.0,406.0,1152.62,0.03786343949503404,0.0,224.0,1,0.98858184
12350.0,0.0,127.0,0.0,1.0,,127.0,1,0.9936521
12351.0,0.0,192.0,0.0,1.0,,192.0,1,0.9948598
12352.0,5.0,209.0,168.31199999999998,1.0,26.90278795961489,79.0,0,0.0075337915
12353.0,1.0,225.0,89.0,1.0,0.0,21.0,0,0.017137278
12354.0,0.0,49.0,0.0,1.0,,49.0,0,0.00557618
12355.0,1.0,384.0,459.4,-0.03040280284083115,0.0,31.0,0,0.020919112
12356.0,4.0,241.0,1189.2225,1.0,25.439880109780393,62.0,0,0.009703907
12357.0,0.0,205.0,0.0,1.0,,205.0,1,0.9948598
12358.0,2.0,548.0,544.59,-0.3480931000670898,3.5,192.0,1,0.9902531
12359.0,8.0,551.0,662.3,0.33586396637118776,40.73619398029227,6.0,0,0.0066056293
12360.0,3.0,472.0,705.4699999999999,0.44500785442242025,42.74212078136611,17.0,0,0.011940356
12361.0,3.0,499.0,119.01666666666668,-0.22481994459833798,30.865298745786774,104.0,0,0.019710738
12362.0,1.0,112.0,450.24,1.0,0.0,42.0,0,0.0052788644
12363.0,0.0,59.0,0.0,1.0,,59.0,0,0.00557618
12365.0,0.0,108.0,0.0,1.0,,108.0,0,0.00557618
12366.0,0.0,450.0,0.0,-1.0,,450.0,1,0.99624145
12368.0,0.0,445.0,0.0,-1.0,,445.0,1,0.99624145
12369.0,2.0,458.0,601.415,0.5919399133110546,78.5,230.0,1,0.98265797
12370.0,4.0,485.0,704.5174999999999,0.6680440728586818,97.60655715678122,91.0,0,0.0097713135
12371.0,1.0,462.0,1331.74,0.4639170724736454,117.5,226.0,1,0.98318404
12372.0,1.0,113.0,479.7,1.0,0.0,29.0,0,0.0052788644
12373.0,2.0,490.0,284.875,-0.30016708888050453,131.5,128.0,1,0.98505545
12374.0,1.0,405.0,657.75,-0.35712924365559134,0.0,238.0,1,0.98888373
12376.0,1.0,234.0,30.6,1.0,0.0,206.0,1,0.99248976
12377.0,3.0,406.0,685.12,0.25851723039996083,82.90154803540563,132.0,1,0.97850925
12378.0,0.0,379.0,0.0,-1.0,,379.0,1,0.99624145
12379.0,1.0,351.0,370.5,0.06929492914658429,0.0,239.0,1,0.98858184
12380.0,3.0,479.0,1278.9133333333332,-0.7895195673281088,103.96483780586588,2.0,0,0.012690949
12383.0,4.0,169.0,268.21,1.0,16.021469970012117,1.0,0,0.009965395
12385.0,0.0,196.0,0.0,1.0,,196.0,1,0.9948598
12386.0,1.0,183.0,143.0,1.0,0.0,154.0,1,0.9799182
12387.0,0.0,232.0,0.0,1.0,,232.0,1,0.9948598
12388.0,4.0,399.0,356.27000000000004,0.5106588222822919,51.24634133282102,92.0,0,0.009531143
12389.0,2.0,472.0,634.24,0.21437491715097012,38.0,219.0,1,0.98413175
12391.0,3.0,479.0,533.38,-1.0,53.153080813815485,281.0,1,0.99518365
12392.0,0.0,408.0,0.0,-1.0,,408.0,1,0.99624145
12393.0,4.0,245.0,393.5375,1.0,28.39344114403888,62.0,0,0.0100575285
12394.0,0.0,34.0,0.0,1.0,,34.0,0,0.00557618
12395.0,8.0,419.0,277.865,0.2211910286156225,32.58450552026223,28.0,0,0.006630903
12396.0,0.0,491.0,0.0,-1.0,,491.0,1,0.99624145
12399.0,4.0,461.0,335.40500000000003,0.3351820435860629,34.528973341239094,30.0,0,0.0108662285
12400.0,0.0,231.0,0.0,1.0,,231.0,1,0.9948598
12401.0,0.0,120.0,0.0,1.0,,120.0,1,0.99070215
12402.0,5.0,487.0,192.04,-0.1702876242413581,7.042726744663604,140.0,1,0.98253524
12403.0,0.0,338.0,0.0,-1.0,,338.0,1,0.99624145
12406.0,3.0,514.0,1238.37,0.2910834995898884,49.86871653540814,0.0,0,0.0119137475
12407.0,1.0,81.0,239.66,1.0,0.0,52.0,0,0.0052788644
12408.0,3.0,315.0,623.57,0.8252520965357765,44.76815274277017,77.0,0,0.009409296
12409.0,3.0,382.0,1848.0466666666664,-0.15263286632292888,40.00277768133385,237.0,1,0.98260915
12410.0,1.0,319.0,533.3299999999999,0.3786302361349859,96.5,125.0,1,0.9805716
12411.0,0.0,226.0,0.0,1.0,,226.0,1,0.9948598
12412.0,2.0,356.0,313.585,-0.722261400103007,16.5,219.0,1,0.98939425
12413.0,2.0,219.0,254.95,1.0,17.5,53.0,0,0.01292756
12414.0,3.0,280.0,147.47,0.6619146898067279,58.37998134825175,34.0,0,0.009230945
12415.0,9.0,344.0,7519.555555555556,0.9239178352161646,29.16280397702644,20.0,0,0.0059553045
12416.0,0.0,473.0,0.0,-1.0,,473.0,1,0.99624145
12417.0,15.0,550.0,278.4653333333333,0.20614082332453634,20.599244862103294,4.0,0,0.005846484
12418.0,2.0,447.0,504.34,-0.30015821147107097,54.5,230.0,1,0.985906
12419.0,1.0,230.0,152.1,1.0,0.0,202.0,1,0.9876917
12421.0,2.0,322.0,157.605,0.7271307635407248,3.0,136.0,1,0.98550594
12422.0,9.0,538.0,346.5877777777778,-0.10548509997526831,20.88120426024382,141.0,1,0.9686479
12423.0,7.0,282.0,241.56714285714287,0.7309816406230008,22.808877612876607,8.0,0,0.007147142
12424.0,1.0,365.0,1132.53,0.43442659286795393,0.0,239.0,1,0.98774403
12425.0,0.0,265.0,0.0,1.0,,265.0,1,0.9948598
12426.0,1.0,479.0,510.73,-0.14964077888129468,0.0,11.0,0,0.021327764
12427.0,0.0,188.0,0.0,1.0,,188.0,1,0.9948598
12428.0,3.0,100.0,233.7733333333333,1.0,6.745368781616021,59.0,0,0.005509227
12429.0,3.0,363.0,1234.5433333333333,0.4492808633943717,55.355577858062325,44.0,0,0.010044102
12431.0,16.0,510.0,390.23625,0.05339705770467768,22.12429377403943,17.0,0,0.0057805316
12433.0,4.0,293.0,2710.0275,0.9722720288632897,14.872373717735847,183.0,1,0.98183286
12434.0,1.0,198.0,286.25,1.0,0.0,77.0,0,0.014438975
12435.0,4.0,554.0,2266.7575,0.2902849917072208,30.116440692751194,84.0,0,0.01315608
12437.0,25.0,554.0,322.79200000000003,-0.08680161227263414,16.497495341345697,15.0,0,0.005970247
12439.0,1.0,542.0,76.52000000000001,-1.0,0.0,499.0,1,0.99567163
12440.0,1.0,534.0,250.69,-1.0,0.0,279.0,1,0.99567163
12441.0,0.0,183.0,0.0,1.0,,183.0,1,0.9948598
12443.0,0.0,549.0,0.0,-1.0,,549.0,1,0.99624145
12445.0,0.0,237.0,0.0,1.0,,237.0,1,0.9948598
12447.0,0.0,60.0,0.0,1.0,,60.0,0,0.00557618
12449.0,1.0,255.0,768.9300000000001,1.0,0.0,4.0,0,0.018909086
12450.0,2.0,291.0,170.95,0.39459944526023816,15.0,216.0,1,0.9845694
12451.0,3.0,346.0,2263.6366666666668,0.1871422852145673,51.504854140168185,35.0,0,0.009215076
12454.0,2.0,238.0,4098.96,1.0,8.0,212.0,1,0.98532134
12455.0,5.0,538.0,733.392,-0.09927800897162001,34.00823429700519,6.0,0,0.0091332765
12456.0,0.0,71.0,0.0,1.0,,71.0,0,0.00557618
12457.0,3.0,252.0,302.4166666666667,1.0,91.46705539275997,50.0,0,0.008020275
12458.0,2.0,304.0,365.7000000000001,0.3582046591953649,41.0,101.0,0,0.014030046
12459.0,0.0,422.0,0.0,-1.0,,422.0,1,0.99624145
12460.0,0.0,273.0,0.0,1.0,,273.0,1,0.9948598
12462.0,0.0,120.0,0.0,1.0,,120.0,1,0.99070215
12463.0,1.0,58.0,261.38,1.0,0.0,23.0,0,0.0052788644
12464.0,2.0,126.0,135.475,1.0,34.87437773240151,17.0,0,0.008706177
12467.0,0.0,240.0,0.0,1.0,,240.0,1,0.9948598
12468.0,4.0,499.0,708.3775,-0.593953204023787,54.30181856991532,4.0,0,0.013539056
12469.0,1.0,353.0,1113.7,-1.0,0.0,339.0,1,0.99558556
12470.0,0.0,506.0,0.0,-1.0,,506.0,1,0.99624145
12471.0,33.0,549.0,726.3863636363636,0.17448263982283524,10.442380273918584,27.0,0,0.0059138495
12472.0,14.0,542.0,862.9207142857142,-0.05445225391871248,15.544701833809512,84.0,0,0.0057805316
12473.0,0.0,8.0,0.0,1.0,,8.0,0,0.00557618
12474.0,17.0,483.0,408.41705882352943,0.4761222452952445,17.88586931037053,17.0,0,0.0057805316
12475.0,0.0,226.0,0.0,1.0,,226.0,1,0.9948598
12476.0,10.0,318.0,741.435,0.7404393615560398,19.749673080252734,35.0,0,0.00579163
12477.0,4.0,440.0,2403.0925,0.22880965479301327,22.69774217846348,56.0,0,0.012066359
12480.0,4.0,324.0,735.1475,0.7616287603078038,19.085334683992315,84.0,0,0.011806659
12481.0,8.0,424.0,747.2525,0.33622572259438827,45.47922602683559,21.0,0,0.0065561603
12482.0,4.0,470.0,3875.99,-1.0,9.149724346738639,393.0,1,0.99547136
12483.0,14.0,494.0,211.3221428571429,0.3339433559419032,31.304667738569314,0.0,0,0.005846484
12484.0,5.0,498.0,416.16,-0.22401269793280673,65.88656919281804,153.0,1,0.9767585
12485.0,0.0,346.0,0.0,-1.0,,346.0,1,0.99624145
12486.0,0.0,248.0,0.0,1.0,,248.0,1,0.9948598
12487.0,0.0,547.0,0.0,-1.0,,547.0,1,0.99624145
12489.0,0.0,153.0,0.0,1.0,,153.0,1,0.9948598
12490.0,11.0,555.0,403.8627272727272,-0.07798079377938776,29.93270689644958,31.0,0,0.0062493975
12492.0,0.0,220.0,0.0,1.0,,220.0,1,0.9948598
12493.0,0.0,14.0,0.0,1.0,,14.0,0,0.00557618
12494.0,5.0,393.0,170.70800000000003,0.4916681958389039,53.529057529532494,13.0,0,0.0073518516
12495.0,0.0,457.0,0.0,-1.0,,457.0,1,0.99624145
12496.0,0.0,437.0,0.0,-1.0,0.0,437.0,1,0.99624145
12497.0,1.0,461.0,3993.64,0.5837094023872785,0.0,217.0,1,0.98774403
12499.0,0.0,377.0,0.0,-1.0,,377.0,1,0.99624145
12500.0,10.0,490.0,232.616,0.01990832540311429,34.66929477217557,83.0,0,0.0059603285
12501.0,0.0,153.0,0.0,1.0,,153.0,1,0.9948598
12502.0,2.0,126.0,486.7,1.0,4.5,34.0,0,0.009966646
12503.0,0.0,401.0,0.0,-1.0,,401.0,1,0.99624145
12504.0,1.0,413.0,144.60000000000002,0.10804597701149432,0.0,234.0,1,0.98858184
12505.0,0.0,225.0,0.0,1.0,,225.0,1,0.9948598
12506.0,0.0,49.0,0.0,1.0,,49.0,0,0.00557618
12507.0,1.0,401.0,362.16,-0.1138840973318163,0.0,115.0,0,0.020919112
12509.0,0.0,101.0,0.0,1.0,,101.0,0,0.00557618
12510.0,5.0,552.0,499.526,-0.12226431946014722,57.520083449174514,142.0,1,0.9758902
12511.0,0.0,245.0,0.0,1.0,,245.0,1,0.9948598
12514.0,1.0,458.0,1017.68,0.2738834368115361,0.0,84.0,0,0.019909555
12515.0,0.0,170.0,0.0,1.0,,170.0,1,0.9948598
12516.0,1.0,416.0,593.1,0.07585981715280805,0.0,247.0,1,0.98858184
12517.0,0.0,7.0,0.0,1.0,,7.0,0,0.00557618
12519.0,0.0,293.0,0.0,-1.0,,293.0,1,0.99624145
12520.0,2.0,90.0,310.07,1.0,21.0,21.0,0,0.005211679
12523.0,15.0,549.0,182.534,-0.25997219624756,20.171927688415572,69.0,0,0.008858321
12524.0,12.0,486.0,652.9058333333334,0.28443588323157215,32.64621184653733,21.0,0,0.0057805316
12525.0,2.0,464.0,203.65,-1.0,16.0,315.0,1,0.99558556
12527.0,3.0,346.0,117.30666666666669,-0.1833812641497889,64.1318087136866,111.0,0,0.010987642
12528.0,1.0,129.0,242.13,1.0,0.0,93.0,0,0.0102725765
12529.0,0.0,345.0,0.0,-1.0,,345.0,1,0.99624145
12530.0,6.0,459.0,379.16333333333336,0.18432345395573155,33.40533889465375,50.0,0,0.006811805
12531.0,0.0,503.0,0.0,-1.0,,503.0,1,0.99624145
12533.0,1.0,555.0,401.97,-1.0,0.0,444.0,1,0.99567163
12535.0,0.0,3.0,0.0,1.0,,3.0,0,0.00557618
12537.0,0.0,225.0,0.0,1.0,,225.0,1,0.9948598
12538.0,0.0,195.0,0.0,1.0,,195.0,1,0.9948598
12539.0,4.0,533.0,1246.7575,-0.015985453957097828,95.94289968517732,79.0,0,0.01067999
12540.0,20.0,549.0,640.4085,0.28577724965878215,15.795174210646465,3.0,0,0.0057805316
12541.0,0.0,97.0,0.0,1.0,,97.0,0,0.00557618
12542.0,1.0,457.0,117.09,-1.0,0.0,301.0,1,0.99558556
12543.0,0.0,265.0,0.0,1.0,,265.0,1,0.9948598
12545.0,0.0,76.0,0.0,1.0,,76.0,0,0.00557618
12547.0,2.0,317.0,75.9,0.013418786300821182,68.5,14.0,0,0.012023789
12549.0,3.0,514.0,337.42,-1.0,43.1335136523794,392.0,1,0.99552035
12551.0,0.0,174.0,0.0,1.0,,174.0,1,0.9948598
12553.0,6.0,240.0,307.18333333333334,1.0,15.695009822658072,21.0,0,0.007832124
12554.0,0.0,265.0,0.0,1.0,,265.0,1,0.9948598
12557.0,5.0,539.0,1925.432,0.36765747249520725,48.22198668657275,73.0,0,0.007546237
12559.0,1.0,136.0,75.60000000000001,1.0,0.0,127.0,1,0.9790317
12561.0,0.0,119.0,0.0,1.0,,119.0,0,0.02495311
12562.0,2.0,252.0,521.0699999999999,1.0,69.0,15.0,0,0.009124107
12563.0,0.0,225.0,0.0,1.0,,225.0,1,0.9948598
12564.0,0.0,78.0,0.0,1.0,,78.0,0,0.00557618
12565.0,0.0,105.0,0.0,1.0,,105.0,0,0.00557618
12567.0,9.0,483.0,823.9222222222222,0.5497356224957541,37.36856968094979,1.0,0,0.005971654
12568.0,0.0,461.0,0.0,-1.0,,461.0,1,0.99624145
12569.0,4.0,69.0,185.445,1.0,13.105723940324701,0.0,0,0.00573896
12573.0,4.0,282.0,141.34750000000005,0.5761977112111625,57.251091692648096,44.0,0,0.009104603
12574.0,0.0,132.0,0.0,1.0,,132.0,1,0.9936521
12575.0,1.0,343.0,263.02,-0.07520832600822762,0.0,274.0,1,0.98888373
12576.0,4.0,343.0,218.4475,0.4955243295051945,10.280442597476044,35.0,0,0.012842717
12577.0,3.0,553.0,327.09666666666664,0.6466807625184589,125.91171510228904,176.0,1,0.9813836
12578.0,2.0,260.0,1068.37,1.0,2.0,147.0,1,0.98514634
12580.0,1.0,393.0,379.7,-0.21134074151002177,0.0,63.0,0,0.020919112
12582.0,3.0,394.0,327.7633333333334,0.08030103274005716,45.82818152864264,55.0,0,0.010839968
12583.0,16.0,550.0,541.938125,0.2149801676852742,19.17426253471043,17.0,0,0.0057805316
12584.0,1.0,97.0,159.11,1.0,0.0,2.0,0,0.0052788644
12585.0,1.0,168.0,669.25,1.0,0.0,51.0,0,0.011584109
12586.0,2.0,540.0,721.69,0.5472549618647929,134.0,191.0,1,0.984504
12588.0,1.0,414.0,294.98,0.08472457159667576,0.0,216.0,1,0.98858184
12589.0,2.0,506.0,1029.365,-0.2625770614984762,97.68316129200569,238.0,1,0.9850103
12590.0,0.0,28.0,0.0,1.0,,28.0,0,0.00557618
12591.0,2.0,225.0,271.0,1.0,27.5,134.0,1,0.98154
12592.0,1.0,336.0,213.8,-0.7215855818314408,152.5,30.0,0,0.012831683
12593.0,0.0,35.0,0.0,1.0,,35.0,0,0.00557618
12594.0,10.0,463.0,324.07000000000005,0.798299919043764,27.194852454095063,0.0,0,0.0059603285
12595.0,0.0,321.0,0.0,-1.0,,321.0,1,0.99624145
12596.0,0.0,59.0,0.0,1.0,,59.0,0,0.00557618
12597.0,0.0,85.0,0.0,1.0,,85.0,0,0.00557618
12598.0,4.0,465.0,487.84,-0.09627782724844167,76.85172411859087,37.0,0,0.010157372
12599.0,8.0,394.0,133.315,0.11769934640522871,25.666125535421198,25.0,0,0.0068690586
12600.0,15.0,549.0,203.69133333333335,0.20227394433737633,24.411654775719096,21.0,0,0.005846484
12601.0,5.0,221.0,97.412,1.0,19.44839324982915,6.0,0,0.00784755
12604.0,0.0,78.0,0.0,1.0,,78.0,0,0.00557618
12605.0,2.0,275.0,451.98,1.0,5.5,193.0,1,0.985342
12608.0,0.0,221.0,0.0,1.0,,221.0,1,0.9948598
12609.0,7.0,536.0,348.16285714285715,0.030976593672897172,27.14210525274376,3.0,0,0.007644261
12613.0,6.0,542.0,552.4,-0.22864991925907813,38.57460304397182,14.0,0,0.010779787
12614.0,0.0,94.0,0.0,1.0,,94.0,0,0.00557618
12615.0,2.0,448.0,1057.155,-0.38203370858679,53.33124995930831,230.0,1,0.985906
12616.0,1.0,205.0,219.6,1.0,0.0,114.0,0,0.015594976
12619.0,2.0,377.0,297.83,0.6190812720848056,144.0,51.0,0,0.013369865
12620.0,0.0,21.0,0.0,1.0,,21.0,0,0.00557618
12621.0,23.0,485.0,717.1095652173914,0.34584949999880477,15.160255055022436,17.0,0,0.005914687
12622.0,0.0,49.0,0.0,1.0,,49.0,0,0.00557618
12623.0,6.0,513.0,319.3533333333333,-0.6409657884578267,33.27995726492983,93.0,0,0.013671372
12625.0,3.0,413.0,1266.3966666666663,0.031793933590944796,44.13111776916097,28.0,0,0.011030558
12626.0,1.0,143.0,142.1,1.0,0.0,133.0,1,0.9790317
12629.0,1.0,240.0,613.86,1.0,0.0,202.0,1,0.9876917
12631.0,3.0,510.0,700.9633333333333,-0.5476915387512452,37.59654239421492,273.0,1,0.98673475
12632.0,1.0,381.0,374.56,-1.0,0.0,337.0,1,0.99558556
12633.0,4.0,342.0,680.335,-0.1230061394824843,28.30525569571842,13.0,0,0.01605748
12634.0,0.0,365.0,0.0,-1.0,,365.0,1,0.99624145
12635.0,1.0,273.0,455.9,1.0,0.0,209.0,1,0.9878542
12637.0,6.0,360.0,641.7199999999999,0.5981715682825582,32.57957291660791,56.0,0,0.007277528
12638.0,0.0,456.0,0.0,-1.0,,456.0,1,0.99624145
12639.0,2.0,444.0,429.395,0.6016673349683411,1.5,55.0,0,0.015746515
12643.0,6.0,428.0,654.75,0.24958887604409197,40.088677214599215,37.0,0,0.006811805
12644.0,2.0,511.0,375.3250000000001,-0.1951946463467784,107.5,247.0,1,0.9852658
12645.0,5.0,485.0,398.274,-0.0027565242033130125,53.482707485691115,36.0,0,0.0072690407
12647.0,26.0,512.0,483.17038461538465,-0.2562296526213842,17.691974036359266,16.0,0,0.0086505385
12648.0,2.0,518.0,267.09999999999997,0.207524189728669,71.5,254.0,1,0.9842966
12649.0,5.0,513.0,319.168,0.2392853698007653,65.53594433591385,29.0,0,0.0076433346
12651.0,3.0,282.0,92.91666666666669,0.4758438120450033,12.256517540566824,151.0,1,0.983182
12652.0,1.0,251.0,793.98,1.0,0.0,148.0,1,0.9876917
12653.0,1.0,343.0,779.1,-0.4292474945789135,0.0,113.0,0,0.020919112
12654.0,1.0,112.0,153.14999999999998,1.0,48.5,14.0,0,0.004696065
12655.0,0.0,240.0,0.0,1.0,,240.0,1,0.9948598
12656.0,4.0,379.0,677.815,0.263368703721539,60.862036607395915,20.0,0,0.009002229
12661.0,0.0,253.0,0.0,1.0,,253.0,1,0.9948598
12662.0,13.0,434.0,314.15076923076924,0.23734395445061363,16.25098995619076,4.0,0,0.005846484
12663.0,1.0,485.0,67.65,-1.0,0.0,441.0,1,0.99567163
12664.0,3.0,543.0,580.8866666666667,0.07027046578711778,53.25619421459088,49.0,0,0.011818482
12665.0,2.0,486.0,54.4,-0.16178736517719572,79.5,141.0,1,0.9841903
12666.0,0.0,211.0,0.0,1.0,,211.0,1,0.9948598
12668.0,7.0,494.0,1101.037142857143,0.12593997182793365,35.37438252147322,76.0,0,0.006734647
12669.0,0.0,73.0,0.0,1.0,,73.0,0,0.00557618
12670.0,3.0,483.0,473.6766666666667,0.7450618004089328,101.25545252808199,16.0,0,0.0109516
12671.0,0.0,423.0,0.0,-1.0,,423.0,1,0.99624145
12672.0,1.0,412.0,225.9,0.10993735413339885,0.0,146.0,1,0.98858184
12673.0,1.0,218.0,220.9,1.0,0.0,143.0,1,0.9864123
12674.0,0.0,24.0,0.0,1.0,,24.0,0,0.00557618
12675.0,1.0,395.0,12.75,-1.0,0.0,370.0,1,0.99624145
12676.0,5.0,300.0,299.32399999999996,0.5344833773357599,32.443540702786024,7.0,0,0.00784274
12677.0,1.0,483.0,186.4,-1.0,0.0,372.0,1,0.99567163
12678.0,9.0,518.0,2167.42,-0.03817243361858441,25.94057787033499,4.0,0,0.0060596243
12679.0,1.0,100.0,76.32000000000001,1.0,0.0,22.0,0,0.0052788644
12681.0,34.0,543.0,663.8541176470588,0.26201794877683454,11.082616769683403,4.0,0,0.0059138495
12682.0,30.0,555.0,500.42266666666666,0.057544436196862114,11.358256908522538,9.0,0,0.0059138495
12683.0,12.0,543.0,677.57,0.37512839483116533,35.34339479387281,1.0,0,0.0057805316
12684.0,1.0,30.0,362.0,1.0,0.0,14.0,0,0.0052788644
12686.0,0.0,188.0,0.0,1.0,,188.0,1,0.9948598
12687.0,0.0,297.0,0.0,-1.0,,297.0,1,0.99624145
12690.0,0.0,22.0,0.0,1.0,,22.0,0,0.00557618
12691.0,2.0,237.0,176.1,1.0,12.5,136.0,1,0.98463875
12692.0,0.0,454.0,0.0,-1.0,,454.0,1,0.99624145
12693.0,5.0,339.0,147.30599999999998,0.20163474402062187,9.562426470305537,28.0,0,0.009351745
12694.0,0.0,238.0,0.0,1.0,,238.0,1,0.9948598
12695.0,3.0,482.0,128.20333333333335,-0.7967595386384597,117.26418416928884,27.0,0,0.013989379
12696.0,1.0,325.0,454.76,0.24266644806055393,0.0,251.0,1,0.9884199
12698.0,0.0,407.0,0.0,-1.0,,407.0,1,0.99624145
12699.0,0.0,234.0,0.0,1.0,,234.0,1,0.9948598
12700.0,0.0,32.0,0.0,1.0,,32.0,0,0.00557618
12701.0,4.0,450.0,328.115,-0.6698285977475354,112.37882362794157,59.0,0,0.012149974
12703.0,2.0,501.0,64.725,-1.0,24.0,450.0,1,0.99567163
12705.0,6.0,350.0,1019.5066666666668,0.5967402384000856,38.345901518484425,18.0,0,0.00669462
12707.0,0.0,108.0,0.0,1.0,,108.0,0,0.00557618
12708.0,12.0,538.0,276.65749999999997,0.12168696683545459,12.533011963964963,17.0,0,0.005981314
12709.0,21.0,547.0,1155.2290476190476,-0.30597458818916046,15.432649372893387,7.0,0,0.009157128
12710.0,0.0,18.0,0.0,1.0,,18.0,0,0.00557618
12711.0,1.0,493.0,735.75,-1.0,0.0,428.0,1,0.99567163
12712.0,15.0,547.0,279.414,0.35784950356537415,21.687067318770623,17.0,0,0.005846484
12714.0,8.0,552.0,1197.765,-0.04349541413800685,18.33030277982336,23.0,0,0.007164996
12717.0,1.0,407.0,509.74,0.38202719373161437,0.0,62.0,0,0.019333271
12720.0,12.0,323.0,282.0183333333333,0.437552124047511,18.214046208625387,9.0,0,0.005846484
12721.0,4.0,288.0,387.805,0.39074848594879796,20.07952937695503,63.0,0,0.011622576
12724.0,3.0,352.0,259.87,-0.36245672739608786,39.684869772860395,149.0,1,0.98602015
12725.0,2.0,401.0,634.8050000000001,0.11439681202162771,63.0,188.0,1,0.98325104
12726.0,8.0,441.0,286.6825,0.6340182354234088,26.930175918474802,1.0,0,0.0068690586
12727.0,6.0,471.0,539.3183333333333,0.420392652929533,47.57807761341094,4.0,0,0.006811805
12728.0,3.0,200.0,175.76999999999998,1.0,11.145502331533658,74.0,0,0.011837716
12730.0,0.0,338.0,0.0,-1.0,,338.0,1,0.99624145
12731.0,9.0,464.0,1482.1655555555556,0.36063942739122096,25.579093025359597,29.0,0,0.0060596243
12733.0,3.0,506.0,431.26666666666665,-0.351036707617924,34.79782879561437,51.0,0,0.019517308
12734.0,2.0,209.0,236.65,1.0,2.5,169.0,1,0.9828205
12735.0,1.0,154.0,405.8,1.0,0.0,132.0,1,0.9799182
12736.0,0.0,149.0,0.0,1.0,,149.0,1,0.9948598
12738.0,0.0,189.0,0.0,1.0,,189.0,1,0.9948598
12739.0,0.0,211.0,0.0,1.0,,211.0,1,0.9948598
12741.0,0.0,350.0,0.0,-1.0,,350.0,1,0.99624145
12742.0,0.0,442.0,0.0,-1.0,,442.0,1,0.99624145
12744.0,3.0,408.0,2318.8766666666666,0.6947590497930467,60.90451543194478,65.0,0,0.010533852
12745.0,1.0,391.0,266.93,-1.0,0.0,303.0,1,0.99558556
12746.0,0.0,357.0,0.0,-1.0,,357.0,1,0.99624145
12747.0,20.0,549.0,339.56399999999996,0.0854707170873112,17.38756739742509,15.0,0,0.005846484
12748.0,126.0,552.0,231.700873015873,0.41956695192725124,4.174749170492268,1.0,0,0.0063334485
12749.0,3.0,338.0,944.2266666666666,0.5455562284822593,72.17513422225136,30.0,0,0.009215076
12751.0,0.0,261.0,0.0,1.0,,261.0,1,0.9948598
12753.0,3.0,179.0,3116.64,1.0,15.412837362262522,65.0,0,0.010528842
12754.0,2.0,125.0,1482.585,1.0,5.0,52.0,0,0.009966646
12755.0,9.0,510.0,1003.0788888888889,0.6897879003306513,43.748028527009076,97.0,0,0.005971654
12757.0,1.0,28.0,243.2,1.0,0.0,2.0,0,0.0052788644
12758.0,5.0,555.0,1245.432,-0.38581222413681887,53.37789804778753,93.0,0,0.0127139725
12759.0,5.0,552.0,633.568,-0.11875983545457057,45.806549750008465,92.0,0,0.010210075
12760.0,0.0,272.0,0.0,1.0,,272.0,1,0.9948598
12761.0,0.0,281.0,0.0,-1.0,,281.0,1,0.99624145
12763.0,0.0,186.0,0.0,1.0,,186.0,1,0.9948598
12764.0,0.0,133.0,0.0,1.0,,133.0,1,0.9944782
12765.0,5.0,458.0,233.516,-1.0,13.836184445142381,289.0,1,0.99530655
12766.0,5.0,224.0,1092.8,1.0,12.023310692151309,57.0,0,0.00878074
12767.0,0.0,192.0,0.0,1.0,,192.0,1,0.9948598
12768.0,0.0,267.0,0.0,1.0,,267.0,1,0.9948598
12769.0,0.0,55.0,0.0,1.0,,55.0,0,0.00557618
12770.0,1.0,273.0,1351.45,1.0,0.0,27.0,0,0.019160364
12771.0,0.0,302.0,0.0,-1.0,,302.0,1,0.99624145
12773.0,0.0,381.0,0.0,-1.0,,381.0,1,0.99624145
12774.0,0.0,352.0,0.0,-1.0,,352.0,1,0.99624145
12775.0,5.0,226.0,237.528,1.0,23.465719677862,6.0,0,0.0075337915
12776.0,0.0,484.0,0.0,-1.0,,484.0,1,0.99624145
12777.0,0.0,274.0,0.0,1.0,,274.0,1,0.9948598
12778.0,5.0,419.0,172.582,0.4245198141162681,47.57898695853034,76.0,0,0.00734112
12779.0,12.0,553.0,447.375,0.381818435209187,31.891635092746323,6.0,0,0.0057805316
12780.0,0.0,415.0,0.0,-1.0,,415.0,1,0.99624145
12781.0,0.0,101.0,0.0,1.0,,101.0,0,0.00557618
12782.0,8.0,336.0,375.27125,0.8564745676767864,21.35379064709589,70.0,0,0.0066748094
12784.0,0.0,346.0,0.0,-1.0,,346.0,1,0.99624145
12785.0,2.0,548.0,296.75,-0.43398938522777536,12.0,181.0,1,0.99012065
12786.0,0.0,426.0,0.0,-1.0,,426.0,1,0.99624145
12787.0,1.0,230.0,143.1,1.0,0.0,9.0,0,0.018909086
12788.0,3.0,345.0,79.60000000000001,-1.0,12.036980056845191,280.0,1,0.99558556
12789.0,1.0,510.0,74.25,-1.0,0.0,329.0,1,0.99567163
12790.0,1.0,227.0,294.92,1.0,0.0,9.0,0,0.017775968
12791.0,4.0,441.0,175.6875,0.092961662452213,84.0219465377945,190.0,1,0.97672266
12792.0,1.0,351.0,344.53999999999996,-0.03626522705976149,0.0,73.0,0,0.020919112
12793.0,2.0,218.0,282.64,1.0,3.0,151.0,1,0.98378974
12796.0,0.0,445.0,0.0,-1.0,,445.0,1,0.99624145
12797.0,1.0,241.0,452.06,1.0,0.0,182.0,1,0.9876917
12798.0,0.0,238.0,0.0,1.0,,238.0,1,0.9948598
12799.0,0.0,346.0,0.0,-1.0,,346.0,1,0.99624145
12800.0,1.0,493.0,152.92,-1.0,0.0,287.0,1,0.99567163
12801.0,0.0,317.0,0.0,-1.0,,317.0,1,0.99624145
12802.0,4.0,380.0,368.0425,-0.33042141948939363,95.80970723261814,3.0,0,0.0115195075
12803.0,0.0,210.0,0.0,1.0,,210.0,1,0.9948598
12804.0,1.0,317.0,147.09,-1.0,0.0,282.0,1,0.99558556
12805.0,3.0,491.0,331.48333333333335,-0.32799870019090943,22.48456260538674,198.0,1,0.9896191
12806.0,1.0,405.0,1489.46,-1.0,0.0,389.0,1,0.99558556
12807.0,0.0,200.0,0.0,1.0,,200.0,1,0.9948598
12808.0,3.0,279.0,152.71666666666667,0.41447977770916944,66.74495403316185,1.0,0,0.009319847
12809.0,1.0,464.0,464.95,-1.0,0.0,382.0,1,0.99558556
12810.0,1.0,493.0,375.33,-1.0,0.0,351.0,1,0.99567163
12811.0,3.0,244.0,222.3166666666667,1.0,29.769484749021476,78.0,0,0.011983479
12813.0,2.0,510.0,697.8,-1.0,19.0,318.0,1,0.99567163
12815.0,0.0,15.0,0.0,1.0,,15.0,0,0.00557618
12817.0,2.0,251.0,207.69,1.0,42.0,98.0,0,0.011585861
12818.0,0.0,78.0,0.0,1.0,,78.0,0,0.00557618
12819.0,0.0,275.0,0.0,1.0,,275.0,1,0.9948598
12820.0,7.0,551.0,252.76285714285717,-0.3460607830458272,25.527096447916367,143.0,1,0.9824473
12821.0,1.0,428.0,92.72,-0.16014492753623183,0.0,31.0,0,0.020275377
12823.0,12.0,496.0,443.3333333333333,0.013509979952932974,26.19024415481629,71.0,0,0.0057805316
12825.0,1.0,458.0,303.8,-1.0,0.0,338.0,1,0.99558556
12826.0,7.0,538.0,245.70428571428573,0.020508417771207443,64.63934481381432,133.0,1,0.9661637
12829.0,2.0,367.0,146.5,0.5208928107967817,83.0,153.0,1,0.98236
12831.0,1.0,280.0,215.05,-0.046574006339917075,100.0,79.0,0,0.012229606
12834.0,0.0,99.0,0.0,1.0,,99.0,0,0.00557618
12835.0,36.0,553.0,159.95055555555555,-0.891182150179289,5.2890807329818665,244.0,1,0.98730564
12836.0,11.0,555.0,473.6627272727273,0.006148210203473077,23.537647149478076,36.0,0,0.006119883
12837.0,0.0,386.0,0.0,-1.0,,386.0,1,0.99624145
12838.0,8.0,409.0,359.76125,0.24095501168653058,24.061120090303362,190.0,1,0.9664401
12839.0,15.0,549.0,368.68,-0.016527687961607824,24.639264058273604,15.0,0,0.0057805316
12840.0,4.0,491.0,685.7925,0.5564104425249812,70.21929934142038,31.0,0,0.010294527
12841.0,26.0,336.0,197.4803846153846,0.7297462036393234,7.007286993260457,39.0,0,0.006430527
12842.0,2.0,554.0,356.265,0.2841501986969802,118.5,125.0,1,0.9846771
12843.0,21.0,543.0,274.25380952380954,-0.4087286696583547,27.283500764906577,3.0,0,0.010954244
12844.0,1.0,410.0,199.61,0.23735432680386814,0.0,259.0,1,0.98831475
12845.0,3.0,107.0,96.33333333333331,1.0,8.259674462242579,84.0,0,0.0055754976
12847.0,0.0,204.0,0.0,1.0,,204.0,1,0.9948598
12848.0,0.0,492.0,0.0,-1.0,,492.0,1,0.99624145
12849.0,4.0,408.0,563.56,0.6589443937476082,59.166607981191554,85.0,0,0.009606467
12850.0,0.0,262.0,0.0,1.0,,262.0,1,0.9948598
12851.0,0.0,294.0,0.0,-1.0,,294.0,1,0.99624145
12852.0,0.0,111.0,0.0,1.0,,111.0,0,0.00557618
12853.0,5.0,489.0,484.48,0.04563729985187278,44.80706941307091,56.0,0,0.0072584297
12854.0,5.0,545.0,390.91,-0.3464468182056462,78.77563074961698,58.0,0,0.012498548
12855.0,2.0,219.0,133.81,1.0,8.73053390247253,189.0,1,0.9839804
12857.0,5.0,500.0,696.6800000000001,0.20065075921908893,23.77393530739074,27.0,0,0.008466405
12858.0,0.0,200.0,0.0,1.0,,200.0,1,0.9948598
12859.0,0.0,275.0,0.0,1.0,,275.0,1,0.9948598
12860.0,0.0,510.0,0.0,-1.0,,510.0,1,0.99624145
12861.0,0.0,436.0,0.0,-1.0,,436.0,1,0.99624145
12862.0,1.0,312.0,497.64,-0.01293240241193274,0.0,242.0,1,0.9889839
12863.0,4.0,406.0,409.75,-0.4854161621942896,51.15173506343651,196.0,1,0.9826879
12864.0,0.0,325.0,0.0,-1.0,,325.0,1,0.99624145
12865.0,1.0,293.0,712.09,-0.18861238349171625,0.0,195.0,1,0.9889839
12866.0,2.0,319.0,389.76,-0.0861537053142308,81.0,100.0,0,0.012092528
12867.0,9.0,540.0,591.0411111111111,0.2003469272539141,15.712698332523566,31.0,0,0.0062757726
12868.0,7.0,209.0,278.0014285714286,1.0,16.651285419523894,2.0,0,0.007917132
12869.0,0.0,498.0,0.0,-1.0,,498.0,1,0.99624145
12870.0,2.0,441.0,733.825,0.41322042994722563,23.0,192.0,1,0.98330414
12871.0,1.0,256.0,132.0,1.0,0.0,24.0,0,0.018909086
12872.0,11.0,553.0,298.02454545454543,-0.09125787887092351,14.12342289886433,143.0,1,0.96748245
12873.0,2.0,498.0,767.45,0.514230750258965,84.5,99.0,0,0.014289005
12874.0,1.0,371.0,414.16,-0.05163609718119572,0.0,202.0,1,0.98888373
12875.0,3.0,514.0,334.08,-0.5506607929515419,14.884742374510738,179.0,1,0.9902112
12876.0,2.0,407.0,784.8299999999999,0.32729578893962447,1.5,13.0,0,0.016512334
12877.0,14.0,507.0,128.7107142857143,0.15455116491548654,21.42297545979597,17.0,0,0.0060342774
12878.0,1.0,83.0,539.81,1.0,0.0,53.0,0,0.0052788644
12880.0,1.0,391.0,302.95,-0.05347351319263278,0.0,198.0,1,0.98888373
12881.0,0.0,92.0,0.0,1.0,,92.0,0,0.00557618
12886.0,0.0,36.0,0.0,1.0,,36.0,0,0.00557618
12887.0,0.0,200.0,0.0,1.0,,200.0,1,0.9948598
12888.0,1.0,72.0,81.36,1.0,0.0,31.0,0,0.0052788644
12889.0,3.0,319.0,95.35,0.11269651844549375,5.715476066494082,198.0,1,0.98553014
12890.0,0.0,204.0,0.0,1.0,,204.0,1,0.9948598
12891.0,10.0,476.0,81.95,-0.05056513979773944,44.471226652747056,2.0,0,0.006151756
12892.0,0.0,213.0,0.0,1.0,,213.0,1,0.9948598
12894.0,0.0,392.0,0.0,-1.0,,392.0,1,0.99624145
12897.0,3.0,360.0,136.70000000000002,0.5949440933398153,35.64952859280034,21.0,0,0.011828204
12898.0,1.0,476.0,152.64,-1.0,0.0,280.0,1,0.99567163
12899.0,0.0,230.0,0.0,1.0,,230.0,1,0.9948598
12900.0,0.0,239.0,0.0,1.0,,239.0,1,0.9948598
12901.0,8.0,87.0,964.0,1.0,5.819602099374262,1.0,0,0.005311409
12902.0,0.0,81.0,0.0,1.0,,81.0,0,0.00557618
12903.0,0.0,245.0,0.0,1.0,,245.0,1,0.9948598
12905.0,1.0,499.0,424.76,-1.0,0.0,393.0,1,0.99567163
12907.0,1.0,311.0,180.48,-0.2907193806370479,0.0,212.0,1,0.9889839
12908.0,3.0,447.0,342.0,0.05357142857142857,26.398653164297773,129.0,1,0.98348284
12909.0,4.0,470.0,542.1949999999999,0.5216988939577395,60.96556405053594,18.0,0,0.00969895
12910.0,5.0,438.0,569.2040000000001,0.30673554210943116,50.76958755404817,14.0,0,0.0072690407
12911.0,0.0,368.0,0.0,-1.0,,368.0,1,0.99624145
12913.0,10.0,555.0,454.566,0.25102977799284765,45.21681103306601,99.0,0,0.0059375954
12914.0,0.0,217.0,0.0,1.0,,217.0,1,0.9948598
12915.0,2.0,406.0,402.225,-0.20989364333415783,8.0,189.0,1,0.98878306
12916.0,5.0,501.0,716.2639999999999,0.416449320187343,41.36665323663494,18.0,0,0.0073981555
12917.0,3.0,547.0,737.4333333333334,-0.6393285881228089,54.198708471696996,217.0,1,0.9850043
12920.0,1.0,542.0,184.96,-1.0,76.5,388.0,1,0.9950498
12921.0,36.0,555.0,698.4519444444445,0.10592093687648274,12.24000663394744,1.0,0,0.0059138495
12923.0,1.0,392.0,186.7,-0.39076521455376084,0.0,207.0,1,0.98888373
12924.0,9.0,547.0,219.27444444444444,-0.05174483055583551,34.2572620038438,15.0,0,0.006039774
12925.0,0.0,409.0,0.0,-1.0,,409.0,1,0.99624145
12926.0,3.0,542.0,385.8066666666667,0.2088264172394191,79.37393918801197,228.0,1,0.9801887
12927.0,0.0,211.0,0.0,1.0,,211.0,1,0.9948598
12928.0,7.0,366.0,362.49142857142857,0.2648540978019542,36.71320436845577,58.0,0,0.006618784
12929.0,0.0,128.0,0.0,1.0,,128.0,1,0.9936521
12931.0,35.0,555.0,1515.7737142857145,0.10600441820347054,14.075302813991447,20.0,0,0.0059138495
12932.0,6.0,484.0,212.3066666666667,-1.0,15.67918156964443,356.0,1,0.99530655
12933.0,4.0,546.0,258.615,0.7382230623818526,99.59437735133444,100.0,0,0.011060398
12934.0,0.0,553.0,0.0,-1.0,,553.0,1,0.99624145
12935.0,8.0,424.0,308.84125,-0.008567873356863617,33.97420953576767,20.0,0,0.006630903
12937.0,6.0,553.0,308.585,-0.5763391819229609,70.06346329499341,14.0,0,0.013331105
12939.0,12.0,513.0,1701.36,0.2499641342583826,19.415962294893724,90.0,0,0.0057805316
12941.0,0.0,541.0,0.0,-1.0,,541.0,1,0.99624145
12942.0,1.0,182.0,137.77,1.0,0.0,14.0,0,0.011584109
12943.0,1.0,422.0,180.65,-1.0,0.0,375.0,1,0.99558556
12944.0,0.0,171.0,0.0,1.0,,171.0,1,0.9948598
12945.0,1.0,473.0,462.95,0.028652053637888662,0.0,105.0,0,0.020769272
12946.0,0.0,253.0,0.0,1.0,,253.0,1,0.9948598
12947.0,3.0,190.0,344.95,1.0,28.24889378365107,0.0,0,0.010242026
12948.0,4.0,554.0,252.565,0.5565625164655672,194.15586522173365,31.0,0,0.011817424
12949.0,12.0,553.0,984.6233333333332,-0.1761343347406133,36.255818498552756,23.0,0,0.006660206
12951.0,12.0,515.0,217.1858333333333,0.1992157230233589,17.903095635485315,21.0,0,0.005846484
12953.0,0.0,339.0,0.0,-1.0,,339.0,1,0.99624145
12954.0,0.0,455.0,0.0,-1.0,,455.0,1,0.99624145
12955.0,2.0,84.0,111.8,1.0,16.5,20.0,0,0.005211679
12956.0,3.0,541.0,156.29666666666665,-0.5858514246297113,169.94378155404476,123.0,1,0.9834781
12957.0,7.0,545.0,756.6814285714287,-0.46436690440799916,58.51909410611207,3.0,0,0.0108420085
12958.0,1.0,400.0,372.6,0.3813045654228995,0.0,217.0,1,0.9879637
12959.0,0.0,301.0,0.0,-1.0,,301.0,1,0.99624145
12960.0,3.0,478.0,302.8,-0.7334483045527089,9.843215373488935,230.0,1,0.9901074
12961.0,0.0,196.0,0.0,1.0,,196.0,1,0.9948598
12963.0,4.0,336.0,348.67,0.26407549887244397,22.862359895688808,182.0,1,0.9805995
12964.0,0.0,254.0,0.0,1.0,,254.0,1,0.9948598
12967.0,2.0,200.0,1514.65,1.0,1.0,175.0,1,0.98447406
12969.0,0.0,419.0,0.0,-1.0,,419.0,1,0.99624145
12970.0,3.0,552.0,278.63,0.526084694240828,118.86057687346918,139.0,1,0.9815595
12971.0,61.0,541.0,157.06180327868853,0.42924969560951737,9.29696022298445,7.0,0,0.0063334485
12972.0,3.0,478.0,230.56333333333336,-0.7551498449879434,64.49978466802987,230.0,1,0.9849629
12973.0,0.0,230.0,0.0,1.0,,230.0,1,0.9948598
12974.0,1.0,382.0,144.8,-0.29184496882259436,0.0,14.0,0,0.020472111
12975.0,4.0,550.0,414.615,-0.18870143660509794,81.25023076890305,253.0,1,0.9828791
12976.0,6.0,482.0,463.1266666666667,-0.2749542197073863,54.23456236664993,28.0,0,0.010070302
12977.0,1.0,328.0,253.44,-1.0,4.5,318.0,1,0.99558556
12978.0,4.0,546.0,389.31,-0.5554134935792425,101.12461371990501,202.0,1,0.9828714
12979.0,0.0,546.0,0.0,-1.0,,546.0,1,0.99624145
12980.0,18.0,554.0,754.2033333333334,0.22649907256595672,14.869390217224739,4.0,0,0.0059138495
12982.0,7.0,423.0,291.8342857142857,-0.29426809141616356,47.9727813984351,59.0,0,0.009513059
12983.0,0.0,415.0,0.0,-1.0,,415.0,1,0.99624145
12986.0,6.0,504.0,404.3283333333334,-0.3075271810802098,28.5817000937123,245.0,1,0.98242074
12987.0,3.0,505.0,258.49333333333334,0.12899291933333967,61.59545437773797,14.0,0,0.011952491
12988.0,0.0,109.0,0.0,1.0,,109.0,0,0.00557618
12989.0,20.0,546.0,477.124,0.10248523943356382,16.999540434964707,17.0,0,0.0057805316
12990.0,5.0,436.0,138.57999999999998,0.32584269662921345,36.02998751040583,2.0,0,0.00734112
12991.0,0.0,206.0,0.0,1.0,,206.0,1,0.9948598
12992.0,0.0,542.0,0.0,-1.0,,542.0,1,0.99624145
12993.0,4.0,476.0,212.65499999999997,0.1443582932256389,69.59597689522003,24.0,0,0.009809164
12994.0,0.0,85.0,0.0,1.0,,85.0,0,0.00557618
12996.0,0.0,192.0,0.0,1.0,,192.0,1,0.9948598
12997.0,5.0,429.0,297.908,0.22481222654758154,25.104581255221127,53.0,0,0.008146321
12998.0,2.0,470.0,309.94000000000005,-1.0,37.0,309.0,1,0.99567163
12999.0,2.0,62.0,67.8,1.0,16.0,13.0,0,0.005211679
13000.0,2.0,542.0,229.265,-0.04091279884540568,128.0,76.0,0,0.015345984
13001.0,29.0,553.0,735.4724137931034,0.042424690172321464,14.25769291898854,1.0,0,0.0059138495
13002.0,2.0,251.0,116.875,1.0,40.0,135.0,1,0.98072743
13003.0,0.0,31.0,0.0,1.0,,31.0,0,0.00557618
13004.0,25.0,541.0,337.9768,-0.050000228415844776,9.423035604305017,0.0,0,0.005981314
13005.0,2.0,274.0,288.95,1.0,80.0,63.0,0,0.00951222
13007.0,0.0,396.0,0.0,-1.0,,396.0,1,0.99624145
13008.0,2.0,540.0,211.40999999999997,0.38147125610572913,125.5,140.0,1,0.9846771
13009.0,0.0,489.0,0.0,-1.0,,489.0,1,0.99624145
13010.0,1.0,465.0,153.0,-0.07306434023991278,0.0,191.0,1,0.98888373
13011.0,0.0,189.0,0.0,1.0,,189.0,1,0.9948598
13012.0,5.0,409.0,327.298,0.2196613125377778,40.77940656753112,30.0,0,0.00734112
13013.0,17.0,542.0,554.7417647058824,0.07044189132944348,31.045583499873945,29.0,0,0.0057805316
13014.0,3.0,249.0,442.6766666666667,1.0,57.87534497137408,37.0,0,0.0077959686
13015.0,7.0,420.0,609.6485714285715,0.24156636379262786,59.303571395379834,14.0,0,0.006734647
13018.0,12.0,465.0,445.06,0.5245169188007961,39.96988485724884,13.0,0,0.0057805316
13019.0,5.0,550.0,194.99,-0.2697264116427497,58.3280378548773,196.0,1,0.97931194
13020.0,1.0,476.0,170.95000000000002,-1.0,0.0,379.0,1,0.99567163
13021.0,10.0,551.0,280.21500000000003,0.18924456331978418,34.214178347579825,32.0,0,0.0060053263
13022.0,0.0,246.0,0.0,1.0,,246.0,1,0.9948598
13023.0,0.0,345.0,0.0,-1.0,,345.0,1,0.99624145
13024.0,1.0,399.0,308.04,-1.0,0.0,287.0,1,0.99558556
13025.0,0.0,548.0,0.0,-1.0,,548.0,1,0.99624145
13026.0,5.0,543.0,133.092,-0.5132609042978111,59.402356855599585,37.0,0,0.014725459
13027.0,15.0,505.0,918.88,-0.04088844018172639,19.96396754154845,50.0,0,0.0057805316
13029.0,2.0,340.0,357.29999999999995,0.34538266026546166,63.5,170.0,1,0.9812657
13030.0,0.0,185.0,0.0,1.0,,185.0,1,0.9948598
13031.0,4.0,371.0,610.2574999999999,-0.29861637133072266,14.306903927824496,224.0,1,0.98838973
13032.0,3.0,277.0,429.9666666666667,1.0,15.663120165960974,209.0,1,0.9821815
13033.0,1.0,246.0,190.55,1.0,0.0,174.0,1,0.9876917
13034.0,1.0,218.0,331.72,1.0,0.0,186.0,1,0.9864123
13035.0,1.0,248.0,333.0,1.0,0.0,77.0,0,0.018909086
13036.0,0.0,501.0,0.0,-1.0,,501.0,1,0.99624145
13037.0,9.0,553.0,366.4455555555556,-0.594805050952592,35.22626860739014,36.0,0,0.010585401
13038.0,1.0,107.0,196.66,1.0,0.0,0.0,0,0.0052788644
13039.0,3.0,539.0,282.6433333333334,-1.0,40.94169295745136,401.0,1,0.99552035
13041.0,3.0,406.0,180.99,-0.5193522956214883,17.146428199482248,267.0,1,0.98949146
13042.0,2.0,549.0,444.22,-1.0,9.5,415.0,1,0.99567163
13043.0,0.0,90.0,0.0,1.0,,90.0,0,0.00557618
13044.0,10.0,517.0,467.655,-0.7690640515873832,55.210596808946015,108.0,0,0.010946684
13045.0,1.0,303.0,178.2,-0.2923516797712652,0.0,218.0,1,0.9889839
13046.0,1.0,273.0,197.72,1.0,0.0,83.0,0,0.019160364
13047.0,14.0,540.0,494.5,-0.2611843470322161,20.68200068548908,36.0,0,0.0086505385
13048.0,6.0,498.0,465.6033333333333,-0.17466172346952213,26.24087142861939,55.0,0,0.009853108
13049.0,2.0,218.0,328.89,1.0,30.0,135.0,1,0.98154
13050.0,26.0,541.0,366.5253846153846,0.23609571121483286,14.152173814246314,2.0,0,0.0059138495
13051.0,1.0,436.0,80.8,-1.0,0.0,395.0,1,0.99558556
13052.0,5.0,471.0,521.342,-0.30314930801091017,72.14664849380662,29.0,0,0.010446097
13053.0,0.0,438.0,0.0,-1.0,,438.0,1,0.99624145
13055.0,1.0,246.0,344.86,1.0,0.0,30.0,0,0.018909086
13056.0,0.0,368.0,0.0,-1.0,,368.0,1,0.99624145
13057.0,2.0,448.0,184.3,-1.0,47.5,347.0,1,0.99542063
13059.0,8.0,435.0,209.635,-0.6658518476708188,47.77054208775556,66.0,0,0.010796702
13060.0,0.0,70.0,0.0,1.0,,70.0,0,0.00557618
13062.0,0.0,8.0,0.0,1.0,,8.0,0,0.00557618
13063.0,0.0,297.0,0.0,-1.0,,297.0,1,0.99624145
13064.0,2.0,408.0,262.45000000000005,-0.4681838990255706,90.5,144.0,1,0.98529786
13065.0,4.0,364.0,268.33500000000004,0.3686464537516555,24.06631463269771,190.0,1,0.9805995
13067.0,1.0,263.0,141.65,1.0,0.0,226.0,1,0.9876917
13068.0,0.0,136.0,0.0,1.0,,136.0,1,0.9944782
13069.0,23.0,360.0,310.3008695652174,0.3057014419106103,10.873812391170235,6.0,0,0.006073028
13070.0,3.0,549.0,199.16666666666663,0.17945989091392847,61.94800687314771,9.0,0,0.012316305
13071.0,0.0,429.0,0.0,-1.0,,429.0,1,0.99624145
13072.0,0.0,83.0,0.0,1.0,,83.0,0,0.00557618
13073.0,1.0,254.0,115.2,1.0,0.0,228.0,1,0.9876917
13074.0,3.0,540.0,355.1466666666667,-1.0,29.825417944356715,328.0,1,0.99567163
13076.0,0.0,274.0,0.0,1.0,,274.0,1,0.9948598
13077.0,8.0,545.0,336.8,-0.039912937202180684,39.902040543137296,107.0,0,0.006630903
13078.0,39.0,555.0,531.8292307692308,-0.06516149650448462,6.610408459391901,17.0,0,0.00626204
13079.0,0.0,234.0,0.0,1.0,,234.0,1,0.9948598
13080.0,2.0,426.0,76.175,-0.44397035706265436,56.5,218.0,1,0.985906
13081.0,20.0,548.0,2152.2850000000003,0.08840032754424758,17.63717503709778,34.0,0,0.0057805316
13082.0,12.0,534.0,457.51,-0.0682716505640321,29.461243078831554,52.0,0,0.0057805316
13083.0,0.0,242.0,0.0,1.0,,242.0,1,0.9948598
13084.0,0.0,308.0,0.0,-1.0,,308.0,1,0.99624145
13085.0,3.0,555.0,548.0666666666667,-0.7576787348059077,140.25888761699045,112.0,0,0.014088893
13086.0,0.0,199.0,0.0,1.0,,199.0,1,0.9948598
13087.0,0.0,543.0,0.0,-1.0,,543.0,1,0.99624145
13088.0,0.0,234.0,0.0,1.0,,234.0,1,0.9948598
13089.0,101.0,554.0,862.1272277227723,0.14600616744974865,4.065102501070677,2.0,0,0.00626204
13090.0,14.0,311.0,564.6285714285715,0.7404551920685242,14.295920163925556,55.0,0,0.00605938
13091.0,0.0,546.0,0.0,-1.0,,546.0,1,0.99624145
13092.0,10.0,484.0,165.415,-0.32827514032917904,18.324846520503247,28.0,0,0.009898615
13093.0,42.0,552.0,1284.5280952380951,0.14357346117340222,7.198941585061675,92.0,0,0.00626204
13094.0,8.0,206.0,164.595,1.0,21.695333599647643,8.0,0,0.0067508956
13096.0,0.0,211.0,0.0,1.0,,211.0,1,0.9948598
13097.0,17.0,555.0,560.1758823529411,-0.10074923170993175,16.691410204149157,50.0,0,0.0067087486
13098.0,8.0,134.0,885.77125,1.0,11.6619037896906,2.0,0,0.0073461775
13101.0,3.0,498.0,175.61666666666667,-0.7089732528041416,84.46827149225257,51.0,0,0.015222324
13102.0,24.0,399.0,348.76458333333335,0.4213574666638649,9.828153061109326,15.0,0,0.006073028
13103.0,1.0,394.0,342.36,0.4703027700236203,0.0,254.0,1,0.98774403
13104.0,4.0,470.0,181.92,0.32498726253730253,24.443813123160634,84.0,0,0.012203148
13105.0,0.0,253.0,0.0,1.0,,253.0,1,0.9948598
13106.0,0.0,230.0,0.0,1.0,,230.0,1,0.9948598
13107.0,5.0,490.0,736.398,-0.07482936088744006,23.363218956299665,150.0,1,0.9753235
13108.0,1.0,252.0,700.12,1.0,0.0,189.0,1,0.9876917
13109.0,0.0,368.0,0.0,-1.0,,368.0,1,0.99624145
13110.0,7.0,555.0,262.64428571428573,0.1389594283352035,40.5492897343367,74.0,0,0.00686279
13111.0,0.0,535.0,0.0,-1.0,,535.0,1,0.99624145
13112.0,0.0,358.0,0.0,-1.0,,358.0,1,0.99624145
13113.0,27.0,438.0,544.9037037037037,0.5039029452091208,10.854969237305886,9.0,0,0.006004535
13114.0,0.0,547.0,0.0,-1.0,,547.0,1,0.99624145
13115.0,6.0,416.0,553.995,0.12295542200874353,61.2934653033167,1.0,0,0.006798677
13117.0,15.0,440.0,152.13666666666668,0.3662120841233555,12.136263382478516,34.0,0,0.006073028
13118.0,6.0,256.0,299.32166666666666,1.0,24.224069756247722,25.0,0,0.0075140684
13119.0,0.0,485.0,0.0,-1.0,,485.0,1,0.99624145
13120.0,0.0,55.0,0.0,1.0,,55.0,0,0.00557618
13121.0,0.0,86.0,0.0,1.0,,86.0,0,0.00557618
13122.0,0.0,57.0,0.0,1.0,,57.0,0,0.00557618
13123.0,1.0,346.0,151.31,-1.0,0.0,289.0,1,0.99558556
13124.0,2.0,202.0,1287.06,1.0,40.5,69.0,0,0.009785922
13125.0,0.0,340.0,0.0,-1.0,,340.0,1,0.99624145
13126.0,8.0,464.0,313.8975,0.26826006458268226,25.513008059554906,70.0,0,0.0068690586
13128.0,0.0,448.0,0.0,-1.0,,448.0,1,0.99624145
13129.0,1.0,346.0,124.5,0.06752411575562701,0.0,269.0,1,0.98846996
13131.0,3.0,485.0,637.9866666666667,-0.08645536511302462,81.86078120809745,4.0,0,0.011056888
13132.0,0.0,78.0,0.0,1.0,,78.0,0,0.00557618
13133.0,2.0,276.0,54.900000000000006,1.0,62.5,90.0,0,0.009757229
13134.0,4.0,233.0,323.385,1.0,61.87234842803367,0.0,0,0.007925541
13135.0,1.0,308.0,3096.0,0.8365984961959989,0.0,13.0,0,0.019160364
13136.0,5.0,548.0,738.4639999999999,-0.07677399732636078,60.887190771130186,29.0,0,0.008000083
13137.0,9.0,319.0,453.9533333333333,0.6587381981393101,23.923231129057818,69.0,0,0.0059553045
13138.0,2.0,213.0,290.03999999999996,1.0,53.5,57.0,0,0.0085877795
13139.0,2.0,254.0,585.01,1.0,67.0,32.0,0,0.009124107
13140.0,2.0,308.0,349.585,0.46966273240354395,8.5,183.0,1,0.98567665
13141.0,13.0,547.0,486.8776923076923,-0.0026373850073194683,28.191882204319423,31.0,0,0.0057805316
13143.0,0.0,401.0,0.0,-1.0,,401.0,1,0.99624145
13144.0,1.0,248.0,110.95,1.0,0.0,149.0,1,0.9876917
13145.0,3.0,416.0,332.6666666666667,0.6290909090909091,20.270394394014364,189.0,1,0.98213434
13148.0,14.0,549.0,455.15142857142854,0.003272907368069253,20.855126182515477,49.0,0,0.0057805316
13149.0,0.0,106.0,0.0,1.0,,106.0,0,0.00557618
13150.0,1.0,447.0,273.45,-1.0,73.0,301.0,1,0.99481934
13151.0,2.0,444.0,779.6850000000001,-0.021204245517928287,164.5,112.0,0,0.013731461
13152.0,6.0,511.0,277.65166666666664,-0.5703183965560618,18.361342240938946,234.0,1,0.98801917
13154.0,2.0,552.0,643.87,-0.2468673838654883,60.0,216.0,1,0.9870226
13155.0,3.0,308.0,370.64,0.6501981270684614,16.77961726487096,143.0,1,0.98193294
13156.0,2.0,493.0,396.31,-0.5626457574344169,137.0,202.0,1,0.9847836
13157.0,5.0,458.0,850.176,-0.37071339849867696,35.424410918022176,58.0,0,0.012304582
13158.0,1.0,205.0,256.40999999999997,1.0,0.0,135.0,1,0.9850655
13161.0,1.0,317.0,112.75,-0.5291095890410958,0.0,130.0,1,0.9886308
13162.0,14.0,552.0,585.6028571428571,-0.6368637435002429,27.005290486971518,1.0,0,0.010890759
13163.0,0.0,427.0,0.0,-1.0,,427.0,1,0.99624145
13164.0,1.0,484.0,96.4,-1.0,0.0,386.0,1,0.99567163
13165.0,1.0,230.0,354.64,1.0,0.0,168.0,1,0.9876917
13166.0,1.0,231.0,417.2,1.0,0.0,100.0,0,0.018909086
13167.0,0.0,207.0,0.0,1.0,,207.0,1,0.9948598
13168.0,3.0,359.0,324.21999999999997,0.2724656261855859,81.87117251443813,16.0,0,0.010332418
13169.0,1.0,379.0,505.2,0.5977229601518027,0.0,69.0,0,0.018989203
13171.0,0.0,116.0,0.0,1.0,,116.0,0,0.00557618
13172.0,0.0,217.0,0.0,1.0,,217.0,1,0.9948598
13173.0,8.0,546.0,267.3675,-0.40467063121508495,34.6841124193915,184.0,1,0.97837776
13174.0,8.0,552.0,1016.59875,0.1043251422428844,31.627851454917405,133.0,1,0.9672915
13175.0,1.0,552.0,512.3,-1.0,0.0,399.0,1,0.99567163
13177.0,0.0,247.0,0.0,1.0,,247.0,1,0.9948598
13178.0,14.0,540.0,745.2950000000001,-0.28798905628557886,13.875540070386377,20.0,0,0.009075473
13179.0,0.0,435.0,0.0,-1.0,,435.0,1,0.99624145
13180.0,0.0,424.0,0.0,-1.0,,424.0,1,0.99624145
13181.0,0.0,198.0,0.0,1.0,,198.0,1,0.9948598
13183.0,8.0,452.0,514.005,0.23603185769995746,11.399013115177997,25.0,0,0.007845645
13184.0,4.0,107.0,176.6125,1.0,14.49784466739798,1.0,0,0.00573896
13185.0,0.0,84.0,0.0,1.0,,84.0,0,0.00557618
13187.0,1.0,441.0,236.02,0.3563978046607857,134.82169294623506,154.0,1,0.98337156
13190.0,2.0,549.0,211.78,-1.0,39.5,361.0,1,0.99567163
13191.0,0.0,475.0,0.0,-1.0,,475.0,1,0.99624145
13192.0,3.0,503.0,462.0133333333333,-0.5600864061848637,125.8471294865322,22.0,0,0.01334886
13194.0,0.0,238.0,0.0,1.0,,238.0,1,0.9948598
13195.0,0.0,231.0,0.0,1.0,,231.0,1,0.9948598
13196.0,3.0,434.0,527.74,0.30026525496441764,56.53514148051831,79.0,0,0.010635167
13197.0,0.0,426.0,0.0,-1.0,,426.0,1,0.99624145
13198.0,4.0,251.0,709.725,1.0,15.286840746210446,66.0,0,0.01084979
13199.0,36.0,551.0,283.40805555555556,0.1702583810160208,9.881176142981749,14.0,0,0.005981314
13201.0,3.0,459.0,307.9533333333333,-1.0,24.95774206311318,319.0,1,0.99558556
13202.0,6.0,547.0,210.01666666666668,-0.5460735303423401,24.315061633115846,211.0,1,0.98754835
13203.0,6.0,539.0,267.43333333333334,-0.03087683209051174,36.790699307780976,59.0,0,0.007198247
13204.0,0.0,548.0,0.0,-1.0,,548.0,1,0.99624145
13205.0,0.0,260.0,0.0,1.0,,260.0,1,0.9948598
13206.0,11.0,549.0,664.5909090909091,-0.9252266834739511,28.127191272661566,217.0,1,0.9875107
13207.0,1.0,429.0,71.4,-0.4999999999999999,0.0,268.0,1,0.9885274
13208.0,5.0,553.0,280.738,0.5067756227770155,59.58724695771739,23.0,0,0.0077261636
13209.0,7.0,501.0,674.72,-0.05129368677640474,45.03785256054407,44.0,0,0.006734647
13211.0,6.0,550.0,234.46,-0.08255205162547183,39.87275679826863,178.0,1,0.9705354
13213.0,6.0,385.0,408.445,0.5521480434925097,59.10143476969687,16.0,0,0.0066817175
13214.0,6.0,463.0,269.43333333333334,-0.46614668696752376,12.47219128924647,234.0,1,0.9880932
13215.0,0.0,219.0,0.0,1.0,,219.0,1,0.9948598
13216.0,0.0,84.0,0.0,1.0,,84.0,0,0.00557618
13217.0,0.0,472.0,0.0,-1.0,,472.0,1,0.99624145
13219.0,0.0,435.0,0.0,-1.0,,435.0,1,0.99624145
13220.0,3.0,392.0,242.16333333333333,0.16865735266912793,148.16507310729102,2.0,0,0.010466577
13221.0,1.0,176.0,346.7,1.0,0.0,57.0,0,0.011584109
13222.0,0.0,394.0,0.0,-1.0,,394.0,1,0.99624145
13223.0,5.0,482.0,150.50400000000002,-0.2471520554730064,56.729533754473955,17.0,0,0.010698849
13225.0,11.0,539.0,1101.1645454545455,-0.2113670224277982,24.757153848265087,13.0,0,0.007631542
13226.0,1.0,210.0,108.21,1.0,0.0,90.0,0,0.015594976
13227.0,0.0,18.0,0.0,1.0,,18.0,0,0.00557618
13229.0,0.0,42.0,0.0,1.0,,42.0,0,0.00557618
13230.0,24.0,448.0,211.26208333333332,0.22787158020435022,13.849388273694819,18.0,0,0.006073028
13232.0,2.0,60.0,286.935,1.0,11.0,13.0,0,0.0052852985
13233.0,2.0,511.0,292.475,0.3361428995637178,94.5,153.0,1,0.98419696
13234.0,1.0,549.0,118.1,-1.0,0.0,489.0,1,0.99567163
13235.0,0.0,29.0,0.0,1.0,,29.0,0,0.00557618
13237.0,0.0,204.0,0.0,1.0,,204.0,1,0.9948598
13238.0,2.0,407.0,140.025,0.4106535700793351,44.5,177.0,1,0.9834103
13239.0,4.0,319.0,328.74,-0.16502893979394118,69.48516028620787,78.0,0,0.009800039
13240.0,4.0,469.0,335.395,0.6399577788466677,64.99415358322624,74.0,0,0.00971564
13241.0,0.0,228.0,0.0,1.0,,228.0,1,0.9948598
13242.0,4.0,485.0,104.0,-0.4634146341463415,84.17267965319863,30.0,0,0.013145034
13243.0,2.0,448.0,492.69000000000005,0.5420174642421207,108.87722443192608,20.0,0,0.013426675
13245.0,0.0,249.0,0.0,1.0,,249.0,1,0.9948598
13246.0,8.0,342.0,361.435,0.8968920669804668,27.820855486487112,23.0,0,0.0067508956
13248.0,0.0,6.0,0.0,1.0,,6.0,0,0.00557618
13249.0,6.0,501.0,185.49333333333337,-0.0826663079303155,34.791841316926906,78.0,0,0.0073504145
13250.0,1.0,319.0,120.0,-0.0626464614903921,0.0,277.0,1,0.9886308
13251.0,0.0,219.0,0.0,1.0,,219.0,1,0.9948598
13252.0,1.0,442.0,52.4,-0.7375406962183823,0.0,211.0,1,0.9889176
13253.0,2.0,520.0,711.4000000000001,0.18705651199946613,91.0,156.0,1,0.9840186
13254.0,0.0,193.0,0.0,1.0,,193.0,1,0.9948598
13255.0,1.0,329.0,451.4,0.23561212618900976,0.0,190.0,1,0.98831475
13257.0,0.0,253.0,0.0,1.0,,253.0,1,0.9948598
13258.0,2.0,217.0,212.51,1.0,77.0,22.0,0,0.0087353
13259.0,5.0,515.0,197.052,-0.44773192884965407,58.762753717723236,214.0,1,0.98356783
13261.0,1.0,102.0,99.0,1.0,0.0,85.0,0,0.0052788644
13262.0,2.0,417.0,170.51999999999998,0.18943238294533085,42.5,80.0,0,0.014188772
13263.0,17.0,230.0,253.32294117647055,1.0,16.681844940452,8.0,0,0.005846484
13264.0,0.0,259.0,0.0,1.0,,259.0,1,0.9948598
13265.0,2.0,90.0,579.11,1.0,16.5,0.0,0,0.005211679
13266.0,12.0,539.0,319.305,0.131006176085055,41.949291478588236,2.0,0,0.005846484
13267.0,19.0,549.0,375.8084210526316,0.25341383204577467,20.434444682752098,16.0,0,0.0057805316
13268.0,4.0,84.0,296.0525,1.0,4.264680527307995,15.0,0,0.00573896
13269.0,12.0,554.0,449.2383333333333,0.26646763323024114,32.70461275572194,35.0,0,0.0057805316
13270.0,0.0,183.0,0.0,1.0,,183.0,1,0.9948598
13274.0,0.0,226.0,0.0,1.0,,226.0,1,0.9948598
13275.0,1.0,449.0,61.5,-0.491020441943226,0.0,200.0,1,0.9885274
13276.0,2.0,459.0,475.75,0.08104099144868095,18.0,214.0,1,0.9853137
13277.0,2.0,356.0,129.0,-0.1589278973197433,10.5,197.0,1,0.9874999
13278.0,2.0,427.0,297.71500000000003,-0.4142212956878385,25.0,216.0,1,0.98939425
13280.0,4.0,461.0,432.1575,0.5664052411955798,77.2901028592924,133.0,1,0.9764617
13281.0,0.0,256.0,0.0,1.0,,256.0,1,0.9948598
13282.0,1.0,223.0,344.70000000000005,1.0,0.0,37.0,0,0.017137278
13283.0,2.0,457.0,88.7,-0.8328964613368283,154.5,2.0,0,0.017099032
13284.0,0.0,147.0,0.0,1.0,,147.0,1,0.9948598
13285.0,3.0,441.0,496.1466666666667,0.2831457724990977,126.91992226071787,43.0,0,0.011158
13286.0,0.0,417.0,0.0,-1.0,,417.0,1,0.99624145
13287.0,2.0,521.0,258.605,-1.0,0.5,420.0,1,0.99567163
13288.0,4.0,483.0,140.4625,-0.8382941106715106,49.59523666643804,260.0,1,0.98716694
13289.0,0.0,540.0,0.0,-1.0,,540.0,1,0.99624145
13291.0,9.0,483.0,308.9288888888889,-0.6897892713186675,14.007934259633796,231.0,1,0.9836251
13292.0,3.0,343.0,151.56333333333333,-0.03542111435186586,40.849316599750686,101.0,0,0.012256021
13293.0,5.0,485.0,191.26799999999997,-0.437775579660335,42.892423573400464,209.0,1,0.9842444
13294.0,2.0,463.0,436.87,0.0342994797369683,168.5,6.0,0,0.013731461
13295.0,3.0,393.0,265.1566666666667,0.44372351334428345,66.21681558838863,176.0,1,0.977765
13296.0,4.0,394.0,145.94,-0.6397157890258258,14.543039572248986,240.0,1,0.98927003
13297.0,2.0,359.0,811.1,0.4237505320852917,41.0,202.0,1,0.9834013
13299.0,2.0,345.0,433.76,0.42368097152703693,25.5,85.0,0,0.013948114
13300.0,1.0,391.0,598.64,0.3104791926621571,0.0,205.0,1,0.98831475
13301.0,1.0,109.0,153.86,1.0,0.0,39.0,0,0.0052788644
13302.0,0.0,343.0,0.0,-1.0,,343.0,1,0.99624145
13303.0,0.0,217.0,0.0,1.0,,217.0,1,0.9948598
13304.0,3.0,486.0,303.38000000000005,-0.01174886493320968,13.523641850067197,168.0,1,0.98651206
13305.0,9.0,456.0,219.81333333333333,0.20275677707698095,38.84950386578037,62.0,0,0.006039774
13306.0,0.0,247.0,0.0,1.0,,247.0,1,0.9948598
13307.0,1.0,409.0,30.6,-1.0,0.0,304.0,1,0.99609214
13308.0,1.0,413.0,814.95,0.48198325165255823,0.0,20.0,0,0.018989203
13309.0,2.0,209.0,273.32,1.0,9.0,23.0,0,0.013715906
13310.0,3.0,219.0,325.79,1.0,39.66806720216597,23.0,0,0.009338432
13312.0,0.0,268.0,0.0,1.0,,268.0,1,0.9948598
13313.0,7.0,554.0,302.2642857142857,-0.512157264355493,43.32652190056341,32.0,0,0.011268995
13315.0,0.0,506.0,0.0,-1.0,,506.0,1,0.99624145
13316.0,6.0,456.0,1136.493333333333,0.2736139026200952,60.262389228735,71.0,0,0.006798677
13317.0,13.0,543.0,393.0438461538461,0.12972121041041262,31.449195587712364,15.0,0,0.0057805316
13319.0,30.0,550.0,520.675,0.15049009500303134,11.79359330209443,3.0,0,0.0059138495
13320.0,2.0,295.0,440.705,0.4838427285965606,95.05086357664861,30.0,0,0.011976966
13324.0,9.0,380.0,760.0388888888889,0.4856915573443331,25.266033503096445,20.0,0,0.0059553045
13326.0,0.0,249.0,0.0,1.0,,249.0,1,0.9948598
13327.0,14.0,538.0,509.1635714285714,0.04846408743604255,18.915484544561778,2.0,0,0.0057805316
13328.0,0.0,133.0,0.0,1.0,,133.0,1,0.9944782
13329.0,4.0,552.0,1073.38,0.5725956479558875,82.11171252222994,183.0,1,0.9799748
13330.0,4.0,471.0,438.725,-0.027086197027746388,19.27433526739638,2.0,0,0.015092398
13331.0,0.0,218.0,0.0,1.0,,218.0,1,0.9948598
13333.0,2.0,475.0,426.78,0.6806663122452598,77.0,228.0,1,0.98301965
13334.0,3.0,469.0,1422.3833333333332,0.0008994700271307105,54.21766829692657,7.0,0,0.010635167
13337.0,0.0,363.0,0.0,-1.0,,363.0,1,0.99624145
13338.0,2.0,520.0,575.75,-1.0,62.0,358.0,1,0.9952565
13339.0,0.0,17.0,0.0,1.0,,17.0,0,0.00557618
13340.0,4.0,472.0,2249.1425,-0.3922993516202181,52.560821911381865,93.0,0,0.012201033
13341.0,0.0,77.0,0.0,1.0,,77.0,0,0.00557618
13344.0,0.0,94.0,0.0,1.0,,94.0,0,0.00557618
13345.0,0.0,104.0,0.0,1.0,,104.0,0,0.00557618
13346.0,4.0,413.0,63.375,-1.0,14.527215837867903,279.0,1,0.99547136
13357.0,3.0,444.0,755.0966666666667,-0.6804335980887315,87.39565206576354,74.0,0,0.012977201
13358.0,0.0,85.0,0.0,1.0,,85.0,0,0.00557618
13359.0,0.0,220.0,0.0,1.0,,220.0,1,0.9948598
13360.0,3.0,517.0,267.0333333333333,-0.3730721910018954,91.20307012376283,248.0,1,0.98499775
13361.0,1.0,434.0,633.25,-1.0,0.0,289.0,1,0.99558556
13362.0,4.0,242.0,769.1,1.0,27.743242420452592,62.0,0,0.009703907
13363.0,0.0,226.0,0.0,1.0,,226.0,1,0.9948598
13365.0,0.0,34.0,0.0,1.0,,34.0,0,0.00557618
13367.0,0.0,248.0,0.0,1.0,,248.0,1,0.9948598
13368.0,3.0,240.0,202.9333333333333,1.0,33.25657829663178,73.0,0,0.010403045
13369.0,0.0,182.0,0.0,1.0,,182.0,1,0.9948598
13370.0,0.0,188.0,0.0,1.0,,188.0,1,0.9948598
13371.0,1.0,449.0,1108.65,-1.0,0.0,322.0,1,0.99558556
13373.0,3.0,550.0,1504.74,0.1810764179195233,39.06404996924922,93.0,0,0.012681328
13374.0,1.0,266.0,123.2,1.0,0.0,231.0,1,0.9876917
13375.0,0.0,261.0,0.0,1.0,,261.0,1,0.9948598
13376.0,1.0,51.0,344.0,1.0,0.0,20.0,0,0.0052788644
13377.0,1.0,462.0,687.56,-0.05352128186773863,0.0,213.0,1,0.98888373
13380.0,0.0,249.0,0.0,1.0,,249.0,1,0.9948598
13381.0,7.0,555.0,805.5728571428572,-0.09748409326763793,18.835485398685154,24.0,0,0.00906655
13382.0,4.0,548.0,283.135,0.05497340693869909,64.60795229691156,97.0,0,0.011264039
13383.0,0.0,360.0,0.0,-1.0,,360.0,1,0.99624145
13384.0,3.0,317.0,517.23,0.22716596148523074,20.94967514996089,207.0,1,0.9828319
13385.0,0.0,146.0,0.0,1.0,,146.0,1,0.9944782
13386.0,1.0,254.0,521.76,1.0,0.0,231.0,1,0.9876917
13387.0,0.0,234.0,0.0,1.0,,234.0,1,0.9948598
13388.0,0.0,420.0,0.0,-1.0,,420.0,1,0.99624145
13389.0,0.0,49.0,0.0,1.0,,49.0,0,0.00557618
13391.0,0.0,20.0,0.0,1.0,,20.0,0,0.00557618
13392.0,0.0,494.0,0.0,-1.0,,494.0,1,0.99624145
13393.0,3.0,549.0,374.1766666666667,-1.0,29.743346594938952,400.0,1,0.99567163
13394.0,13.0,555.0,364.03692307692313,-0.22499657534926468,21.333086783585173,31.0,0,0.007716986
13395.0,2.0,238.0,333.675,1.0,97.0,2.0,0,0.009386261
13396.0,0.0,136.0,0.0,1.0,,136.0,1,0.9944782
13397.0,6.0,505.0,321.08500000000004,-0.1907837706878387,39.82322047359918,111.0,0,0.009494417
13398.0,1.0,265.0,457.34,1.0,0.0,9.0,0,0.018909086
13399.0,2.0,336.0,87.75,-1.0,14.0,281.0,1,0.99558556
13400.0,0.0,399.0,0.0,-1.0,,399.0,1,0.99624145
13402.0,2.0,381.0,465.79,0.008951218314814557,37.5,189.0,1,0.9845131
13403.0,1.0,540.0,75.9,-0.017475728155339734,0.0,204.0,1,0.9892461
13404.0,0.0,29.0,0.0,1.0,,29.0,0,0.00557618
13405.0,4.0,541.0,263.08750000000003,-0.06999441112436497,31.028212968200407,21.0,0,0.015781155
13406.0,1.0,448.0,428.76,0.5072769457920271,0.0,244.0,1,0.98774403
13407.0,2.0,478.0,430.34,-1.0,21.0,395.0,1,0.99567163
13408.0,51.0,552.0,678.640980392157,-0.008902567186379282,6.77715623774954,7.0,0,0.00626204
13410.0,6.0,548.0,277.1366666666667,0.21680791770359067,77.39652590538041,4.0,0,0.007206471
13412.0,0.0,437.0,0.0,-1.0,,437.0,1,0.99624145
13413.0,3.0,504.0,137.31666666666666,-1.0,14.330387294138285,456.0,1,0.99567163
13414.0,3.0,420.0,424.5933333333333,-0.47778581184221103,45.53631029799797,113.0,0,0.014289252
13415.0,2.0,545.0,158.625,-1.0,64.75080437080814,289.0,1,0.9952565
13416.0,0.0,553.0,0.0,-1.0,,553.0,1,0.99624145
13417.0,3.0,486.0,220.18666666666664,-0.6267771574968767,133.10968221733535,22.0,0,0.013853769
13418.0,17.0,545.0,507.9417647058823,0.24934342637748141,28.762535470851976,21.0,0,0.0057805316
13421.0,4.0,480.0,561.7725,-0.0027979051581892293,50.315670189978256,107.0,0,0.00969895
13423.0,0.0,245.0,0.0,1.0,,245.0,1,0.9948598
13424.0,0.0,266.0,0.0,1.0,,266.0,1,0.9948598
13425.0,2.0,396.0,672.215,-0.6317543867693112,71.5,111.0,0,0.015841234
13426.0,14.0,547.0,372.1057142857143,-0.021627649249365055,23.431223233587744,55.0,0,0.0057805316
13427.0,3.0,539.0,180.81000000000003,-0.3280390959071472,82.19218670625303,32.0,0,0.014656829
13428.0,0.0,331.0,0.0,-1.0,0.0,331.0,1,0.99624145
13431.0,4.0,476.0,438.4225,0.2222808405873561,29.84225192575118,223.0,1,0.9807145
13432.0,1.0,429.0,308.8,-1.0,0.0,388.0,1,0.99558556
13433.0,3.0,513.0,187.70666666666665,-1.0,43.65266951236265,318.0,1,0.99552035
13434.0,2.0,472.0,396.72,0.40107008528897603,60.0,202.0,1,0.98383397
13435.0,2.0,317.0,392.605,0.4159919210863254,32.0,6.0,0,0.013552858
13437.0,0.0,7.0,0.0,1.0,,7.0,0,0.00557618
13438.0,0.0,364.0,0.0,-1.0,,364.0,1,0.99624145
13439.0,2.0,343.0,351.16499999999996,0.42372365980478605,3.0,72.0,0,0.015924346
13440.0,2.0,268.0,25.275,1.0,7.388053419767167,240.0,1,0.99025047
13441.0,0.0,248.0,0.0,1.0,,248.0,1,0.9948598
13442.0,2.0,555.0,110.935,-1.0,0.0,484.0,1,0.99567163
13443.0,5.0,494.0,209.32,-0.6925029576063367,39.27645605194033,265.0,1,0.9851472
13444.0,1.0,323.0,496.39,0.5716502026342453,0.0,191.0,1,0.9878542
13445.0,0.0,443.0,0.0,-1.0,,443.0,1,0.99624145
13446.0,10.0,480.0,334.07,-0.8517835384310221,13.888484438555562,247.0,1,0.98747766
13448.0,8.0,550.0,728.9625,0.18992468643986365,53.16385108067694,35.0,0,0.0066056293
13450.0,8.0,420.0,314.4025,-0.06251497353767525,46.21620386834038,21.0,0,0.006630903
13451.0,8.0,445.0,624.13375,-0.1403526417445589,12.203995247458925,28.0,0,0.009029086
13452.0,2.0,289.0,295.0,0.6168813373526993,95.5,76.0,0,0.01211275
13453.0,1.0,219.0,185.0,1.0,0.0,106.0,0,0.017137278
13454.0,0.0,458.0,0.0,-1.0,,458.0,1,0.99624145
13455.0,4.0,547.0,561.2950000000001,0.27983530995500944,48.81854155953453,183.0,1,0.9789641
13456.0,0.0,24.0,0.0,1.0,,24.0,0,0.00557618
13457.0,1.0,554.0,35.72,-1.0,0.0,505.0,1,0.99580425
13458.0,8.0,205.0,906.30625,1.0,10.391553060057962,6.0,0,0.0076748286
13459.0,1.0,499.0,529.62,-1.0,0.0,441.0,1,0.99567163
13461.0,2.0,414.0,1189.2,-0.6702762430939228,11.5,224.0,1,0.9894599
13462.0,4.0,542.0,245.5075,0.08747237509208299,78.01281945936834,69.0,0,0.010836497
13464.0,3.0,435.0,707.8733333333333,0.41050615775745375,55.106147569939964,211.0,1,0.97814494
13465.0,1.0,403.0,319.62,-0.3134719477618352,0.0,263.0,1,0.98888373
13466.0,3.0,445.0,250.34666666666664,-0.04356836236246118,80.16662335411165,1.0,0,0.010940257
13468.0,53.0,553.0,206.83849056603773,0.10583630259314368,5.622857718777866,18.0,0,0.0063334485
13469.0,0.0,470.0,0.0,-1.0,,470.0,1,0.99624145
13472.0,1.0,372.0,330.06,-1.0,0.0,280.0,1,0.99558556
13473.0,5.0,541.0,417.528,-0.8051510672836963,82.64112508645775,149.0,1,0.98227686
13474.0,2.0,312.0,149.37,-0.0998960514620588,78.0,53.0,0,0.012499171
13475.0,3.0,115.0,371.5533333333333,1.0,7.363574011458175,8.0,0,0.005509227
13476.0,3.0,461.0,436.6000000000001,0.29782019863278725,32.39684483951416,98.0,0,0.012704184
13477.0,5.0,500.0,294.584,-0.0441755204102088,49.60426728955215,28.0,0,0.007947278
13478.0,3.0,494.0,609.8633333333333,-1.0,33.80366104433069,286.0,1,0.99567163
13479.0,3.0,294.0,154.67,0.09003136121780186,88.93568212790385,17.0,0,0.0094798235
13480.0,1.0,496.0,133.88,-0.5735083304131758,0.0,233.0,1,0.9891964
13481.0,6.0,552.0,449.0116666666667,-0.048378348700782316,41.90465367951393,9.0,0,0.0073371013
13482.0,1.0,444.0,184.64,0.09875331012526406,0.0,49.0,0,0.020371089
13484.0,2.0,456.0,312.47,0.5806859571023878,57.0,58.0,0,0.01392694
13485.0,8.0,553.0,356.24,-0.030259815204197373,51.44015940877322,50.0,0,0.006680929
13487.0,3.0,551.0,192.10666666666668,0.20187572581475,39.432079439066975,30.0,0,0.012824993
13488.0,12.0,500.0,983.2725,0.35821399176954727,30.508723706871482,13.0,0,0.0057805316
13489.0,1.0,111.0,158.4,1.0,0.0,106.0,0,0.0052788644
13490.0,0.0,471.0,0.0,-1.0,,471.0,1,0.99624145
13491.0,24.0,549.0,173.3529166666667,-0.32989227290256184,9.408551075130184,64.0,0,0.009293368
13492.0,0.0,31.0,0.0,1.0,,31.0,0,0.00557618
13493.0,1.0,104.0,359.28,1.0,0.0,92.0,0,0.0052788644
13494.0,0.0,128.0,0.0,1.0,,128.0,1,0.9936521
13495.0,7.0,549.0,564.2371428571429,0.44999568360360037,68.70225614927067,49.0,0,0.0067854533
13496.0,0.0,176.0,0.0,1.0,,176.0,1,0.9948598
13497.0,5.0,486.0,220.676,-0.2402656911529693,48.51144194929687,99.0,0,0.011344726
13498.0,0.0,547.0,0.0,-1.0,,547.0,1,0.99624145
13499.0,1.0,86.0,305.56,1.0,0.0,42.0,0,0.0052788644
13500.0,0.0,218.0,0.0,1.0,,218.0,1,0.9948598
13501.0,2.0,387.0,1144.97,-0.07087078135669006,57.5,105.0,0,0.013515088
13502.0,3.0,365.0,123.25333333333332,0.09128471504884458,34.29609631171195,91.0,0,0.012374078
13503.0,2.0,478.0,338.16,-1.0,44.0630860875127,296.0,1,0.9956245
13505.0,1.0,49.0,746.4,1.0,0.0,9.0,0,0.0052788644
13506.0,4.0,277.0,302.97,1.0,13.663363421939708,133.0,1,0.9820353
13508.0,1.0,459.0,110.97,-0.22682459501828947,0.0,60.0,0,0.020275377
13509.0,3.0,324.0,216.67333333333332,0.6560597182237395,98.32937845154248,71.0,0,0.00938941
13510.0,6.0,535.0,514.225,-0.0627586104025895,58.28606442471862,0.0,0,0.0069296146
13511.0,0.0,493.0,0.0,-1.0,,493.0,1,0.99624145
13512.0,3.0,400.0,186.6966666666667,0.23194886387529956,13.92838827718412,77.0,0,0.014443291
13513.0,1.0,472.0,319.85,0.03262360974349874,0.0,258.0,1,0.98880273
13514.0,2.0,499.0,158.7,-0.7739942745216213,24.5,245.0,1,0.9902351
13515.0,2.0,461.0,195.0,0.3492475350285418,3.0,64.0,0,0.016698666
13516.0,1.0,234.0,146.0,1.0,0.0,55.0,0,0.018909086
13519.0,0.0,259.0,0.0,1.0,,259.0,1,0.9948598
13520.0,8.0,539.0,493.45375,0.05877931551291255,27.782357261398825,1.0,0,0.0067916494
13523.0,2.0,219.0,1468.095,1.0,71.44695001654492,16.0,0,0.009003101
13524.0,0.0,36.0,0.0,1.0,,36.0,0,0.00557618
13525.0,0.0,65.0,0.0,1.0,,65.0,0,0.00557618
13526.0,0.0,555.0,0.0,-1.0,0.0,555.0,1,0.99624145
13527.0,6.0,504.0,460.5116666666667,-0.23739800863216712,37.52221564175904,18.0,0,0.010536321
13529.0,0.0,21.0,0.0,1.0,,21.0,0,0.00557618
13530.0,0.0,451.0,0.0,-1.0,,451.0,1,0.99624145
13531.0,4.0,553.0,356.705,-0.0920438073763891,56.87530219699936,22.0,0,0.01174003
13533.0,0.0,84.0,0.0,1.0,0.0,84.0,0,0.005509901
13534.0,18.0,337.0,256.1677777777778,0.6910760007493912,11.385135123271395,3.0,0,0.006073028
13535.0,0.0,219.0,0.0,1.0,,219.0,1,0.9948598
13537.0,1.0,268.0,302.0,1.0,0.0,242.0,1,0.9876917
13538.0,6.0,492.0,285.4,0.3120906779443365,71.2212905121932,91.0,0,0.0070085856
13539.0,5.0,407.0,184.036,-0.3394593473561623,40.09788024322483,57.0,0,0.013614124
13540.0,1.0,472.0,263.14,-1.0,94.0,284.0,1,0.9946694
13541.0,1.0,387.0,474.9,0.20955109837631322,0.0,244.0,1,0.98831475
13542.0,16.0,546.0,239.26625,-0.5720800664974278,11.46172298347853,193.0,1,0.98108554
13543.0,1.0,504.0,851.16,-1.0,0.0,451.0,1,0.99567163
13544.0,3.0,461.0,155.39333333333337,-0.08081756245268736,65.41932054064762,57.0,0,0.010755909
13545.0,1.0,361.0,250.5,0.33728379244074314,0.0,207.0,1,0.98831475
13546.0,2.0,241.0,230.45,1.0,69.5,17.0,0,0.00922785
13547.0,0.0,225.0,0.0,1.0,,225.0,1,0.9948598
13548.0,1.0,288.0,281.01,0.10723221497665433,0.0,60.0,0,0.020554444
13549.0,3.0,204.0,170.85,1.0,58.516854172299986,9.0,0,0.007736783
13550.0,0.0,200.0,0.0,1.0,,200.0,1,0.9948598
13551.0,1.0,483.0,91.8,-0.2481572481572481,0.0,136.0,1,0.9887495
13552.0,8.0,475.0,545.8975,0.08937793864482153,33.51545485721049,22.0,0,0.0065561603
13553.0,0.0,491.0,0.0,-1.0,,491.0,1,0.99624145
13554.0,5.0,263.0,306.366,1.0,6.548960901462833,197.0,1,0.97675246
13555.0,7.0,506.0,803.3542857142857,0.2844396549046888,50.6344744220773,18.0,0,0.006734647
13556.0,1.0,252.0,93.6,1.0,0.0,246.0,1,0.9876917
13557.0,10.0,548.0,241.638,-0.25041653030257954,40.472825287800944,97.0,0,0.008814924
13559.0,1.0,360.0,660.0,-1.0,0.0,329.0,1,0.99558556
13561.0,9.0,466.0,180.13555555555556,-0.28927017883035283,49.531807962157,32.0,0,0.00875246
13562.0,4.0,511.0,675.6800000000001,-0.25067268513942426,66.05270622767853,62.0,0,0.013128671
13564.0,24.0,554.0,687.985,-0.3419450657815619,9.53592562633646,171.0,1,0.978684
13565.0,1.0,228.0,110.18,1.0,0.0,151.0,1,0.9876917
13566.0,2.0,456.0,271.145,-0.36672452866579874,27.0,251.0,1,0.98939425
13567.0,2.0,358.0,333.9,-0.2752539933006672,28.452689777164398,245.0,1,0.98939425
13569.0,2.0,245.0,199.925,1.0,16.5,184.0,1,0.98368025
13570.0,0.0,60.0,0.0,1.0,,60.0,0,0.00557618
13571.0,17.0,548.0,167.66411764705882,-0.13120582941925288,29.023197976123267,1.0,0,0.006660206
13572.0,0.0,22.0,0.0,1.0,,22.0,0,0.00557618
13573.0,3.0,454.0,190.66333333333333,0.7535216664878371,69.03758034577979,70.0,0,0.010653456
13574.0,0.0,228.0,0.0,1.0,,228.0,1,0.9948598
13576.0,17.0,548.0,449.50647058823535,0.09103797671637973,12.281586633746247,4.0,0,0.0059138495
13577.0,7.0,542.0,294.0814285714286,0.13211016842897144,53.2694345104322,58.0,0,0.006811411
13578.0,0.0,226.0,0.0,1.0,,226.0,1,0.9948598
13579.0,3.0,476.0,284.3833333333334,0.37972022317457754,76.14459928320589,186.0,1,0.97967875
13580.0,0.0,223.0,0.0,1.0,,223.0,1,0.9948598
13581.0,1.0,231.0,118.0,1.0,0.0,126.0,1,0.9876917
13582.0,1.0,434.0,164.18,0.35865607414763323,0.0,206.0,1,0.98831475
13583.0,0.0,496.0,0.0,-1.0,,496.0,1,0.99624145
13584.0,2.0,492.0,195.575,-0.2743024589119633,7.0,123.0,1,0.99020797
13585.0,2.0,555.0,335.895,-1.0,56.5,347.0,1,0.9954541
13586.0,0.0,358.0,0.0,-1.0,,358.0,1,0.99624145
13587.0,1.0,480.0,392.8,-0.1826032670897929,107.0,266.0,1,0.98435426
13588.0,0.0,72.0,0.0,1.0,,72.0,0,0.00557618
13589.0,3.0,550.0,157.31333333333333,-0.7611626118285229,43.40762861781582,266.0,1,0.98769593
13590.0,13.0,555.0,377.8784615384615,0.28969070212322673,29.17793756961459,16.0,0,0.0057805316
13591.0,5.0,542.0,339.96799999999996,0.25408433350066173,55.47395785411385,21.0,0,0.007820479
13592.0,2.0,81.0,64.395,1.0,22.0,22.0,0,0.0050825486
13593.0,10.0,464.0,402.881,-0.271015354047845,23.68491517003112,80.0,0,0.008663339
13594.0,0.0,302.0,0.0,-1.0,,302.0,1,0.99624145
13595.0,2.0,463.0,135.265,-1.0,1.5,333.0,1,0.99558556
13597.0,1.0,219.0,16.5,1.0,0.0,217.0,1,0.993755
13598.0,2.0,468.0,170.525,-1.0,37.094473981982816,312.0,1,0.9954699
13599.0,12.0,555.0,531.5141666666667,0.1711460164510329,30.36958558154954,15.0,0,0.0057805316
13600.0,1.0,451.0,219.52,-0.15311909262759918,0.0,129.0,1,0.98888373
13601.0,2.0,363.0,328.72,0.5200573397146886,13.5,28.0,0,0.015226283
13602.0,2.0,377.0,213.45,0.4318776413765345,35.5,198.0,1,0.9833695
13604.0,0.0,475.0,0.0,-1.0,,475.0,1,0.99624145
13605.0,1.0,388.0,352.78000000000003,0.34991486023686075,0.0,204.0,1,0.98831475
13606.0,1.0,128.0,180.4,1.0,0.0,60.0,0,0.0102725765
13607.0,0.0,219.0,0.0,1.0,,219.0,1,0.9948598
13608.0,0.0,357.0,0.0,-1.0,,357.0,1,0.99624145
13609.0,0.0,410.0,0.0,-1.0,,410.0,1,0.99624145
13610.0,9.0,520.0,130.04111111111112,-0.061511284539126805,22.266067856219642,4.0,0,0.0063255434
13611.0,7.0,553.0,301.85,-0.20949210079644864,36.56249890982032,176.0,1,0.97327965
13612.0,0.0,449.0,0.0,-1.0,,449.0,1,0.99624145
13613.0,2.0,477.0,285.925,-0.20690484204452564,71.36657130617948,269.0,1,0.9850309
13614.0,2.0,368.0,324.815,0.3612228648059676,47.0,147.0,1,0.9829348
13615.0,7.0,497.0,780.6257142857143,-0.11232309769742028,25.210137254845783,135.0,1,0.9746041
13616.0,1.0,508.0,105.85,-1.0,0.0,385.0,1,0.99567163
13617.0,4.0,312.0,155.5925,0.6945151585281185,9.12071817347735,225.0,1,0.983023
13619.0,1.0,491.0,128.95,-1.0,0.0,361.0,1,0.99567163
13620.0,0.0,345.0,0.0,-1.0,,345.0,1,0.99624145
13622.0,0.0,513.0,0.0,-1.0,,513.0,1,0.99624145
13623.0,8.0,554.0,216.69875,-0.20988091773072978,40.94126891047711,27.0,0,0.008646058
13624.0,0.0,205.0,0.0,1.0,,205.0,1,0.9948598
13625.0,0.0,413.0,0.0,-1.0,,413.0,1,0.99624145
13626.0,1.0,196.0,257.23,1.0,0.0,69.0,0,0.014438975
13627.0,3.0,457.0,302.98333333333335,-0.0012444883998845159,10.370899457402698,21.0,0,0.016518375
13628.0,0.0,493.0,0.0,-1.0,,493.0,1,0.99624145
13629.0,11.0,483.0,709.6818181818181,0.1035256599539361,19.516045528176328,27.0,0,0.0061033447
13630.0,2.0,102.0,376.35,1.0,10.0,1.0,0,0.0052852985
13631.0,2.0,84.0,625.0,1.0,27.39018477889885,18.0,0,0.0050825486
13632.0,4.0,428.0,443.43,0.17567561252576047,73.35529974037323,50.0,0,0.00969895
13634.0,10.0,515.0,378.791,-0.07120840209611017,28.70540018881465,59.0,0,0.0060178433
13635.0,2.0,555.0,772.88,0.17313666609616574,133.5,259.0,1,0.984504
13636.0,2.0,102.0,193.475,1.0,8.0,69.0,0,0.0052852985
13637.0,1.0,43.0,262.25,1.0,0.0,4.0,0,0.0052788644
13639.0,0.0,253.0,0.0,1.0,,253.0,1,0.9948598
13640.0,0.0,428.0,0.0,-1.0,,428.0,1,0.99624145
13641.0,2.0,551.0,359.135,-1.0,36.527006751473934,457.0,1,0.99567163
13642.0,1.0,249.0,354.8,1.0,102.29478101165388,32.0,0,0.009827809
13643.0,7.0,548.0,201.91857142857145,0.20361922758125,57.04598932404611,2.0,0,0.00686279
13646.0,0.0,216.0,0.0,1.0,0.0,216.0,1,0.9947978
13647.0,3.0,420.0,500.9,-0.5329006709932901,99.82609879184902,51.0,0,0.011994692
13648.0,6.0,555.0,249.33,-0.5965481760248312,43.584775473337295,217.0,1,0.98496026
13649.0,5.0,344.0,273.694,0.1321476222243401,35.17157943567505,73.0,0,0.007214896
13650.0,5.0,499.0,338.40999999999997,-0.03865864426219066,38.95433223660752,24.0,0,0.007947278
13651.0,0.0,198.0,0.0,1.0,,198.0,1,0.9948598
13652.0,3.0,469.0,573.35,0.6272865312841472,68.33414633662701,73.0,0,0.010635167
13653.0,0.0,304.0,0.0,-1.0,,304.0,1,0.99624145
13654.0,7.0,554.0,659.0757142857143,0.6886861030981395,48.349915053847674,18.0,0,0.0067854533
13655.0,4.0,408.0,302.02750000000003,0.3292706173210335,66.76217117499999,58.0,0,0.009809164
13656.0,2.0,412.0,268.375,-0.6224620025525002,33.5,154.0,1,0.98810965
13657.0,0.0,18.0,0.0,1.0,,18.0,0,0.00557618
13658.0,4.0,489.0,834.3425,-0.25266747383456456,44.55544298960566,21.0,0,0.013702206
13659.0,10.0,477.0,447.3850000000001,-0.23701908933416133,35.39902412625113,22.0,0,0.008338621
13660.0,0.0,217.0,0.0,1.0,,217.0,1,0.9948598
13661.0,0.0,420.0,0.0,-1.0,,420.0,1,0.99624145
13662.0,5.0,475.0,316.96400000000006,0.22648505004535105,50.87263204669112,29.0,0,0.0073518516
13663.0,3.0,463.0,437.53,0.41287593377968185,96.98911737349138,197.0,1,0.97850925
13665.0,2.0,321.0,539.425,0.2605891356928362,23.5,203.0,1,0.984136
13666.0,2.0,552.0,43.47500000000001,0.6336308125880695,129.15881696578055,104.0,0,0.015199809
13668.0,25.0,545.0,406.8772,0.028108235385729242,15.03244491092517,4.0,0,0.00582535
13669.0,0.0,224.0,0.0,1.0,,224.0,1,0.9948598
13671.0,0.0,211.0,0.0,1.0,,211.0,1,0.9948598
13672.0,2.0,547.0,93.195,-0.11225947799580874,184.0,118.0,0,0.0154578835
13674.0,0.0,249.0,0.0,1.0,,249.0,1,0.9948598
13675.0,0.0,101.0,0.0,1.0,,101.0,0,0.00557618
13676.0,1.0,436.0,115.6,-1.0,0.0,356.0,1,0.99558556
13677.0,1.0,337.0,282.23,0.01486901957964012,0.0,221.0,1,0.98888373
13679.0,2.0,552.0,77.23,-1.0,15.5,310.0,1,0.99567163
13680.0,9.0,552.0,1053.7355555555555,-0.5266446574116957,52.52089531267003,154.0,1,0.9777117
13682.0,0.0,4.0,0.0,1.0,,4.0,0,0.00557618
13683.0,0.0,274.0,0.0,1.0,,274.0,1,0.9948598
13684.0,3.0,438.0,135.48333333333335,-0.32975979094777036,46.396838972786355,102.0,0,0.014868524
13686.0,1.0,218.0,111.6,1.0,0.0,197.0,1,0.9864123
13687.0,0.0,255.0,0.0,1.0,,255.0,1,0.9948598
13688.0,0.0,452.0,0.0,-1.0,,452.0,1,0.99624145
13689.0,0.0,261.0,0.0,1.0,,261.0,1,0.9948598
13691.0,0.0,213.0,0.0,1.0,,213.0,1,0.9948598
13692.0,3.0,237.0,457.52666666666664,1.0,73.44083030273796,30.0,0,0.007929999
13693.0,8.0,549.0,229.78375,-0.3660963704506367,42.22188413607332,191.0,1,0.9785372
13694.0,67.0,552.0,2344.964925373134,-0.36981671677235906,6.285993741852471,9.0,0,0.011339491
13695.0,5.0,394.0,125.184,0.4025904181418904,120.53447639575991,6.0,0,0.007991374
13696.0,2.0,483.0,857.2,-0.37220352405464263,47.5,238.0,1,0.9874117
13698.0,1.0,498.0,281.23,-1.0,0.0,413.0,1,0.99567163
13699.0,0.0,367.0,0.0,-1.0,,367.0,1,0.99624145
13700.0,6.0,487.0,206.28333333333333,0.8737616099071208,83.1185531488068,57.0,0,0.0069276174
13701.0,0.0,263.0,0.0,1.0,,263.0,1,0.9948598
13702.0,0.0,262.0,0.0,1.0,,262.0,1,0.9948598
13703.0,1.0,232.0,99.5,1.0,0.0,135.0,1,0.9876917
13705.0,4.0,441.0,347.78999999999996,0.1606532611277952,19.748417658131498,190.0,1,0.9823068
13706.0,1.0,443.0,330.79,0.04818036345200187,0.0,119.0,0,0.020371089
13707.0,3.0,353.0,881.7866666666665,0.5718776182015889,46.314144707637645,84.0,0,0.010417748
13708.0,0.0,88.0,0.0,1.0,,88.0,0,0.00557618
13709.0,4.0,514.0,357.91499999999996,0.11259779107225035,43.27123756030095,132.0,1,0.9788071
13710.0,1.0,429.0,101.04,-0.3858497447118891,0.0,240.0,1,0.9885274
13711.0,7.0,541.0,237.96571428571428,-0.517770859138741,70.01740854958858,35.0,0,0.011199492
13712.0,1.0,427.0,228.84,-0.40283395527256594,0.0,63.0,0,0.020919112
13713.0,2.0,400.0,246.39,-0.5905874122110703,24.0,225.0,1,0.98939425
13714.0,0.0,282.0,0.0,-1.0,,282.0,1,0.99624145
13715.0,15.0,455.0,509.01733333333334,-0.3136082816925979,14.917350426600564,98.0,0,0.009214192
13716.0,0.0,86.0,0.0,1.0,,86.0,0,0.00557618
13717.0,3.0,302.0,236.30333333333337,0.5950634506345064,55.719535772174794,57.0,0,0.009319847
13718.0,1.0,112.0,192.5,1.0,0.0,63.0,0,0.0052788644
13719.0,7.0,388.0,244.24285714285716,-0.21055448461396375,48.74339306354184,22.0,0,0.008618994
13720.0,1.0,71.0,165.9,1.0,0.0,55.0,0,0.0052788644
13721.0,0.0,212.0,0.0,1.0,,212.0,1,0.9948598
13722.0,4.0,463.0,1014.7325,0.2010111210614231,59.44196277694328,99.0,0,0.00969895
13723.0,4.0,428.0,222.2425,0.30436652332120406,68.97709764842241,34.0,0,0.009809164
13724.0,0.0,454.0,0.0,-1.0,,454.0,1,0.99624145
13725.0,5.0,125.0,160.79000000000002,1.0,13.46699669562594,42.0,0,0.00799843
13727.0,3.0,547.0,205.32333333333335,-1.0,20.333224043422135,428.0,1,0.99567163
13728.0,12.0,547.0,183.16333333333333,-0.11172073246005079,15.244990069600645,15.0,0,0.007018309
13729.0,2.0,501.0,183.425,0.01237702316724853,121.5,252.0,1,0.9845217
13731.0,1.0,63.0,302.47,1.0,0.0,36.0,0,0.0052788644
13733.0,1.0,552.0,337.93,0.38771738907254166,0.0,227.0,1,0.9887172
13734.0,2.0,419.0,3211.020000000001,-1.0,37.656340767525464,325.0,1,0.9954699
13735.0,8.0,543.0,921.22,0.06603858768709146,46.329203119937155,51.0,0,0.0065561603
13736.0,4.0,550.0,417.7625,-0.1449762525921466,72.82142541862251,77.0,0,0.0121224085
13737.0,0.0,17.0,0.0,1.0,,17.0,0,0.00557618
13738.0,0.0,213.0,0.0,1.0,,213.0,1,0.9948598
13739.0,0.0,344.0,0.0,-1.0,,344.0,1,0.99624145
13740.0,4.0,554.0,321.52,-0.1662880139194002,44.04755952376931,57.0,0,0.013888762
13741.0,1.0,34.0,200.17,1.0,0.0,0.0,0,0.0052788644
13742.0,6.0,137.0,281.14000000000004,1.0,15.464244473716041,1.0,0,0.0076704687
13743.0,1.0,76.0,211.44,1.0,0.0,34.0,0,0.0052788644
13744.0,0.0,109.0,0.0,1.0,,109.0,0,0.00557618
13745.0,0.0,363.0,0.0,-1.0,,363.0,1,0.99624145
13746.0,0.0,230.0,0.0,1.0,,230.0,1,0.9948598
13747.0,1.0,241.0,159.2,1.0,0.0,190.0,1,0.9876917
13748.0,6.0,555.0,287.97499999999997,0.8178805334175019,113.33578428722325,49.0,0,0.0071375836
13750.0,7.0,434.0,332.94571428571425,0.29000045390585993,36.483711769634894,113.0,0,0.006811411
13751.0,0.0,105.0,0.0,1.0,,105.0,0,0.00557618
13752.0,4.0,344.0,222.8825,0.37583913331995855,113.25745008607602,1.0,0,0.009260914
13753.0,3.0,553.0,484.1233333333333,-0.2922079472158964,114.35714037853323,104.0,0,0.013960619
13754.0,1.0,254.0,156.0,1.0,0.0,134.0,1,0.9876917
13756.0,13.0,541.0,426.7338461538462,0.5702669731351412,39.92300281599762,0.0,0,0.0057805316
13757.0,0.0,491.0,0.0,-1.0,,491.0,1,0.99624145
13758.0,11.0,555.0,679.91,0.1553313172336406,45.955242329038605,18.0,0,0.0059375954
13760.0,3.0,410.0,304.54,-0.11233229367790483,38.738439135652676,73.0,0,0.012854935
13761.0,2.0,473.0,284.81,-1.0,36.24913792078372,319.0,1,0.99567163
13762.0,4.0,515.0,506.28,-0.7518928363424578,147.54215499307307,35.0,0,0.012756701
13763.0,1.0,252.0,306.0,1.0,0.0,234.0,1,0.9876917
13764.0,2.0,459.0,489.075,-0.4802125358732271,96.41000409132286,154.0,1,0.98529786
13765.0,0.0,470.0,0.0,-1.0,,470.0,1,0.99624145
13766.0,0.0,312.0,0.0,-1.0,,312.0,1,0.99624145
13767.0,45.0,555.0,541.4146666666667,0.2808258996160627,11.367798336854548,20.0,0,0.0059138495
13768.0,1.0,547.0,356.55,-1.0,0.0,543.0,1,0.99567163
13769.0,13.0,540.0,325.9746153846154,0.2701486100379163,19.163235421941014,24.0,0,0.005846484
13770.0,3.0,547.0,203.68,0.32686504450131776,80.65702421708573,239.0,1,0.9809837
13771.0,5.0,469.0,737.932,-0.3574120134584425,98.93769082946432,16.0,0,0.010248945
13772.0,4.0,471.0,411.9775,0.008066011915802203,52.75073459204146,56.0,0,0.00969895
13773.0,1.0,476.0,210.14,0.393778603170392,0.0,213.0,1,0.98819643
13775.0,0.0,407.0,0.0,-1.0,,407.0,1,0.99624145
13777.0,35.0,554.0,1020.216,0.4657015527414628,10.327199120122874,1.0,0,0.0059138495
13778.0,2.0,382.0,296.54,-1.0,5.5,308.0,1,0.99558556
13779.0,0.0,332.0,0.0,-1.0,,332.0,1,0.99624145
13780.0,0.0,224.0,0.0,1.0,,224.0,1,0.9948598
13781.0,2.0,538.0,232.195,-0.6717126972510047,106.5,67.0,0,0.015893774
13782.0,8.0,550.0,138.8275,-0.18416437386365467,35.482389998420345,51.0,0,0.008311498
13783.0,3.0,490.0,351.06999999999994,-1.0,20.396078054371138,304.0,1,0.99567163
13784.0,8.0,267.0,135.83499999999998,1.0,32.14396327461814,2.0,0,0.00651681
13785.0,2.0,277.0,231.13,1.0,14.142135623730951,245.0,1,0.9848409
13786.0,5.0,553.0,527.17,-0.3416375404145356,73.1398660102683,184.0,1,0.9809988
13787.0,4.0,511.0,213.88,0.00980526738964166,25.113492389550284,181.0,1,0.98488694
13788.0,0.0,322.0,0.0,-1.0,,322.0,1,0.99624145
13789.0,0.0,205.0,0.0,1.0,,205.0,1,0.9948598
13792.0,1.0,239.0,74.60000000000001,1.0,0.0,104.0,0,0.018909086
13793.0,0.0,463.0,0.0,-1.0,,463.0,1,0.99624145
13794.0,0.0,363.0,0.0,-1.0,,363.0,1,0.99624145
13795.0,3.0,454.0,204.6,-0.033959105584120575,48.375843374790094,205.0,1,0.9797967
13796.0,0.0,316.0,0.0,-1.0,,316.0,1,0.99624145
13797.0,2.0,464.0,412.48,-0.13081521047946074,26.0,253.0,1,0.9874215
13798.0,74.0,548.0,824.3343243243243,0.13469521055143113,4.853080211912079,3.0,0,0.00626204
13799.0,7.0,461.0,296.8728571428572,-0.4819757288074874,42.69110694564967,111.0,0,0.011185001
13800.0,2.0,553.0,600.4300000000001,0.4299697539831861,93.0,126.0,1,0.9840186
13802.0,16.0,478.0,1524.124375,-0.32112259612960475,16.018803829392738,71.0,0,0.009157128
13803.0,2.0,435.0,452.68999999999994,0.35241353040906404,5.5,72.0,0,0.016769389
13804.0,2.0,253.0,376.815,1.0,72.0,106.0,0,0.009124107
13807.0,2.0,552.0,213.425,-0.15781600598354534,23.0,184.0,1,0.9883857
13809.0,2.0,277.0,276.325,1.0,12.0,122.0,1,0.9848409
13811.0,1.0,56.0,297.0,1.0,0.0,0.0,0,0.0052788644
13813.0,3.0,550.0,323.82,-1.0,4.320493798938574,344.0,1,0.99567163
13814.0,0.0,344.0,0.0,-1.0,,344.0,1,0.99624145
13815.0,4.0,482.0,826.8824999999999,-0.16220108756910026,19.817921182606415,135.0,1,0.9862309
13817.0,0.0,168.0,0.0,1.0,,168.0,1,0.9948598
13818.0,0.0,246.0,0.0,1.0,,246.0,1,0.9948598
13819.0,5.0,555.0,404.05,-0.13686680417053007,132.54493577651317,118.0,0,0.009424584
13820.0,2.0,497.0,212.765,-0.19403617649284793,97.5,235.0,1,0.9849731
13821.0,4.0,521.0,246.51,-0.06883666347549496,121.25798942750123,78.0,0,0.01114125
13823.0,4.0,541.0,513.56,-0.5781567509884332,46.00271731104588,197.0,1,0.9844482
13824.0,9.0,454.0,305.76,0.34427127211457453,12.780193008453876,20.0,0,0.0065931594
13825.0,1.0,547.0,112.23,-1.0,0.0,438.0,1,0.99567163
13829.0,0.0,238.0,0.0,1.0,,238.0,1,0.9948598
13830.0,0.0,398.0,0.0,-1.0,,398.0,1,0.99624145
13831.0,14.0,546.0,355.88,-0.1449604465936086,37.99516618020277,17.0,0,0.006660206
13832.0,0.0,239.0,0.0,1.0,,239.0,1,0.9948598
13833.0,0.0,221.0,0.0,1.0,,221.0,1,0.9948598
13834.0,1.0,486.0,121.74,-1.0,0.0,393.0,1,0.99567163
13835.0,3.0,462.0,154.9,0.11499618093864042,119.01540516532583,32.0,0,0.01128461
13836.0,1.0,231.0,299.5,1.0,0.0,216.0,1,0.9876917
13837.0,1.0,134.0,157.54000000000002,1.0,0.0,28.0,0,0.011089926
13838.0,3.0,396.0,424.01,0.6820565036000713,53.94338596055024,186.0,1,0.97730196
13839.0,0.0,303.0,0.0,-1.0,,303.0,1,0.99624145
13840.0,0.0,233.0,0.0,1.0,,233.0,1,0.9948598
13841.0,0.0,69.0,0.0,1.0,,69.0,0,0.00557618
13842.0,12.0,478.0,309.0516666666667,0.5853868138559601,21.60262644651699,16.0,0,0.005846484
13843.0,0.0,198.0,0.0,1.0,,198.0,1,0.9948598
13846.0,2.0,216.0,331.965,1.0,39.0,59.0,0,0.010315307
13847.0,0.0,536.0,0.0,-1.0,,536.0,1,0.99624145
13848.0,6.0,547.0,422.5,0.04477611940298507,18.336363385966756,114.0,0,0.008347237
13849.0,2.0,441.0,710.8499999999999,0.47223444740725407,77.0,214.0,1,0.98265797
13851.0,4.0,496.0,500.50500000000005,0.8189268257227482,85.4713987249536,105.0,0,0.009239038
13852.0,0.0,427.0,0.0,-1.0,,427.0,1,0.99624145
13854.0,28.0,517.0,324.11821428571426,0.5859255931332613,16.530733816839067,13.0,0,0.005846484
13855.0,3.0,548.0,332.2966666666667,-1.0,48.83304891839815,317.0,1,0.9953714
13856.0,9.0,436.0,96.10555555555555,-0.5496282891016215,75.09368634176286,0.0,0,0.0110312905
13857.0,4.0,388.0,196.565,0.19906884734891248,27.546324618721822,210.0,1,0.98092914
13859.0,1.0,346.0,201.16,-0.2200984763307874,0.0,143.0,1,0.98888373
13861.0,1.0,347.0,144.82999999999998,0.06001610188099238,0.0,246.0,1,0.98858184
13862.0,4.0,206.0,288.1275,1.0,7.582875444051551,4.0,0,0.011525748
13863.0,3.0,410.0,311.6766666666667,-0.506627405106692,73.07682411149395,64.0,0,0.014304487
13864.0,0.0,203.0,0.0,1.0,,203.0,1,0.9948598
13865.0,1.0,106.0,159.22,1.0,0.0,3.0,0,0.0052788644
13867.0,0.0,35.0,0.0,1.0,,35.0,0,0.00557618
13869.0,8.0,508.0,666.6500000000001,-0.0771378030760455,14.911719384430487,79.0,0,0.008011388
13870.0,6.0,486.0,478.93833333333333,-0.054858156130116985,41.12846970661762,104.0,0,0.0069826986
13871.0,8.0,536.0,415.54125,0.39974164137657187,41.24318125460256,23.0,0,0.0065561603
13872.0,2.0,542.0,333.725,-1.0,0.0,344.0,1,0.99567163
13873.0,6.0,463.0,121.695,0.40276451598235796,41.351138638091534,35.0,0,0.007136887
13874.0,6.0,490.0,316.4666666666667,-0.4725129931922992,44.69153536558498,175.0,1,0.9831956
13875.0,10.0,539.0,393.087,-0.17995536520928052,23.074081198186327,1.0,0,0.0067897867
13877.0,1.0,506.0,177.61,-1.0,0.0,287.0,1,0.99567163
13878.0,2.0,421.0,282.175,-1.0,0.5,364.0,1,0.99558556
13879.0,0.0,462.0,0.0,-1.0,,462.0,1,0.99624145
13880.0,9.0,379.0,253.9877777777778,0.7262867017591361,19.65693418945068,3.0,0,0.0060232366
13881.0,19.0,462.0,1505.4494736842105,-0.0029807806758293336,15.816299359957343,30.0,0,0.0057805316
13883.0,9.0,466.0,575.8133333333333,0.41581499267444366,46.169073342805284,35.0,0,0.005971654
13884.0,5.0,287.0,208.546,0.6077494160184407,35.73713554753454,94.0,0,0.007214896
13885.0,1.0,17.0,107.65,1.0,0.0,6.0,0,0.0052788644
13887.0,0.0,21.0,0.0,1.0,,21.0,0,0.00557618
13888.0,3.0,392.0,505.00666666666666,-0.1563002651225222,68.8650854933035,35.0,0,0.010853607
13889.0,4.0,503.0,313.7375,-0.434997745072507,62.571958575707065,199.0,1,0.9836828
13890.0,4.0,550.0,255.0675,-0.18369100103734437,70.23175919767353,175.0,1,0.98258764
13891.0,2.0,399.0,232.58,0.07730788827643713,65.5,195.0,1,0.9827251
13892.0,2.0,392.0,81.97999999999999,-0.8417875798026698,67.0,63.0,0,0.018562594
13893.0,0.0,114.0,0.0,1.0,,114.0,0,0.00557618
13894.0,0.0,127.0,0.0,1.0,,127.0,1,0.9936521
13895.0,1.0,553.0,584.4499999999999,-1.0,0.0,332.0,1,0.99567163
13896.0,0.0,442.0,0.0,-1.0,,442.0,1,0.99624145
13897.0,1.0,494.0,366.89,-0.1362823108432601,0.0,255.0,1,0.9895321
13898.0,1.0,228.0,155.93,1.0,0.0,142.0,1,0.9876917
13899.0,0.0,91.0,0.0,1.0,,91.0,0,0.00557618
13900.0,4.0,441.0,335.39750000000004,0.2723005573969003,22.1401784093986,9.0,0,0.012203148
13901.0,8.0,520.0,397.29125,-0.4555740663612384,31.401689695022455,73.0,0,0.011363594
13902.0,4.0,541.0,8416.4,-1.0,13.275918047351754,449.0,1,0.99541974
13903.0,0.0,217.0,0.0,1.0,,217.0,1,0.9948598
13904.0,0.0,111.0,0.0,1.0,,111.0,0,0.00557618
13905.0,0.0,549.0,0.0,-1.0,,549.0,1,0.99624145
13906.0,0.0,226.0,0.0,1.0,,226.0,1,0.9948598
13907.0,0.0,508.0,0.0,-1.0,,508.0,1,0.99624145
13908.0,1.0,93.0,335.11,1.0,0.0,31.0,0,0.0052788644
13909.0,1.0,338.0,174.14,0.21521284019539427,0.0,240.0,1,0.98831475
13911.0,15.0,465.0,214.45,0.17302314777590166,25.332476685077598,14.0,0,0.005846484
13912.0,0.0,240.0,0.0,1.0,,240.0,1,0.9948598
13913.0,0.0,323.0,0.0,-1.0,,323.0,1,0.99624145
13915.0,0.0,211.0,0.0,1.0,,211.0,1,0.9948598
13916.0,3.0,492.0,303.77,-1.0,43.53032148846237,280.0,1,0.99552035
13917.0,0.0,8.0,0.0,1.0,,8.0,0,0.00557618
13918.0,0.0,70.0,0.0,1.0,,70.0,0,0.00557618
13919.0,1.0,357.0,322.6,-0.28618053481142197,0.0,241.0,1,0.98888373
13920.0,3.0,379.0,417.01,-0.20321410057024358,21.118712081942874,248.0,1,0.9878499
13921.0,3.0,538.0,209.3166666666667,0.04447789790611742,65.32142748661337,219.0,1,0.9805321
13922.0,2.0,284.0,221.0,0.02172907998150718,27.5,168.0,1,0.9851126
13927.0,0.0,254.0,0.0,1.0,,254.0,1,0.9948598
13929.0,7.0,511.0,412.08571428571435,-0.2600267597820056,28.623999254704668,143.0,1,0.9787063
13931.0,6.0,553.0,530.3933333333333,0.030745374096760803,57.132940056557324,97.0,0,0.007143807
13932.0,0.0,111.0,0.0,1.0,,111.0,0,0.00557618
13934.0,0.0,80.0,0.0,1.0,,80.0,0,0.00557618
13935.0,2.0,469.0,1898.445,-1.0,8.5,413.0,1,0.99558556
13936.0,1.0,231.0,154.9,1.0,0.0,199.0,1,0.9876917
13937.0,0.0,219.0,0.0,1.0,,219.0,1,0.9948598
13939.0,4.0,429.0,252.8825,0.23248166809696583,39.65081966365891,128.0,1,0.97707874
13941.0,10.0,540.0,734.72,0.08872950063358874,36.585685680252254,114.0,0,0.005893099
13942.0,0.0,351.0,0.0,-1.0,,351.0,1,0.99624145
13943.0,0.0,394.0,0.0,-1.0,,394.0,1,0.99624145
13944.0,0.0,470.0,0.0,-1.0,,470.0,1,0.99624145
13945.0,1.0,296.0,338.5,-0.20739916876426856,0.0,211.0,1,0.9889839
13946.0,4.0,552.0,380.1075,0.15479582146248813,73.87151006985034,18.0,0,0.011328484
13948.0,3.0,552.0,131.03666666666666,0.043990086741016086,80.85515169459244,177.0,1,0.9809837
13950.0,0.0,63.0,0.0,1.0,,63.0,0,0.00557618
13951.0,1.0,111.0,303.49,1.0,0.0,53.0,0,0.0052788644
13952.0,10.0,540.0,1159.673,-0.14510368447976843,37.39094596605823,34.0,0,0.0067897867
13953.0,7.0,545.0,625.0,-0.07692307692307693,16.01657304934167,27.0,0,0.008790499
13955.0,1.0,192.0,205.1,1.0,0.0,122.0,1,0.9838704
13956.0,1.0,88.0,173.95,1.0,0.0,60.0,0,0.0052788644
13957.0,2.0,475.0,177.70499999999998,-0.1299509001636661,34.0,234.0,1,0.98697287
13958.0,4.0,551.0,974.42,-0.6748003389089086,48.67300303545895,196.0,1,0.9852872
13959.0,4.0,328.0,193.0425,0.893919697824434,26.842131062939096,98.0,0,0.011465019
13961.0,0.0,209.0,0.0,1.0,,209.0,1,0.9948598
13962.0,1.0,252.0,117.6,1.0,0.0,62.0,0,0.018909086
13963.0,16.0,414.0,169.15875,0.2648022657020389,8.551087284667373,125.0,1,0.964218
13964.0,1.0,247.0,133.25,1.0,0.0,204.0,1,0.9876917
13965.0,2.0,520.0,204.15,-1.0,79.0,293.0,1,0.9949321
13966.0,0.0,252.0,0.0,1.0,,252.0,1,0.9948598
13967.0,0.0,213.0,0.0,1.0,,213.0,1,0.9948598
13968.0,0.0,240.0,0.0,1.0,,240.0,1,0.9948598
13969.0,20.0,441.0,272.903,0.378189760801236,14.792504244318533,35.0,0,0.006073028
13970.0,1.0,254.0,558.0,1.0,0.0,203.0,1,0.9876917
13971.0,8.0,499.0,327.07625,-0.05608166916912579,35.31089598126901,31.0,0,0.006630903
13972.0,0.0,18.0,0.0,1.0,,18.0,0,0.00557618
13973.0,0.0,104.0,0.0,1.0,,104.0,0,0.00557618
13974.0,0.0,399.0,0.0,-1.0,,399.0,1,0.99624145
13975.0,7.0,492.0,462.93,0.24468329041661283,43.3010345354096,32.0,0,0.006734647
13976.0,3.0,485.0,305.65000000000003,-0.39954376195108865,103.0221119738649,23.0,0,0.013514764
13977.0,0.0,228.0,0.0,1.0,,228.0,1,0.9948598
13979.0,4.0,553.0,584.07,-0.020298733100792873,66.70052473556711,210.0,1,0.9796348
13980.0,3.0,473.0,127.62666666666668,0.008569808929940956,17.326921891156037,256.0,1,0.9851837
13981.0,0.0,232.0,0.0,1.0,,232.0,1,0.9948598
13982.0,6.0,505.0,440.355,-0.23372000069013502,37.57067414294766,143.0,1,0.9779423
13983.0,14.0,547.0,429.295,-0.02770090267180503,20.084100521307892,4.0,0,0.0057805316
13984.0,8.0,549.0,198.2275,0.30534541434547935,43.419003633699496,66.0,0,0.006680929
13985.0,9.0,485.0,433.52,0.7124451349117674,42.827820656930726,1.0,0,0.005971654
13987.0,1.0,217.0,305.08,1.0,0.0,196.0,1,0.98559755
13988.0,3.0,442.0,551.9066666666666,0.6844225604297224,77.70456872024965,17.0,0,0.010714441
13989.0,3.0,380.0,431.6566666666667,0.08250988440527574,85.514131385793,56.0,0,0.010216381
13990.0,0.0,30.0,0.0,1.0,,30.0,0,0.00557618
13992.0,1.0,280.0,66.8,-0.06377014716187814,0.0,197.0,1,0.9886308
13993.0,12.0,553.0,353.785,0.1292269952958767,18.466665954613735,22.0,0,0.005846484
13995.0,9.0,538.0,297.23,-0.16305338853471554,31.787488803685708,62.0,0,0.006981472
13996.0,1.0,216.0,403.38,1.0,0.0,203.0,1,0.9850655
13997.0,1.0,367.0,238.76,-1.0,15.5,336.0,1,0.99558556
13998.0,2.0,393.0,151.32500000000002,0.015704958531851027,0.5,263.0,1,0.98967934
13999.0,20.0,551.0,324.836,-0.26771691491645566,14.441173775008735,31.0,0,0.008573359
14000.0,4.0,554.0,463.585,-0.16111692094177893,46.337754585219166,28.0,0,0.013410818
14001.0,6.0,310.0,549.2633333333333,0.5332797702935869,42.963202100098144,49.0,0,0.00669462
14003.0,0.0,549.0,0.0,-1.0,,549.0,1,0.99624145
14004.0,2.0,252.0,867.3399999999999,1.0,42.57640191467569,105.0,0,0.011455916
14005.0,0.0,32.0,0.0,1.0,,32.0,0,0.00557618
14006.0,5.0,469.0,313.182,-0.3018027280828022,68.50109488176084,58.0,0,0.010446097
14007.0,0.0,329.0,0.0,-1.0,,329.0,1,0.99624145
14008.0,0.0,249.0,0.0,1.0,,249.0,1,0.9948598
14009.0,2.0,279.0,347.805,0.2648489421861788,125.0,15.0,0,0.012493541
14010.0,0.0,382.0,0.0,-1.0,0.0,382.0,1,0.99624145
14011.0,1.0,424.0,165.48000000000002,-1.0,0.0,297.0,1,0.99558556
14012.0,0.0,94.0,0.0,1.0,,94.0,0,0.00557618
14013.0,2.0,440.0,277.925,0.5227724128484351,69.5,92.0,0,0.013350455
14014.0,1.0,393.0,1166.37,0.6165568283403672,0.0,193.0,1,0.98774403
14016.0,9.0,517.0,1015.152222222222,-0.15625414575431187,23.025482394646435,24.0,0,0.006981472
14017.0,0.0,388.0,0.0,-1.0,,388.0,1,0.99624145
14018.0,0.0,462.0,0.0,-1.0,,462.0,1,0.99624145
14020.0,1.0,346.0,301.53,-1.0,0.0,293.0,1,0.99558556
14021.0,5.0,409.0,257.058,0.39507558088226014,34.284690460903974,28.0,0,0.00734112
14022.0,1.0,303.0,440.0,0.11090071324875334,0.0,42.0,0,0.020554444
14023.0,0.0,67.0,0.0,1.0,,67.0,0,0.00557618
14024.0,0.0,207.0,0.0,1.0,,207.0,1,0.9948598
14025.0,7.0,400.0,546.35,-1.0,11.611043300694915,281.0,1,0.99477875
14026.0,1.0,442.0,326.58,-1.0,0.0,287.0,1,0.99558556
14028.0,0.0,367.0,0.0,-1.0,0.0,367.0,1,0.99624145
14030.0,12.0,546.0,549.1725,0.12416964463379858,39.18206700775241,60.0,0,0.0057805316
14031.0,31.0,553.0,939.0558064516129,-0.007862574631834212,10.881176406988352,13.0,0,0.0059138495
14032.0,9.0,542.0,344.54999999999995,0.2817242137673191,61.51021193947804,23.0,0,0.006039774
14033.0,0.0,372.0,0.0,-1.0,,372.0,1,0.99624145
14035.0,5.0,429.0,382.9899999999999,0.5805436579501051,38.23820079449346,84.0,0,0.0072584297
14036.0,0.0,101.0,0.0,1.0,,101.0,0,0.00557618
14037.0,4.0,549.0,145.805,-0.7210404840621297,51.83808927805885,181.0,1,0.98571223
14038.0,2.0,490.0,760.635,0.3669299404264495,43.5,24.0,0,0.015281738
14039.0,0.0,392.0,0.0,-1.0,,392.0,1,0.99624145
14040.0,25.0,555.0,393.86800000000005,-0.26424065579964945,15.677126356871907,32.0,0,0.0086505385
14041.0,0.0,83.0,0.0,1.0,,83.0,0,0.00557618
14042.0,0.0,542.0,0.0,-1.0,,542.0,1,0.99624145
14043.0,1.0,546.0,139.94,-1.0,0.0,308.0,1,0.99567163
14044.0,5.0,501.0,479.02,0.05692220871350277,36.00655804464268,126.0,1,0.96878135
14045.0,12.0,517.0,875.7524999999999,-0.36635662625412313,20.679897564187936,154.0,1,0.98081243
14046.0,0.0,101.0,0.0,1.0,,101.0,0,0.00557618
14047.0,9.0,493.0,339.34444444444443,0.047823489674346915,41.50136909023166,16.0,0,0.006039774
14048.0,1.0,199.0,409.93,1.0,38.5,122.0,1,0.9784621
14049.0,7.0,434.0,1392.9957142857145,0.12208158240052305,34.54214816713055,17.0,0,0.006734647
14051.0,22.0,553.0,533.8422727272728,0.4156697945578329,20.95327970880825,30.0,0,0.0057805316
14052.0,0.0,207.0,0.0,1.0,,207.0,1,0.9948598
14053.0,1.0,303.0,141.25,-0.09469636276237786,0.0,214.0,1,0.988741
14055.0,1.0,540.0,521.0,-1.0,0.0,394.0,1,0.99567163
14056.0,10.0,101.0,309.636,1.0,4.944694126030446,1.0,0,0.0044238186
14057.0,10.0,553.0,474.787,0.23068736761439865,39.37030395276792,16.0,0,0.0059375954
14058.0,1.0,347.0,147.96,-1.0,0.0,279.0,1,0.99558556
14059.0,0.0,83.0,0.0,1.0,,83.0,0,0.00557618
14060.0,19.0,455.0,347.6847368421053,0.846141581632653,16.927349095244956,0.0,0,0.005846484
14061.0,2.0,555.0,271.5,-1.0,101.5,324.0,1,0.9946694
14062.0,15.0,546.0,1273.358,0.03533897600778616,26.146909944656542,56.0,0,0.0057805316
14063.0,6.0,548.0,1169.8233333333335,-1.0,4.47213595499958,503.0,1,0.99526596
14064.0,11.0,504.0,218.97181818181815,-0.06546986004168973,39.34489589938361,28.0,0,0.0059603285
14065.0,2.0,248.0,290.075,1.0,0.0,206.0,1,0.98755974
14066.0,0.0,83.0,0.0,1.0,,83.0,0,0.00557618
14068.0,3.0,494.0,346.8666666666666,-0.6521130354560741,116.40828531032011,137.0,1,0.983451
14069.0,1.0,378.0,110.44,-1.0,0.0,331.0,1,0.99558556
14070.0,0.0,501.0,0.0,-1.0,,501.0,1,0.99624145
14071.0,1.0,81.0,131.41,1.0,0.0,77.0,0,0.0052788644
14072.0,0.0,483.0,0.0,-1.0,,483.0,1,0.99624145
14074.0,0.0,440.0,0.0,-1.0,,440.0,1,0.99624145
14075.0,2.0,287.0,365.5700000000001,0.3408892923624293,38.0,78.0,0,0.014030046
14077.0,2.0,212.0,99.805,1.0,36.0,42.0,0,0.01031356
14078.0,7.0,438.0,158.1,0.312197180031575,31.91954170813144,1.0,0,0.007644261
14080.0,3.0,554.0,278.40333333333336,-0.2983141447368421,85.44133790046959,230.0,1,0.9845776
14081.0,7.0,546.0,654.0114285714286,-0.15432859723282624,55.172009364205245,119.0,0,0.0075645475
14082.0,1.0,209.0,182.25,1.0,0.0,181.0,1,0.9850655
14083.0,5.0,538.0,162.82600000000002,0.8194466583172038,71.32009222901745,16.0,0,0.007466465
14084.0,0.0,329.0,0.0,-1.0,,329.0,1,0.99624145
14085.0,22.0,548.0,365.3181818181818,0.12018680268375091,20.36825433116581,15.0,0,0.0057805316
14086.0,0.0,279.0,0.0,-1.0,,279.0,1,0.99624145
14087.0,1.0,552.0,415.11,0.27373427431727526,0.0,221.0,1,0.9890465
14088.0,3.0,238.0,5401.5633333333335,1.0,53.09613921934437,7.0,0,0.0077959686
14090.0,0.0,141.0,0.0,1.0,,141.0,1,0.9944782
14091.0,1.0,515.0,4010.08,-1.0,0.0,471.0,1,0.99567163
14092.0,15.0,540.0,320.9206666666667,0.07810287251944939,15.273797461302442,13.0,0,0.0058918116
14094.0,0.0,256.0,0.0,1.0,,256.0,1,0.9948598
14095.0,0.0,539.0,0.0,-1.0,,539.0,1,0.99624145
14097.0,1.0,462.0,290.86,-1.0,0.0,298.0,1,0.99558556
14099.0,13.0,546.0,276.35076923076923,0.15667587245794626,18.284730267267975,35.0,0,0.005846484
14101.0,10.0,438.0,748.781,0.3254319156538192,17.618456232031228,14.0,0,0.0061033447
14104.0,2.0,377.0,196.95,-0.41626083965457933,73.5,206.0,1,0.9848756
14105.0,4.0,538.0,1335.6325000000002,0.3019170689433496,57.4499782419454,56.0,0,0.01049997
14106.0,0.0,554.0,0.0,-1.0,,554.0,1,0.99624145
14107.0,7.0,547.0,497.9842857142857,0.06846799939711985,35.310286412469274,37.0,0,0.006734647
14108.0,1.0,555.0,194.75,-1.0,0.0,548.0,1,0.99567163
14110.0,21.0,555.0,415.2980952380952,-0.3665137370202258,33.656412943619,37.0,0,0.010108459
14111.0,0.0,58.0,0.0,1.0,,58.0,0,0.00557618
14112.0,6.0,471.0,506.3983333333333,-0.33785861284793,56.21832441473153,20.0,0,0.011060205
14113.0,11.0,548.0,464.0954545454546,0.12380379514183851,31.228881753203325,171.0,1,0.96245855
14114.0,6.0,423.0,175.05666666666664,0.1652310331429744,27.180977825596262,90.0,0,0.0076454836
14115.0,1.0,483.0,504.87,-1.0,0.0,318.0,1,0.99567163
14118.0,0.0,245.0,0.0,1.0,,245.0,1,0.9948598
14119.0,1.0,535.0,116.89,0.2749086546327098,0.0,192.0,1,0.9889392
14122.0,2.0,554.0,136.36,0.27382594779537567,157.0,223.0,1,0.9843985
14123.0,0.0,550.0,0.0,-1.0,,550.0,1,0.99624145
14126.0,0.0,261.0,0.0,1.0,,261.0,1,0.9948598
14127.0,4.0,242.0,289.87,1.0,20.60946384552495,73.0,0,0.010062315
14128.0,1.0,368.0,305.54,0.03179400590966659,0.0,72.0,0,0.020371089
14129.0,4.0,396.0,354.115,0.23277740667331,38.632887544163715,77.0,0,0.010134578
14130.0,3.0,545.0,508.1166666666666,0.6193491158832934,123.38647503767267,136.0,1,0.98078823
14131.0,0.0,465.0,0.0,-1.0,,465.0,1,0.99624145
14132.0,0.0,0.0,0.0,1.0,,0.0,0,0.00557618
14133.0,1.0,550.0,318.0,0.020048115477145148,0.0,132.0,1,0.98958033
14134.0,10.0,546.0,1046.219,-0.10732108582396488,26.10340504804001,199.0,1,0.9657097
14135.0,16.0,554.0,415.923125,0.22387212020981542,34.09238415598777,3.0,0,0.0057805316
14136.0,4.0,548.0,317.00750000000005,-0.5418414703242277,45.434018092174064,217.0,1,0.98652333
14137.0,0.0,512.0,0.0,-1.0,,512.0,1,0.99624145
14139.0,2.0,359.0,163.32999999999998,-1.0,10.0,307.0,1,0.99558556
14142.0,1.0,463.0,623.62,0.26861618267812637,0.0,190.0,1,0.98831475
14144.0,0.0,303.0,0.0,-1.0,,303.0,1,0.99624145
14145.0,3.0,427.0,1200.95,-0.07084198177059832,78.74148983999619,34.0,0,0.010817474
14146.0,6.0,512.0,1069.02,0.599719671703176,59.495272921468306,71.0,0,0.0069296146
14147.0,5.0,457.0,408.28,-0.19898672257162825,48.4346814518991,102.0,0,0.010473592
14148.0,1.0,231.0,157.2,1.0,0.0,50.0,0,0.018909086
14149.0,0.0,37.0,0.0,1.0,,37.0,0,0.00557618
14150.0,0.0,176.0,0.0,1.0,,176.0,1,0.9948598
14151.0,1.0,533.0,327.4,-1.0,0.0,490.0,1,0.99567163
14152.0,4.0,476.0,347.3125,0.2518337119061139,63.512518451089626,51.0,0,0.009809164
14153.0,0.0,300.0,0.0,-1.0,,300.0,1,0.99624145
14154.0,5.0,512.0,1186.072,0.377510176915814,65.67762952793107,56.0,0,0.0075572664
14155.0,0.0,83.0,0.0,1.0,,83.0,0,0.00557618
14156.0,88.0,555.0,2619.290340909091,-0.3075218184491697,6.146362971528592,3.0,0,0.009198846
14157.0,3.0,463.0,231.40666666666667,0.639108928423861,82.86669348350331,102.0,0,0.010836068
14159.0,10.0,553.0,395.712,-0.10404824893064905,37.94101555252607,4.0,0,0.0067693787
14160.0,6.0,515.0,794.515,-1.0,2.217355782608345,427.0,1,0.99530655
14161.0,6.0,543.0,468.9583333333333,-0.07576049751723468,31.36744596977361,32.0,0,0.008423
14162.0,0.0,109.0,0.0,1.0,,109.0,0,0.00557618
14163.0,2.0,279.0,374.895,0.6689816360601001,92.0,16.0,0,0.011692872
14165.0,0.0,92.0,0.0,1.0,,92.0,0,0.00557618
14166.0,1.0,443.0,144.9,-1.0,0.0,322.0,1,0.99558556
14167.0,5.0,498.0,165.74,-0.4717789221434763,26.437851652507618,80.0,0,0.01806133
14168.0,1.0,381.0,67.5,-0.6355783506546092,0.0,237.0,1,0.9885274
14169.0,1.0,261.0,145.2,1.0,0.0,247.0,1,0.9876917
14170.0,2.0,212.0,217.68,1.0,4.0,192.0,1,0.9828205
14171.0,0.0,547.0,0.0,-1.0,,547.0,1,0.99624145
14172.0,2.0,459.0,136.20999999999998,-1.0,14.5,422.0,1,0.99558556
14173.0,2.0,547.0,112.8,-0.08475120385232741,166.5,36.0,0,0.015071864
14175.0,5.0,444.0,785.4399999999999,-0.2116438872103047,16.112107248898266,146.0,1,0.9831131
14176.0,3.0,198.0,245.48333333333335,1.0,15.239750654128171,114.0,0,0.011556641
14177.0,5.0,468.0,239.23799999999997,0.1274484559233022,48.548783455407,198.0,1,0.96854466
14180.0,22.0,365.0,225.1159090909091,0.8948314965979599,9.603480780435238,2.0,0,0.006073028
14181.0,1.0,379.0,94.45,-0.3917243600064401,0.0,227.0,1,0.9885274
14182.0,3.0,413.0,173.82333333333335,-0.24672569500714528,12.710450643291747,260.0,1,0.98840415
14183.0,1.0,298.0,146.71,0.02490481679415975,0.0,228.0,1,0.9886846
14185.0,0.0,148.0,0.0,1.0,,148.0,1,0.9948598
14186.0,4.0,461.0,336.5725,-0.529043034121615,24.076700355322778,244.0,1,0.98882014
14187.0,0.0,290.0,0.0,-1.0,,290.0,1,0.99624145
14188.0,1.0,127.0,362.9,1.0,0.0,31.0,0,0.0102725765
14189.0,7.0,205.0,352.47285714285715,1.0,9.899494936611665,17.0,0,0.008298188
14190.0,0.0,483.0,0.0,-1.0,,483.0,1,0.99624145
14191.0,4.0,545.0,225.925,0.9654197477163985,131.0238527902458,1.0,0,0.009863286
14192.0,0.0,205.0,0.0,1.0,,205.0,1,0.9948598
14193.0,1.0,213.0,422.54,1.0,0.0,86.0,0,0.015594976
14194.0,13.0,519.0,772.24,0.09548753185310017,25.064271125943996,13.0,0,0.0057805316
14195.0,4.0,451.0,452.1,0.0706530050466432,68.09522743922662,18.0,0,0.00969895
14197.0,0.0,227.0,0.0,1.0,,227.0,1,0.9948598
14198.0,5.0,520.0,183.276,-0.19382292251076902,42.32068052382901,56.0,0,0.011133966
14199.0,3.0,347.0,290.34999999999997,0.40890354492992587,79.79278719839839,35.0,0,0.0094798235
14200.0,0.0,434.0,0.0,-1.0,,434.0,1,0.99624145
14201.0,6.0,405.0,112.54166666666669,0.33749416705552965,56.0765845369824,3.0,0,0.0071231383
14202.0,2.0,441.0,303.28,0.2139048787392658,53.5,198.0,1,0.9832788
14203.0,0.0,214.0,0.0,1.0,,214.0,1,0.9948598
14204.0,2.0,554.0,265.33000000000004,-0.6029403612253722,44.0,239.0,1,0.9881473
14205.0,6.0,459.0,322.9583333333333,0.05077405086619981,38.05205886247772,81.0,0,0.0068894387
14206.0,2.0,219.0,321.28,1.0,67.0,56.0,0,0.00910548
14207.0,0.0,504.0,0.0,-1.0,,504.0,1,0.99624145
14208.0,0.0,368.0,0.0,-1.0,,368.0,1,0.99624145
14209.0,11.0,503.0,340.5490909090909,0.17644061064354394,15.481794160019799,30.0,0,0.0061729546
14210.0,13.0,519.0,379.0323076923077,-0.1795266887835646,20.09480083026859,14.0,0,0.0067797387
14211.0,11.0,547.0,262.11636363636364,-0.06217356760488169,36.13682086854359,24.0,0,0.0059603285
14212.0,0.0,262.0,0.0,1.0,,262.0,1,0.9948598
14213.0,0.0,221.0,0.0,1.0,,221.0,1,0.9948598
14214.0,0.0,94.0,0.0,1.0,,94.0,0,0.00557618
14215.0,6.0,548.0,383.215,-0.072054549191157,68.74994949493095,3.0,0,0.0071528703
14216.0,0.0,231.0,0.0,1.0,,231.0,1,0.9948598
14217.0,13.0,344.0,152.65846153846152,0.42604407869529726,18.35191813975542,1.0,0,0.005846484
14219.0,1.0,310.0,148.25,-0.45485300336465095,0.0,226.0,1,0.9889839
14220.0,3.0,386.0,402.3666666666666,-0.16514851485148502,84.53401682163222,64.0,0,0.011039622
14221.0,9.0,429.0,477.0133333333333,-0.16559600888040987,42.05840095520859,7.0,0,0.006880212
14223.0,0.0,81.0,0.0,1.0,,81.0,0,0.00557618
14224.0,6.0,361.0,163.245,-0.00014890923981827995,27.968732541893992,32.0,0,0.007889073
14225.0,3.0,513.0,464.50666666666666,-0.5976279074334077,28.647280266487194,251.0,1,0.98977065
14226.0,2.0,258.0,854.7,1.0,57.0,27.0,0,0.009519855
14227.0,7.0,486.0,710.9557142857144,0.25594305892086766,48.47270681306259,13.0,0,0.006734647
14228.0,2.0,363.0,332.225,-0.13612340710932264,29.5,254.0,1,0.9874215
14229.0,4.0,288.0,354.8325,0.5692134197913731,22.00545386943882,108.0,0,0.011465019
14230.0,1.0,365.0,504.3,0.02939375382731165,56.0,252.0,1,0.982771
14231.0,3.0,267.0,308.57,1.0,51.957247382396574,0.0,0,0.007884733
14232.0,1.0,81.0,310.79,1.0,0.0,3.0,0,0.0052788644
14233.0,5.0,461.0,395.0700000000001,-0.20096640493199755,50.79370039680118,28.0,0,0.009876819
14235.0,4.0,436.0,615.875,-0.10874376251021958,82.80096617793781,43.0,0,0.010157372
14236.0,3.0,322.0,380.45,0.27283310696565677,10.801234497346433,189.0,1,0.9838394
14237.0,1.0,407.0,322.0,0.018761666719397625,0.0,190.0,1,0.98888373
14238.0,2.0,551.0,137.565,-0.32363033415471065,132.0,143.0,1,0.98534656
14239.0,15.0,551.0,202.70733333333337,0.07929224261651184,27.314139602451736,17.0,0,0.005846484
14240.0,1.0,240.0,226.85,1.0,0.0,42.0,0,0.018909086
14241.0,1.0,513.0,213.7,0.280791129757267,0.0,0.0,0,0.021226825
14242.0,1.0,142.0,142.2,1.0,0.0,51.0,0,0.011089926
14243.0,11.0,293.0,344.99545454545455,0.19425366030195027,11.308593967450648,62.0,0,0.006272265
14244.0,0.0,477.0,0.0,-1.0,,477.0,1,0.99624145
14245.0,1.0,80.0,688.35,1.0,0.0,36.0,0,0.0052788644
14246.0,0.0,62.0,0.0,1.0,,62.0,0,0.00557618
14247.0,4.0,368.0,147.0775,0.1428830274635674,38.028772002261654,95.0,0,0.009960804
14248.0,2.0,332.0,360.485,0.39594365651774044,43.0,135.0,1,0.9835866
14249.0,7.0,496.0,756.7871428571428,-0.8129041891685302,27.182274243665695,227.0,1,0.9847515
14252.0,0.0,198.0,0.0,1.0,,198.0,1,0.9948598
14253.0,1.0,440.0,158.05,-1.0,0.0,310.0,1,0.99558556
14254.0,0.0,249.0,0.0,1.0,,249.0,1,0.9948598
14256.0,3.0,511.0,506.83,-0.21660152223735754,72.24394438290312,77.0,0,0.014084714
14257.0,5.0,465.0,539.196,0.04990065168377388,39.048687557970496,1.0,0,0.0072584297
14258.0,18.0,552.0,1429.3433333333332,-0.2039654409656018,14.517641156947803,16.0,0,0.007360089
14260.0,1.0,365.0,285.48,-1.0,38.5,288.0,1,0.9954699
14262.0,0.0,57.0,0.0,1.0,,57.0,0,0.00557618
14263.0,0.0,240.0,0.0,1.0,,240.0,1,0.9948598
14264.0,4.0,428.0,204.12750000000003,-0.026626330739209694,37.21810715229886,62.0,0,0.010762411
14265.0,1.0,429.0,590.65,-1.0,0.0,281.0,1,0.99558556
14266.0,0.0,245.0,0.0,1.0,,245.0,1,0.9948598
14267.0,0.0,77.0,0.0,1.0,0.0,77.0,0,0.005509901
14268.0,0.0,287.0,0.0,-1.0,,287.0,1,0.99624145
14269.0,0.0,256.0,0.0,1.0,,256.0,1,0.9948598
14270.0,0.0,148.0,0.0,1.0,,148.0,1,0.9948598
14271.0,1.0,226.0,112.32,1.0,0.0,42.0,0,0.017775968
14272.0,2.0,399.0,220.175,-0.5703971119133573,144.5,71.0,0,0.014383329
14273.0,1.0,59.0,105.9,1.0,0.0,34.0,0,0.0052788644
14274.0,0.0,503.0,0.0,-1.0,,503.0,1,0.99624145
14275.0,4.0,424.0,252.945,0.36760328910861123,32.82072515956953,212.0,1,0.980375
14276.0,3.0,477.0,338.75,0.02088902986089082,63.64501158771204,106.0,0,0.011253631
14277.0,4.0,543.0,3514.7925,-0.7160254690327359,67.3605225632937,29.0,0,0.013883493
14278.0,0.0,226.0,0.0,1.0,,226.0,1,0.9948598
14279.0,1.0,498.0,81.36,-1.0,0.0,337.0,1,0.99567163
14280.0,0.0,13.0,0.0,1.0,,13.0,0,0.00557618
14281.0,0.0,225.0,0.0,1.0,,225.0,1,0.9948598
14282.0,14.0,479.0,359.4642857142857,0.22138460241167043,29.570048276965,20.0,0,0.005846484
14283.0,3.0,386.0,131.79666666666665,-1.0,23.456816114345575,280.0,1,0.99558556
14284.0,0.0,470.0,0.0,-1.0,,470.0,1,0.99624145
14285.0,3.0,548.0,407.7366666666667,-1.0,19.595917942265423,330.0,1,0.99567163
14286.0,3.0,552.0,1430.1899999999998,0.11439412040826351,86.3799745311377,59.0,0,0.0121012125
14287.0,0.0,15.0,0.0,1.0,0.0,15.0,0,0.005509901
14288.0,0.0,30.0,0.0,1.0,,30.0,0,0.00557618
14289.0,2.0,106.0,135.99,1.0,3.5,16.0,0,0.005222459
14290.0,3.0,548.0,702.9466666666667,0.07023061148459289,76.08036686440347,178.0,1,0.9812098
14291.0,8.0,547.0,653.225,0.08132140404060126,38.23584171738259,27.0,0,0.0065561603
14292.0,6.0,447.0,795.8249999999999,0.31879924008080984,41.07443700161939,21.0,0,0.006811805
14293.0,5.0,546.0,398.338,0.07719307244475875,106.03052495494974,122.0,1,0.9700244
14294.0,0.0,224.0,0.0,1.0,,224.0,1,0.9948598
14295.0,2.0,547.0,798.9300000000001,-0.20706449414874398,55.0,255.0,1,0.9864871
14296.0,1.0,391.0,288.15,0.2627081507449605,0.0,238.0,1,0.98831475
14297.0,0.0,91.0,0.0,1.0,,91.0,0,0.00557618
14298.0,34.0,545.0,1999.628823529412,0.1603593326109966,11.302282537376653,7.0,0,0.0059138495
14299.0,19.0,554.0,528.8257894736843,-0.22515808099466023,12.29235700817083,135.0,1,0.9702985
14301.0,2.0,483.0,522.395,-0.3736575840951451,31.0,233.0,1,0.9895019
14302.0,2.0,554.0,314.15000000000003,-0.2686768071072822,78.0,247.0,1,0.98614305
14303.0,1.0,251.0,115.34,1.0,0.0,224.0,1,0.9876917
14304.0,2.0,387.0,526.52,0.22090886429643883,16.5,39.0,0,0.01505029
14306.0,3.0,494.0,252.00000000000003,0.14320278239830647,69.4310209248479,195.0,1,0.98014724
14307.0,6.0,549.0,588.0316666666666,0.3145354866601774,35.17298521435007,36.0,0,0.007157596
14309.0,5.0,367.0,339.98400000000004,0.4380752571737954,40.706756195992824,51.0,0,0.007214896
14310.0,0.0,249.0,0.0,1.0,,249.0,1,0.9948598
14311.0,1.0,384.0,310.26,0.20151031077548645,0.0,59.0,0,0.019909555
14312.0,8.0,321.0,193.495,0.3268474985964025,29.374468080290406,3.0,0,0.0067508956
14314.0,0.0,247.0,0.0,1.0,,247.0,1,0.9948598
14315.0,3.0,451.0,402.4866666666667,0.08869660306823744,105.84999868787067,8.0,0,0.010817474
14316.0,3.0,447.0,328.32,-0.5530452296510354,45.35140571139995,239.0,1,0.98521125
14318.0,0.0,277.0,0.0,1.0,,277.0,1,0.9948598
14319.0,0.0,241.0,0.0,1.0,,241.0,1,0.9948598
14320.0,4.0,504.0,282.6325,-0.29045479858919626,66.23065755373413,23.0,0,0.013168374
14321.0,2.0,290.0,318.505,0.2562689201581651,28.0,150.0,1,0.98431313
14322.0,3.0,476.0,118.63333333333333,0.35203543556211764,92.55748964232386,246.0,1,0.97920334
14323.0,0.0,55.0,0.0,1.0,,55.0,0,0.00557618
14324.0,1.0,510.0,339.8,-0.03137070452245548,0.0,226.0,1,0.989737
14325.0,0.0,386.0,0.0,-1.0,,386.0,1,0.99624145
14326.0,2.0,349.0,316.765,-0.6092371782609619,76.0,59.0,0,0.014134563
14327.0,4.0,517.0,313.66499999999996,-0.19412864433328275,66.56951254140291,199.0,1,0.98153794
14329.0,9.0,540.0,746.37,0.08243274348605706,11.729460640352576,90.0,0,0.0064204386
14330.0,0.0,440.0,0.0,-1.0,,440.0,1,0.99624145
14332.0,1.0,233.0,515.7,1.0,0.0,198.0,1,0.9876917
14334.0,8.0,385.0,370.95125,0.29834228480185804,14.247806848775006,20.0,0,0.0076054735
14336.0,2.0,93.0,289.985,1.0,18.0,15.0,0,0.005211679
14338.0,1.0,353.0,579.97,0.2610099472740121,0.0,13.0,0,0.019909555
14339.0,1.0,245.0,309.52,1.0,0.0,59.0,0,0.018909086
14340.0,0.0,35.0,0.0,1.0,,35.0,0,0.00557618
14341.0,8.0,555.0,338.29625,-0.06396848928615653,42.178123273093085,32.0,0,0.006680929
14342.0,2.0,289.0,199.1,0.4234646457424752,91.5,27.0,0,0.01211275
14343.0,3.0,507.0,279.58666666666664,-0.5952282557787145,28.61235164516658,238.0,1,0.99029845
14344.0,17.0,443.0,160.82529411764708,0.15027915783341153,22.525494975148327,23.0,0,0.005846484
14346.0,2.0,314.0,441.84,0.13539036752943903,52.0021367082375,114.0,0,0.012284668
14347.0,0.0,553.0,0.0,-1.0,,553.0,1,0.99624145
14348.0,0.0,77.0,0.0,1.0,,77.0,0,0.00557618
14350.0,2.0,247.0,294.19,1.0,28.5,91.0,0,0.01392
14352.0,1.0,90.0,614.02,1.0,0.0,51.0,0,0.0052788644
14353.0,2.0,248.0,95.73,1.0,87.0,32.0,0,0.009386261
14355.0,2.0,444.0,356.65500000000003,0.40629897974271784,47.5,182.0,1,0.9834103
14358.0,1.0,245.0,150.6,1.0,0.0,206.0,1,0.9876917
14361.0,0.0,395.0,0.0,-1.0,,395.0,1,0.99624145
14363.0,1.0,268.0,149.32,1.0,0.0,219.0,1,0.9876917
14364.0,2.0,28.0,721.35,1.0,5.2493385826745405,4.0,0,0.005222459
14365.0,1.0,498.0,310.18,-0.022562551206907405,0.0,211.0,1,0.9895321
14366.0,0.0,342.0,0.0,-1.0,,342.0,1,0.99624145
14367.0,4.0,93.0,790.59,1.0,11.752550743544647,1.0,0,0.00573896
14368.0,0.0,136.0,0.0,1.0,,136.0,1,0.9944782
14369.0,1.0,478.0,299.44,-1.0,0.0,459.0,1,0.99567163
14370.0,4.0,493.0,229.6825,-0.791797785299971,30.11577659632904,267.0,1,0.98950255
14371.0,0.0,112.0,0.0,1.0,,112.0,0,0.00557618
14372.0,1.0,416.0,269.73,-0.37277927634638636,0.0,260.0,1,0.98888373
14373.0,0.0,175.0,0.0,1.0,,175.0,1,0.9948598
14374.0,0.0,358.0,0.0,-1.0,,358.0,1,0.99624145
14375.0,2.0,358.0,393.995,0.390991976981262,86.5,2.0,0,0.0130511895
14376.0,0.0,500.0,0.0,-1.0,,500.0,1,0.99624145
14377.0,1.0,79.0,302.45,1.0,0.0,8.0,0,0.0052788644
14378.0,0.0,438.0,0.0,-1.0,,438.0,1,0.99624145
14379.0,2.0,297.0,355.515,0.37824557322711017,5.0,112.0,0,0.016360357
14381.0,0.0,268.0,0.0,1.0,,268.0,1,0.9948598
14382.0,0.0,207.0,0.0,1.0,,207.0,1,0.9948598
14384.0,0.0,317.0,0.0,-1.0,,317.0,1,0.99624145
14386.0,0.0,113.0,0.0,1.0,,113.0,0,0.00557618
14388.0,10.0,505.0,433.90600000000006,0.026826992180376867,21.377558326431952,20.0,0,0.0061033447
14389.0,3.0,407.0,312.43,0.08148821727903635,73.67646993594511,7.0,0,0.010940257
14390.0,5.0,242.0,420.532,1.0,45.24623986832743,28.0,0,0.0071336175
14391.0,0.0,393.0,0.0,-1.0,,393.0,1,0.99624145
14392.0,0.0,249.0,0.0,1.0,,249.0,1,0.9948598
14393.0,0.0,35.0,0.0,1.0,,35.0,0,0.00557618
14394.0,0.0,381.0,0.0,-1.0,,381.0,1,0.99624145
14395.0,14.0,417.0,409.2528571428571,-0.15203975821340956,19.42918766529711,39.0,0,0.0067797387
14396.0,4.0,554.0,307.33,-0.7469457487000442,56.946992896903694,188.0,1,0.9860282
14397.0,1.0,30.0,76.8,1.0,0.0,15.0,0,0.0052788644
14398.0,1.0,344.0,261.3,-0.2616454032975883,0.0,218.0,1,0.98888373
14399.0,7.0,491.0,236.3942857142857,-0.3617804614889549,21.901449024842055,211.0,1,0.98472875
14400.0,1.0,448.0,501.52,-0.13364485174084664,0.0,225.0,1,0.98888373
14401.0,10.0,542.0,267.687,-0.48644336182785586,19.246817918814525,132.0,1,0.9828508
14402.0,0.0,469.0,0.0,-1.0,,469.0,1,0.99624145
14403.0,3.0,456.0,401.43666666666667,0.4137798668800834,142.81067498226065,34.0,0,0.010957861
14404.0,8.0,536.0,238.685,-0.20212998692031633,34.8903042883454,76.0,0,0.008249363
14405.0,0.0,203.0,0.0,1.0,,203.0,1,0.9948598
14407.0,1.0,93.0,645.5,1.0,0.0,22.0,0,0.0052788644
14408.0,6.0,549.0,377.33833333333337,-0.1630348583962276,58.11482885919336,6.0,0,0.008251961
14409.0,4.0,384.0,440.6725,0.33302013763681154,39.54440541973037,135.0,1,0.97642297
14410.0,6.0,254.0,310.6166666666667,1.0,27.57253883774912,23.0,0,0.0075140684
14411.0,0.0,127.0,0.0,1.0,,127.0,1,0.9936521
14412.0,0.0,241.0,0.0,1.0,,241.0,1,0.9948598
14413.0,2.0,506.0,152.435,0.42605889094183413,116.0,179.0,1,0.9846771
14414.0,1.0,191.0,217.2,1.0,0.0,175.0,1,0.9807093
14415.0,14.0,540.0,576.5028571428571,0.16583183653704006,16.401219466856727,15.0,0,0.0057805316
14417.0,0.0,204.0,0.0,1.0,,204.0,1,0.9948598
14419.0,2.0,199.0,153.78,1.0,47.5,69.0,0,0.009516429
14420.0,2.0,508.0,425.425,-0.34877961091359405,32.0,213.0,1,0.99011654
14421.0,4.0,508.0,284.11,-0.5688440116697608,113.98985700491075,28.0,0,0.013150731
14422.0,13.0,539.0,460.6753846153846,-0.21826627077680646,23.150395858437644,84.0,0,0.007716986
14423.0,2.0,511.0,335.905,0.46585788939679906,18.5,35.0,0,0.015657643
14425.0,2.0,554.0,219.145,-0.27697727513267506,136.0,251.0,1,0.98534656
14426.0,8.0,462.0,1038.07625,-0.12117686759667574,26.11134751666031,93.0,0,0.008014048
14427.0,1.0,448.0,305.08,-1.0,0.0,311.0,1,0.99558556
14428.0,1.0,142.0,127.07,1.0,0.0,56.0,0,0.011089926
14429.0,0.0,220.0,0.0,1.0,,220.0,1,0.9948598
14430.0,1.0,424.0,585.4,-1.0,47.5,328.0,1,0.99542063
14431.0,3.0,504.0,692.3166666666666,0.5889755948282457,73.77593705869747,119.0,0,0.011785982
14433.0,0.0,282.0,0.0,-1.0,,282.0,1,0.99624145
14435.0,0.0,318.0,0.0,-1.0,,318.0,1,0.99624145
14436.0,0.0,370.0,0.0,-1.0,,370.0,1,0.99624145
14437.0,4.0,400.0,148.34,-0.33982729131033335,15.921683328090658,182.0,1,0.9892033
14438.0,0.0,123.0,0.0,1.0,,123.0,1,0.99070215
14439.0,4.0,504.0,1733.995,-0.2711457327301378,51.188377587104675,136.0,1,0.9827185
14440.0,8.0,554.0,566.46875,0.23400698036862788,45.611347949039995,133.0,1,0.9651393
14441.0,7.0,507.0,412.3142857142857,-0.1614429113784079,31.459076105120364,72.0,0,0.008891486
14442.0,5.0,507.0,905.654,0.3957354360520363,43.69846170697037,21.0,0,0.007546237
14443.0,2.0,196.0,455.95,1.0,24.0,127.0,1,0.98021895
14444.0,0.0,273.0,0.0,1.0,,273.0,1,0.9948598
14445.0,0.0,272.0,0.0,1.0,,272.0,1,0.9948598
14446.0,1.0,203.0,303.04,1.0,0.0,63.0,0,0.015161391
14447.0,2.0,217.0,300.515,1.0,17.5,13.0,0,0.012195213
14448.0,0.0,181.0,0.0,1.0,,181.0,1,0.9948598
14449.0,4.0,253.0,430.2975,1.0,44.88919691863511,63.0,0,0.008010179
14450.0,5.0,427.0,143.71200000000002,0.571241144056678,72.87523584867496,60.0,0,0.0073518516
14451.0,10.0,508.0,289.28499999999997,-0.08777252193814072,49.93605911563306,11.0,0,0.006086487
14452.0,1.0,338.0,273.85,0.3653246915119033,0.0,212.0,1,0.98831475
14453.0,0.0,7.0,0.0,1.0,,7.0,0,0.00557618
14454.0,4.0,550.0,212.84,-0.18970633377673185,26.864242032858474,193.0,1,0.98855466
14455.0,3.0,312.0,133.95000000000002,0.11125260661243849,10.077477638553983,249.0,1,0.984686
14457.0,0.0,127.0,0.0,1.0,,127.0,1,0.9936521
14458.0,0.0,197.0,0.0,1.0,,197.0,1,0.9948598
14459.0,0.0,468.0,0.0,-1.0,,468.0,1,0.99624145
14460.0,6.0,541.0,88.96999999999998,-0.1290266411283301,55.26501806950055,127.0,1,0.9736241
14461.0,9.0,507.0,564.2533333333333,-0.19594480448960114,35.581455844301814,78.0,0,0.0075364155
14462.0,5.0,249.0,227.144,1.0,29.613841220563312,2.0,0,0.0075337915
14463.0,1.0,316.0,115.92,-0.37822833695389807,0.0,22.0,0,0.020457879
14464.0,1.0,444.0,51.0,-1.0,0.0,385.0,1,0.99558556
14465.0,9.0,518.0,406.8344444444445,-0.26365486324229676,33.56188314144485,63.0,0,0.008543818
14466.0,9.0,543.0,389.1555555555556,0.34904037417343153,36.23994113313835,4.0,0,0.005971654
14467.0,8.0,554.0,205.51125,0.057567861887304464,28.455832003299427,129.0,1,0.96765053
14468.0,0.0,550.0,0.0,-1.0,,550.0,1,0.99624145
14469.0,3.0,496.0,557.6866666666667,-0.35320825107352016,27.85677655436824,233.0,1,0.98956656
14470.0,1.0,247.0,297.64,1.0,0.0,104.0,0,0.018909086
14471.0,1.0,549.0,192.12,-1.0,0.0,408.0,1,0.99567163
14472.0,5.0,506.0,305.926,0.6799797914344237,118.30976291075898,4.0,0,0.007943678
14473.0,0.0,99.0,0.0,1.0,,99.0,0,0.00557618
14474.0,0.0,396.0,0.0,-1.0,,396.0,1,0.99624145
14475.0,2.0,225.0,311.08500000000004,1.0,7.0,3.0,0,0.014366945
14476.0,0.0,74.0,0.0,1.0,,74.0,0,0.00557618
14477.0,4.0,521.0,254.5,0.16314454775993237,31.11671576500322,1.0,0,0.012960208
14478.0,3.0,555.0,331.46,-0.4609371328309808,58.448457825867585,199.0,1,0.9857745
14479.0,3.0,550.0,314.66,0.4532718553471222,111.89975672697217,70.0,0,0.012238387
14480.0,2.0,535.0,358.31000000000006,0.4044900879006732,122.5,219.0,1,0.9846771
14481.0,3.0,494.0,520.5066666666667,0.09659021963353966,58.02489887013065,104.0,0,0.011587539
14482.0,4.0,287.0,497.79,0.5753720538320951,48.41716867209629,56.0,0,0.0089891115
14483.0,1.0,553.0,137.1,0.06651108518086345,0.0,98.0,0,0.021509783
14484.0,2.0,539.0,156.805,-0.41158251675433205,76.0,218.0,1,0.9867661
14486.0,1.0,370.0,78.0,-1.0,0.0,328.0,1,0.99558556
14487.0,1.0,196.0,250.2,1.0,0.0,185.0,1,0.9838704
14489.0,3.0,429.0,374.6933333333333,0.028401262278323423,71.78826892714126,24.0,0,0.010635167
14490.0,1.0,245.0,796.39,1.0,0.0,223.0,1,0.9876917
14491.0,0.0,189.0,0.0,1.0,,189.0,1,0.9948598
14492.0,6.0,436.0,284.6333333333333,-0.2733374611714389,28.10347942080403,247.0,1,0.98282963
14493.0,4.0,458.0,548.3025,-0.37226192339756314,33.10966626228661,207.0,1,0.9859752
14494.0,1.0,548.0,147.6,0.12714776632302405,0.0,218.0,1,0.9892971
14495.0,0.0,476.0,0.0,-1.0,,476.0,1,0.99624145
14496.0,6.0,450.0,318.995,0.22664837738875585,56.432850952850735,128.0,1,0.9664738
14497.0,1.0,490.0,475.37,0.3639284996987347,0.0,126.0,1,0.9889959
14498.0,6.0,367.0,326.42,0.25931218821536783,53.207142377692115,3.0,0,0.006757882
14499.0,4.0,286.0,273.14,0.5073223561224278,30.93844695520446,95.0,0,0.011465019
14500.0,0.0,6.0,0.0,1.0,,6.0,0,0.00557618
14501.0,1.0,136.0,184.28,1.0,0.0,0.0,0,0.011089926
14502.0,4.0,130.0,228.755,1.0,13.717142559585797,51.0,0,0.0093906075
14504.0,2.0,95.0,197.74,1.0,1.0,60.0,0,0.005222459
14505.0,12.0,547.0,699.1358333333334,-0.08299938812620118,24.84028985338134,21.0,0,0.005902907
14506.0,3.0,416.0,484.61999999999995,0.575692547795552,68.78145744958367,100.0,0,0.010635167
14507.0,6.0,546.0,390.8433333333333,0.6758273198334234,63.118935352238,32.0,0,0.006885854
14508.0,1.0,357.0,289.91,-0.031243734545211503,82.0,193.0,1,0.9825277
14509.0,0.0,351.0,0.0,-1.0,,351.0,1,0.99624145
14510.0,1.0,253.0,505.75,1.0,30.0,192.0,1,0.98326045
14512.0,6.0,549.0,178.365,-0.019526428927558584,53.31874800563952,4.0,0,0.00748437
14513.0,4.0,385.0,94.5775,0.16444280283792723,52.04505259868608,23.0,0,0.009104603
14514.0,7.0,543.0,441.42285714285714,-0.3113252963205076,30.2688632365448,18.0,0,0.0115565695
14515.0,6.0,367.0,369.4533333333333,0.837451612635837,66.06057825965497,8.0,0,0.006617812
14516.0,0.0,333.0,0.0,-1.0,,333.0,1,0.99624145
14519.0,1.0,545.0,83.14,-1.0,0.0,500.0,1,0.99567163
14520.0,0.0,107.0,0.0,1.0,,107.0,0,0.00557618
14521.0,0.0,308.0,0.0,-1.0,,308.0,1,0.99624145
14522.0,4.0,501.0,215.6275,-0.47562364144498503,159.36906851707454,15.0,0,0.0128941005
14524.0,4.0,233.0,278.2325,1.0,29.377903677590677,53.0,0,0.009814186
14525.0,12.0,543.0,461.1358333333333,0.10572468201360773,21.01768435283858,2.0,0,0.0057805316
14526.0,0.0,206.0,0.0,1.0,,206.0,1,0.9948598
14527.0,91.0,554.0,240.2886813186813,-0.4332046515015757,3.334530345880698,1.0,0,0.01171319
14530.0,12.0,504.0,386.06666666666666,0.19327529369889887,26.99215420986048,2.0,0,0.0057805316
14531.0,0.0,296.0,0.0,-1.0,,296.0,1,0.99624145
14532.0,10.0,515.0,358.323,-0.11666208883752502,20.6194083329275,53.0,0,0.0073528085
14533.0,4.0,427.0,368.6725,-0.24313514345050385,24.779023386727733,169.0,1,0.9875875
14534.0,16.0,451.0,206.975625,0.5643755209309018,27.179955849853766,3.0,0,0.005846484
14535.0,6.0,470.0,583.9283333333333,-0.33384715539625404,45.17250884725748,65.0,0,0.011358255
14536.0,0.0,76.0,0.0,1.0,,76.0,0,0.00557618
14537.0,0.0,440.0,0.0,-1.0,,440.0,1,0.99624145
14538.0,3.0,500.0,212.16333333333333,-0.8044238768145883,106.58434323211932,73.0,0,0.014390544
14540.0,8.0,549.0,354.81,-0.2901922550401004,41.563016914078794,126.0,1,0.97567797
14541.0,10.0,518.0,184.905,0.08393687432375793,34.0529485622776,31.0,0,0.0059603285
14542.0,0.0,2.0,0.0,1.0,,2.0,0,0.00557618
14543.0,28.0,555.0,478.6925,-0.22011865077453,15.480913696089287,7.0,0,0.007855335
14544.0,1.0,287.0,1121.92,0.07882109716813311,0.0,178.0,1,0.9886846
14545.0,0.0,491.0,0.0,-1.0,,491.0,1,0.99624145
14546.0,7.0,550.0,420.9942857142857,-0.03315601669962146,34.25832239122669,18.0,0,0.0067854533
14548.0,4.0,550.0,405.2025,-0.7163083582128469,62.24015371682398,134.0,1,0.98491204
14549.0,3.0,554.0,200.11,-0.11354536031858604,25.746628689770027,128.0,1,0.9871094
14550.0,1.0,300.0,298.18,0.014752675730402108,0.0,205.0,1,0.9889839
14551.0,3.0,498.0,223.46333333333337,0.5633758117279429,86.80414736635572,21.0,0,0.011644781
14552.0,1.0,409.0,172.49,-0.0035527569971982023,0.0,197.0,1,0.98888373
14553.0,4.0,326.0,201.27,0.24376057284545682,39.87179454200676,35.0,0,0.009960804
14555.0,4.0,538.0,474.695,-0.16709828585522257,45.71309987301233,119.0,0,0.012399868
14556.0,2.0,505.0,243.315,-1.0,10.5,413.0,1,0.99567163
14558.0,2.0,548.0,174.52499999999998,-1.0,13.0,471.0,1,0.99567163
14559.0,0.0,207.0,0.0,1.0,,207.0,1,0.9948598
14560.0,26.0,554.0,186.2176923076923,-0.285537541158829,18.958434065666456,13.0,0,0.009376964
14561.0,0.0,1.0,0.0,1.0,,1.0,0,0.00557618
14562.0,9.0,487.0,271.2255555555555,0.0021278002746300856,27.0667692937299,49.0,0,0.0061287414
14563.0,1.0,409.0,149.65,-1.0,0.0,326.0,1,0.99558556
14564.0,1.0,552.0,1616.44,0.24073349145308992,0.0,251.0,1,0.9890465
14565.0,2.0,290.0,913.775,0.41251714876432294,21.5,22.0,0,0.013948114
14566.0,2.0,350.0,907.5,-0.007518796992481203,1.0,234.0,1,0.98967934
14568.0,0.0,252.0,0.0,1.0,,252.0,1,0.9948598
14569.0,2.0,420.0,94.07,-0.28125084098065073,35.0,269.0,1,0.9878477
14570.0,1.0,260.0,217.21,1.0,81.0,97.0,0,0.009827809
14571.0,0.0,242.0,0.0,1.0,,242.0,1,0.9948598
14572.0,5.0,438.0,696.246,0.4832099668687748,47.414543010440255,71.0,0,0.0072584297
14573.0,8.0,517.0,263.7625,0.5271208828667604,60.62054107313791,17.0,0,0.006630903
14574.0,0.0,549.0,0.0,-1.0,,549.0,1,0.99624145
14575.0,0.0,305.0,0.0,-1.0,,305.0,1,0.99624145
14576.0,0.0,189.0,0.0,1.0,,189.0,1,0.9948598
14577.0,4.0,545.0,191.3025,0.34102081319016847,101.46766726401076,49.0,0,0.010836497
14579.0,0.0,249.0,0.0,1.0,,249.0,1,0.9948598
14580.0,0.0,335.0,0.0,-1.0,,335.0,1,0.99624145
14581.0,0.0,361.0,0.0,-1.0,,361.0,1,0.99624145
14583.0,4.0,438.0,196.495,-0.02430931809246163,60.640333112541526,2.0,0,0.009809164
14584.0,5.0,477.0,197.164,0.08297683086958367,77.15542754725685,14.0,0,0.007478302
14585.0,3.0,233.0,254.85666666666663,1.0,7.408703590297622,199.0,1,0.9823299
14586.0,0.0,93.0,0.0,1.0,,93.0,0,0.00557618
14587.0,7.0,148.0,178.95428571428573,1.0,9.722685444099175,1.0,0,0.008298188
14588.0,0.0,395.0,0.0,-1.0,,395.0,1,0.99624145
14589.0,0.0,188.0,0.0,1.0,,188.0,1,0.9948598
14590.0,18.0,549.0,161.01222222222225,-0.7686704671691137,13.135770874002546,241.0,1,0.98175794
14591.0,0.0,30.0,0.0,1.0,,30.0,0,0.00557618
14593.0,6.0,547.0,498.8433333333333,-0.13766925171696176,67.35495527427808,15.0,0,0.008048633
14594.0,0.0,190.0,0.0,1.0,,190.0,1,0.9948598
14595.0,2.0,505.0,192.65,0.3113247681443036,47.0,130.0,1,0.9850641
14596.0,0.0,443.0,0.0,-1.0,,443.0,1,0.99624145
14597.0,3.0,254.0,460.9966666666666,1.0,74.58887316483606,8.0,0,0.007929999
14598.0,0.0,386.0,0.0,-1.0,,386.0,1,0.99624145
14599.0,1.0,326.0,288.9,0.21760020230117588,0.0,207.0,1,0.9884199
14600.0,1.0,210.0,393.33,1.0,0.0,122.0,1,0.9850655
14602.0,0.0,473.0,0.0,-1.0,,473.0,1,0.99624145
14603.0,0.0,91.0,0.0,1.0,,91.0,0,0.00557618
14604.0,0.0,450.0,0.0,-1.0,,450.0,1,0.99624145
14605.0,2.0,548.0,360.03,-0.26018092298490886,91.27735510823896,191.0,1,0.98614305
14606.0,134.0,553.0,188.83223880597015,-0.06553828356816926,2.2419874488809226,2.0,0,0.0063334485
14607.0,7.0,541.0,820.4185714285715,-0.8772188963839105,61.0797378432488,78.0,0,0.014341451
14608.0,6.0,550.0,258.3616666666667,0.03820546149087005,56.29017084121644,179.0,1,0.96913236
14609.0,6.0,485.0,162.56,0.24125058329444704,28.406278648683756,113.0,0,0.008036502
14610.0,1.0,331.0,10.9,-0.10472279260780283,0.0,212.0,1,0.99392694
14611.0,1.0,415.0,312.93,0.03562623070176896,0.0,260.0,1,0.98858184
14612.0,0.0,232.0,0.0,1.0,,232.0,1,0.9948598
14613.0,0.0,497.0,0.0,-1.0,,497.0,1,0.99624145
14614.0,0.0,203.0,0.0,1.0,,203.0,1,0.9948598
14615.0,4.0,365.0,162.0275,-0.08378162561990418,19.887181801351343,211.0,1,0.9839274
14616.0,4.0,365.0,121.32,0.8389480465345409,51.98737827588539,59.0,0,0.008032052
14617.0,1.0,232.0,109.0,1.0,0.0,219.0,1,0.9876917
14618.0,3.0,363.0,251.65,0.5088739657033218,47.765049984271975,154.0,1,0.9773122
14619.0,1.0,358.0,394.44,-0.38905238375515017,0.0,62.0,0,0.020919112
14620.0,1.0,100.0,177.43,1.0,0.0,22.0,0,0.0052788644
14621.0,5.0,500.0,266.034,-0.31154653452491726,72.51041304529991,4.0,0,0.010901721
14622.0,0.0,1.0,0.0,1.0,,1.0,0,0.00557618
14623.0,6.0,419.0,216.705,0.0849051173321565,41.26203528130375,3.0,0,0.0068894387
14624.0,3.0,421.0,112.56333333333332,-0.6580871102648669,41.55585264302597,232.0,1,0.98602015
14625.0,9.0,540.0,434.8644444444444,0.14439691588037035,49.73741046737356,13.0,0,0.005971654
14626.0,7.0,546.0,395.7357142857142,-0.17610515975113442,41.64769636180251,50.0,0,0.0077363877
14627.0,0.0,196.0,0.0,1.0,,196.0,1,0.9948598
14628.0,3.0,500.0,426.16333333333336,0.16298065901714506,74.481914284983,59.0,0,0.011785982
14630.0,0.0,301.0,0.0,-1.0,,301.0,1,0.99624145
14631.0,4.0,304.0,332.71000000000004,0.6143232309754426,21.579793789561567,52.0,0,0.011465019
14632.0,0.0,79.0,0.0,1.0,,79.0,0,0.00557618
14633.0,0.0,83.0,0.0,1.0,,83.0,0,0.00557618
14634.0,3.0,358.0,148.04,-0.6684333901320806,25.39028685672272,254.0,1,0.98949146
14635.0,0.0,270.0,0.0,1.0,,270.0,1,0.9948598
14636.0,0.0,85.0,0.0,1.0,,85.0,0,0.00557618
14637.0,0.0,494.0,0.0,-1.0,,494.0,1,0.99624145
14639.0,4.0,478.0,621.0325,0.16206960614317556,36.45545226711637,108.0,0,0.010020739
14640.0,4.0,503.0,417.3125,-0.23004147425374463,43.48203652084386,44.0,0,0.014772251
14643.0,3.0,545.0,331.11333333333334,-0.4673591166798114,103.24081880083413,175.0,1,0.98377293
14644.0,4.0,553.0,316.49,0.07320843149720158,88.65979923279772,115.0,0,0.011457007
14645.0,1.0,451.0,240.1,-0.07636083862281212,0.0,92.0,0,0.020919112
14646.0,65.0,554.0,5499.698153846154,0.08147251936733527,7.332929838358217,8.0,0,0.00626204
14647.0,1.0,340.0,243.22,-0.06448448948977825,0.0,18.0,0,0.020919112
14648.0,12.0,546.0,359.93666666666667,-0.7092701822343516,20.544252883242365,233.0,1,0.98161787
14649.0,5.0,505.0,482.646,0.1195415737669259,55.10721872455146,29.0,0,0.0075572664
14650.0,0.0,406.0,0.0,-1.0,,406.0,1,0.99624145
14651.0,6.0,448.0,236.4983333333333,-0.0412063435495367,58.20828189899314,28.0,0,0.0068761637
14653.0,4.0,554.0,374.955,-0.6238757778880715,64.52325162296147,155.0,1,0.98491204
14654.0,0.0,555.0,0.0,-1.0,,555.0,1,0.99624145
14655.0,3.0,413.0,594.7666666666667,-0.11267973476879328,38.57748335781149,39.0,0,0.012854935
14656.0,3.0,420.0,170.75333333333333,0.0191408688766731,17.745108872274887,100.0,0,0.015908414
14657.0,3.0,252.0,301.37333333333333,1.0,39.852505846210256,99.0,0,0.010301244
14659.0,4.0,132.0,197.1475,1.0,10.307764064044152,4.0,0,0.0093906075
14662.0,5.0,553.0,211.864,0.6211175877335431,60.39205245725633,51.0,0,0.0077261636
14663.0,0.0,247.0,0.0,1.0,0.0,247.0,1,0.9947978
14665.0,3.0,409.0,455.33666666666664,0.6601868000315991,69.13890004910405,113.0,0,0.010533852
14667.0,36.0,554.0,454.36333333333334,0.0267162404226815,9.702748412625743,31.0,0,0.0059138495
14668.0,0.0,262.0,0.0,1.0,,262.0,1,0.9948598
14669.0,4.0,554.0,604.9375,-0.21700529912790967,103.71984166761708,58.0,0,0.0134272
14670.0,1.0,549.0,411.53,0.36720930232558135,225.5,97.0,0,0.014761387
14671.0,1.0,385.0,183.5,-1.0,0.0,366.0,1,0.99558556
14672.0,3.0,497.0,319.0933333333333,0.3754783764845392,33.793490497431605,51.0,0,0.013332303
14673.0,2.0,226.0,747.12,1.0,8.0,184.0,1,0.98438245
14674.0,0.0,326.0,0.0,-1.0,,326.0,1,0.99624145
14675.0,0.0,205.0,0.0,1.0,,205.0,1,0.9948598
14676.0,8.0,456.0,787.6437500000001,0.6861782330780057,38.761893336110404,24.0,0,0.0065561603
14677.0,0.0,409.0,0.0,-1.0,,409.0,1,0.99624145
14678.0,0.0,396.0,0.0,-1.0,,396.0,1,0.99624145
14679.0,2.0,548.0,425.35,-0.4221677627497209,34.5,198.0,1,0.98930013
14680.0,43.0,552.0,992.3525581395348,0.006249227297121175,9.595186293136782,15.0,0,0.0059138495
14681.0,3.0,470.0,230.5666666666667,0.563721352983185,103.16330096825453,28.0,0,0.011182359
14682.0,5.0,489.0,225.558,0.19967520679161085,72.80274720091269,4.0,0,0.0073518516
14683.0,0.0,405.0,0.0,-1.0,,405.0,1,0.99624145
14684.0,2.0,207.0,259.63,1.0,60.0,32.0,0,0.0085877795
14685.0,4.0,543.0,829.845,-1.0,19.493588689617926,393.0,1,0.99541974
14686.0,1.0,476.0,568.86,0.2843547859070025,105.65509926170151,231.0,1,0.98303115
14687.0,1.0,368.0,462.02,0.19434391479681526,0.0,217.0,1,0.98831475
14688.0,16.0,273.0,281.94375,1.0,11.415450056830874,15.0,0,0.0061284946
14689.0,0.0,25.0,0.0,1.0,,25.0,0,0.00557618
14690.0,1.0,227.0,180.51,1.0,0.0,209.0,1,0.9869025
14691.0,0.0,29.0,0.0,1.0,,29.0,0,0.00557618
14692.0,10.0,434.0,146.372,0.2397786808989865,18.914544668059023,52.0,0,0.0061729546
14693.0,6.0,342.0,177.26,-0.048534358481499326,53.63456596884761,81.0,0,0.006757882
14694.0,0.0,434.0,0.0,-1.0,,434.0,1,0.99624145
14695.0,1.0,549.0,636.0400000000001,-1.0,106.5,336.0,1,0.9946694
14696.0,4.0,238.0,366.5025,1.0,14.679918255903198,4.0,0,0.010971114
14697.0,0.0,35.0,0.0,1.0,0.0,35.0,0,0.005509901
14699.0,3.0,342.0,153.38000000000002,-0.18855678906917167,83.17585119625902,31.0,0,0.011175923
14700.0,3.0,302.0,699.0633333333334,0.7200232924348797,56.346152387619945,6.0,0,0.009127164
14701.0,8.0,501.0,407.78,0.439745766539922,54.596336873457,64.0,0,0.0065561603
14702.0,17.0,546.0,240.5135294117647,-0.055185417438035435,19.322432594890405,98.0,0,0.005846484
14704.0,1.0,441.0,146.82,0.10117752943823594,0.0,241.0,1,0.98858184
14705.0,0.0,15.0,0.0,1.0,,15.0,0,0.00557618
14706.0,0.0,435.0,0.0,-1.0,,435.0,1,0.99624145
14707.0,1.0,393.0,69.6,0.0,0.0,252.0,1,0.9885274
14708.0,2.0,272.0,599.78,1.0,11.5,185.0,1,0.98466957
14709.0,15.0,551.0,376.8086666666667,0.0530826815699191,13.81518639034595,4.0,0,0.0059138495
14710.0,8.0,553.0,159.6575,-0.4937331935645595,34.42541757190463,196.0,1,0.97909546
14711.0,5.0,79.0,280.694,1.0,2.33238075793812,2.0,0,0.0056832256
14712.0,0.0,235.0,0.0,1.0,,235.0,1,0.9948598
14713.0,16.0,553.0,252.56625,0.32282977330874035,17.364542716409204,3.0,0,0.005846484
14714.0,2.0,504.0,298.525,-0.24152536693251123,28.0,224.0,1,0.9894292
14715.0,5.0,506.0,183.638,-0.3182082316415136,37.34916331057498,115.0,0,0.012336815
14716.0,0.0,261.0,0.0,1.0,,261.0,1,0.9948598
14717.0,0.0,550.0,0.0,-1.0,,550.0,1,0.99624145
14718.0,0.0,227.0,0.0,1.0,,227.0,1,0.9948598
14719.0,0.0,66.0,0.0,1.0,,66.0,0,0.00557618
14721.0,0.0,196.0,0.0,1.0,,196.0,1,0.9948598
14722.0,1.0,303.0,120.05,-1.0,0.0,294.0,1,0.99558556
14723.0,6.0,552.0,210.12166666666667,0.38654838985709805,48.151122647814745,175.0,1,0.9691905
14724.0,0.0,407.0,0.0,-1.0,,407.0,1,0.99624145
14725.0,1.0,351.0,330.35,0.11740630496549861,70.0,211.0,1,0.9806467
14726.0,0.0,471.0,0.0,-1.0,,471.0,1,0.99624145
14727.0,1.0,363.0,268.58,0.15461169743997588,136.0,91.0,0,0.01361345
14728.0,0.0,230.0,0.0,1.0,,230.0,1,0.9948598
14729.0,1.0,442.0,626.98,0.3819568427781083,125.5,190.0,1,0.98318404
14730.0,2.0,93.0,139.215,1.0,1.5,49.0,0,0.005222459
14731.0,1.0,29.0,123.36,1.0,0.0,22.0,0,0.0052788644
14732.0,13.0,547.0,298.3253846153846,0.033647487175983065,27.608505787831668,3.0,0,0.005846484
14733.0,10.0,219.0,1189.27,1.0,17.72681584492827,21.0,0,0.00579163
14734.0,3.0,368.0,286.02000000000004,0.17252607864296396,14.079141387961917,242.0,1,0.9838753
14735.0,28.0,552.0,298.50107142857144,0.06448427698891618,13.18626179021181,13.0,0,0.005981314
14736.0,0.0,302.0,0.0,-1.0,0.0,302.0,1,0.99624145
14737.0,1.0,217.0,434.0,1.0,0.0,170.0,1,0.98559755
14738.0,5.0,549.0,144.388,0.017654916081073294,88.38325633285979,16.0,0,0.007859004
14739.0,20.0,554.0,453.7205,-0.20245459535079507,24.5952739362667,36.0,0,0.007295581
14740.0,10.0,469.0,404.581,0.26199574146972165,37.77565353504821,14.0,0,0.005893099
14741.0,2.0,234.0,339.9,1.0,16.5,178.0,1,0.98368025
14742.0,0.0,252.0,0.0,1.0,,252.0,1,0.9948598
14743.0,0.0,409.0,0.0,-1.0,,409.0,1,0.99624145
14744.0,9.0,387.0,400.0211111111111,0.3872016331235374,36.70836597059865,114.0,0,0.005971654
14745.0,7.0,454.0,216.8457142857143,-0.39823713803912647,67.9106720258311,1.0,0,0.010905207
14746.0,2.0,240.0,158.7,1.0,4.0276819911981905,223.0,1,0.9853124
14747.0,0.0,66.0,0.0,1.0,,66.0,0,0.00557618
14748.0,6.0,462.0,357.3566666666666,0.4190931929656658,50.42067926911719,29.0,0,0.0068761637
14749.0,0.0,296.0,0.0,-1.0,,296.0,1,0.99624145
14750.0,0.0,553.0,0.0,-1.0,,553.0,1,0.99624145
14751.0,1.0,543.0,61.349999999999994,-1.0,0.0,501.0,1,0.99567163
14753.0,0.0,277.0,0.0,1.0,,277.0,1,0.9948598
14754.0,4.0,507.0,195.385,0.11382484439379326,38.8225127986327,112.0,0,0.010971176
14755.0,14.0,553.0,455.6878571428571,0.007595849243492052,19.6017441494991,24.0,0,0.0057805316
14756.0,1.0,241.0,479.1,1.0,0.0,199.0,1,0.9876917
14758.0,5.0,427.0,429.07,0.1811349189481616,45.88943233468899,22.0,0,0.0072584297
14759.0,0.0,49.0,0.0,1.0,,49.0,0,0.00557618
14760.0,0.0,114.0,0.0,1.0,,114.0,0,0.00557618
14761.0,1.0,261.0,97.5,1.0,0.0,151.0,1,0.9876917
14762.0,1.0,443.0,300.52,0.4393754340589601,0.0,80.0,0,0.018989203
14766.0,7.0,368.0,561.3485714285714,-0.021381337671962316,28.423904857477602,30.0,0,0.00723796
14767.0,0.0,291.0,0.0,-1.0,,291.0,1,0.99624145
14769.0,12.0,540.0,830.4016666666666,0.3853425128584076,23.302360395462088,18.0,0,0.0057805316
14770.0,7.0,469.0,385.9085714285714,-0.5181381335151362,40.248716546909534,49.0,0,0.011007636
14771.0,1.0,553.0,307.25,-1.0,0.0,438.0,1,0.99567163
14773.0,0.0,409.0,0.0,-1.0,,409.0,1,0.99624145
14774.0,0.0,345.0,0.0,-1.0,,345.0,1,0.99624145
14775.0,0.0,189.0,0.0,1.0,,189.0,1,0.9948598
14776.0,6.0,263.0,326.15000000000003,1.0,28.453177912727664,35.0,0,0.0075140684
14777.0,0.0,220.0,0.0,1.0,,220.0,1,0.9948598
14778.0,0.0,125.0,0.0,1.0,,125.0,1,0.9930854
14779.0,2.0,140.0,61.8,1.0,20.5,97.0,0,0.010367296
14782.0,0.0,136.0,0.0,1.0,,136.0,1,0.9944782
14783.0,0.0,476.0,0.0,-1.0,,476.0,1,0.99624145
14784.0,1.0,206.0,114.68,1.0,0.0,140.0,1,0.9850655
14786.0,0.0,367.0,0.0,-1.0,,367.0,1,0.99624145
14787.0,0.0,288.0,0.0,-1.0,,288.0,1,0.99624145
14788.0,0.0,413.0,0.0,-1.0,,413.0,1,0.99624145
14790.0,6.0,545.0,270.8183333333333,-0.07093064145791536,41.29433644244961,70.0,0,0.007790511
14791.0,0.0,423.0,0.0,-1.0,,423.0,1,0.99624145
14793.0,0.0,352.0,0.0,-1.0,,352.0,1,0.99624145
14794.0,6.0,304.0,198.65666666666667,0.8148652866702704,21.351554718307725,20.0,0,0.0075880564
14796.0,18.0,542.0,337.7711111111111,0.7015647898643218,33.18969050105101,34.0,0,0.005846484
14797.0,0.0,324.0,0.0,-1.0,,324.0,1,0.99624145
14798.0,5.0,465.0,87.776,-0.6931576846307385,49.80361432667312,127.0,1,0.9850546
14799.0,0.0,554.0,0.0,-1.0,,554.0,1,0.99624145
14800.0,10.0,252.0,636.2090000000001,1.0,18.978892146472564,8.0,0,0.00579163
14803.0,1.0,109.0,188.64,1.0,0.0,92.0,0,0.0052788644
14805.0,3.0,438.0,153.82,-0.11837873915417749,9.177266598624135,130.0,1,0.987538
14806.0,0.0,256.0,0.0,1.0,,256.0,1,0.9948598
14807.0,1.0,466.0,169.65,-0.3466078684357488,0.0,207.0,1,0.98888373
14809.0,0.0,438.0,0.0,-1.0,0.0,438.0,1,0.99624145
14810.0,9.0,246.0,177.54333333333335,1.0,12.853399415843649,15.0,0,0.0064494344
14811.0,0.0,204.0,0.0,1.0,,204.0,1,0.9948598
14812.0,0.0,415.0,0.0,-1.0,,415.0,1,0.99624145
14813.0,2.0,427.0,315.265,0.15601309046907516,102.03267450511461,186.0,1,0.9828514
14814.0,0.0,398.0,0.0,-1.0,,398.0,1,0.99624145
14816.0,0.0,14.0,0.0,1.0,,14.0,0,0.00557618
14817.0,6.0,444.0,518.9716666666667,0.21895585978403595,34.013069383530926,17.0,0,0.006811805
14818.0,3.0,464.0,174.12,-0.23656595758171386,57.70230112877264,70.0,0,0.013200659
14819.0,2.0,535.0,126.085,-0.4008698419433542,38.5,9.0,0,0.020285623
14820.0,4.0,494.0,163.0675,0.3091065448812332,59.73692325521964,197.0,1,0.9776808
14821.0,4.0,493.0,299.25,0.5434723463795718,83.52926965375005,183.0,1,0.9780527
14822.0,0.0,302.0,0.0,-1.0,,302.0,1,0.99624145
14823.0,0.0,11.0,0.0,1.0,0.0,11.0,0,0.005509901
14824.0,5.0,454.0,419.94000000000005,-0.11539789997236811,46.021733996015406,196.0,1,0.9756404
14825.0,16.0,429.0,216.43375,0.2513721657125058,19.43579172557681,21.0,0,0.005846484
14826.0,1.0,512.0,207.3,-1.0,0.0,398.0,1,0.99567163
14828.0,12.0,549.0,763.0883333333333,-0.18108920611496981,18.546488137170936,13.0,0,0.007426429
14829.0,4.0,253.0,295.255,1.0,65.00153844333225,1.0,0,0.007925541
14831.0,1.0,554.0,842.82,-1.0,28.5,497.0,1,0.99567163
14833.0,0.0,315.0,0.0,-1.0,,315.0,1,0.99624145
14834.0,1.0,224.0,243.69,1.0,0.0,57.0,0,0.017137278
14835.0,1.0,434.0,118.8,-1.0,0.0,345.0,1,0.99558556
14837.0,5.0,501.0,405.08,-0.24806780485263216,80.04348817986383,18.0,0,0.010406688
14838.0,1.0,553.0,654.57,0.6921167939819303,0.0,240.0,1,0.9885111
14839.0,2.0,521.0,245.11,-0.3309151297963465,18.5,235.0,1,0.9902086
14840.0,1.0,356.0,62.85,-0.6534421438614871,0.0,84.0,0,0.020275377
14841.0,10.0,554.0,505.169,0.06530432335119458,35.4,91.0,0,0.0059375954
14842.0,1.0,125.0,1378.48,1.0,0.0,8.0,0,0.0102725765
14843.0,0.0,253.0,0.0,1.0,,253.0,1,0.9948598
14844.0,4.0,423.0,806.6275,-0.22653099834289528,66.717480634555,58.0,0,0.011648267
14845.0,0.0,416.0,0.0,-1.0,,416.0,1,0.99624145
14846.0,0.0,244.0,0.0,1.0,,244.0,1,0.9948598
14847.0,1.0,381.0,734.75,0.4135924197970276,0.0,224.0,1,0.98774403
14848.0,0.0,221.0,0.0,1.0,,221.0,1,0.9948598
14849.0,15.0,515.0,649.908,-0.10918989402507558,19.493236842014596,30.0,0,0.0067087486
14850.0,3.0,385.0,440.23,0.47233293013974287,61.086687038448346,128.0,1,0.97687507
14851.0,1.0,447.0,206.13,-0.21352944543009214,0.0,73.0,0,0.020919112
14852.0,7.0,461.0,479.87142857142857,-0.3397756841160886,45.957105604634805,69.0,0,0.00989505
14853.0,3.0,422.0,231.69999999999996,-0.04317971978450474,61.32427469335994,28.0,0,0.010755909
14854.0,6.0,503.0,408.7166666666667,0.08829637374925575,39.69466798786289,44.0,0,0.006942993
14855.0,2.0,427.0,2125.425,-1.0,42.053537306628556,291.0,1,0.9954699
14857.0,2.0,451.0,817.63,-0.28034921108793626,49.50946879133324,259.0,1,0.986451
14858.0,0.0,322.0,0.0,-1.0,,322.0,1,0.99624145
14859.0,1.0,371.0,296.86,-0.08483876934459579,0.0,21.0,0,0.020919112
14861.0,7.0,548.0,148.56285714285715,-0.24568505267184082,51.63574343417552,197.0,1,0.975804
14865.0,2.0,555.0,41.760000000000005,0.4560669456066946,180.5,189.0,1,0.986537
14866.0,5.0,261.0,813.3599999999999,1.0,12.365947867699695,183.0,1,0.97513366
14867.0,14.0,551.0,196.33857142857144,-0.2759767755397925,38.649191453379714,2.0,0,0.008780578
14868.0,3.0,237.0,354.5,1.0,58.31970078798416,50.0,0,0.007884733
14869.0,3.0,540.0,569.02,-0.5189892905597198,55.24088662897759,205.0,1,0.9845494
14870.0,4.0,500.0,376.6,-0.21770575600206646,57.8529169532531,78.0,0,0.012649105
14871.0,6.0,555.0,140.03166666666667,-0.49532577472365735,39.02990306589722,72.0,0,0.0154859135
14872.0,2.0,450.0,256.31,-1.0,26.5,300.0,1,0.99558556
14873.0,1.0,450.0,519.68,0.21686394342781543,0.0,27.0,0,0.019909555
14874.0,0.0,352.0,0.0,-1.0,,352.0,1,0.99624145
14875.0,1.0,258.0,362.0,1.0,0.0,79.0,0,0.018909086
14876.0,1.0,378.0,53.1,-1.0,0.0,338.0,1,0.99558556
14877.0,1.0,459.0,230.3,0.054004576659038954,0.0,235.0,1,0.98858184
14878.0,15.0,473.0,201.36,-0.00258682275943125,17.649558782240312,18.0,0,0.005846484
14879.0,0.0,501.0,0.0,-1.0,,501.0,1,0.99624145
14880.0,1.0,105.0,234.07,1.0,0.0,2.0,0,0.0052788644
14882.0,9.0,436.0,318.5055555555556,0.2498148727147065,32.972064308947786,207.0,1,0.9619767
14883.0,0.0,28.0,0.0,1.0,,28.0,0,0.00557618
14884.0,0.0,486.0,0.0,-1.0,,486.0,1,0.99624145
14885.0,1.0,282.0,591.6,0.42074927953890495,0.0,244.0,1,0.9878542
14886.0,0.0,69.0,0.0,1.0,,69.0,0,0.00557618
14888.0,0.0,24.0,0.0,1.0,,24.0,0,0.00557618
14889.0,0.0,153.0,0.0,1.0,,153.0,1,0.9948598
14890.0,2.0,476.0,257.73,-0.6925053533190578,162.0,70.0,0,0.014700491
14891.0,2.0,253.0,400.365,1.0,104.5,4.0,0,0.009280754
14892.0,0.0,507.0,0.0,-1.0,,507.0,1,0.99624145
14893.0,0.0,434.0,0.0,-1.0,,434.0,1,0.99624145
14894.0,1.0,554.0,537.36,0.28392229947673997,0.0,260.0,1,0.9890465
14895.0,15.0,546.0,1075.622,-0.37647711446704885,26.722415684215377,21.0,0,0.0106045
14896.0,7.0,550.0,255.7028571428571,-0.30607621796771206,61.53280193754966,21.0,0,0.009814617
14897.0,4.0,541.0,412.125,0.3622888093308576,48.225382320931374,113.0,0,0.010726983
14898.0,11.0,553.0,227.35,-0.029986999239846206,24.831664669287356,57.0,0,0.0061896807
14899.0,0.0,212.0,0.0,1.0,,212.0,1,0.9948598
14900.0,0.0,339.0,0.0,-1.0,,339.0,1,0.99624145
14901.0,5.0,315.0,238.41,0.565024424898016,19.610201426808445,177.0,1,0.9722333
14902.0,1.0,370.0,304.56,-0.13349265961078863,0.0,212.0,1,0.98888373
14903.0,2.0,95.0,633.5250000000001,1.0,7.0,17.0,0,0.005222459
14904.0,1.0,244.0,238.05,1.0,0.0,225.0,1,0.9876917
14905.0,6.0,553.0,234.28166666666667,-0.175268513454222,32.013885876114585,50.0,0,0.010477902
14907.0,7.0,419.0,475.8085714285715,0.8374129056816114,49.7836642197066,177.0,1,0.9657887
14908.0,0.0,280.0,0.0,-1.0,,280.0,1,0.99624145
14909.0,2.0,480.0,526.0899999999999,-0.5737107383888146,14.5,254.0,1,0.989664
14911.0,165.0,555.0,1075.541393939394,0.16155774173845755,3.2637178532527096,0.0,0,0.00626204
14912.0,2.0,407.0,503.595,0.37545407368967315,81.96069518711731,63.0,0,0.013426675
14913.0,5.0,302.0,562.014,0.6235999687999237,21.664717861075413,90.0,0,0.007916244
14915.0,8.0,553.0,180.49875,0.19976914431517875,31.664912232101113,94.0,0,0.0071331314
14916.0,4.0,434.0,342.13750000000005,-0.17815197533131624,57.08327250605032,141.0,1,0.9784816
14917.0,0.0,413.0,0.0,-1.0,0.0,413.0,1,0.99624145
14918.0,5.0,427.0,698.062,-0.1807412452884027,20.045088065547517,221.0,1,0.98152465
14919.0,0.0,356.0,0.0,-1.0,,356.0,1,0.99624145
14920.0,1.0,382.0,977.77,0.21675989472177803,176.0,29.0,0,0.013220171
14921.0,0.0,18.0,0.0,1.0,,18.0,0,0.00557618
14922.0,1.0,324.0,303.45,-0.28070258610472415,0.0,210.0,1,0.9889839
14924.0,2.0,456.0,310.435,-0.33394915199621916,167.5,62.0,0,0.014383329
14926.0,1.0,415.0,139.2,-0.2253756260434057,0.0,198.0,1,0.9885274
14927.0,0.0,213.0,0.0,1.0,,213.0,1,0.9948598
14928.0,0.0,444.0,0.0,-1.0,,444.0,1,0.99624145
14929.0,0.0,238.0,0.0,1.0,,238.0,1,0.9948598
14930.0,3.0,423.0,1017.0266666666666,-0.4448678951205409,63.79306824064473,91.0,0,0.012977201
14931.0,0.0,57.0,0.0,1.0,,57.0,0,0.00557618
14932.0,1.0,202.0,627.06,1.0,0.0,182.0,1,0.9846383
14933.0,1.0,261.0,885.0,1.0,0.0,260.0,1,0.9876917
14934.0,2.0,258.0,705.5350000000001,1.0,39.74362282877035,99.0,0,0.011939174
14935.0,1.0,436.0,1784.71,0.2525027808676308,0.0,114.0,0,0.019909555
14936.0,3.0,400.0,1551.89,0.591641239968206,54.29721447735602,92.0,0,0.010333979
14938.0,0.0,379.0,0.0,-1.0,0.0,379.0,1,0.99624145
14940.0,1.0,550.0,349.48,0.3150952981241416,0.0,234.0,1,0.9890465
14941.0,0.0,395.0,0.0,-1.0,,395.0,1,0.99624145
14942.0,3.0,546.0,212.40333333333336,-0.1808294042006001,60.94806532341011,218.0,1,0.983952
14943.0,0.0,480.0,0.0,-1.0,,480.0,1,0.99624145
14944.0,7.0,477.0,639.0642857142857,0.141194170695012,40.50915619384327,3.0,0,0.006734647
14945.0,0.0,230.0,0.0,1.0,,230.0,1,0.9948598
14947.0,3.0,441.0,145.45666666666668,-0.5508386365732505,49.13473539383541,205.0,1,0.9847861
14948.0,0.0,36.0,0.0,1.0,,36.0,0,0.00557618
14949.0,3.0,538.0,142.84666666666666,-1.0,67.79544396360438,286.0,1,0.9949744
14952.0,19.0,553.0,669.8194736842105,0.14265178763470698,20.657372130056036,23.0,0,0.0057805316
14953.0,1.0,252.0,419.47,1.0,8.5,235.0,1,0.9854767
14954.0,0.0,520.0,0.0,-1.0,,520.0,1,0.99624145
14955.0,0.0,549.0,0.0,-1.0,,549.0,1,0.99624145
14956.0,0.0,238.0,0.0,1.0,,238.0,1,0.9948598
14957.0,1.0,461.0,58.49,-0.6490143718683429,0.0,70.0,0,0.020275377
14958.0,4.0,553.0,166.045,-0.07757424694899713,125.39213492081551,2.0,0,0.011817424
14959.0,1.0,113.0,243.72,1.0,0.0,32.0,0,0.0052788644
14961.0,14.0,552.0,820.4807142857143,-0.04901583323568586,29.963183868595348,49.0,0,0.0057805316
14962.0,3.0,401.0,81.73333333333333,-0.30936741980322147,116.25259853726568,87.0,0,0.012482122
14963.0,6.0,342.0,296.87,0.8075377496346808,64.2225086106491,0.0,0,0.0066932533
14964.0,0.0,64.0,0.0,1.0,,64.0,0,0.00557618
14966.0,3.0,541.0,258.94666666666666,0.2750400207675334,136.96897458913824,204.0,1,0.98065794
14967.0,2.0,553.0,641.28,-0.013438152237607054,88.60410543535778,258.0,1,0.9841706
14968.0,0.0,275.0,0.0,1.0,,275.0,1,0.9948598
14969.0,0.0,520.0,0.0,-1.0,,520.0,1,0.99624145
14970.0,7.0,480.0,530.5342857142857,-0.3893477128827071,39.3072732251305,69.0,0,0.0103237275
14972.0,0.0,198.0,0.0,1.0,,198.0,1,0.9948598
14973.0,0.0,42.0,0.0,1.0,,42.0,0,0.00557618
14975.0,0.0,238.0,0.0,1.0,,238.0,1,0.9948598
14976.0,2.0,143.0,147.155,1.0,13.0,13.0,0,0.010768941
14977.0,0.0,542.0,0.0,-1.0,,542.0,1,0.99624145
14978.0,8.0,407.0,312.245,0.36136826783114995,30.856269622233985,52.0,0,0.0068690586
14979.0,0.0,552.0,0.0,-1.0,,552.0,1,0.99624145
14980.0,0.0,554.0,0.0,-1.0,,554.0,1,0.99624145
14981.0,1.0,240.0,102.12,1.0,0.0,63.0,0,0.018909086
14982.0,0.0,389.0,0.0,-1.0,,389.0,1,0.99624145
14983.0,0.0,506.0,0.0,-1.0,,506.0,1,0.99624145
14984.0,2.0,514.0,470.57,0.036989434290358544,72.69265590293301,205.0,1,0.9842704
14985.0,1.0,175.0,172.24,1.0,0.0,15.0,0,0.011584109
14986.0,1.0,501.0,243.52,-0.14087140589169164,0.0,193.0,1,0.9895321
14987.0,5.0,554.0,268.76,0.2690807080901557,118.89304250272829,182.0,1,0.9714533
14988.0,6.0,419.0,280.66,0.5099003193651409,66.58766151973403,28.0,0,0.0068761637
14989.0,0.0,478.0,0.0,-1.0,,478.0,1,0.99624145
14990.0,1.0,547.0,105.18,-1.0,0.0,429.0,1,0.99567163
14991.0,0.0,247.0,0.0,1.0,,247.0,1,0.9948598
14992.0,0.0,259.0,0.0,1.0,,259.0,1,0.9948598
14993.0,0.0,380.0,0.0,-1.0,,380.0,1,0.99624145
14994.0,4.0,440.0,193.745,0.2753062675084668,52.17458672572309,199.0,1,0.9763288
14995.0,0.0,97.0,0.0,1.0,,97.0,0,0.00557618
14996.0,0.0,298.0,0.0,-1.0,0.0,298.0,1,0.99624145
14997.0,0.0,472.0,0.0,-1.0,,472.0,1,0.99624145
14998.0,2.0,422.0,205.505,0.5672449952335558,4.5,58.0,0,0.015924346
14999.0,0.0,409.0,0.0,-1.0,,409.0,1,0.99624145
15001.0,0.0,211.0,0.0,1.0,0.0,211.0,1,0.9947978
15002.0,7.0,513.0,518.9414285714286,-0.17687035490653719,48.962709675583824,113.0,0,0.0075645475
15003.0,5.0,499.0,137.75799999999998,-1.0,56.225972646100125,290.0,1,0.9946472
15005.0,40.0,555.0,260.4105,-0.018472354789896308,6.737905831933243,4.0,0,0.0063334485
15006.0,0.0,270.0,0.0,1.0,,270.0,1,0.9948598
15008.0,1.0,454.0,240.0,-1.0,0.0,297.0,1,0.99558556
15011.0,1.0,233.0,193.6,1.0,0.0,212.0,1,0.9876917
15012.0,1.0,393.0,382.12,0.215703741410028,0.0,190.0,1,0.98831475
15013.0,9.0,494.0,157.2711111111111,-1.0,9.189365834726814,304.0,1,0.9943738
15015.0,10.0,542.0,222.492,-1.0,10.838460325259407,318.0,1,0.9943738
15016.0,2.0,360.0,159.23,0.3838265328292704,51.581650484127266,210.0,1,0.98279953
15018.0,1.0,184.0,180.09,1.0,0.0,69.0,0,0.011584109
15019.0,0.0,83.0,0.0,1.0,,83.0,0,0.00557618
15020.0,0.0,196.0,0.0,1.0,,196.0,1,0.9948598
15021.0,5.0,315.0,261.60600000000005,0.6833279711730262,41.90751722543344,35.0,0,0.007214896
15022.0,0.0,494.0,0.0,-1.0,,494.0,1,0.99624145
15023.0,11.0,491.0,683.22,0.13441024078024993,17.01694417011729,35.0,0,0.0061033447
15024.0,6.0,241.0,389.9533333333334,1.0,22.666053913286273,113.0,0,0.006990682
15025.0,0.0,385.0,0.0,-1.0,,385.0,1,0.99624145
15026.0,3.0,265.0,146.57666666666668,1.0,24.608038433722335,57.0,0,0.011983479
15027.0,6.0,441.0,376.3716666666666,0.16929698193327267,65.69378562229274,36.0,0,0.006798677
15028.0,2.0,211.0,277.67,1.0,3.0,185.0,1,0.9828205
15029.0,0.0,436.0,0.0,-1.0,,436.0,1,0.99624145
15030.0,6.0,462.0,203.62,-0.17261628231096574,44.15377170248942,85.0,0,0.008066065
15031.0,8.0,548.0,298.65625,-0.4950649232552941,44.504494155085055,99.0,0,0.0106231775
15032.0,6.0,546.0,2045.875,0.595962454601198,46.131577568728254,73.0,0,0.0071040224
15033.0,2.0,146.0,297.885,1.0,12.0,25.0,0,0.010768941
15034.0,9.0,394.0,662.3,0.6566670964762611,24.06241883103193,49.0,0,0.0060596243
15037.0,0.0,193.0,0.0,1.0,0.0,193.0,1,0.9947978
15038.0,6.0,242.0,184.02,1.0,39.22584182228174,4.0,0,0.0067709307
15039.0,64.0,546.0,531.34265625,0.30353191397313867,4.759655553467532,1.0,0,0.00626204
15040.0,0.0,358.0,0.0,-1.0,,358.0,1,0.99624145
15041.0,0.0,261.0,0.0,1.0,,261.0,1,0.9948598
15042.0,1.0,412.0,135.93,-0.13818354731336185,0.0,16.0,0,0.020275377
15043.0,4.0,350.0,479.785,-1.0,6.5717197140474575,280.0,1,0.99532783
15044.0,21.0,540.0,555.4995238095238,0.17567187197405731,20.5946012343041,24.0,0,0.0057805316
15045.0,0.0,74.0,0.0,1.0,,74.0,0,0.00557618
15046.0,17.0,511.0,260.0735294117647,0.09985644653092735,22.934388135931382,11.0,0,0.005846484
15047.0,0.0,86.0,0.0,1.0,,86.0,0,0.00557618
15048.0,1.0,185.0,157.75,1.0,0.0,37.0,0,0.011584109
15049.0,0.0,90.0,0.0,1.0,,90.0,0,0.00557618
15050.0,1.0,297.0,1070.21,-0.11248496910892732,0.0,238.0,1,0.9889839
15051.0,5.0,555.0,392.706,-0.21050500285034696,31.68343415730056,196.0,1,0.98287785
15052.0,0.0,136.0,0.0,1.0,,136.0,1,0.9944782
15053.0,0.0,98.0,0.0,1.0,,98.0,0,0.00557618
15055.0,2.0,540.0,152.35,-1.0,5.5,291.0,1,0.99567163
15056.0,0.0,337.0,0.0,-1.0,,337.0,1,0.99624145
15057.0,4.0,551.0,737.965,0.46864212091057633,50.75615726195197,92.0,0,0.011357799
15058.0,7.0,470.0,246.02142857142857,0.23694342975614568,39.85188627287513,60.0,0,0.006811411
15059.0,12.0,550.0,206.09416666666667,-0.15148852425682713,23.940755278679273,32.0,0,0.006660206
15061.0,55.0,555.0,2023.432909090909,0.09174078491806514,7.717419014244764,1.0,0,0.00626204
15062.0,6.0,427.0,304.345,0.11897338087735303,18.8296456566648,34.0,0,0.008122792
15063.0,0.0,30.0,0.0,1.0,,30.0,0,0.00557618
15064.0,3.0,534.0,293.14000000000004,-0.32372380696632913,27.824849006278942,227.0,1,0.98982227
15065.0,2.0,227.0,703.2,1.0,28.0,44.0,0,0.012935363
15067.0,2.0,424.0,1108.265,0.48702019676838293,31.5,99.0,0,0.013552858
15068.0,2.0,438.0,264.28999999999996,0.2243442005906538,21.0,73.0,0,0.015220379
15070.0,2.0,541.0,259.225,-0.49623480581085094,42.5,189.0,1,0.98853326
15071.0,2.0,387.0,447.96,0.6869774798523763,37.0,92.0,0,0.014030046
15072.0,0.0,296.0,0.0,-1.0,,296.0,1,0.99624145
15073.0,6.0,498.0,354.6116666666667,0.44311489812282046,81.69336298351021,2.0,0,0.0071291737
15074.0,1.0,284.0,457.7999999999999,0.12005480390477816,0.0,246.0,1,0.9886846
15076.0,1.0,339.0,10.95,-1.0,0.0,309.0,1,0.99624145
15077.0,1.0,547.0,1554.6,-1.0,0.0,311.0,1,0.99567163
15078.0,23.0,552.0,512.3013043478261,0.049265434969281416,14.707493888905567,7.0,0,0.0059138495
15079.0,7.0,548.0,432.6885714285714,-0.44918311279812073,41.64900959206593,29.0,0,0.011170739
15080.0,1.0,318.0,184.9,-0.3230205949656751,0.0,244.0,1,0.9889839
15081.0,8.0,352.0,179.15875,-0.12406888359655228,45.38997686714546,25.0,0,0.0072376137
15082.0,0.0,485.0,0.0,-1.0,,485.0,1,0.99624145
15083.0,0.0,73.0,0.0,1.0,,73.0,0,0.00557618
15084.0,1.0,462.0,615.8,0.2760049730625777,0.0,196.0,1,0.98831475
15085.0,0.0,546.0,0.0,-1.0,,546.0,1,0.99624145
15086.0,1.0,442.0,108.5,-1.0,0.0,381.0,1,0.99558556
15087.0,0.0,98.0,0.0,1.0,,98.0,0,0.00557618
15090.0,0.0,125.0,0.0,1.0,,125.0,1,0.9930854
15091.0,0.0,491.0,0.0,-1.0,0.0,491.0,1,0.99624145
15092.0,2.0,279.0,228.90500000000003,0.17922365608015878,55.0,32.0,0,0.012423903
15093.0,17.0,548.0,757.419411764706,-0.032116211087044745,20.90191378797645,23.0,0,0.0057805316
15094.0,1.0,461.0,33.0,-1.0,0.0,280.0,1,0.99609214
15095.0,5.0,504.0,453.33,0.012968515152230553,70.09200303093705,20.0,0,0.007408969
15097.0,0.0,400.0,0.0,-1.0,0.0,400.0,1,0.99624145
15100.0,6.0,518.0,446.25,0.8499326355062702,110.56471207196063,150.0,1,0.9669661
15101.0,4.0,407.0,284.935,-0.8379966579287078,58.49519211012132,176.0,1,0.986394
15102.0,1.0,363.0,198.77999999999997,-1.0,0.0,347.0,1,0.99558556
15104.0,1.0,99.0,652.8,1.0,0.0,13.0,0,0.0052788644
15105.0,1.0,443.0,465.6,0.1698786401668384,0.0,247.0,1,0.98831475
15106.0,1.0,86.0,367.75,1.0,0.0,28.0,0,0.0052788644
15107.0,8.0,268.0,108.4375,1.0,16.605721905415614,128.0,1,0.96975875
15108.0,1.0,44.0,387.05,1.0,0.0,4.0,0,0.0052788644
15109.0,2.0,552.0,375.95,-0.013426914861153483,88.5,62.0,0,0.014713225
15110.0,2.0,302.0,188.875,0.11201059758610532,2.0,135.0,1,0.9868851
15111.0,2.0,409.0,582.54,0.6049149728973958,58.5,189.0,1,0.98309016
15112.0,0.0,428.0,0.0,-1.0,,428.0,1,0.99624145
15114.0,4.0,238.0,235.1975,1.0,20.303940504246953,34.0,0,0.010062315
15115.0,0.0,549.0,0.0,-1.0,,549.0,1,0.99624145
15116.0,0.0,21.0,0.0,1.0,,21.0,0,0.00557618
15117.0,2.0,451.0,443.45,0.4229217304807514,100.29733573508099,32.0,0,0.013426675
15119.0,0.0,62.0,0.0,1.0,,62.0,0,0.00557618
15121.0,0.0,105.0,0.0,1.0,,105.0,0,0.00557618
15122.0,8.0,436.0,388.7725,-0.13543473104393433,37.4624091425716,21.0,0,0.0075315526
15123.0,3.0,450.0,1023.2233333333334,0.7409998497020983,88.72804892854721,23.0,0,0.010714441
15124.0,2.0,468.0,111.675,-0.4921372208853321,54.5,8.0,0,0.01652348
15125.0,7.0,435.0,1392.9600000000005,0.1416658403027693,55.91362386157182,24.0,0,0.006734647
15126.0,1.0,504.0,257.04,-1.0,0.0,353.0,1,0.99567163
15127.0,0.0,336.0,0.0,-1.0,,336.0,1,0.99624145
15128.0,1.0,247.0,483.7,1.0,0.0,36.0,0,0.018909086
15129.0,14.0,427.0,302.31857142857143,0.03385276495866019,21.71389723963281,27.0,0,0.005846484
15131.0,0.0,211.0,0.0,1.0,,211.0,1,0.9948598
15132.0,1.0,79.0,176.1,1.0,0.0,16.0,0,0.0052788644
15133.0,3.0,337.0,321.2,0.30007150663122817,38.724095283886946,74.0,0,0.011542074
15134.0,3.0,239.0,121.34999999999998,1.0,50.29468715038951,30.0,0,0.007884733
15135.0,1.0,373.0,139.05,-0.09022507197068824,0.0,56.0,0,0.020275377
15137.0,1.0,497.0,430.58,-1.0,0.0,337.0,1,0.99567163
15138.0,0.0,210.0,0.0,1.0,,210.0,1,0.9948598
15139.0,1.0,153.0,56.86,1.0,0.0,56.0,0,0.011584109
15140.0,3.0,259.0,375.81666666666666,1.0,68.86863501543274,15.0,0,0.0077959686
15141.0,5.0,438.0,220.766,-0.7858794212334439,20.391310785615417,274.0,1,0.9891209
15142.0,3.0,317.0,561.72,-0.20976060494630347,18.07622748252522,227.0,1,0.9878499
15143.0,1.0,249.0,259.45,1.0,0.0,42.0,0,0.018909086
15144.0,13.0,543.0,531.13,0.0493821899712573,27.290108097990377,34.0,0,0.0057805316
15145.0,1.0,65.0,301.8,1.0,0.0,44.0,0,0.0052788644
15146.0,0.0,108.0,0.0,1.0,,108.0,0,0.00557618
15147.0,0.0,57.0,0.0,1.0,,57.0,0,0.00557618
15149.0,1.0,466.0,679.98,-1.0,36.0,394.0,1,0.9954699
15150.0,3.0,360.0,993.54,0.19113309941894385,65.92182870643077,3.0,0,0.010044102
15151.0,1.0,326.0,1116.26,0.07043982336103105,0.0,240.0,1,0.9886846
15152.0,1.0,518.0,756.1,0.18674660974384735,0.0,4.0,0,0.021226825
15154.0,0.0,295.0,0.0,-1.0,0.0,295.0,1,0.99624145
15155.0,0.0,200.0,0.0,1.0,,200.0,1,0.9948598
15157.0,2.0,546.0,677.65,0.20372608816190743,26.0,175.0,1,0.98534817
15158.0,0.0,218.0,0.0,1.0,,218.0,1,0.9948598
15159.0,11.0,248.0,703.9154545454545,1.0,14.621641068746442,1.0,0,0.006201539
15160.0,3.0,238.0,162.65333333333334,1.0,4.109609335312651,174.0,1,0.9823299
15161.0,0.0,205.0,0.0,1.0,,205.0,1,0.9948598
15162.0,0.0,548.0,0.0,-1.0,,548.0,1,0.99624145
15163.0,0.0,9.0,0.0,1.0,,9.0,0,0.00557618
15164.0,7.0,507.0,198.23857142857145,0.06681722656127474,30.301882476715086,25.0,0,0.007644261
15165.0,0.0,190.0,0.0,1.0,,190.0,1,0.9948598
15166.0,0.0,284.0,0.0,-1.0,,284.0,1,0.99624145
15167.0,3.0,490.0,324.5466666666667,0.1732934860544566,86.52853575555292,137.0,1,0.9800219
15169.0,1.0,543.0,213.05,-0.2514317838445592,0.0,199.0,1,0.98958033
15170.0,0.0,223.0,0.0,1.0,,223.0,1,0.9948598
15171.0,0.0,148.0,0.0,1.0,,148.0,1,0.9948598
15172.0,1.0,53.0,179.8,1.0,0.0,13.0,0,0.0052788644
15173.0,6.0,434.0,183.09,-0.45300414826709484,35.376153298828605,197.0,1,0.98364186
15174.0,1.0,227.0,135.75,1.0,0.0,139.0,1,0.9869025
15176.0,0.0,484.0,0.0,-1.0,,484.0,1,0.99624145
15177.0,0.0,242.0,0.0,1.0,,242.0,1,0.9948598
15178.0,0.0,77.0,0.0,1.0,,77.0,0,0.00557618
15179.0,10.0,553.0,597.674,-0.2120698685032396,23.425626992676204,50.0,0,0.007924693
15180.0,2.0,406.0,225.795,-0.001382085954689631,60.5,184.0,1,0.9834379
15181.0,2.0,548.0,324.0,0.5985790408525754,79.5,86.0,0,0.014737764
15182.0,5.0,473.0,436.338,-0.18130183719389206,42.377783604264586,85.0,0,0.010710802
15183.0,2.0,401.0,173.95,-1.0,2.0,364.0,1,0.99558556
15184.0,2.0,540.0,197.615,0.5247482736005555,70.0,7.0,0,0.014831356
15186.0,2.0,513.0,414.1950000000001,-1.0,9.0,291.0,1,0.99567163
15187.0,0.0,29.0,0.0,1.0,,29.0,0,0.00557618
15188.0,0.0,542.0,0.0,-1.0,,542.0,1,0.99624145
15189.0,20.0,326.0,331.338,0.9407134071340715,14.380794701122316,1.0,0,0.0061284946
15190.0,0.0,251.0,0.0,1.0,,251.0,1,0.9948598
15191.0,1.0,505.0,245.3,-1.0,112.5,280.0,1,0.9946694
15192.0,3.0,496.0,454.60666666666674,0.25725645648514084,44.010099850930686,8.0,0,0.012017911
15194.0,20.0,553.0,406.817,0.37412568428556925,29.85247172391611,15.0,0,0.0057805316
15196.0,1.0,543.0,164.0,0.03715415019762846,0.0,249.0,1,0.9892971
15197.0,4.0,545.0,363.2975,0.849842472074595,102.5926410616278,69.0,0,0.00945443
15198.0,2.0,506.0,148.455,-0.09772047337904739,68.0,225.0,1,0.98478055
15199.0,7.0,392.0,315.70714285714286,0.010932552721189964,16.449055552566797,52.0,0,0.00828336
15200.0,0.0,311.0,0.0,-1.0,,311.0,1,0.99624145
15201.0,3.0,428.0,305.2066666666667,0.5150742959261344,65.8499978908293,21.0,0,0.010755909
15203.0,9.0,548.0,334.4,-0.1866976185809487,28.322429274340152,15.0,0,0.007941006
15204.0,0.0,174.0,0.0,1.0,,174.0,1,0.9948598
15206.0,0.0,92.0,0.0,1.0,,92.0,0,0.00557618
15207.0,2.0,364.0,137.96,-0.19312200257340034,61.0,233.0,1,0.9845574
15208.0,1.0,240.0,65.4,1.0,0.0,170.0,1,0.9876917
15209.0,0.0,547.0,0.0,-1.0,,547.0,1,0.99624145
15210.0,2.0,392.0,437.135,0.48661355733342393,21.5,42.0,0,0.013948114
15211.0,0.0,182.0,0.0,1.0,,182.0,1,0.9948598
15212.0,1.0,193.0,101.8,1.0,0.0,58.0,0,0.014438975
15213.0,1.0,146.0,15.15,1.0,0.0,135.0,1,0.99347526
15214.0,1.0,59.0,136.7,1.0,0.0,0.0,0,0.0052788644
15215.0,3.0,429.0,430.34,0.4474396885314876,47.22522866246623,210.0,1,0.9789201
15216.0,0.0,435.0,0.0,-1.0,,435.0,1,0.99624145
15217.0,0.0,380.0,0.0,-1.0,,380.0,1,0.99624145
15218.0,13.0,499.0,548.2761538461539,-0.22667203416716208,19.27993714542039,34.0,0,0.007855335
15219.0,0.0,465.0,0.0,-1.0,,465.0,1,0.99624145
15220.0,2.0,97.0,271.03999999999996,1.0,3.0,20.0,0,0.005222459
15221.0,3.0,454.0,714.0333333333333,0.36145531241761136,67.90189000805992,183.0,1,0.97814494
15222.0,10.0,540.0,311.43500000000006,-0.6705069967980039,46.20562736290895,135.0,1,0.9791045
15223.0,4.0,551.0,296.9375,0.06597552805105959,136.26880604158825,42.0,0,0.011817424
15224.0,4.0,510.0,196.99,-0.2607418288652221,60.41264354421184,175.0,1,0.9826665
15225.0,0.0,51.0,0.0,1.0,,51.0,0,0.00557618
15226.0,0.0,127.0,0.0,1.0,,127.0,1,0.9936521
15227.0,6.0,450.0,301.9716666666667,0.17504461976504135,22.206730711405697,32.0,0,0.008036502
15228.0,2.0,316.0,1069.0,0.3800626773086842,31.0,111.0,0,0.013552858
15229.0,0.0,403.0,0.0,-1.0,,403.0,1,0.99624145
15230.0,1.0,57.0,59.400000000000006,1.0,0.0,56.0,0,0.0052788644
15231.0,0.0,438.0,0.0,-1.0,,438.0,1,0.99624145
15233.0,0.0,218.0,0.0,1.0,,218.0,1,0.9948598
15234.0,0.0,93.0,0.0,1.0,,93.0,0,0.00557618
15235.0,11.0,205.0,231.1027272727273,1.0,10.526157893552615,34.0,0,0.006272265
15236.0,0.0,115.0,0.0,1.0,,115.0,0,0.00557618
15237.0,1.0,44.0,154.73,1.0,0.0,20.0,0,0.0052788644
15238.0,0.0,1.0,0.0,1.0,,1.0,0,0.00557618
15240.0,9.0,551.0,361.0022222222222,0.2193672195620184,37.32671899078841,8.0,0,0.0060853674
15241.0,6.0,471.0,343.9066666666667,0.28085524865625583,56.194355192986734,0.0,0,0.0068761637
15242.0,0.0,239.0,0.0,1.0,,239.0,1,0.9948598
15243.0,0.0,252.0,0.0,1.0,,252.0,1,0.9948598
15244.0,1.0,483.0,297.94,0.030132249978390535,0.0,65.0,0,0.020769272
15245.0,6.0,412.0,553.41,0.18671857062347375,40.74207489397989,4.0,0,0.006811805
15246.0,2.0,372.0,257.07500000000005,0.31765761148129174,38.0,55.0,0,0.014188772
15247.0,1.0,354.0,308.5,-1.0,0.0,294.0,1,0.99558556
15248.0,2.0,351.0,335.51,-0.785050133848664,3.5,228.0,1,0.98995507
15249.0,9.0,440.0,515.3322222222222,0.20919889793334817,49.78844131813014,13.0,0,0.005971654
15250.0,0.0,457.0,0.0,-1.0,,457.0,1,0.99624145
15251.0,10.0,496.0,1306.539,-0.2772640931966155,46.507974967065486,27.0,0,0.008547143
15252.0,2.0,428.0,382.295,-0.45728480952276107,60.0,238.0,1,0.985906
15253.0,2.0,403.0,362.715,-0.6057666089067544,27.0,220.0,1,0.98939425
15254.0,1.0,377.0,337.65,-1.0,0.0,363.0,1,0.99558556
15255.0,6.0,553.0,429.68833333333333,0.47467210602521703,62.13448219427776,213.0,1,0.96707314
15256.0,0.0,378.0,0.0,-1.0,,378.0,1,0.99624145
15257.0,1.0,231.0,317.15,1.0,0.0,100.0,0,0.018909086
15258.0,0.0,34.0,0.0,1.0,,34.0,0,0.00557618
15259.0,2.0,499.0,439.915,-1.0,40.00277768133385,329.0,1,0.99567163
15260.0,17.0,550.0,493.7876470588235,-0.22966856846832884,30.395465081499594,3.0,0,0.008294194
15261.0,2.0,251.0,192.425,1.0,9.5,198.0,1,0.98463875
15262.0,2.0,305.0,145.875,0.39319994269614633,25.5,140.0,1,0.98359215
15264.0,0.0,347.0,0.0,-1.0,,347.0,1,0.99624145
15265.0,2.0,555.0,1128.81,-0.4417656832930996,118.0,52.0,0,0.015893774
15266.0,4.0,518.0,160.0525,0.3142535290597388,98.69238825765643,155.0,1,0.9784772
15268.0,1.0,422.0,414.30000000000007,-1.0,63.0,295.0,1,0.99503565
15269.0,1.0,207.0,335.26,1.0,0.0,197.0,1,0.9850655
15270.0,11.0,539.0,631.2654545454545,0.06913416059803305,45.88333332285928,55.0,0,0.005893099
15271.0,13.0,308.0,178.8230769230769,0.3994445352066656,23.97311117005045,21.0,0,0.005846484
15272.0,3.0,480.0,299.6566666666667,-0.585828065183273,14.522013940527977,267.0,1,0.98975873
15273.0,0.0,416.0,0.0,-1.0,,416.0,1,0.99624145
15276.0,1.0,251.0,112.72,1.0,20.0,211.0,1,0.98385274
15277.0,0.0,242.0,0.0,1.0,,242.0,1,0.9948598
15278.0,1.0,482.0,238.44,-1.0,48.55466564147626,378.0,1,0.99549735
15279.0,4.0,492.0,307.10249999999996,-0.24281574651701315,45.372761652780184,171.0,1,0.9833234
15280.0,1.0,388.0,151.5,-1.0,0.0,305.0,1,0.99558556
15281.0,11.0,244.0,397.38272727272727,1.0,15.97567595509568,14.0,0,0.0059161875
15282.0,0.0,387.0,0.0,-1.0,,387.0,1,0.99624145
15283.0,2.0,335.0,24.375,-0.542911076653408,32.5,207.0,1,0.99205196
15284.0,0.0,317.0,0.0,-1.0,,317.0,1,0.99624145
15285.0,0.0,224.0,0.0,1.0,,224.0,1,0.9948598
15287.0,2.0,554.0,155.57,0.6848432338766449,123.5,196.0,1,0.9843062
15288.0,6.0,482.0,476.21,0.5239554352457578,44.27972309704545,17.0,0,0.006811805
15289.0,2.0,438.0,294.57,0.14534002099615068,23.0,66.0,0,0.014846965
15290.0,14.0,470.0,307.7507142857143,0.3359516576784433,16.599866130651645,20.0,0,0.005846484
15291.0,31.0,553.0,367.15967741935486,-0.02977012321328046,14.984855636191494,64.0,0,0.0059138495
15292.0,0.0,18.0,0.0,1.0,,18.0,0,0.00557618
15293.0,0.0,482.0,0.0,-1.0,,482.0,1,0.99624145
15294.0,0.0,227.0,0.0,1.0,,227.0,1,0.9948598
15295.0,0.0,471.0,0.0,-1.0,,471.0,1,0.99624145
15296.0,6.0,504.0,1256.1883333333333,-0.2582045736182433,44.80774905080593,0.0,0,0.010302936
15298.0,15.0,548.0,408.8813333333334,-0.04372291883846776,18.053500737776286,4.0,0,0.0057805316
15299.0,4.0,513.0,1297.005,0.7528456603046857,92.71461589199407,80.0,0,0.010578251
15301.0,8.0,267.0,598.2675,1.0,27.538336914200173,4.0,0,0.0066748094
15302.0,0.0,547.0,0.0,-1.0,,547.0,1,0.99624145
15303.0,2.0,500.0,460.99,-0.06219673577415086,78.5,107.0,0,0.014426548
15304.0,5.0,238.0,100.95,1.0,26.19465594353169,35.0,0,0.0075337915
15305.0,0.0,372.0,0.0,-1.0,,372.0,1,0.99624145
15306.0,5.0,476.0,384.574,-1.0,23.059921942625913,317.0,1,0.9951389
15308.0,0.0,91.0,0.0,1.0,,91.0,0,0.00557618
15309.0,3.0,552.0,174.73666666666668,-1.0,31.051927834229907,427.0,1,0.99567163
15310.0,0.0,295.0,0.0,-1.0,,295.0,1,0.99624145
15311.0,149.0,555.0,594.7070469798658,0.016114051007459454,3.0925755346474566,2.0,0,0.00626204
15312.0,9.0,540.0,254.62111111111113,-0.0828626532580246,46.068655153524084,32.0,0,0.0061676037
15314.0,2.0,245.0,173.88500000000002,1.0,100.0,16.0,0,0.009386261
15316.0,0.0,143.0,0.0,1.0,,143.0,1,0.9944782
15317.0,0.0,494.0,0.0,-1.0,,494.0,1,0.99624145
15319.0,0.0,100.0,0.0,1.0,,100.0,0,0.00557618
15321.0,5.0,491.0,941.846,-0.17397952309071274,53.052966778028704,108.0,0,0.008914976
15322.0,0.0,293.0,0.0,-1.0,,293.0,1,0.99624145
15323.0,2.0,478.0,163.2,-1.0,1.0,379.0,1,0.99567163
15324.0,0.0,518.0,0.0,-1.0,,518.0,1,0.99624145
15325.0,5.0,478.0,244.844,-0.3420109465729448,31.034479033631108,212.0,1,0.98614097
15326.0,4.0,555.0,348.18,-0.6333944910968409,101.96169623932313,150.0,1,0.983303
15328.0,0.0,224.0,0.0,1.0,,224.0,1,0.9948598
15329.0,7.0,542.0,230.8957142857143,-0.18118710037578237,31.971926461079146,191.0,1,0.9761573
15331.0,1.0,426.0,402.32,-1.0,54.5,316.0,1,0.99524236
15332.0,3.0,330.0,1615.8366666666668,0.47931104987381257,43.00697617828996,183.0,1,0.979619
15333.0,0.0,25.0,0.0,1.0,,25.0,0,0.00557618
15336.0,0.0,218.0,0.0,1.0,,218.0,1,0.9948598
15337.0,0.0,228.0,0.0,1.0,,228.0,1,0.9948598
15338.0,0.0,494.0,0.0,-1.0,,494.0,1,0.99624145
15339.0,4.0,486.0,344.0675,0.6153525571057175,57.87780230796605,135.0,1,0.97690237
15340.0,0.0,378.0,0.0,-1.0,,378.0,1,0.99624145
15341.0,0.0,266.0,0.0,1.0,,266.0,1,0.9948598
15346.0,2.0,248.0,166.82,1.0,43.5,149.0,1,0.97992116
15347.0,3.0,254.0,269.25,1.0,10.338708279513881,183.0,1,0.98216623
15349.0,0.0,4.0,0.0,1.0,,4.0,0,0.00557618
15350.0,1.0,200.0,231.3,1.0,0.0,190.0,1,0.9846383
15351.0,3.0,249.0,457.68666666666667,1.0,10.530379332620875,186.0,1,0.98196524
15352.0,0.0,365.0,0.0,-1.0,,365.0,1,0.99624145
15353.0,6.0,554.0,481.7266666666667,-0.018838457784284994,59.46707772653146,71.0,0,0.0070047635
15356.0,7.0,239.0,242.6428571428571,1.0,19.41175743024346,35.0,0,0.007332376
15358.0,21.0,549.0,600.9466666666666,0.2935326657625583,15.050433733137247,24.0,0,0.00582535
15359.0,3.0,510.0,58.083333333333336,-1.0,5.276052946462682,479.0,1,0.99567163
15361.0,3.0,360.0,205.89,0.2158996908877183,73.5436378394941,178.0,1,0.9775122
15362.0,1.0,555.0,302.33,-0.013733933581261853,0.0,265.0,1,0.98958033
15363.0,1.0,309.0,652.0,0.29866249713676785,0.0,189.0,1,0.9884199
15364.0,0.0,71.0,0.0,1.0,,71.0,0,0.00557618
15365.0,3.0,490.0,708.7666666666665,0.1998433560956507,68.75722184291303,132.0,1,0.979924
15366.0,5.0,468.0,315.104,-0.19104069002330734,25.581243128511172,175.0,1,0.98179483
15367.0,7.0,546.0,547.7571428571429,0.11302793121958828,49.71669739634764,62.0,0,0.006734647
15368.0,0.0,211.0,0.0,1.0,,211.0,1,0.9948598
15369.0,7.0,548.0,848.3285714285714,-1.0,28.454349403913632,309.0,1,0.99504685
15370.0,3.0,227.0,375.98,1.0,24.458581770458856,20.0,0,0.010743212
15371.0,0.0,479.0,0.0,-1.0,,479.0,1,0.99624145
15372.0,4.0,480.0,894.3549999999999,-0.38469595925839095,58.302849177567836,267.0,1,0.98092586
15373.0,10.0,403.0,207.823,0.5280603305070475,21.733844574764035,27.0,0,0.0061729546
15374.0,0.0,441.0,0.0,-1.0,,441.0,1,0.99624145
15375.0,0.0,507.0,0.0,-1.0,,507.0,1,0.99624145
15376.0,0.0,39.0,0.0,1.0,,39.0,0,0.00557618
15377.0,2.0,232.0,453.7250000000001,1.0,7.93025150224688,199.0,1,0.98532134
15378.0,1.0,318.0,136.5,-1.0,0.0,279.0,1,0.99558556
15379.0,6.0,217.0,595.4150000000001,1.0,18.270346344707196,3.0,0,0.0071718893
15380.0,6.0,555.0,292.58,-0.2127990489870721,37.618331819591475,182.0,1,0.977437
15381.0,4.0,400.0,385.2675,-0.16352211237880643,46.20064934608604,30.0,0,0.011131425
15382.0,7.0,552.0,1197.3942857142858,0.23942549995153942,43.28059468795698,1.0,0,0.0067854533
15384.0,2.0,409.0,706.225,0.6725776369933982,94.5,176.0,1,0.982239
15385.0,1.0,494.0,317.4,0.015355086372360788,0.0,209.0,1,0.9895321
15386.0,0.0,3.0,0.0,1.0,,3.0,0,0.00557618
15387.0,0.0,309.0,0.0,-1.0,,309.0,1,0.99624145
15388.0,0.0,87.0,0.0,1.0,,87.0,0,0.00557618
15389.0,3.0,498.0,459.6666666666667,-0.5523323484644999,63.47878035655345,217.0,1,0.9842427
15390.0,1.0,226.0,381.77,1.0,0.0,213.0,1,0.9869025
15391.0,0.0,401.0,0.0,-1.0,,401.0,1,0.99624145
15392.0,3.0,248.0,441.22,1.0,8.219218670625303,177.0,1,0.98295677
15393.0,3.0,541.0,198.58,-0.6832486791393348,105.66298626608405,98.0,0,0.014352011
15394.0,7.0,541.0,606.0428571428572,0.17023591867304008,54.90432018520947,21.0,0,0.006734647
15395.0,0.0,142.0,0.0,1.0,,142.0,1,0.9944782
15396.0,0.0,400.0,0.0,-1.0,,400.0,1,0.99624145
15397.0,0.0,106.0,0.0,1.0,,106.0,0,0.00557618
15400.0,4.0,377.0,212.725,0.07914632979232467,29.193321153990002,1.0,0,0.012640431
15401.0,1.0,385.0,80.75,-0.2555888453560729,0.0,269.0,1,0.9885274
15402.0,4.0,408.0,265.175,-0.27365694691018744,55.56696410638249,13.0,0,0.01269674
15403.0,1.0,547.0,75.12,-1.0,0.0,308.0,1,0.99567163
15404.0,0.0,192.0,0.0,1.0,,192.0,1,0.9948598
15405.0,1.0,393.0,349.1,0.05813530552861301,0.0,6.0,0,0.020371089
15406.0,1.0,270.0,252.29,1.0,76.0,118.0,0,0.009959628
15407.0,2.0,122.0,287.865,1.0,22.5,0.0,0,0.009594094
15408.0,0.0,81.0,0.0,1.0,,81.0,0,0.00557618
15409.0,0.0,538.0,0.0,-1.0,,538.0,1,0.99624145
15410.0,5.0,416.0,430.858,0.18644693109161767,114.4849335065536,20.0,0,0.0073940805
15413.0,4.0,555.0,1557.12,-1.0,8.093207028119323,508.0,1,0.99543214
15414.0,0.0,59.0,0.0,1.0,,59.0,0,0.00557618
15415.0,0.0,130.0,0.0,1.0,,130.0,1,0.9936521
15416.0,3.0,493.0,824.6333333333333,0.5888827180545805,88.56741782393794,56.0,0,0.011514183
15418.0,1.0,403.0,245.83,0.08697382384152812,0.0,242.0,1,0.98858184
15420.0,5.0,551.0,129.178,-0.7119784656796769,40.29193467680598,251.0,1,0.98682624
15421.0,7.0,549.0,479.0414285714286,-0.14845562745872667,32.03684402371744,32.0,0,0.009232577
15422.0,5.0,487.0,264.196,0.06331598733309872,43.365372770858954,140.0,1,0.96854466
15423.0,1.0,438.0,69.84,-1.0,0.0,398.0,1,0.99558556
15424.0,1.0,280.0,383.34,0.28254541804677313,104.0,71.0,0,0.011976966
15425.0,3.0,480.0,393.96,-0.8380104598960182,39.40671121635106,217.0,1,0.98950654
15426.0,4.0,403.0,355.8525,0.3817300025123158,36.96268388523755,74.0,0,0.010134578
15428.0,2.0,539.0,242.265,-0.14121709493699272,82.5,204.0,1,0.98473823
15430.0,1.0,345.0,118.0,-1.0,0.0,284.0,1,0.99558556
15431.0,0.0,319.0,0.0,-1.0,,319.0,1,0.99624145
15432.0,0.0,358.0,0.0,-1.0,,358.0,1,0.99624145
15433.0,1.0,84.0,160.66,1.0,0.0,30.0,0,0.0052788644
15434.0,6.0,501.0,257.865,0.6885743285276175,94.84138805863655,17.0,0,0.0070610195
15436.0,0.0,51.0,0.0,1.0,,51.0,0,0.00557618
15437.0,1.0,457.0,200.16,0.01746092260770112,0.0,79.0,0,0.020919112
15439.0,2.0,470.0,260.1,-0.1801741460147354,103.76362025724087,221.0,1,0.9837946
15440.0,0.0,25.0,0.0,1.0,,25.0,0,0.00557618
15441.0,2.0,547.0,476.3200000000001,0.5191076454501239,138.5,213.0,1,0.98422223
15442.0,0.0,65.0,0.0,1.0,,65.0,0,0.00557618
15443.0,7.0,459.0,281.4942857142857,-0.6316704042949767,47.186127328324986,137.0,1,0.97923493
15445.0,1.0,407.0,113.5,-0.20210896309314588,0.0,81.0,0,0.020275377
15446.0,2.0,543.0,140.26,-0.12771382596856046,77.5,193.0,1,0.985089
15447.0,3.0,442.0,130.52666666666667,-0.3703538386625549,75.28404545453174,147.0,1,0.98371917
15448.0,1.0,491.0,494.64,0.25414231564001466,0.0,129.0,1,0.9889959
15449.0,1.0,78.0,301.78,1.0,0.0,2.0,0,0.0052788644
15451.0,1.0,416.0,122.95,0.05441447622314651,0.0,251.0,1,0.98846996
15452.0,3.0,328.0,210.7266666666667,-0.43218163607781757,35.92584956081995,81.0,0,0.0185251
15453.0,0.0,4.0,0.0,1.0,,4.0,0,0.00557618
15454.0,1.0,435.0,179.1,0.17215877482901928,0.0,179.0,1,0.98831475
15455.0,0.0,414.0,0.0,-1.0,,414.0,1,0.99624145
15456.0,8.0,548.0,238.4825,-0.33872512704846475,30.957956355812556,100.0,0,0.011645561
15457.0,0.0,79.0,0.0,1.0,,79.0,0,0.00557618
15458.0,0.0,219.0,0.0,1.0,,219.0,1,0.9948598
15459.0,1.0,314.0,105.0,0.03534980032539566,0.0,234.0,1,0.9885738
15460.0,0.0,171.0,0.0,1.0,,171.0,1,0.9948598
15461.0,1.0,448.0,219.7,0.022573888759599696,0.0,277.0,1,0.98858184
15462.0,1.0,262.0,105.0,1.0,0.0,4.0,0,0.018909086
15464.0,0.0,155.0,0.0,1.0,,155.0,1,0.9948598
15465.0,25.0,546.0,401.1076000000001,0.5080085125983206,22.076014132990583,50.0,0,0.0057805316
15466.0,2.0,553.0,246.135,-0.47234083850931674,43.0,206.0,1,0.98853326
15468.0,0.0,209.0,0.0,1.0,,209.0,1,0.9948598
15469.0,0.0,255.0,0.0,1.0,,255.0,1,0.9948598
15470.0,0.0,392.0,0.0,-1.0,,392.0,1,0.99624145
15471.0,1.0,367.0,577.83,0.3642867261651792,0.0,197.0,1,0.98831475
15473.0,0.0,261.0,0.0,1.0,,261.0,1,0.9948598
15474.0,0.0,412.0,0.0,-1.0,,412.0,1,0.99624145
15476.0,2.0,259.0,686.2749999999999,1.0,20.853989759489405,197.0,1,0.98349607
15477.0,0.0,466.0,0.0,-1.0,,466.0,1,0.99624145
15478.0,0.0,392.0,0.0,-1.0,,392.0,1,0.99624145
15479.0,0.0,550.0,0.0,-1.0,,550.0,1,0.99624145
15480.0,1.0,493.0,1868.56,-1.0,0.0,286.0,1,0.99567163
15481.0,0.0,218.0,0.0,1.0,,218.0,1,0.9948598
15482.0,8.0,554.0,599.245,-0.14267623978902694,65.08968172196471,67.0,0,0.0074197496
15483.0,4.0,501.0,140.21,0.17780192908572215,55.08301815340994,83.0,0,0.0104114385
15484.0,1.0,551.0,372.19,-1.0,0.0,357.0,1,0.99567163
15485.0,4.0,555.0,893.325,0.45346067385601346,95.7601169589929,153.0,1,0.9799748
15486.0,0.0,344.0,0.0,-1.0,,344.0,1,0.99624145
15487.0,0.0,496.0,0.0,-1.0,,496.0,1,0.99624145
15488.0,3.0,400.0,100.87333333333332,-0.09630064591896657,38.21866908549625,273.0,1,0.9814177
15489.0,5.0,510.0,283.918,0.16906935032658127,47.35820942561068,28.0,0,0.0076321815
15490.0,0.0,247.0,0.0,1.0,,247.0,1,0.9948598
15491.0,1.0,52.0,622.47,1.0,8.5,35.0,0,0.005342379
15493.0,5.0,471.0,563.884,0.25864727236988394,41.01511916354749,66.0,0,0.0072584297
15494.0,2.0,546.0,781.53,-1.0,83.0,295.0,1,0.9949321
15495.0,0.0,196.0,0.0,1.0,,196.0,1,0.9948598
15496.0,0.0,448.0,0.0,-1.0,,448.0,1,0.99624145
15497.0,7.0,538.0,1156.2557142857142,-0.2884640900620264,31.079883907014022,136.0,1,0.9798707
15498.0,22.0,540.0,747.6959090909091,0.1831342246035066,19.176134593056922,6.0,0,0.0057805316
15499.0,0.0,540.0,0.0,-1.0,,540.0,1,0.99624145
15501.0,1.0,232.0,166.1,1.0,0.0,221.0,1,0.9876917
15502.0,4.0,371.0,1140.6475,0.4602624419907186,47.613443479756846,92.0,0,0.0089891115
15503.0,1.0,543.0,147.09,0.101179112857945,0.0,179.0,1,0.9892971
15504.0,2.0,482.0,106.03,-1.0,13.0,337.0,1,0.99567163
15506.0,2.0,294.0,432.195,0.629740660086541,11.5,198.0,1,0.98466957
15508.0,3.0,52.0,229.61666666666665,1.0,10.684568311354464,6.0,0,0.0055754976
15509.0,0.0,197.0,0.0,1.0,,197.0,1,0.9948598
15510.0,0.0,147.0,0.0,1.0,,147.0,1,0.9948598
15512.0,2.0,493.0,136.39,0.7498235935595613,127.5,176.0,1,0.98399484
15513.0,20.0,512.0,889.4145000000001,0.3214918431060252,19.967531944674363,16.0,0,0.0057805316
15514.0,10.0,552.0,448.497,0.2940555084956899,42.62791208690486,42.0,0,0.0059375954
15515.0,0.0,204.0,0.0,1.0,,204.0,1,0.9948598
15517.0,0.0,50.0,0.0,1.0,,50.0,0,0.00557618
15518.0,9.0,536.0,335.6011111111111,-0.15518709827637972,43.55330067859381,32.0,0,0.006880212
15519.0,1.0,263.0,197.5,1.0,0.0,200.0,1,0.9876917
15521.0,8.0,520.0,653.99375,0.13757033279143321,43.0625146187407,29.0,0,0.0065561603
15523.0,13.0,554.0,1234.6292307692308,-0.0030068480137455393,20.6906268831161,205.0,1,0.96032906
15524.0,0.0,423.0,0.0,-1.0,,423.0,1,0.99624145
15525.0,1.0,199.0,627.86,1.0,0.0,190.0,1,0.9838704
15527.0,13.0,541.0,288.24538461538464,-0.18169614714280422,27.128299553753838,36.0,0,0.007295581
15528.0,0.0,71.0,0.0,1.0,,71.0,0,0.00557618
15529.0,7.0,211.0,317.90285714285716,1.0,15.690891677423977,27.0,0,0.007917132
15530.0,1.0,329.0,553.13,0.279652978600347,0.0,63.0,0,0.019909555
15532.0,6.0,366.0,356.1716666666666,0.10913128014608149,16.986923074987875,175.0,1,0.9715949
15534.0,0.0,542.0,0.0,-1.0,,542.0,1,0.99624145
15535.0,3.0,266.0,245.94333333333336,1.0,34.86671048435743,53.0,0,0.010781862
15536.0,0.0,226.0,0.0,1.0,,226.0,1,0.9948598
15538.0,5.0,480.0,562.5,-1.0,22.7806935803105,354.0,1,0.9951389
15540.0,0.0,192.0,0.0,1.0,,192.0,1,0.9948598
15542.0,1.0,554.0,377.72,-1.0,112.5,329.0,1,0.9946694
15543.0,1.0,276.0,127.86,1.0,0.0,105.0,0,0.019160364
15544.0,14.0,497.0,422.28357142857146,-0.18417490302249814,26.688681389040454,28.0,0,0.007295581
15545.0,0.0,188.0,0.0,1.0,,188.0,1,0.9948598
15546.0,0.0,423.0,0.0,-1.0,0.0,423.0,1,0.99624145
15547.0,16.0,550.0,429.8825,0.03192718101959294,19.726603582190446,11.0,0,0.0057805316
15548.0,0.0,412.0,0.0,-1.0,,412.0,1,0.99624145
15549.0,5.0,514.0,264.71999999999997,0.3805492851768246,37.08584635679763,133.0,1,0.9697165
15550.0,6.0,553.0,270.12000000000006,0.026697434688136883,60.065459084235755,118.0,0,0.007084585
15551.0,3.0,367.0,328.9666666666667,0.5492692422410951,39.94696484089874,211.0,1,0.9798456
15552.0,1.0,440.0,90.12,-0.2862347536828766,0.0,34.0,0,0.020275377
15554.0,0.0,94.0,0.0,1.0,,94.0,0,0.00557618
15555.0,21.0,550.0,387.2190476190476,-0.12842245733179625,27.774635911205028,7.0,0,0.006660206
15558.0,0.0,456.0,0.0,-1.0,,456.0,1,0.99624145
15559.0,0.0,385.0,0.0,-1.0,,385.0,1,0.99624145
15560.0,0.0,214.0,0.0,1.0,0.0,214.0,1,0.9947978
15561.0,4.0,480.0,265.82,-0.47704619341931326,55.46845950628159,32.0,0,0.013450022
15562.0,2.0,543.0,156.435,-0.07074757195045901,114.5,168.0,1,0.9848231
15563.0,4.0,497.0,443.345,-0.3319165554132723,37.09700122651425,17.0,0,0.015111164
15564.0,1.0,493.0,35.7,-1.0,0.0,280.0,1,0.99580425
15566.0,1.0,541.0,89.65,-0.21314784745688328,0.0,209.0,1,0.9892461
15569.0,5.0,466.0,447.988,-0.120881583264643,36.676968249843114,149.0,1,0.9761727
15570.0,18.0,438.0,384.9183333333333,0.26961493637024925,18.61148838755246,23.0,0,0.0057805316
15571.0,8.0,550.0,410.3675,0.5493414089145008,46.874405346022364,203.0,1,0.9651393
15572.0,4.0,421.0,508.18499999999995,0.6997219725317222,67.5621195641463,65.0,0,0.009606467
15573.0,2.0,546.0,160.825,-1.0,21.0,435.0,1,0.99567163
15574.0,3.0,281.0,417.8766666666666,0.7824968007962462,20.112185361118765,175.0,1,0.98193294
15575.0,0.0,436.0,0.0,-1.0,,436.0,1,0.99624145
15577.0,2.0,543.0,21.924999999999997,-0.6485925925925925,207.5,122.0,1,0.991323
15579.0,3.0,249.0,162.6233333333333,1.0,26.280537792569366,130.0,1,0.98058206
15580.0,7.0,487.0,183.07142857142856,0.020554739029387772,16.08776947033405,193.0,1,0.97301054
15581.0,23.0,554.0,181.62608695652176,-0.4414792464311975,25.229188784052347,43.0,0,0.011249837
15582.0,0.0,37.0,0.0,1.0,,37.0,0,0.00557618
15583.0,0.0,193.0,0.0,1.0,,193.0,1,0.9948598
15584.0,1.0,487.0,195.35,-0.29270986078676303,0.0,216.0,1,0.9895321
15586.0,2.0,517.0,229.44,-1.0,13.0,409.0,1,0.99567163
15587.0,3.0,308.0,257.04,0.6178247734138972,27.27636339397171,168.0,1,0.98168635
15588.0,0.0,494.0,0.0,-1.0,,494.0,1,0.99624145
15589.0,1.0,127.0,293.58,1.0,27.0,72.0,0,0.009697256
15590.0,3.0,423.0,371.8666666666666,0.07154884404650544,64.36759666167443,199.0,1,0.97814494
15591.0,2.0,490.0,88.3,-1.0,12.0,399.0,1,0.99567163
15594.0,0.0,51.0,0.0,1.0,,51.0,0,0.00557618
15595.0,0.0,304.0,0.0,-1.0,,304.0,1,0.99624145
15596.0,7.0,316.0,360.6557142857143,0.621893008345272,19.804143042117552,31.0,0,0.007332376
15597.0,0.0,392.0,0.0,-1.0,,392.0,1,0.99624145
15598.0,0.0,244.0,0.0,1.0,,244.0,1,0.9948598
15599.0,1.0,262.0,448.83,1.0,0.0,21.0,0,0.018909086
15600.0,3.0,410.0,290.2766666666667,-0.17324128040289832,27.475241379993168,245.0,1,0.98659736
15601.0,21.0,555.0,615.6761904761905,0.05174313629210917,17.18278975861862,20.0,0,0.0057805316
15602.0,11.0,554.0,201.2990909090909,0.4942135006200542,38.97742512559658,17.0,0,0.0060053263
15603.0,0.0,465.0,0.0,-1.0,,465.0,1,0.99624145
15605.0,6.0,511.0,216.84166666666667,0.23888713910761158,66.28578697998203,69.0,0,0.0070085856
15606.0,13.0,464.0,295.02153846153846,0.4164624212627925,20.99506845447959,39.0,0,0.005846484
15607.0,8.0,517.0,168.15375,-0.8773998373289175,64.08478271009429,153.0,1,0.98511744
15608.0,0.0,232.0,0.0,1.0,,232.0,1,0.9948598
15609.0,0.0,1.0,0.0,1.0,,1.0,0,0.00557618
15611.0,15.0,500.0,110.49866666666668,-0.20622657010876363,19.401091303068494,8.0,0,0.00766458
15613.0,0.0,427.0,0.0,-1.0,,427.0,1,0.99624145
15614.0,2.0,443.0,909.69,-0.23154643892023782,51.44144459696114,254.0,1,0.98558235
15615.0,29.0,554.0,536.3134482758621,0.02556588926161022,12.175385004179539,0.0,0,0.0059138495
15616.0,0.0,255.0,0.0,1.0,,255.0,1,0.9948598
15617.0,2.0,324.0,311.70000000000005,0.5047975378673587,36.0,213.0,1,0.98324513
15620.0,2.0,226.0,437.505,1.0,43.0,37.0,0,0.010764528
15622.0,7.0,462.0,756.472857142857,-0.1353955863929845,47.17778137593538,14.0,0,0.0075645475
15623.0,6.0,546.0,304.80333333333334,-0.7272497448525763,15.250683044812561,210.0,1,0.9890259
15624.0,1.0,73.0,127.5,1.0,0.0,23.0,0,0.0052788644
15625.0,5.0,359.0,377.868,0.033305943348613296,51.64494166905409,52.0,0,0.007144047
15626.0,1.0,238.0,281.88,1.0,0.0,146.0,1,0.9876917
15627.0,1.0,339.0,286.74,0.011606985358969805,0.0,274.0,1,0.98888373
15628.0,9.0,543.0,354.0833333333333,-0.06272620737511629,27.013485429720625,72.0,0,0.0061287414
15629.0,2.0,349.0,532.3499999999999,-0.46992726136820023,19.938795238317574,267.0,1,0.98939425
15630.0,1.0,461.0,396.86,0.14714341460594585,0.0,21.0,0,0.019909555
15631.0,0.0,459.0,0.0,-1.0,,459.0,1,0.99624145
15632.0,2.0,91.0,423.935,1.0,3.5,42.0,0,0.005222459
15633.0,12.0,548.0,346.71416666666664,-1.0,10.012145402238001,326.0,1,0.99405956
15634.0,0.0,200.0,0.0,1.0,,200.0,1,0.9948598
15635.0,0.0,212.0,0.0,1.0,,212.0,1,0.9948598
15636.0,2.0,386.0,318.78999999999996,0.24221642052760778,11.0,99.0,0,0.016025223
15637.0,3.0,541.0,95.11666666666667,-0.615310938125838,27.58018612458347,230.0,1,0.98998696
15638.0,4.0,427.0,509.45,0.49196538936959217,57.609027070416666,195.0,1,0.9760636
15639.0,1.0,422.0,245.52,-0.23246217331499314,0.0,268.0,1,0.98888373
15640.0,17.0,542.0,984.1847058823528,0.11569696283238787,20.631855694235433,2.0,0,0.0057805316
15641.0,10.0,550.0,461.333,-0.05023164621000769,23.882210952924773,77.0,0,0.006119883
15642.0,0.0,546.0,0.0,-1.0,,546.0,1,0.99624145
15643.0,1.0,99.0,326.9,1.0,45.0,8.0,0,0.004696065
15644.0,1.0,78.0,184.57,1.0,2.0,73.0,0,0.0052788644
15645.0,1.0,242.0,17.700000000000003,1.0,0.0,231.0,1,0.993755
15646.0,3.0,227.0,258.53333333333336,1.0,50.02888054802834,63.0,0,0.007736783
15647.0,0.0,232.0,0.0,1.0,,232.0,1,0.9948598
15648.0,1.0,84.0,340.5,1.0,0.0,21.0,0,0.0052788644
15649.0,3.0,204.0,544.0,1.0,10.338708279513881,153.0,1,0.98012376
15650.0,1.0,445.0,194.8,-1.0,0.0,338.0,1,0.99558556
15651.0,2.0,413.0,274.40999999999997,0.3065898485858489,8.5,77.0,0,0.016958572
15652.0,3.0,302.0,322.71999999999997,0.7885830408276373,18.83259585576738,204.0,1,0.98213434
15655.0,0.0,60.0,0.0,1.0,,60.0,0,0.00557618
15656.0,1.0,101.0,63.91,1.0,0.0,37.0,0,0.0052788644
15658.0,7.0,553.0,300.26000000000005,0.4368653212129715,67.86932221526294,7.0,0,0.00686279
15659.0,1.0,470.0,117.6,0.04052380109715093,0.0,203.0,1,0.98869306
15660.0,8.0,489.0,230.26875,0.418291776644543,28.028204489648996,21.0,0,0.0068690586
15661.0,7.0,395.0,127.85714285714286,0.09215017064846423,17.291026338443146,134.0,1,0.9716584
15662.0,1.0,555.0,177.88000000000002,-1.0,0.0,478.0,1,0.99567163
15664.0,2.0,466.0,228.56,-0.19578748077150637,32.5,266.0,1,0.9874472
15665.0,3.0,452.0,885.9666666666667,0.222572037927819,47.72374205314956,60.0,0,0.010720997
15666.0,1.0,312.0,226.68,-1.0,0.0,289.0,1,0.99558556
15668.0,0.0,34.0,0.0,1.0,,34.0,0,0.00557618
15669.0,0.0,80.0,0.0,1.0,,80.0,0,0.00557618
15670.0,1.0,373.0,173.05,0.06426814268142682,0.0,113.0,0,0.020371089
15671.0,2.0,87.0,338.47,1.0,11.5,59.0,0,0.0052852985
15672.0,0.0,542.0,0.0,-1.0,,542.0,1,0.99624145
15673.0,6.0,472.0,763.6566666666666,-0.11753736253407271,33.10798829420007,31.0,0,0.008936604
15674.0,10.0,548.0,508.412,-0.2397585539197127,42.71170799675424,32.0,0,0.008608155
15675.0,1.0,221.0,45.0,1.0,0.0,97.0,0,0.017137278
15676.0,0.0,100.0,0.0,1.0,,100.0,0,0.00557618
15677.0,1.0,280.0,307.75,-0.050740283775447224,0.0,238.0,1,0.9889839
15678.0,1.0,339.0,809.71,0.05075947806565058,0.0,212.0,1,0.98858184
15680.0,7.0,554.0,477.32714285714286,-0.10154156138184788,25.393233873034212,183.0,1,0.9739707
15681.0,6.0,381.0,248.78666666666663,0.26451639936728083,33.94694480698366,97.0,0,0.0067709307
15682.0,1.0,504.0,190.76,-1.0,0.0,416.0,1,0.99567163
15683.0,0.0,290.0,0.0,-1.0,,290.0,1,0.99624145
15684.0,2.0,552.0,32.275,-1.0,60.5,364.0,1,0.9961683
15685.0,0.0,267.0,0.0,1.0,,267.0,1,0.9948598
15686.0,0.0,237.0,0.0,1.0,,237.0,1,0.9948598
15687.0,4.0,147.0,331.4875,1.0,26.45160675649024,3.0,0,0.009367056
15688.0,0.0,235.0,0.0,1.0,,235.0,1,0.9948598
15689.0,1.0,434.0,103.5,-0.4411899684150852,0.0,178.0,1,0.9885274
15691.0,3.0,550.0,136.5,-0.2585331699632417,24.752104287649296,69.0,0,0.020915207
15693.0,0.0,476.0,0.0,-1.0,,476.0,1,0.99624145
15694.0,16.0,549.0,435.015,0.49379826211959094,33.039748788391236,4.0,0,0.0057805316
15695.0,2.0,498.0,391.215,-0.27503890224925726,140.15784752279205,83.0,0,0.015306154
15696.0,10.0,501.0,264.536,0.4180789954451729,36.26692708239837,37.0,0,0.0059603285
15697.0,0.0,506.0,0.0,-1.0,,506.0,1,0.99624145
15698.0,0.0,441.0,0.0,-1.0,,441.0,1,0.99624145
15702.0,0.0,293.0,0.0,-1.0,,293.0,1,0.99624145
15703.0,0.0,81.0,0.0,1.0,,81.0,0,0.00557618
15704.0,3.0,400.0,730.1633333333334,-0.005614086012283693,111.25446308151217,4.0,0,0.010511183
15705.0,0.0,18.0,0.0,1.0,,18.0,0,0.00557618
15708.0,6.0,242.0,454.40166666666664,1.0,13.960261060914616,39.0,0,0.008116735
15709.0,1.0,406.0,133.25,-0.18712825987494278,0.0,100.0,0,0.020275377
15710.0,0.0,234.0,0.0,1.0,,234.0,1,0.9948598
15711.0,1.0,501.0,313.6,-1.0,0.0,373.0,1,0.99567163
15712.0,7.0,555.0,349.1928571428571,-0.1786951126914458,34.45671641527162,104.0,0,0.0077946917
15713.0,2.0,540.0,290.69,-0.17042314962919883,74.5,183.0,1,0.985089
15714.0,2.0,372.0,92.465,-0.3217897032582116,45.5,270.0,1,0.9864515
15715.0,2.0,436.0,149.03500000000005,-1.0,16.857861667483217,372.0,1,0.99558556
15716.0,9.0,549.0,291.52777777777777,0.17264052545526296,31.365625597711304,18.0,0,0.0063645327
15717.0,4.0,409.0,133.375,-0.004612850082372248,57.08327250605032,51.0,0,0.009809164
15718.0,0.0,357.0,0.0,-1.0,,357.0,1,0.99624145
15719.0,24.0,555.0,301.13,0.03376860349399284,9.515247267178902,16.0,0,0.005981314
15720.0,0.0,367.0,0.0,-1.0,,367.0,1,0.99624145
15722.0,6.0,457.0,553.015,-0.19592558437702795,59.383568125074014,4.0,0,0.00886933
15723.0,3.0,391.0,235.58,0.4915633408959004,38.79289740260308,181.0,1,0.9798456
15724.0,2.0,217.0,109.125,1.0,16.5,18.0,0,0.012195213
15726.0,0.0,207.0,0.0,1.0,,207.0,1,0.9948598
15727.0,10.0,501.0,656.67,0.022837622482181425,35.891480146511626,15.0,0,0.005893099
15728.0,1.0,261.0,297.0,1.0,0.0,196.0,1,0.9876917
15729.0,2.0,220.0,58.85,1.0,92.0,29.0,0,0.009261811
15730.0,2.0,248.0,392.465,1.0,63.0,23.0,0,0.009519855
15731.0,0.0,370.0,0.0,-1.0,,370.0,1,0.99624145
15732.0,8.0,490.0,181.33375,-0.486085596913327,56.58578105216849,29.0,0,0.010796702
15733.0,0.0,99.0,0.0,1.0,,99.0,0,0.00557618
15734.0,2.0,364.0,595.9250000000001,0.5864891846921796,63.0,17.0,0,0.013386115
15735.0,0.0,238.0,0.0,1.0,,238.0,1,0.9948598
15736.0,0.0,252.0,0.0,1.0,0.0,252.0,1,0.9947978
15737.0,2.0,59.0,126.925,1.0,24.30820620467271,3.0,0,0.0050825486
15738.0,30.0,546.0,373.586,-0.18407152200988544,11.34291693991816,0.0,0,0.007360089
15741.0,1.0,435.0,145.47,0.39459303997699163,0.0,275.0,1,0.9879637
15742.0,0.0,436.0,0.0,-1.0,,436.0,1,0.99624145
15743.0,0.0,1.0,0.0,1.0,,1.0,0,0.00557618
15745.0,0.0,53.0,0.0,1.0,,53.0,0,0.00557618
15747.0,5.0,507.0,272.498,-0.0666448441050757,24.08817137102773,192.0,1,0.9755703
15748.0,0.0,266.0,0.0,1.0,0.0,266.0,1,0.9947978
15749.0,1.0,149.0,21535.9,1.0,48.5,52.0,0,0.008546682
15750.0,11.0,555.0,429.2872727272727,0.2903112283284927,44.23296910174079,100.0,0,0.0059375954
15751.0,6.0,550.0,183.58333333333337,-0.6776824780504767,30.558141304732523,277.0,1,0.98807436
15752.0,4.0,274.0,499.6525,1.0,27.681221071332818,66.0,0,0.010829926
15753.0,0.0,121.0,0.0,1.0,,121.0,1,0.99070215
15754.0,6.0,472.0,208.415,-0.9312575818843508,89.49984481674939,63.0,0,0.01723844
15755.0,12.0,552.0,328.40416666666664,-0.27360692771084333,17.38833421195563,52.0,0,0.009157128
15756.0,1.0,66.0,125.53,1.0,0.0,30.0,0,0.0052788644
15757.0,4.0,364.0,489.5575,-0.018349214007156393,50.59150126256385,34.0,0,0.009002229
15759.0,6.0,554.0,117.53333333333336,-0.39094749256856787,53.4864988156409,35.0,0,0.014874286
15761.0,0.0,259.0,0.0,1.0,,259.0,1,0.9948598
15764.0,3.0,295.0,684.2400000000001,0.40711467869469403,58.28110757355251,1.0,0,0.009215076
15765.0,0.0,483.0,0.0,-1.0,,483.0,1,0.99624145
15766.0,1.0,499.0,314.4,0.21860465116279065,0.0,273.0,1,0.9889959
15768.0,31.0,553.0,482.40258064516127,-0.9380078546241173,42.33160573082481,20.0,0,0.018334864
15769.0,29.0,545.0,2012.4593103448276,0.1599984885978629,14.078151012739564,14.0,0,0.0059138495
15770.0,0.0,429.0,0.0,-1.0,,429.0,1,0.99624145
15771.0,2.0,510.0,345.145,-1.0,36.5,421.0,1,0.99567163
15772.0,0.0,235.0,0.0,1.0,,235.0,1,0.9948598
15773.0,0.0,226.0,0.0,1.0,,226.0,1,0.9948598
15774.0,4.0,473.0,207.71499999999995,-0.31486260386240544,18.45772196128222,235.0,1,0.98867387
15775.0,1.0,448.0,104.9,0.3940199335548173,0.0,62.0,0,0.019147266
15777.0,5.0,385.0,350.662,0.9894474671084358,49.069395304563876,58.0,0,0.007214896
15778.0,0.0,248.0,0.0,1.0,,248.0,1,0.9948598
15779.0,1.0,349.0,56.7,-1.0,0.0,280.0,1,0.99558556
15780.0,2.0,174.0,149.065,1.0,27.5,0.0,0,0.010324293
15781.0,0.0,122.0,0.0,1.0,,122.0,1,0.99070215
15782.0,0.0,247.0,0.0,1.0,,247.0,1,0.9948598
15784.0,1.0,489.0,382.14,-1.0,0.0,284.0,1,0.99567163
15785.0,9.0,541.0,516.4933333333333,0.07136477744520617,30.649791552671644,14.0,0,0.0060596243
15786.0,1.0,353.0,1795.91,0.0025679530622840395,0.0,234.0,1,0.98888373
15788.0,0.0,325.0,0.0,-1.0,,325.0,1,0.99624145
15789.0,4.0,440.0,394.565,-0.331736331619105,28.378865375486736,175.0,1,0.98827213
15791.0,3.0,458.0,970.52,-0.2399616016701409,126.87351531698367,21.0,0,0.0122014405
15792.0,1.0,435.0,457.0,-0.02124560952625715,0.0,216.0,1,0.98888373
15793.0,5.0,555.0,289.804,0.08930253935424563,38.969731844086375,85.0,0,0.008149952
15794.0,1.0,554.0,102.0,-1.0,0.0,553.0,1,0.99567163
15795.0,5.0,507.0,251.382,-0.4401179682595301,51.495684824609874,247.0,1,0.98356783
15796.0,12.0,435.0,295.2825,0.2687365849848782,25.889052813024186,4.0,0,0.005846484
15797.0,3.0,498.0,712.7333333333332,0.496752607754379,85.42182911228774,31.0,0,0.011514183
15798.0,2.0,498.0,584.5450000000001,-1.0,59.0,309.0,1,0.9954541
15799.0,2.0,235.0,240.62,1.0,32.5,2.0,0,0.012570967
15800.0,2.0,435.0,210.21,0.06705583756345182,91.79629622157967,63.0,0,0.013709471
15803.0,2.0,493.0,455.02,-0.32764360830735084,97.0,262.0,1,0.98505545
15804.0,0.0,15.0,0.0,1.0,,15.0,0,0.00557618
15805.0,14.0,546.0,479.04785714285714,0.29028657858542306,29.289934738887865,2.0,0,0.0057805316
15806.0,0.0,93.0,0.0,1.0,,93.0,0,0.00557618
15807.0,1.0,483.0,511.68,0.12011558415971631,0.0,225.0,1,0.98880273
15808.0,20.0,555.0,875.6695,-0.2548890734511213,10.007372282472556,123.0,1,0.972976
15809.0,5.0,352.0,197.666,0.7071371817459494,46.735853474607694,1.0,0,0.007214896
15810.0,5.0,490.0,429.50200000000007,0.058159094418124675,40.42573437799244,49.0,0,0.0073981555
15811.0,4.0,205.0,396.1725,1.0,33.08322837934654,22.0,0,0.008893583
15812.0,9.0,541.0,462.6477777777778,-0.3657855451167906,25.438378704451882,6.0,0,0.010809986
15813.0,1.0,56.0,533.26,1.0,0.0,24.0,0,0.0052788644
15814.0,1.0,420.0,395.03,0.14649330295598673,0.0,210.0,1,0.98831475
15815.0,2.0,76.0,483.54,1.0,9.5,29.0,0,0.0052852985
15816.0,0.0,359.0,0.0,-1.0,0.0,359.0,1,0.99624145
15817.0,2.0,360.0,930.075,-0.5652906304222093,10.5,237.0,1,0.9894599
15818.0,0.0,405.0,0.0,-1.0,,405.0,1,0.99624145
15819.0,5.0,448.0,536.232,0.09046056735111398,51.69376072563481,16.0,0,0.0072690407
15820.0,0.0,136.0,0.0,1.0,,136.0,1,0.9944782
15822.0,4.0,550.0,230.1175,-0.36879386861104546,49.19857721520003,176.0,1,0.98652333
15823.0,1.0,548.0,70.80000000000001,-1.0,0.0,546.0,1,0.99567163
15824.0,1.0,349.0,496.14,0.11374503333557812,0.0,270.0,1,0.98858184
15826.0,1.0,385.0,720.0,-0.1345997824480009,0.0,27.0,0,0.020919112
15827.0,17.0,517.0,155.37470588235294,-0.08820874874114448,21.063069400303068,32.0,0,0.005970247
15828.0,0.0,192.0,0.0,1.0,,192.0,1,0.9948598
15831.0,0.0,141.0,0.0,1.0,,141.0,1,0.9944782
15832.0,0.0,71.0,0.0,1.0,,71.0,0,0.00557618
15833.0,0.0,554.0,0.0,-1.0,,554.0,1,0.99624145
15834.0,2.0,241.0,840.7049999999999,1.0,40.86869217383889,94.0,0,0.011455916
15835.0,1.0,147.0,187.2,1.0,0.0,77.0,0,0.011584109
15837.0,0.0,302.0,0.0,-1.0,,302.0,1,0.99624145
15838.0,20.0,541.0,2411.6899999999996,0.6772142962683259,23.069253914907524,7.0,0,0.0057805316
15841.0,6.0,546.0,306.9483333333333,0.13721553192188068,60.222965350068534,35.0,0,0.007031554
15842.0,1.0,344.0,376.25,0.37117346938775514,0.0,210.0,1,0.98831475
15843.0,0.0,120.0,0.0,1.0,,120.0,1,0.99070215
15845.0,5.0,499.0,407.126,0.36535105055358913,54.6091567413378,27.0,0,0.007408969
15846.0,0.0,202.0,0.0,1.0,,202.0,1,0.9948598
15847.0,3.0,458.0,177.78666666666666,0.7373855825922668,76.2641607979936,105.0,0,0.010836068
15848.0,0.0,438.0,0.0,-1.0,,438.0,1,0.99624145
15850.0,3.0,543.0,237.74,0.42334760388842135,76.29329372013419,193.0,1,0.9808574
15851.0,0.0,343.0,0.0,-1.0,,343.0,1,0.99624145
15852.0,2.0,343.0,80.355,0.24939749669594957,159.5,3.0,0,0.012269739
15854.0,14.0,546.0,257.23928571428576,0.1334931025026528,29.99158045117302,21.0,0,0.005846484
15855.0,4.0,293.0,118.6725,0.16464050443465778,80.53376621020527,0.0,0,0.009260914
15856.0,30.0,553.0,793.9876666666667,0.1574326746390315,12.813833772041061,20.0,0,0.0059138495
15857.0,0.0,247.0,0.0,1.0,,247.0,1,0.9948598
15858.0,9.0,546.0,343.25,-0.025813874058494696,22.34466268748051,106.0,0,0.0061287414
15859.0,0.0,249.0,0.0,1.0,,249.0,1,0.9948598
15860.0,11.0,550.0,158.28272727272727,0.34527382616561136,43.48135346529077,49.0,0,0.0060053263
15861.0,4.0,497.0,384.215,0.05801774829412341,67.55027757159847,84.0,0,0.010294527
15862.0,7.0,539.0,285.70714285714286,-0.23732891173724563,56.17686356499444,21.0,0,0.009195935
15863.0,3.0,539.0,52.71999999999999,-0.9384738848391628,175.64421108846398,9.0,0,0.04227465
15864.0,1.0,198.0,242.42,1.0,0.0,133.0,1,0.9838704
15865.0,2.0,520.0,476.835,0.1436811934857171,45.5,30.0,0,0.015419354
15867.0,23.0,542.0,275.30304347826086,-0.10467564533908595,13.805129380857764,13.0,0,0.006941546
15868.0,0.0,400.0,0.0,-1.0,,400.0,1,0.99624145
15869.0,1.0,443.0,149.64,-0.07532595934004828,174.5,94.0,0,0.013886862
15870.0,1.0,263.0,138.28,1.0,24.5,213.0,1,0.9834472
15871.0,0.0,254.0,0.0,1.0,,254.0,1,0.9948598
15872.0,1.0,367.0,313.21,0.44087406555491654,0.0,195.0,1,0.98774403
15873.0,1.0,317.0,138.24,-1.0,0.4714045207910317,316.0,1,0.99558556
15874.0,13.0,518.0,648.2446153846154,0.05615770520522737,29.333806814360493,34.0,0,0.0057805316
15875.0,0.0,463.0,0.0,-1.0,,463.0,1,0.99624145
15876.0,1.0,265.0,718.34,1.0,0.0,226.0,1,0.9876917
15878.0,1.0,550.0,118.64,-1.0,0.0,378.0,1,0.99567163
15879.0,3.0,539.0,341.32,-0.2667761168236413,43.56604182158393,221.0,1,0.9863643
15880.0,0.0,186.0,0.0,1.0,,186.0,1,0.9948598
15881.0,2.0,181.0,193.47000000000003,1.0,20.94486810653149,129.0,1,0.97804284
15882.0,5.0,546.0,261.958,0.3728929476606187,69.02144002897555,15.0,0,0.007668371
15884.0,1.0,553.0,7.9,-0.9367240688826591,0.0,249.0,1,0.9951066
15885.0,11.0,504.0,130.84727272727272,-0.2983777114984706,16.992463083758416,200.0,1,0.9772575
15886.0,1.0,415.0,577.41,0.32466906788409927,90.5,233.0,1,0.98265797
15887.0,2.0,372.0,292.5,0.1390741371756803,21.0,223.0,1,0.9846978
15888.0,1.0,343.0,179.1,0.3732029902242668,0.0,217.0,1,0.9879637
15889.0,6.0,546.0,226.79833333333332,0.04359478075281327,74.51565830973604,186.0,1,0.96773607
15890.0,2.0,421.0,136.22500000000002,-0.07140856902828334,86.5054189054073,211.0,1,0.98301435
15891.0,0.0,43.0,0.0,1.0,,43.0,0,0.00557618
15892.0,0.0,486.0,0.0,-1.0,,486.0,1,0.99624145
15893.0,0.0,298.0,0.0,-1.0,,298.0,1,0.99624145
15894.0,1.0,186.0,106.81,1.0,0.0,70.0,0,0.011584109
15897.0,0.0,11.0,0.0,1.0,0.0,11.0,0,0.005509901
15898.0,22.0,545.0,218.2068181818182,-0.19023099216965936,22.179538928254196,43.0,0,0.007295581
15899.0,0.0,185.0,0.0,1.0,,185.0,1,0.9948598
15900.0,2.0,379.0,206.535,0.5040142729705621,70.5,230.0,1,0.98205984
15901.0,2.0,360.0,58.900000000000006,-0.4345080717907244,34.5,268.0,1,0.9878477
15902.0,0.0,197.0,0.0,1.0,,197.0,1,0.9948598
15903.0,6.0,511.0,735.82,0.8409776596508872,65.81961882465002,44.0,0,0.0068633547
15905.0,0.0,360.0,0.0,-1.0,,360.0,1,0.99624145
15906.0,4.0,267.0,387.99,1.0,39.48366750949055,36.0,0,0.009042829
15907.0,0.0,27.0,0.0,1.0,,27.0,0,0.00557618
15908.0,1.0,329.0,575.2,-1.0,0.0,307.0,1,0.99558556
15910.0,10.0,504.0,189.585,-0.02702189248236445,15.544774041458435,24.0,0,0.0061729546
15911.0,6.0,547.0,236.43833333333336,-1.0,11.319118736880174,440.0,1,0.99541795
15912.0,4.0,546.0,128.945,-0.3766512185125634,75.11840992861923,50.0,0,0.014706246
15913.0,0.0,351.0,0.0,-1.0,,351.0,1,0.99624145
15914.0,0.0,195.0,0.0,1.0,0.0,195.0,1,0.9947978
15915.0,0.0,218.0,0.0,1.0,,218.0,1,0.9948598
15916.0,8.0,546.0,292.84875,0.19515506203573282,44.83990726964784,8.0,0,0.006630903
15917.0,3.0,554.0,151.32,-0.5608511852737098,143.24629140051061,64.0,0,0.014523468
15918.0,2.0,448.0,167.115,0.14682267362064236,140.0,7.0,0,0.013754392
15919.0,0.0,185.0,0.0,1.0,,185.0,1,0.9948598
15920.0,3.0,542.0,94.18333333333334,-0.3215222447666651,43.87482193696061,241.0,1,0.98667055
15921.0,2.0,457.0,178.125,0.5610279780031987,101.5,213.0,1,0.9828514
15922.0,0.0,190.0,0.0,1.0,,190.0,1,0.9948598
15923.0,0.0,189.0,0.0,1.0,,189.0,1,0.9948598
15924.0,0.0,548.0,0.0,-1.0,,548.0,1,0.99624145
15925.0,0.0,11.0,0.0,1.0,,11.0,0,0.00557618
15926.0,0.0,359.0,0.0,-1.0,,359.0,1,0.99624145
15927.0,0.0,464.0,0.0,-1.0,,464.0,1,0.99624145
15928.0,0.0,473.0,0.0,-1.0,,473.0,1,0.99624145
15929.0,0.0,461.0,0.0,-1.0,,461.0,1,0.99624145
15931.0,0.0,245.0,0.0,1.0,,245.0,1,0.9948598
15932.0,3.0,106.0,318.50666666666666,1.0,3.8586123009300755,31.0,0,0.005509227
15934.0,1.0,246.0,579.9,1.0,0.0,234.0,1,0.9876917
15935.0,0.0,56.0,0.0,1.0,,56.0,0,0.00557618
15936.0,1.0,284.0,111.17,-0.2137628629017999,0.0,196.0,1,0.9886308
15938.0,7.0,373.0,79.04142857142857,0.16935374814057974,36.157817344276204,18.0,0,0.006934716
15939.0,8.0,191.0,577.16875,1.0,9.971835337589566,13.0,0,0.0076748286
15940.0,0.0,128.0,0.0,1.0,,128.0,1,0.9936521
15941.0,0.0,454.0,0.0,-1.0,,454.0,1,0.99624145
15943.0,1.0,494.0,145.59,-1.0,0.0,466.0,1,0.99567163
15944.0,3.0,543.0,525.2800000000001,-0.11300040660924852,65.4488774201327,93.0,0,0.012259612
15945.0,3.0,555.0,234.14666666666668,0.15065214500707153,90.68994799131085,182.0,1,0.9809837
15946.0,1.0,450.0,1149.16,-1.0,65.5,319.0,1,0.99481934
15948.0,0.0,241.0,0.0,1.0,,241.0,1,0.9948598
15950.0,6.0,499.0,881.2266666666666,-0.06353161009031441,28.889155981671276,176.0,1,0.9722425
15951.0,1.0,198.0,375.17,1.0,0.0,102.0,0,0.014438975
15952.0,0.0,42.0,0.0,1.0,,42.0,0,0.00557618
15953.0,13.0,553.0,189.54692307692304,0.37380610723087393,30.998759280382124,28.0,0,0.005846484
15954.0,0.0,406.0,0.0,-1.0,,406.0,1,0.99624145
15955.0,10.0,471.0,529.844,0.22477196486465587,41.73775269465284,20.0,0,0.005893099
15956.0,1.0,543.0,291.2,-1.0,0.0,368.0,1,0.99567163
15957.0,0.0,237.0,0.0,1.0,0.0,237.0,1,0.9947978
15958.0,2.0,367.0,153.595,0.5808460271716757,59.0,220.0,1,0.98279953
15959.0,0.0,499.0,0.0,-1.0,0.0,499.0,1,0.99624145
15960.0,3.0,252.0,83.35000000000001,1.0,14.83988619303471,191.0,1,0.98216623
15961.0,0.0,196.0,0.0,1.0,,196.0,1,0.9948598
15962.0,0.0,266.0,0.0,1.0,,266.0,1,0.9948598
15964.0,0.0,480.0,0.0,-1.0,,480.0,1,0.99624145
15965.0,8.0,553.0,269.26750000000004,0.04587629753318075,29.974474737724247,184.0,1,0.96765053
15966.0,0.0,267.0,0.0,1.0,,267.0,1,0.9948598
15967.0,9.0,555.0,293.3177777777778,0.04975022974572419,26.276415280627607,135.0,1,0.9638582
15968.0,0.0,205.0,0.0,1.0,,205.0,1,0.9948598
15969.0,2.0,339.0,332.945,0.7303709478334308,72.0,2.0,0,0.011626379
15970.0,1.0,415.0,314.1,-0.3824951834231117,0.0,120.0,1,0.98888373
15971.0,9.0,548.0,289.03333333333336,0.6794172790552334,88.82317015033608,59.0,0,0.006190174
15972.0,3.0,417.0,357.74666666666667,-0.4100327575444547,35.71064267133819,273.0,1,0.987435
15973.0,1.0,245.0,615.64,1.0,0.0,183.0,1,0.9876917
15974.0,3.0,105.0,428.5366666666667,1.0,22.64705033528404,1.0,0,0.0053616758
15976.0,4.0,368.0,327.8075,-0.21714221448937873,63.329988946785704,37.0,0,0.011064534
15978.0,1.0,461.0,1581.52,0.45050994203536576,0.0,249.0,1,0.98774403
15979.0,0.0,419.0,0.0,-1.0,,419.0,1,0.99624145
15980.0,2.0,373.0,1388.6799999999998,-0.6931664984863773,96.52816946363377,71.0,0,0.014236044
15981.0,16.0,437.0,449.718125,-0.3443665866384038,23.775561901877314,27.0,0,0.010152234
15982.0,0.0,422.0,0.0,-1.0,,422.0,1,0.99624145
15983.0,6.0,550.0,557.1283333333333,0.3394455503335564,121.8997766837805,177.0,1,0.969349
15984.0,19.0,555.0,336.0036842105263,-0.21177613060191866,17.37929603164511,50.0,0,0.007620258
15985.0,4.0,378.0,496.13,0.06443836857517277,69.70107603186625,53.0,0,0.009002229
15986.0,0.0,198.0,0.0,1.0,,198.0,1,0.9948598
15987.0,3.0,196.0,209.85333333333332,1.0,60.70625997374571,16.0,0,0.007736783
15988.0,1.0,473.0,340.76,-1.0,0.0,368.0,1,0.99567163
15989.0,1.0,554.0,229.4,0.23164478805938093,0.0,192.0,1,0.9890465
15990.0,5.0,466.0,284.142,-0.5042703373659152,74.64850969711317,104.0,0,0.013326371
15991.0,0.0,351.0,0.0,-1.0,,351.0,1,0.99624145
15992.0,1.0,270.0,533.86,1.0,0.0,213.0,1,0.9878542
15994.0,1.0,452.0,370.9500000000001,-0.042845531601966066,0.0,228.0,1,0.98888373
15995.0,0.0,231.0,0.0,1.0,,231.0,1,0.9948598
15996.0,3.0,214.0,306.17333333333335,1.0,26.246692913372705,80.0,0,0.010865163
15998.0,11.0,555.0,572.7527272727273,-0.07824626210076578,28.929392012661143,79.0,0,0.0062493975
15999.0,0.0,552.0,0.0,-1.0,,552.0,1,0.99624145
16001.0,0.0,198.0,0.0,1.0,,198.0,1,0.9948598
16002.0,0.0,442.0,0.0,-1.0,,442.0,1,0.99624145
16003.0,4.0,553.0,917.8975,0.5086686406566391,82.20218975185514,176.0,1,0.9799748
16004.0,3.0,500.0,563.8833333333333,-1.0,32.74904578762563,291.0,1,0.99567163
16005.0,6.0,267.0,288.73333333333335,1.0,34.022868126534476,87.0,0,0.0067709307
16006.0,1.0,204.0,101.4,1.0,0.0,28.0,0,0.015161391
16007.0,3.0,360.0,460.79,0.5862417166298517,44.19150245113747,32.0,0,0.010417748
16008.0,12.0,447.0,396.0875,0.6048884924174843,46.21049363750859,21.0,0,0.0057805316
16010.0,9.0,228.0,179.14,1.0,31.93258523827972,62.0,0,0.0060232366
16011.0,19.0,555.0,186.9321052631579,0.22193320265138358,20.020626482818734,1.0,0,0.005846484
16012.0,1.0,346.0,599.17,-0.2389075897110194,0.0,218.0,1,0.98888373
16013.0,35.0,548.0,910.7474285714286,0.49092132296368407,12.04861835446919,1.0,0,0.0059138495
16014.0,2.0,494.0,236.555,0.2947374182425222,76.0,108.0,0,0.014790694
16016.0,5.0,219.0,313.418,1.0,48.29078587059854,13.0,0,0.007214896
16017.0,3.0,520.0,252.03333333333333,-0.3820932225492753,86.30565836992767,234.0,1,0.98499775
16018.0,1.0,549.0,93.45,-0.3538014728762576,0.0,213.0,1,0.9892461
16019.0,19.0,542.0,806.2252631578948,-0.0016580999201564217,22.127060475648488,49.0,0,0.0057805316
16021.0,1.0,361.0,380.86,0.43113198684828563,0.0,212.0,1,0.98774403
16022.0,0.0,77.0,0.0,1.0,,77.0,0,0.00557618
16023.0,1.0,83.0,322.85,1.0,0.0,9.0,0,0.0052788644
16024.0,0.0,228.0,0.0,1.0,0.0,228.0,1,0.9947978
16027.0,11.0,517.0,137.80090909090907,-0.2725878766690587,47.23022564921782,35.0,0,0.00875246
16028.0,0.0,412.0,0.0,-1.0,,412.0,1,0.99624145
16029.0,51.0,548.0,1297.6276470588234,0.061057491011425824,7.10828937071204,3.0,0,0.00626204
16030.0,0.0,126.0,0.0,1.0,,126.0,1,0.9930854
16031.0,0.0,64.0,0.0,1.0,,64.0,0,0.00557618
16032.0,5.0,340.0,311.252,-0.8106422390824432,7.536577472566709,273.0,1,0.98843646
16033.0,15.0,302.0,331.1406666666666,0.7738588741646847,12.321809510756818,17.0,0,0.0061284946
16034.0,5.0,226.0,140.73,1.0,45.83710287529089,13.0,0,0.007214896
16035.0,0.0,377.0,0.0,-1.0,,377.0,1,0.99624145
16036.0,2.0,437.0,568.985,0.14561699343115292,18.0,80.0,0,0.01505029
16037.0,4.0,465.0,288.90500000000003,0.13297202750871237,58.22800013739094,86.0,0,0.009809164
16038.0,0.0,18.0,0.0,1.0,,18.0,0,0.00557618
16039.0,1.0,445.0,312.92,0.3712532865907099,0.0,240.0,1,0.98831475
16040.0,4.0,426.0,287.7075,0.2904612722672994,49.09875252997779,85.0,0,0.009794886
16042.0,2.0,270.0,224.325,1.0,30.506829836393468,149.0,1,0.98296344
16043.0,6.0,298.0,205.77333333333337,0.403725790039168,23.823424513607517,28.0,0,0.0075140684
16044.0,0.0,252.0,0.0,1.0,,252.0,1,0.9948598
16045.0,4.0,315.0,496.665,0.3443907588615047,48.19294554185291,62.0,0,0.0089891115
16046.0,0.0,379.0,0.0,-1.0,,379.0,1,0.99624145
16048.0,2.0,366.0,437.11500000000007,0.6261265031667644,64.98375865467378,190.0,1,0.9826056
16049.0,2.0,333.0,279.125,0.41707598776478955,63.0,192.0,1,0.9812657
16050.0,1.0,218.0,72.2,1.0,0.0,200.0,1,0.9864123
16051.0,0.0,498.0,0.0,-1.0,,498.0,1,0.99624145
16053.0,2.0,427.0,745.115,0.4039634648992647,70.98043548909955,230.0,1,0.9823627
16054.0,2.0,434.0,437.75,-0.5213030316721637,5.0,235.0,1,0.98960096
16055.0,0.0,37.0,0.0,1.0,,37.0,0,0.00557618
16057.0,4.0,518.0,552.9975,-0.20073021608512148,81.21231433717426,28.0,0,0.012823924
16058.0,0.0,223.0,0.0,1.0,,223.0,1,0.9948598
16059.0,8.0,386.0,273.58875,0.23507135404325716,20.87911636061258,71.0,0,0.007113874
16060.0,2.0,311.0,98.175,-0.2753944090783283,16.5,217.0,1,0.9890541
16061.0,0.0,248.0,0.0,1.0,,248.0,1,0.9948598
16062.0,4.0,353.0,436.1725,0.5250720058041703,48.541116592019186,58.0,0,0.0089891115
16063.0,0.0,77.0,0.0,1.0,,77.0,0,0.00557618
16064.0,0.0,542.0,0.0,-1.0,,542.0,1,0.99624145
16065.0,5.0,280.0,389.528,0.6348725352762925,10.978643461051915,182.0,1,0.97513366
16067.0,2.0,492.0,712.265,-1.0,2.5,379.0,1,0.99567163
16068.0,0.0,410.0,0.0,-1.0,,410.0,1,0.99624145
16069.0,0.0,234.0,0.0,1.0,,234.0,1,0.9948598
16071.0,2.0,472.0,243.13,-1.0,35.5,344.0,1,0.99567163
16072.0,2.0,366.0,1234.625,0.14082362915204588,61.537702986777866,105.0,0,0.013386115
16073.0,0.0,114.0,0.0,1.0,,114.0,0,0.00557618
16074.0,0.0,207.0,0.0,1.0,,207.0,1,0.9948598
16075.0,1.0,381.0,267.23,-1.0,0.0,319.0,1,0.99558556
16076.0,0.0,25.0,0.0,1.0,,25.0,0,0.00557618
16077.0,0.0,442.0,0.0,-1.0,,442.0,1,0.99624145
16078.0,1.0,486.0,79.2,-0.5636243422683821,0.0,100.0,0,0.021186395
16080.0,2.0,267.0,104.505,1.0,23.5,91.0,0,0.01392
16081.0,5.0,491.0,507.954,0.7936008164345247,50.55056874061854,2.0,0,0.0072374837
16082.0,0.0,487.0,0.0,-1.0,,487.0,1,0.99624145
16083.0,2.0,205.0,330.84000000000003,1.0,7.5,177.0,1,0.9830223
16084.0,0.0,116.0,0.0,1.0,,116.0,0,0.00557618
16085.0,8.0,505.0,176.8875,-0.21374959598740684,35.349814355948176,53.0,0,0.00858144
16086.0,7.0,554.0,292.3014285714286,0.18404228845048182,42.27268138924635,17.0,0,0.00686279
16087.0,4.0,506.0,348.39,-0.14630557726792032,74.88825007970209,206.0,1,0.97998774
16088.0,1.0,408.0,712.28,-1.0,0.0,392.0,1,0.99558556
16089.0,1.0,326.0,116.79,-0.13947833775419982,0.0,203.0,1,0.9886308
16090.0,0.0,441.0,0.0,-1.0,,441.0,1,0.99624145
16091.0,0.0,15.0,0.0,1.0,,15.0,0,0.00557618
16092.0,3.0,396.0,296.7966666666667,-0.12930686825877508,93.55746896961247,14.0,0,0.011357902
16094.0,7.0,419.0,362.1614285714286,-0.17394743903841522,44.393417419749085,36.0,0,0.0075645475
16095.0,0.0,273.0,0.0,1.0,,273.0,1,0.9948598
16096.0,3.0,462.0,336.02333333333337,-0.1148097440330101,50.46671070011289,81.0,0,0.0114917625
16097.0,0.0,57.0,0.0,1.0,,57.0,0,0.00557618
16098.0,10.0,541.0,351.0,-0.014012099249868314,13.865424623862046,2.0,0,0.006315265
16099.0,4.0,463.0,255.775,-0.17781993790962397,51.895929512824026,42.0,0,0.010803467
16100.0,0.0,279.0,0.0,-1.0,,279.0,1,0.99624145
16101.0,2.0,378.0,557.475,-0.24955892822137166,17.0,251.0,1,0.9887744
16103.0,17.0,517.0,315.69882352941175,-0.4109348646478654,33.64172159831844,3.0,0,0.010197468
16104.0,6.0,550.0,297.72499999999997,-0.7924280666330137,40.545263192473406,235.0,1,0.98601043
16105.0,4.0,421.0,447.66,-0.20865480116838972,58.912541109682245,65.0,0,0.011918946
16108.0,2.0,448.0,533.115,-0.2357939458311205,49.0,251.0,1,0.9861398
16109.0,2.0,515.0,305.93999999999994,0.3025929237450503,150.5,35.0,0,0.014928261
16110.0,2.0,339.0,346.96500000000003,0.18043411696662473,81.5,79.0,0,0.01211275
16111.0,0.0,245.0,0.0,1.0,,245.0,1,0.9948598
16112.0,1.0,155.0,64.14,1.0,0.0,150.0,1,0.9799182
16115.0,6.0,391.0,204.00666666666663,0.029272179793663214,28.19574435974337,29.0,0,0.0076454836
16116.0,0.0,28.0,0.0,1.0,,28.0,0,0.00557618
16117.0,2.0,408.0,260.45,0.5919926650366748,11.5,6.0,0,0.015226283
16118.0,0.0,469.0,0.0,-1.0,,469.0,1,0.99624145
16119.0,5.0,540.0,222.81,-0.3551813171991213,46.97914430893777,211.0,1,0.9849748
16120.0,0.0,239.0,0.0,1.0,0.0,239.0,1,0.9947978
16121.0,2.0,382.0,371.1,0.6532460155701829,82.49579113843055,32.0,0,0.0127419485
16122.0,3.0,242.0,150.82000000000002,1.0,17.249798710580816,149.0,1,0.9803729
16124.0,3.0,549.0,436.4966666666666,-0.05122172762610788,27.19477073916152,134.0,1,0.98632693
16125.0,13.0,542.0,299.84153846153845,-0.4539688075594259,14.824416130474328,184.0,1,0.98063606
16126.0,12.0,554.0,835.7441666666667,0.2604961467328823,26.862303202319293,1.0,0,0.0057805316
16127.0,0.0,543.0,0.0,-1.0,,543.0,1,0.99624145
16128.0,5.0,328.0,396.93,0.3436056003776314,35.15521140441185,99.0,0,0.0071336175
16129.0,2.0,324.0,474.5549999999999,0.3597077468572043,27.5,224.0,1,0.984136
16130.0,3.0,434.0,259.8433333333333,-0.444586219467736,47.48567035315905,239.0,1,0.98521125
16131.0,5.0,554.0,1359.486,-0.10898785025999946,66.29341088321382,24.0,0,0.008724521
16132.0,1.0,444.0,310.8,-1.0,0.0,361.0,1,0.99558556
16133.0,30.0,435.0,483.07866666666666,0.5589272234393953,12.698561344011079,2.0,0,0.006004535
16134.0,3.0,357.0,301.37000000000006,-0.0014137553982260856,20.607442021431645,176.0,1,0.98535997
16135.0,1.0,400.0,517.55,0.26316431753005065,0.0,79.0,0,0.019909555
16136.0,1.0,480.0,159.3,-0.19691470054446453,0.0,94.0,0,0.021327764
16137.0,0.0,497.0,0.0,-1.0,,497.0,1,0.99624145
16138.0,2.0,407.0,197.07,-0.292931290163124,45.0,195.0,1,0.9868303
16139.0,2.0,553.0,129.975,-0.5457646944146605,251.0,23.0,0,0.015610033
16140.0,1.0,258.0,248.28,1.0,0.0,188.0,1,0.9876917
16141.0,0.0,234.0,0.0,1.0,,234.0,1,0.9948598
16142.0,0.0,66.0,0.0,1.0,,66.0,0,0.00557618
16143.0,9.0,546.0,417.74555555555554,0.3009512174696925,22.314807130780913,29.0,0,0.0060596243
16144.0,0.0,63.0,0.0,1.0,,63.0,0,0.00557618
16145.0,11.0,401.0,315.3527272727273,0.1856657327351853,15.092551936864162,43.0,0,0.0063161603
16146.0,2.0,265.0,329.565,1.0,94.0,20.0,0,0.009386261
16147.0,3.0,489.0,449.75666666666666,-0.17235450192943355,64.94270979529232,217.0,1,0.9814084
16148.0,1.0,253.0,76.32000000000001,1.0,0.0,113.0,0,0.018909086
16149.0,0.0,246.0,0.0,1.0,,246.0,1,0.9948598
16150.0,6.0,539.0,493.14166666666665,0.14760889614611206,20.885933597094056,87.0,0,0.00830989
16152.0,0.0,85.0,0.0,1.0,,85.0,0,0.00557618
16153.0,8.0,379.0,326.6725,-0.28770177783985473,38.262252939417984,2.0,0,0.0093091335
16155.0,3.0,356.0,189.4333333333333,0.0011293763332915472,25.341418665891617,198.0,1,0.98535997
16156.0,11.0,554.0,350.6009090909091,0.05105239480262035,28.776634176988335,23.0,0,0.0061896807
16158.0,7.0,551.0,68.81428571428572,-1.0,16.80355245178828,339.0,1,0.99504685
16159.0,3.0,553.0,305.08,-0.4351024910974295,44.11349000022555,98.0,0,0.018020116
16161.0,32.0,486.0,291.454375,0.2570130569531262,11.078565742750145,15.0,0,0.006073028
16162.0,0.0,69.0,0.0,1.0,,69.0,0,0.00557618
16163.0,5.0,554.0,410.7200000000001,0.18547294689041902,63.33908745790391,49.0,0,0.007639173
16165.0,0.0,322.0,0.0,-1.0,,322.0,1,0.99624145
16166.0,1.0,508.0,195.99,-0.1006126241883303,0.0,245.0,1,0.989737
16167.0,3.0,555.0,300.10999999999996,-0.25997749112630947,72.14352015254038,231.0,1,0.98458636
16168.0,40.0,553.0,201.37575,-0.15334454124000202,13.455107972645761,3.0,0,0.006935941
16170.0,16.0,476.0,350.55875,-0.39849413542661105,34.30287888793009,0.0,0,0.010035603
16172.0,3.0,330.0,310.92333333333335,-0.5774594159284533,100.68542871515994,58.0,0,0.011461226
16174.0,3.0,420.0,344.4666666666667,-1.0,11.343133018115703,308.0,1,0.99558556
16175.0,4.0,380.0,244.045,-0.26217580559790804,82.04381451395345,21.0,0,0.011260226
16176.0,3.0,437.0,441.43333333333334,-0.11131247290141225,33.48963355361709,238.0,1,0.98425955
16177.0,5.0,464.0,314.726,-0.7172855233480913,23.865945054267875,253.0,1,0.9880392
16178.0,0.0,218.0,0.0,1.0,,218.0,1,0.9948598
16180.0,6.0,351.0,1120.6,-0.37183564577536976,70.5443123150265,27.0,0,0.010838117
16182.0,6.0,457.0,896.0,0.08226877874297393,37.330729075834206,20.0,0,0.006811805
16183.0,2.0,224.0,142.5,1.0,0.5,211.0,1,0.98626673
16184.0,0.0,28.0,0.0,1.0,,28.0,0,0.00557618
16185.0,1.0,381.0,335.0,0.48786391596899914,0.0,49.0,0,0.018989203
16186.0,16.0,547.0,373.57375,-0.09254977601578253,31.57882553582736,6.0,0,0.006477404
16187.0,3.0,101.0,629.58,1.0,16.06670124477607,20.0,0,0.0054978584
16188.0,2.0,225.0,282.885,1.0,74.5,43.0,0,0.009261811
16190.0,6.0,542.0,385.2583333333334,-0.2691720451111634,33.57950763982899,211.0,1,0.9784348
16191.0,11.0,545.0,1161.3254545454545,0.637270844414235,46.27724422795003,79.0,0,0.005893099
16192.0,0.0,552.0,0.0,-1.0,,552.0,1,0.99624145
16193.0,1.0,227.0,314.45,1.0,0.0,53.0,0,0.017775968
16194.0,0.0,192.0,0.0,1.0,,192.0,1,0.9948598
16195.0,0.0,540.0,0.0,-1.0,,540.0,1,0.99624145
16196.0,0.0,305.0,0.0,-1.0,,305.0,1,0.99624145
16197.0,8.0,540.0,237.42625,-1.0,30.36342371999574,286.0,1,0.9943493
16198.0,0.0,254.0,0.0,1.0,,254.0,1,0.9948598
16199.0,6.0,448.0,146.125,0.2369132856006364,22.28165663100978,209.0,1,0.9712077
16200.0,6.0,554.0,586.5033333333333,-0.7940225693264925,38.65804501581068,199.0,1,0.98352677
16201.0,0.0,232.0,0.0,1.0,,232.0,1,0.9948598
16202.0,6.0,554.0,365.84,-0.14097178645797948,42.61675140129759,177.0,1,0.9732636
16203.0,3.0,321.0,185.93666666666664,0.3282139200419077,51.980765673468106,44.0,0,0.009319847
16204.0,1.0,548.0,325.26,0.20795498858002337,0.0,197.0,1,0.9890465
16205.0,2.0,359.0,424.56,0.5882831570382424,38.5,213.0,1,0.9834013
16206.0,9.0,501.0,222.34333333333336,0.08165688560860393,42.874234687047185,25.0,0,0.006039774
16208.0,8.0,470.0,368.77875,-0.2196848902491921,31.26674551340449,106.0,0,0.008948022
16209.0,5.0,363.0,338.992,-0.36925724445604385,55.88774463153796,3.0,0,0.012296679
16210.0,20.0,554.0,1367.1065,0.45468076329995044,26.53171587119731,30.0,0,0.0057805316
16211.0,1.0,255.0,300.0,1.0,0.0,238.0,1,0.9876917
16212.0,2.0,487.0,420.26,-0.09552255065727361,142.0,100.0,0,0.014934376
16214.0,2.0,252.0,374.835,1.0,74.5,69.0,0,0.009280754
16216.0,0.0,84.0,0.0,1.0,,84.0,0,0.00557618
16217.0,1.0,99.0,121.25,1.0,0.0,52.0,0,0.0052788644
16218.0,8.0,378.0,371.35625,0.92659003582951,42.245315322135625,23.0,0,0.0064433445
16219.0,0.0,317.0,0.0,-1.0,,317.0,1,0.99624145
16221.0,7.0,303.0,198.53285714285715,0.42537264702565053,27.017756821643605,92.0,0,0.007147142
16222.0,1.0,538.0,846.72,0.25885728728386437,0.0,135.0,1,0.9890465
16223.0,1.0,212.0,505.56,1.0,0.0,191.0,1,0.9850655
16224.0,2.0,204.0,271.605,1.0,64.0,57.0,0,0.0085877795
16225.0,9.0,487.0,222.9,-0.4651369017689811,36.21606419512098,94.0,0,0.010931706
16226.0,4.0,230.0,85.83,1.0,53.19304465811296,20.0,0,0.007925541
16227.0,2.0,352.0,353.51,-0.38821284632308556,113.5,42.0,0,0.013065594
16228.0,1.0,217.0,437.37,1.0,7.0,202.0,1,0.98281014
16229.0,4.0,381.0,448.775,0.017486210538669073,66.80007485025747,29.0,0,0.009002229
16230.0,1.0,37.0,266.1,1.0,0.0,6.0,0,0.0052788644
16231.0,3.0,414.0,262.2233333333333,0.4592012761774034,71.25696847014723,196.0,1,0.9783875
16232.0,3.0,367.0,469.93666666666667,0.054592637989811156,74.52306689877973,32.0,0,0.010216381
16233.0,7.0,554.0,208.74714285714285,-0.07765745957061396,31.84208484611111,146.0,1,0.9721096
16234.0,2.0,378.0,120.91,-1.0,4.5,293.0,1,0.99558556
16235.0,6.0,287.0,196.03833333333333,0.21189831991316035,30.506829836393468,3.0,0,0.0075140684
16237.0,0.0,254.0,0.0,1.0,,254.0,1,0.9948598
16238.0,0.0,239.0,0.0,1.0,,239.0,1,0.9948598
16239.0,4.0,280.0,290.825,0.6316712251911073,73.29051780414709,6.0,0,0.009104603
16241.0,6.0,227.0,361.465,1.0,27.854782154755565,29.0,0,0.007070343
16242.0,7.0,451.0,533.8014285714286,0.026638743553724274,30.54504869860253,31.0,0,0.0075581856
16244.0,1.0,189.0,466.12,1.0,0.0,28.0,0,0.012063112
16245.0,0.0,73.0,0.0,1.0,,73.0,0,0.00557618
16246.0,1.0,486.0,660.35,0.5964944091870656,0.0,276.0,1,0.98827565
16249.0,1.0,56.0,205.7,1.0,0.0,18.0,0,0.0052788644
16250.0,2.0,203.0,307.78999999999996,1.0,50.0,78.0,0,0.0085877795
16251.0,0.0,329.0,0.0,-1.0,,329.0,1,0.99624145
16252.0,0.0,199.0,0.0,1.0,,199.0,1,0.9948598
16253.0,5.0,548.0,989.512,0.14363360364167693,60.22823258240275,72.0,0,0.007834573
16254.0,2.0,449.0,403.85,0.23078953245224032,4.0,195.0,1,0.98611325
16255.0,10.0,501.0,305.09299999999996,0.2184341926081659,19.328993765843062,63.0,0,0.0061729546
16256.0,2.0,414.0,529.7650000000001,-0.0471770389459088,62.0,83.0,0,0.013903732
16258.0,8.0,456.0,877.065,-0.1240267285339839,47.891961747249404,36.0,0,0.0075646625
16259.0,1.0,422.0,202.12,0.11687019948057682,97.0,227.0,1,0.98301435
16261.0,2.0,259.0,207.945,1.0,41.5,63.0,0,0.011585861
16262.0,0.0,195.0,0.0,1.0,,195.0,1,0.9948598
16263.0,0.0,240.0,0.0,1.0,,240.0,1,0.9948598
16264.0,1.0,263.0,280.05,1.0,0.0,255.0,1,0.9876917
16265.0,6.0,224.0,670.9516666666667,1.0,18.91225712039034,77.0,0,0.0071718893
16266.0,7.0,490.0,159.39,-0.16201593185582455,64.62025826145991,17.0,0,0.0075645475
16267.0,0.0,408.0,0.0,-1.0,,408.0,1,0.99624145
16269.0,0.0,254.0,0.0,1.0,,254.0,1,0.9948598
16270.0,0.0,170.0,0.0,1.0,,170.0,1,0.9948598
16271.0,4.0,459.0,368.24,-0.8761895910780669,31.814894310684107,175.0,1,0.9907465
16273.0,1.0,473.0,76.5,-1.0,0.0,465.0,1,0.99567163
16274.0,0.0,190.0,0.0,1.0,,190.0,1,0.9948598
16275.0,2.0,458.0,727.635,-0.47945944186954637,56.0,13.0,0,0.01652348
16276.0,1.0,424.0,761.4300000000001,-1.0,0.0,296.0,1,0.99558556
16277.0,0.0,550.0,0.0,-1.0,,550.0,1,0.99624145
16278.0,1.0,316.0,291.15999999999997,-1.0,0.0,297.0,1,0.99558556
16279.0,5.0,413.0,742.1360000000001,-0.31089977356691695,12.7216351150314,202.0,1,0.98399276
16280.0,0.0,542.0,0.0,-1.0,,542.0,1,0.99624145
16281.0,1.0,499.0,580.44,-0.1476401656436312,0.0,240.0,1,0.9895321
16282.0,2.0,535.0,518.79,-0.7425778919836645,41.0,156.0,1,0.9887876
16283.0,3.0,466.0,745.9000000000001,0.038594325611896525,44.394694377694385,25.0,0,0.011030558
16284.0,0.0,210.0,0.0,1.0,,210.0,1,0.9948598
16285.0,0.0,463.0,0.0,-1.0,,463.0,1,0.99624145
16286.0,1.0,440.0,56.0,-1.0,0.0,294.0,1,0.99558556
16287.0,3.0,506.0,212.62000000000003,0.15713492504164342,71.5588336033132,193.0,1,0.9805321
16288.0,0.0,287.0,0.0,-1.0,,287.0,1,0.99624145
16289.0,0.0,279.0,0.0,-1.0,,279.0,1,0.99624145
16290.0,3.0,382.0,370.6233333333334,-1.0,20.54263858417414,281.0,1,0.99558556
16292.0,3.0,421.0,213.08333333333337,-0.721495307458671,10.677078252031311,197.0,1,0.9895564
16293.0,6.0,545.0,535.5100000000001,0.6550654195043377,56.6578271291796,24.0,0,0.0070225503
16294.0,0.0,293.0,0.0,-1.0,,293.0,1,0.99624145
16296.0,3.0,538.0,312.5566666666667,-1.0,15.326085243430198,443.0,1,0.99567163
16297.0,0.0,85.0,0.0,1.0,,85.0,0,0.00557618
16298.0,4.0,259.0,104.55,1.0,85.02462878484093,3.0,0,0.008061778
16299.0,0.0,294.0,0.0,-1.0,,294.0,1,0.99624145
16300.0,2.0,492.0,486.085,-0.24023469761496088,72.5,247.0,1,0.98619264
16301.0,0.0,553.0,0.0,-1.0,,553.0,1,0.99624145
16303.0,4.0,448.0,694.115,0.276344548459123,41.60754138374437,150.0,1,0.97682184
16304.0,0.0,511.0,0.0,-1.0,,511.0,1,0.99624145
16306.0,6.0,251.0,116.72833333333334,1.0,29.01005572785639,30.0,0,0.007070343
16307.0,2.0,394.0,379.535,-0.33049911291132467,39.5,246.0,1,0.9872586
16308.0,4.0,541.0,640.0,0.09090909090909091,50.71180828958873,34.0,0,0.010742608
16309.0,0.0,57.0,0.0,1.0,,57.0,0,0.00557618
16310.0,1.0,459.0,269.7,0.17240479916536253,0.0,231.0,1,0.98831475
16312.0,0.0,249.0,0.0,1.0,,249.0,1,0.9948598
16314.0,2.0,289.0,545.1,0.461982030307094,28.0,206.0,1,0.98330414
16315.0,1.0,353.0,226.37,0.12423331926199994,0.0,147.0,1,0.98858184
16316.0,8.0,310.0,455.17,0.57120758730645,26.73232657197307,23.0,0,0.0066748094
16317.0,2.0,401.0,523.56,-0.19702874185788047,109.5,114.0,0,0.014564876
16319.0,0.0,34.0,0.0,1.0,,34.0,0,0.00557618
16320.0,4.0,498.0,1155.015,-0.17689010712428885,92.51317473743943,30.0,0,0.011397543
16321.0,3.0,555.0,86.14999999999999,-0.01594984050159492,119.80818002123227,122.0,1,0.9815595
16323.0,1.0,394.0,207.50000000000003,0.17344342023412324,0.0,13.0,0,0.019909555
16325.0,9.0,552.0,336.6722222222222,0.0073260531984171,53.762394493999196,62.0,0,0.0060853674
16326.0,12.0,497.0,156.47,-0.27966207788715225,30.928569137431637,31.0,0,0.009212064
16327.0,13.0,542.0,661.3038461538462,-0.08338604667174433,16.452549666618378,16.0,0,0.005902907
16328.0,0.0,380.0,0.0,-1.0,,380.0,1,0.99624145
16329.0,3.0,555.0,473.53666666666663,0.19527676490103163,76.26270385975047,244.0,1,0.9812098
16330.0,2.0,479.0,165.495,0.7310287118874536,101.98365882172823,241.0,1,0.98281485
16331.0,3.0,459.0,520.1999999999999,-0.6066153015654906,65.06796446793153,249.0,1,0.9820601
16332.0,4.0,406.0,107.31,0.04553157414477001,50.76169815914357,122.0,1,0.9763288
16333.0,7.0,126.0,1728.24,1.0,10.20370303152515,9.0,0,0.0073892563
16334.0,0.0,309.0,0.0,-1.0,,309.0,1,0.99624145
16335.0,6.0,552.0,413.92,-1.0,10.54619467970425,368.0,1,0.99526596
16336.0,2.0,448.0,864.895,-0.016519363559608757,74.38189743927394,237.0,1,0.98282284
16339.0,0.0,101.0,0.0,1.0,,101.0,0,0.00557618
16340.0,1.0,368.0,603.46,0.23534529524355424,0.0,256.0,1,0.98831475
16341.0,3.0,426.0,638.0966666666667,0.4304053321975514,95.91778887267066,18.0,0,0.010817474
16343.0,0.0,224.0,0.0,1.0,,224.0,1,0.9948598
16344.0,2.0,485.0,266.11,-1.0,7.0,326.0,1,0.99567163
16345.0,0.0,300.0,0.0,-1.0,,300.0,1,0.99624145
16346.0,0.0,202.0,0.0,1.0,,202.0,1,0.9948598
16347.0,7.0,454.0,342.86,0.05864762602221408,35.46807543411399,205.0,1,0.9661637
16348.0,2.0,247.0,290.49,1.0,80.54122477892231,8.0,0,0.009386261
16349.0,0.0,107.0,0.0,1.0,,107.0,0,0.00557618
16350.0,4.0,245.0,300.53,1.0,13.919770113044253,150.0,1,0.97977144
16351.0,12.0,552.0,259.45250000000004,-0.8342957871250408,19.693484540155236,149.0,1,0.98675376
16353.0,21.0,549.0,236.4347619047619,0.21057194430401,27.11941002308125,34.0,0,0.005846484
16354.0,2.0,408.0,261.44,0.42530427553120437,44.5,196.0,1,0.9834103
16355.0,0.0,192.0,0.0,1.0,,192.0,1,0.9948598
16356.0,4.0,368.0,79.3925,0.5272561136893741,61.369047572860374,14.0,0,0.009104603
16357.0,1.0,198.0,137.9,1.0,0.0,30.0,0,0.014438975
16358.0,1.0,211.0,462.15,1.0,0.0,1.0,0,0.015594976
16359.0,11.0,478.0,162.2418181818182,0.2548176599137075,28.302965414240063,31.0,0,0.0059603285
16362.0,0.0,254.0,0.0,1.0,,254.0,1,0.9948598
16365.0,8.0,545.0,257.17125,-0.13992925970906062,34.32928778754374,70.0,0,0.0075315526
16366.0,2.0,540.0,488.59,-1.0,27.5,399.0,1,0.99567163
16367.0,1.0,200.0,170.91,1.0,0.0,179.0,1,0.9846383
16368.0,0.0,252.0,0.0,1.0,,252.0,1,0.9948598
16369.0,4.0,428.0,310.8375,-0.07096069868995633,81.28037893612455,13.0,0,0.00997746
16370.0,0.0,42.0,0.0,1.0,,42.0,0,0.00557618
16371.0,0.0,265.0,0.0,1.0,,265.0,1,0.9948598
16372.0,2.0,424.0,423.615,0.763813132364575,93.5,226.0,1,0.982239
16373.0,1.0,228.0,114.75,1.0,0.0,199.0,1,0.9876917
16374.0,3.0,405.0,324.9766666666667,0.3458262586104554,41.298372311212894,79.0,0,0.011542074
16375.0,0.0,287.0,0.0,-1.0,0.0,287.0,1,0.99624145
16377.0,1.0,434.0,676.2,0.033565663976522435,0.0,84.0,0,0.020371089
16378.0,2.0,127.0,109.375,1.0,18.0,64.0,0,0.009836713
16381.0,1.0,235.0,43.5,1.0,0.0,212.0,1,0.9876917
16382.0,1.0,367.0,157.33,-0.10886434437836305,0.0,225.0,1,0.98888373
16383.0,5.0,490.0,429.37,-0.32027738144551327,26.41666140904259,85.0,0,0.014312711
16384.0,2.0,407.0,431.9,0.4596763972793714,2.5,80.0,0,0.015746515
16385.0,2.0,448.0,256.345,0.6460069026406614,110.0,183.0,1,0.98243713
16386.0,1.0,204.0,61.10000000000001,1.0,0.0,70.0,0,0.015161391
16387.0,4.0,455.0,194.59,0.6947580425670895,64.2587542674148,139.0,1,0.97610414
16388.0,0.0,470.0,0.0,-1.0,,470.0,1,0.99624145
16389.0,1.0,100.0,550.52,1.0,0.0,22.0,0,0.0052788644
16390.0,2.0,496.0,136.85000000000002,-1.0,70.5,353.0,1,0.9950498
16391.0,3.0,378.0,311.57666666666665,-0.07481299024731643,31.329787033357817,217.0,1,0.98484
16392.0,2.0,378.0,284.755,0.49516933578367034,2.0,86.0,0,0.015924346
16393.0,15.0,555.0,208.05866666666668,0.21053008780806645,25.950893797495468,2.0,0,0.005846484
16394.0,1.0,106.0,306.89,1.0,0.0,65.0,0,0.0052788644
16395.0,8.0,550.0,282.21250000000003,0.5596602496940807,68.97572036593746,140.0,1,0.9655213
16396.0,0.0,293.0,0.0,-1.0,,293.0,1,0.99624145
16397.0,0.0,445.0,0.0,-1.0,,445.0,1,0.99624145
16398.0,0.0,70.0,0.0,1.0,,70.0,0,0.00557618
16399.0,1.0,206.0,176.61,1.0,0.0,52.0,0,0.015594976
16400.0,7.0,548.0,327.30428571428575,-0.5299403609162636,26.746733540790373,212.0,1,0.9826734
16401.0,13.0,372.0,332.2246153846154,0.647011348849019,16.27950313192089,27.0,0,0.005846484
16402.0,1.0,186.0,87.8,1.0,0.0,81.0,0,0.011584109
16403.0,0.0,129.0,0.0,1.0,,129.0,1,0.9936521
16405.0,1.0,127.0,160.4,1.0,0.0,119.0,0,0.0102725765
16406.0,1.0,470.0,176.76,-0.09263109263109263,0.0,267.0,1,0.989099
16407.0,7.0,249.0,170.1557142857143,1.0,23.95797101175306,11.0,0,0.007147142
16408.0,0.0,408.0,0.0,-1.0,,408.0,1,0.99624145
16409.0,8.0,543.0,494.6575,-0.07845717395377047,22.83637449333847,59.0,0,0.006935284
16410.0,0.0,551.0,0.0,-1.0,,551.0,1,0.99624145
16411.0,2.0,245.0,241.21,1.0,15.0,186.0,1,0.9842666
16412.0,3.0,490.0,133.61666666666667,0.2166330238191361,74.13501197140255,210.0,1,0.9804788
16413.0,0.0,192.0,0.0,1.0,,192.0,1,0.9948598
16414.0,3.0,511.0,118.39,0.03948292239705944,26.54555832275273,97.0,0,0.015119151
16415.0,1.0,493.0,320.44,-1.0,0.0,400.0,1,0.99567163
16416.0,4.0,471.0,321.01,-0.005693527905572757,56.230240974052386,207.0,1,0.9763288
16417.0,0.0,309.0,0.0,-1.0,,309.0,1,0.99624145
16418.0,2.0,239.0,234.015,1.0,84.0,43.0,0,0.009386261
16419.0,3.0,485.0,269.24666666666667,0.0016858504825019334,98.20160668520427,92.0,0,0.011182359
16420.0,0.0,213.0,0.0,1.0,,213.0,1,0.9948598
16421.0,2.0,286.0,107.835,-0.18038269329431664,5.0,193.0,1,0.98803896
16422.0,67.0,513.0,709.6920895522388,0.2859855315512069,5.185903825790345,2.0,0,0.00626204
16424.0,1.0,199.0,133.56,1.0,0.0,8.0,0,0.014438975
16425.0,0.0,119.0,0.0,1.0,,119.0,0,0.02495311
16426.0,0.0,93.0,0.0,1.0,,93.0,0,0.00557618
16427.0,1.0,101.0,131.26,1.0,0.0,80.0,0,0.0052788644
16428.0,1.0,314.0,238.97,-0.276155570364088,42.0,230.0,1,0.9868706
16430.0,4.0,498.0,174.285,0.44547369995885744,67.9356312990466,198.0,1,0.9776808
16431.0,1.0,114.0,298.88,1.0,42.0,30.0,0,0.004696065
16433.0,0.0,225.0,0.0,1.0,,225.0,1,0.9948598
16434.0,7.0,508.0,207.86142857142855,0.3195692773098868,54.423884312620224,9.0,0,0.006811411
16435.0,1.0,331.0,599.4,-1.0,0.5,329.0,1,0.99558556
16436.0,2.0,550.0,81.195,-1.0,31.0,485.0,1,0.99567163
16437.0,1.0,246.0,183.9,1.0,0.0,198.0,1,0.9876917
16439.0,0.0,539.0,0.0,-1.0,,539.0,1,0.99624145
16440.0,1.0,310.0,272.46,0.11490301988706107,0.0,31.0,0,0.020554444
16441.0,3.0,444.0,210.84666666666664,0.4739711982103742,72.15877555009432,108.0,0,0.010755909
16442.0,3.0,543.0,188.21666666666667,0.21446138027816752,54.63210289442158,44.0,0,0.011952491
16443.0,0.0,337.0,0.0,-1.0,,337.0,1,0.99624145
16444.0,13.0,442.0,222.09230769230768,0.34437182101116903,32.05893807043648,11.0,0,0.005846484
16445.0,1.0,228.0,204.15,1.0,12.0,203.0,1,0.9848011
16446.0,0.0,22.0,0.0,1.0,,22.0,0,0.00557618
16447.0,1.0,477.0,309.3,-1.0,0.0,407.0,1,0.99567163
16448.0,1.0,288.0,188.89,0.026938864272704945,0.0,15.0,0,0.020554444
16449.0,1.0,97.0,291.0,1.0,0.0,14.0,0,0.0052788644
16450.0,1.0,473.0,785.52,-1.0,0.0,401.0,1,0.99567163
16451.0,1.0,552.0,438.53,-1.0,0.0,378.0,1,0.99567163
16452.0,1.0,510.0,138.49,-1.0,0.0,447.0,1,0.99567163
16453.0,1.0,365.0,102.25,-1.0,0.0,347.0,1,0.99558556
16454.0,1.0,428.0,22.5,-1.0,0.0,423.0,1,0.99624145
16455.0,7.0,436.0,395.9728571428571,0.5076598394874041,61.46531033843399,21.0,0,0.006734647
16456.0,9.0,437.0,614.6522222222222,-0.14511514611177895,25.94147258734554,44.0,0,0.006981472
16457.0,0.0,35.0,0.0,1.0,,35.0,0,0.00557618
16458.0,18.0,379.0,190.1277777777778,0.33235734674843853,10.242883708539635,4.0,0,0.006073028
16459.0,0.0,546.0,0.0,-1.0,,546.0,1,0.99624145
16461.0,1.0,463.0,687.15,-1.0,0.0,407.0,1,0.99558556
16462.0,1.0,100.0,34.0,1.0,0.0,2.0,0,0.0052788644
16463.0,0.0,21.0,0.0,1.0,,21.0,0,0.00557618
16465.0,1.0,261.0,289.6,1.0,0.0,237.0,1,0.9876917
16466.0,9.0,459.0,231.03222222222223,-0.5272741481713035,22.246653236990806,25.0,0,0.012884181
16467.0,6.0,554.0,456.34,-1.0,19.54197760946647,325.0,1,0.99526596
16468.0,1.0,298.0,611.02,-1.0,0.0,287.0,1,0.99558556
16469.0,1.0,331.0,276.88,0.21609276177090647,133.5,63.0,0,0.012493541
16470.0,7.0,545.0,263.17,0.14000401592657716,50.60632371551998,9.0,0,0.006811411
16471.0,3.0,469.0,288.8666666666667,-0.114691003210138,37.54404820415022,91.0,0,0.013388886
16472.0,1.0,414.0,232.56,-0.41094224924012157,0.0,251.0,1,0.98888373
16473.0,2.0,191.0,108.905,1.0,6.0,104.0,0,0.011837219
16475.0,0.0,90.0,0.0,1.0,,90.0,0,0.00557618
16476.0,0.0,248.0,0.0,1.0,,248.0,1,0.9948598
16477.0,8.0,301.0,357.88,0.6950744063918156,12.449272067072837,31.0,0,0.007762221
16481.0,0.0,499.0,0.0,-1.0,,499.0,1,0.99624145
16483.0,0.0,9.0,0.0,1.0,,9.0,0,0.00557618
16484.0,0.0,7.0,0.0,1.0,,7.0,0,0.00557618
16485.0,3.0,550.0,437.2633333333333,-0.38682464798578997,42.80965623158713,249.0,1,0.98673475
16486.0,0.0,354.0,0.0,-1.0,,354.0,1,0.99624145
16487.0,1.0,476.0,107.2,-1.0,0.0,394.0,1,0.99567163
16489.0,1.0,253.0,193.05,1.0,0.0,197.0,1,0.9876917
16490.0,0.0,253.0,0.0,1.0,,253.0,1,0.9948598
16491.0,0.0,230.0,0.0,1.0,,230.0,1,0.9948598
16492.0,0.0,357.0,0.0,-1.0,,357.0,1,0.99624145
16493.0,4.0,440.0,170.6875,-0.055875846933621375,26.636441203734407,102.0,0,0.014512695
16494.0,0.0,113.0,0.0,1.0,,113.0,0,0.00557618
16495.0,0.0,93.0,0.0,1.0,0.0,93.0,0,0.005509901
16496.0,3.0,326.0,487.7633333333333,0.5272114345949726,45.56862956025779,24.0,0,0.010417748
16497.0,15.0,553.0,332.36266666666666,-0.021481774675254545,26.01447355737033,20.0,0,0.005846484
16499.0,7.0,363.0,336.34714285714284,0.4527719385340955,21.29002832601331,177.0,1,0.9680195
16500.0,3.0,360.0,153.5,0.5146780692377273,49.74825513411389,147.0,1,0.9773122
16501.0,0.0,200.0,0.0,1.0,,200.0,1,0.9948598
16502.0,0.0,437.0,0.0,-1.0,0.0,437.0,1,0.99624145
16503.0,8.0,353.0,375.39,0.2674400146529092,31.61574853701167,31.0,0,0.0066748094
16507.0,0.0,389.0,0.0,-1.0,,389.0,1,0.99624145
16508.0,0.0,447.0,0.0,-1.0,,447.0,1,0.99624145
16509.0,0.0,113.0,0.0,1.0,,113.0,0,0.00557618
16510.0,5.0,508.0,278.77,-0.5228272628921745,41.82535116409664,189.0,1,0.98484045
16511.0,3.0,465.0,302.4533333333333,0.5028612599481578,64.13007614736371,83.0,0,0.010755909
16515.0,6.0,357.0,251.15166666666664,0.3627944833823196,29.825883613622135,63.0,0,0.0075140684
16517.0,0.0,94.0,0.0,1.0,,94.0,0,0.00557618
16518.0,2.0,373.0,255.375,0.5343597446488922,1.5,101.0,0,0.015924346
16519.0,2.0,465.0,133.625,-0.06761373853623445,22.0,182.0,1,0.98638505
16520.0,5.0,464.0,440.152,0.4776647251693776,45.28399275682302,3.0,0,0.0072584297
16521.0,1.0,465.0,1052.89,0.8402985335500673,116.0,232.0,1,0.9801471
16522.0,1.0,267.0,304.56,1.0,0.0,252.0,1,0.9876917
16523.0,11.0,501.0,447.59363636363634,0.4158838727580219,36.233722594583405,16.0,0,0.005893099
16524.0,1.0,508.0,206.84,0.3425066528201467,0.0,263.0,1,0.9892112
16525.0,37.0,554.0,520.8062162162163,-0.014861490302548314,8.970041852746798,1.0,0,0.00626204
16526.0,0.0,401.0,0.0,-1.0,,401.0,1,0.99624145
16527.0,0.0,241.0,0.0,1.0,,241.0,1,0.9948598
16529.0,3.0,347.0,539.1666666666666,-0.5474652087475149,123.06096050332128,7.0,0,0.010394978
16530.0,0.0,485.0,0.0,-1.0,,485.0,1,0.99624145
16531.0,6.0,258.0,191.46,1.0,10.016652800877813,111.0,0,0.008723688
16532.0,2.0,437.0,1528.3200000000002,0.5602107068479726,48.0,155.0,1,0.9827418
16534.0,0.0,459.0,0.0,-1.0,,459.0,1,0.99624145
16535.0,0.0,202.0,0.0,1.0,,202.0,1,0.9948598
16537.0,0.0,458.0,0.0,-1.0,,458.0,1,0.99624145
16538.0,1.0,412.0,169.51,-1.0,27.0,358.0,1,0.99558556
16539.0,8.0,349.0,401.90125,0.3420591672775339,38.71994802424197,36.0,0,0.0064433445
16540.0,0.0,231.0,0.0,1.0,,231.0,1,0.9948598
16541.0,0.0,552.0,0.0,-1.0,,552.0,1,0.99624145
16542.0,0.0,218.0,0.0,1.0,,218.0,1,0.9948598
16543.0,0.0,408.0,0.0,-1.0,,408.0,1,0.99624145
16544.0,1.0,479.0,110.3,-1.0,66.9394419523265,336.0,1,0.9950498
16545.0,0.0,192.0,0.0,1.0,,192.0,1,0.9948598
16546.0,3.0,259.0,1087.256666666667,1.0,29.243589041018886,107.0,0,0.011849122
16547.0,0.0,363.0,0.0,-1.0,,363.0,1,0.99624145
16548.0,0.0,416.0,0.0,-1.0,,416.0,1,0.99624145
16549.0,23.0,438.0,389.60043478260866,0.3117008343682765,11.958188152428816,151.0,1,0.96176076
16550.0,15.0,554.0,534.5213333333334,-0.23490783127390705,28.436596139481953,2.0,0,0.008294194
16551.0,4.0,543.0,333.2725,-0.1825321173135228,57.720771824361464,153.0,1,0.98296404
16552.0,1.0,190.0,284.44000000000005,1.0,0.0,59.0,0,0.012063112
16553.0,14.0,483.0,1077.2521428571429,0.3471288126693907,26.537568998892628,22.0,0,0.0057805316
16554.0,6.0,541.0,317.20666666666665,0.0911921612261884,23.091605016157327,39.0,0,0.008231118
16555.0,0.0,322.0,0.0,-1.0,0.0,322.0,1,0.99624145
16556.0,13.0,549.0,473.1092307692307,-0.11298738799010985,18.04432412522272,18.0,0,0.0069643757
16558.0,25.0,553.0,347.542,0.42671830484330486,19.006821387577126,9.0,0,0.005846484
16559.0,0.0,214.0,0.0,1.0,,214.0,1,0.9948598
16560.0,6.0,548.0,342.01,-0.47674615520942054,56.57271623514486,175.0,1,0.9826484
16562.0,0.0,293.0,0.0,-1.0,,293.0,1,0.99624145
16563.0,4.0,555.0,701.64,0.21772665036382438,27.39525506360545,217.0,1,0.98230284
16564.0,0.0,386.0,0.0,-1.0,,386.0,1,0.99624145
16565.0,3.0,372.0,152.6833333333333,-0.015070176573313544,16.30950643030009,181.0,1,0.98535997
16566.0,1.0,109.0,185.22000000000003,1.0,0.0,9.0,0,0.0052788644
16567.0,1.0,153.0,308.03999999999996,1.0,0.0,11.0,0,0.011584109
16568.0,1.0,458.0,543.6,0.06494269761974723,0.0,244.0,1,0.98858184
16569.0,3.0,540.0,302.96,-1.0,7.788880963698615,448.0,1,0.99567163
16570.0,10.0,436.0,453.879,0.24156436080276408,21.703014383567396,22.0,0,0.0061033447
16571.0,7.0,448.0,407.9742857142857,0.10572872143222636,32.16411995135104,98.0,0,0.007296313
16572.0,0.0,92.0,0.0,1.0,,92.0,0,0.00557618
16573.0,0.0,107.0,0.0,1.0,,107.0,0,0.00557618
16574.0,1.0,475.0,259.43,-0.38982054237128677,0.0,240.0,1,0.989099
16576.0,1.0,338.0,313.47,0.1591325087359255,0.0,237.0,1,0.98831475
16577.0,0.0,483.0,0.0,-1.0,,483.0,1,0.99624145
16578.0,0.0,443.0,0.0,-1.0,,443.0,1,0.99624145
16579.0,0.0,242.0,0.0,1.0,,242.0,1,0.9948598
16583.0,1.0,490.0,466.9,0.7572450131727512,0.0,190.0,1,0.9884581
16584.0,3.0,478.0,635.9366666666666,-0.013097237923177445,48.705463987341524,71.0,0,0.011911216
16585.0,1.0,512.0,252.27,-1.0,0.0,410.0,1,0.99567163
16586.0,2.0,452.0,567.365,0.5514704877015,2.5,65.0,0,0.015746515
16587.0,0.0,49.0,0.0,1.0,,49.0,0,0.00557618
16588.0,3.0,391.0,381.49333333333334,-0.20922954866008459,14.659088951530682,203.0,1,0.98792493
16589.0,0.0,267.0,0.0,1.0,,267.0,1,0.9948598
16590.0,1.0,231.0,289.15,1.0,0.0,217.0,1,0.9876917
16592.0,12.0,538.0,408.5508333333333,0.02789724670722747,28.170533317074796,0.0,0,0.0057805316
16593.0,6.0,551.0,152.835,0.4406437824224119,94.76051685990086,6.0,0,0.007206471
16595.0,3.0,508.0,310.28,-0.02253762017075623,71.98302268976731,193.0,1,0.9805321
16596.0,2.0,546.0,177.29000000000002,0.07213471663741591,142.0,183.0,1,0.9845471
16598.0,0.0,102.0,0.0,1.0,,102.0,0,0.00557618
16599.0,0.0,202.0,0.0,1.0,,202.0,1,0.9948598
16600.0,8.0,538.0,158.41750000000002,0.39768599232890606,71.61703707917552,70.0,0,0.006630903
16601.0,1.0,440.0,372.2,0.6939356013198316,0.0,207.0,1,0.98774403
16602.0,0.0,205.0,0.0,1.0,,205.0,1,0.9948598
16604.0,1.0,385.0,125.75,-1.0,0.0,379.0,1,0.99558556
16605.0,0.0,541.0,0.0,-1.0,,541.0,1,0.99624145
16606.0,1.0,251.0,119.7,1.0,0.0,221.0,1,0.9876917
16607.0,16.0,406.0,236.8075,0.21527297349014532,16.427675188861226,24.0,0,0.005846484
16608.0,1.0,480.0,601.32,-0.0667949593394996,0.0,270.0,1,0.989099
16609.0,2.0,69.0,715.0450000000001,1.0,4.5,14.0,0,0.005222459
16610.0,0.0,36.0,0.0,1.0,,36.0,0,0.00557618
16611.0,5.0,456.0,299.61800000000005,-0.48643516158487055,68.0158804986012,3.0,0,0.013015159
16612.0,6.0,553.0,375.9666666666667,0.1602757105111921,47.0971218747907,3.0,0,0.007157596
16614.0,1.0,395.0,380.45,0.12960213776722093,0.0,219.0,1,0.98858184
16615.0,0.0,443.0,0.0,-1.0,,443.0,1,0.99624145
16617.0,0.0,52.0,0.0,1.0,,52.0,0,0.00557618
16618.0,2.0,139.0,356.56499999999994,1.0,26.870057685088806,27.0,0,0.010111723
16619.0,3.0,472.0,314.37333333333333,-0.4083463600109373,64.99914529352588,80.0,0,0.014963937
16620.0,4.0,555.0,213.34,-0.5652521587606596,35.27747156472527,77.0,0,0.01972301
16621.0,1.0,94.0,327.85,1.0,0.0,32.0,0,0.0052788644
16622.0,0.0,360.0,0.0,-1.0,,360.0,1,0.99624145
16623.0,3.0,409.0,262.33,-0.13380087467002874,43.05293898859351,62.0,0,0.013388886
16624.0,0.0,14.0,0.0,1.0,,14.0,0,0.00557618
16625.0,4.0,360.0,346.0075,0.2980780276053034,49.0427109772696,91.0,0,0.009091336
16626.0,1.0,83.0,596.13,1.0,0.0,1.0,0,0.0052788644
16628.0,3.0,458.0,254.98666666666668,0.8149378380943343,91.4925619320439,35.0,0,0.009653572
16630.0,0.0,224.0,0.0,1.0,,224.0,1,0.9948598
16631.0,5.0,468.0,305.438,-1.0,15.0,298.0,1,0.99530655
16632.0,1.0,398.0,202.0,-1.0,0.0,302.0,1,0.99558556
16633.0,0.0,51.0,0.0,1.0,,51.0,0,0.00557618
16634.0,5.0,504.0,302.162,0.3175393059665713,76.66185492146664,39.0,0,0.007622227
16635.0,0.0,223.0,0.0,1.0,,223.0,1,0.9948598
16636.0,3.0,463.0,830.1966666666667,-0.31865524823515795,54.847262668452494,255.0,1,0.98275685
16637.0,0.0,42.0,0.0,1.0,,42.0,0,0.00557618
16638.0,9.0,295.0,203.75555555555556,0.870031867431485,12.578155667664477,74.0,0,0.0064494344
16639.0,2.0,226.0,235.57500000000005,1.0,72.0,23.0,0,0.00905493
16640.0,0.0,214.0,0.0,1.0,,214.0,1,0.9948598
16641.0,0.0,518.0,0.0,-1.0,,518.0,1,0.99624145
16642.0,1.0,232.0,307.73,1.0,0.0,24.0,0,0.018909086
16643.0,1.0,239.0,487.51,1.0,0.0,62.0,0,0.018909086
16644.0,0.0,29.0,0.0,1.0,,29.0,0,0.00557618
16645.0,0.0,552.0,0.0,-1.0,,552.0,1,0.99624145
16646.0,0.0,266.0,0.0,1.0,,266.0,1,0.9948598
16647.0,2.0,361.0,155.73000000000002,0.36728198599618084,68.0,21.0,0,0.012977072
16648.0,1.0,407.0,129.3,-0.32328466007222484,0.0,272.0,1,0.9885274
16649.0,0.0,337.0,0.0,-1.0,,337.0,1,0.99624145
16650.0,4.0,336.0,190.0725,-0.4769798739348497,17.497428382479523,237.0,1,0.9886253
16651.0,0.0,403.0,0.0,-1.0,,403.0,1,0.99624145
16652.0,9.0,449.0,1375.8222222222223,-0.25583325621211417,36.35954522440593,29.0,0,0.008543818
16654.0,6.0,429.0,229.625,0.11645269962669583,32.42769735204082,4.0,0,0.0074891816
16655.0,8.0,494.0,458.695,0.1675346024017769,34.96069221282668,2.0,0,0.0065561603
16656.0,18.0,552.0,632.8394444444444,-0.20474804183648748,17.433875071251368,9.0,0,0.007426429
16657.0,0.0,71.0,0.0,1.0,,71.0,0,0.00557618
16658.0,4.0,436.0,168.395,-0.12574775827975176,25.063668925358876,185.0,1,0.9857437
16659.0,0.0,6.0,0.0,1.0,,6.0,0,0.00557618
16660.0,4.0,511.0,213.665,0.7157368558408448,72.65156570921235,27.0,0,0.010518028
16661.0,3.0,539.0,234.77666666666667,-1.0,47.21816976075582,357.0,1,0.9953642
16662.0,0.0,211.0,0.0,1.0,,211.0,1,0.9948598
16663.0,0.0,546.0,0.0,-1.0,,546.0,1,0.99624145
16664.0,0.0,386.0,0.0,-1.0,,386.0,1,0.99624145
16665.0,0.0,179.0,0.0,1.0,,179.0,1,0.9948598
16666.0,0.0,438.0,0.0,-1.0,,438.0,1,0.99624145
16667.0,0.0,101.0,0.0,1.0,,101.0,0,0.00557618
16668.0,7.0,448.0,77.10571428571428,-0.2059916258772189,29.422567868899545,31.0,0,0.009737626
16670.0,12.0,546.0,433.21333333333337,0.038934325206928494,28.432209420732303,64.0,0,0.0057805316
16672.0,8.0,83.0,372.3625,1.0,5.101440125888443,1.0,0,0.005311409
16673.0,0.0,496.0,0.0,-1.0,,496.0,1,0.99624145
16675.0,1.0,295.0,301.79999999999995,-0.008639096015504465,0.0,258.0,1,0.9889839
16676.0,4.0,235.0,362.725,1.0,36.14813273185767,30.0,0,0.00872309
16677.0,1.0,469.0,617.39,0.40217119756535163,0.0,228.0,1,0.9879637
16678.0,4.0,99.0,238.6175,1.0,7.790218225441442,14.0,0,0.00573896
16679.0,2.0,364.0,302.955,0.5280306660277911,62.0,183.0,1,0.98279953
16680.0,1.0,351.0,97.5,-1.0,0.0,345.0,1,0.99558556
16681.0,3.0,458.0,291.94666666666666,0.7050635622092004,171.359920116176,22.0,0,0.010976693
16682.0,0.0,4.0,0.0,1.0,,4.0,0,0.00557618
16683.0,0.0,350.0,0.0,-1.0,,350.0,1,0.99624145
16684.0,26.0,549.0,4016.001153846154,0.26803646847468127,16.055131839466252,22.0,0,0.0057805316
16686.0,10.0,550.0,307.052,0.25467776109906537,28.211872008468745,11.0,0,0.0061896807
16687.0,0.0,207.0,0.0,1.0,,207.0,1,0.9948598
16690.0,2.0,268.0,84.075,1.0,66.5,18.0,0,0.00922785
16691.0,1.0,378.0,142.95,0.5987250461331991,0.0,235.0,1,0.98774403
16692.0,3.0,258.0,397.8333333333333,1.0,41.012193308819754,73.0,0,0.009772578
16693.0,3.0,473.0,218.15,-0.03621672895166912,16.027753706895076,88.0,0,0.016220812
16694.0,0.0,540.0,0.0,-1.0,,540.0,1,0.99624145
16695.0,0.0,378.0,0.0,-1.0,0.0,378.0,1,0.99624145
16696.0,2.0,65.0,261.75,1.0,12.0,20.0,0,0.0052852985
16697.0,0.0,58.0,0.0,1.0,,58.0,0,0.00557618
16698.0,1.0,70.0,816.0,1.0,0.0,43.0,0,0.0052788644
16699.0,6.0,552.0,142.86666666666667,-0.14208727126483012,32.307979750451054,197.0,1,0.97736484
16700.0,15.0,554.0,441.37933333333336,0.18047444451863015,17.484031515205277,18.0,0,0.0057805316
16701.0,18.0,555.0,352.14444444444445,-0.12966150144713492,18.944362984510427,6.0,0,0.0067797387
16702.0,3.0,549.0,296.00333333333333,-0.43055167503357283,32.13513134665341,232.0,1,0.99020714
16704.0,1.0,489.0,121.85,-1.0,0.0,435.0,1,0.99567163
16705.0,17.0,547.0,1931.719411764706,0.15784313861321658,21.052112453703476,24.0,0,0.0057805316
16707.0,3.0,457.0,121.70666666666666,-0.2904138919634918,48.76018412142796,217.0,1,0.9838859
16709.0,10.0,547.0,676.868,0.11859968317048358,33.29695932063467,16.0,0,0.005893099
16710.0,17.0,552.0,301.454705882353,0.15626788572757544,28.27582874735029,24.0,0,0.005846484
16711.0,5.0,554.0,295.21000000000004,0.013737095664143177,85.35713209802681,119.0,0,0.007859004
16712.0,3.0,218.0,401.45666666666665,1.0,46.015649511878024,29.0,0,0.008477753
16713.0,23.0,541.0,421.0552173913044,-0.12154228773200616,18.59136597694986,52.0,0,0.0069643757
16714.0,1.0,487.0,1146.53,0.5137707948243992,176.5,134.0,1,0.9839092
16715.0,0.0,379.0,0.0,-1.0,,379.0,1,0.99624145
16716.0,2.0,447.0,450.6,-0.1615496259908451,137.5,83.0,0,0.014242971
16717.0,6.0,549.0,508.11833333333334,0.3436115396931676,47.83549283743192,183.0,1,0.96775836
16718.0,4.0,550.0,749.9275,-0.3159754683306238,74.5498993963104,186.0,1,0.9840539
16719.0,10.0,543.0,281.146,0.17736707529205253,21.827505583552142,52.0,0,0.0061729546
16720.0,1.0,539.0,275.02,0.2271104765304301,0.0,193.0,1,0.9890465
16721.0,0.0,79.0,0.0,1.0,,79.0,0,0.00557618
16722.0,14.0,553.0,440.8535714285714,0.300232042790472,21.536869194334574,0.0,0,0.0057805316
16723.0,1.0,552.0,251.93,-0.2928082191780822,0.0,260.0,1,0.98958033
16724.0,0.0,221.0,0.0,1.0,,221.0,1,0.9948598
16725.0,11.0,543.0,151.52545454545455,0.47460997734837773,66.39209081074509,119.0,0,0.0059603285
16726.0,4.0,228.0,294.83750000000003,1.0,34.72981428110435,13.0,0,0.00923614
16727.0,3.0,505.0,294.16,-0.18050395848116765,87.335877825528,181.0,1,0.9833609
16728.0,1.0,81.0,102.44,1.0,0.0,53.0,0,0.0052788644
16729.0,7.0,58.0,374.4614285714286,1.0,3.2584173996922625,7.0,0,0.0055059567
16730.0,1.0,136.0,293.92,1.0,0.0,51.0,0,0.011089926
16731.0,0.0,465.0,0.0,-1.0,,465.0,1,0.99624145
16732.0,2.0,548.0,1495.525,0.22149956790498668,44.5,220.0,1,0.9848952
16733.0,0.0,346.0,0.0,-1.0,,346.0,1,0.99624145
16735.0,9.0,548.0,525.5088888888889,-0.09594074097460106,29.627014699425928,56.0,0,0.0070509636
16736.0,4.0,553.0,432.645,-1.0,54.04165060395547,322.0,1,0.9950997
16737.0,0.0,394.0,0.0,-1.0,,394.0,1,0.99624145
16738.0,0.0,114.0,0.0,1.0,,114.0,0,0.00557618
16739.0,0.0,353.0,0.0,-1.0,,353.0,1,0.99624145
16740.0,0.0,212.0,0.0,1.0,,212.0,1,0.9948598
16741.0,0.0,442.0,0.0,-1.0,,442.0,1,0.99624145
16742.0,12.0,540.0,180.63666666666663,-1.0,13.766656577881696,309.0,1,0.99405956
16743.0,9.0,413.0,307.6066666666667,-0.135921635921636,29.50998993854182,28.0,0,0.006981472
16745.0,9.0,128.0,431.52666666666664,1.0,7.2333247994487975,0.0,0,0.0058722296
16746.0,30.0,552.0,462.9706666666667,-0.07876702239443556,9.404871764315864,11.0,0,0.00603903
16748.0,11.0,546.0,266.7390909090909,0.41559491098847823,25.603460509912416,34.0,0,0.0059603285
16749.0,1.0,541.0,2043.36,-1.0,0.0,408.0,1,0.99567163
16750.0,0.0,49.0,0.0,1.0,,49.0,0,0.00557618
16752.0,0.0,189.0,0.0,1.0,,189.0,1,0.9948598
16754.0,18.0,458.0,3617.137222222222,-0.5088873044201196,11.404438806438304,189.0,1,0.9798861
16755.0,5.0,547.0,419.928,-0.2142010708323602,34.97656358191868,43.0,0,0.011571035
16756.0,6.0,457.0,173.13833333333332,-0.15039203883051275,53.716591684713414,31.0,0,0.0078537185
16757.0,1.0,226.0,106.83,1.0,0.0,135.0,1,0.9869025
16760.0,0.0,247.0,0.0,1.0,,247.0,1,0.9948598
16763.0,1.0,555.0,611.85,0.26847724681248053,0.0,15.0,0,0.021226825
16765.0,1.0,199.0,34.0,1.0,0.0,111.0,0,0.016318223
16766.0,0.0,90.0,0.0,1.0,0.0,90.0,0,0.005509901
16767.0,6.0,407.0,724.1833333333334,0.3229970941491773,27.384099198054493,36.0,0,0.007559395
16768.0,6.0,549.0,198.05,-0.15076984037133473,20.25188605757224,88.0,0,0.010477902
16769.0,2.0,542.0,373.645,-0.33367199474490916,110.04948381927508,77.0,0,0.015893774
16770.0,7.0,291.0,234.8642857142857,0.8081286327817828,20.1099021197346,53.0,0,0.007217543
16771.0,7.0,547.0,449.2771428571429,0.04658566888872968,34.76216568721382,92.0,0,0.006734647
16772.0,2.0,538.0,1413.35,-0.0748344993353117,128.0,240.0,1,0.98465157
16773.0,1.0,550.0,111.9,-0.10354496294812736,0.0,253.0,1,0.9892461
16774.0,3.0,478.0,192.74333333333337,-0.7090885704179305,12.027745701779143,240.0,1,0.98975873
16775.0,8.0,259.0,243.11,1.0,23.5448375445659,22.0,0,0.0067508956
16776.0,0.0,232.0,0.0,1.0,,232.0,1,0.9948598
16777.0,3.0,449.0,349.5933333333334,0.5683981377020005,23.213980461973534,74.0,0,0.012711016
16778.0,0.0,91.0,0.0,1.0,,91.0,0,0.00557618
16779.0,39.0,553.0,648.0146153846154,-0.5219862161270103,7.516606614689903,36.0,0,0.011645357
16780.0,1.0,224.0,161.89,1.0,0.0,76.0,0,0.017137278
16781.0,1.0,486.0,622.5,0.33261974846133263,0.0,189.0,1,0.98882186
16782.0,29.0,547.0,321.4106896551724,0.30343827214386315,14.740276606036828,21.0,0,0.005981314
16783.0,0.0,253.0,0.0,1.0,,253.0,1,0.9948598
16784.0,3.0,438.0,192.82,0.20013182411620803,41.21488404286329,193.0,1,0.9798456
16785.0,0.0,226.0,0.0,1.0,,226.0,1,0.9948598
16786.0,0.0,210.0,0.0,1.0,,210.0,1,0.9948598
16787.0,3.0,515.0,264.63,-0.3620621384352395,48.14561246884289,214.0,1,0.98630464
16788.0,3.0,487.0,409.8966666666667,0.01607678027591395,12.832251036613439,71.0,0,0.017339375
16791.0,9.0,553.0,284.49333333333334,0.014918533074564899,28.732162989977706,30.0,0,0.0063645327
16792.0,3.0,521.0,137.39,-0.17791037115452477,72.39259285313658,99.0,0,0.012769156
16794.0,4.0,441.0,156.2925,-0.22057129693618982,40.678618462283104,197.0,1,0.98258454
16795.0,2.0,500.0,937.21,0.5041145246129217,108.5,182.0,1,0.9837015
16797.0,4.0,554.0,412.7225,-0.12030507120698987,40.20183453525473,210.0,1,0.9830875
16798.0,2.0,546.0,319.905,-1.0,1.0,371.0,1,0.99567163
16799.0,1.0,270.0,247.19,1.0,0.0,249.0,1,0.9878542
16801.0,2.0,90.0,363.49,1.0,31.5,9.0,0,0.0049234685
16802.0,1.0,547.0,323.5,-1.0,0.0,496.0,1,0.99567163
16804.0,0.0,87.0,0.0,1.0,,87.0,0,0.00557618
16805.0,2.0,542.0,281.21,-0.48645417374046535,34.5,177.0,1,0.98930013
16806.0,1.0,56.0,147.13,1.0,0.0,37.0,0,0.0052788644
16807.0,4.0,440.0,345.01750000000004,-0.2118709646216719,60.50774743782816,32.0,0,0.011918946
16808.0,0.0,91.0,0.0,1.0,,91.0,0,0.00557618
16809.0,5.0,422.0,178.882,0.3464553304147704,48.74997435896761,25.0,0,0.00734112
16810.0,1.0,237.0,309.54,1.0,0.0,9.0,0,0.018909086
16812.0,3.0,199.0,427.4166666666667,1.0,7.874007874011811,177.0,1,0.98121464
16813.0,1.0,21.0,110.55,1.0,0.0,8.0,0,0.0052788644
16814.0,26.0,424.0,357.59000000000003,0.04878579652279941,9.988751069527865,9.0,0,0.006073028
16815.0,1.0,353.0,177.85,-0.13448670219237416,0.0,270.0,1,0.98888373
16816.0,1.0,175.0,249.67,1.0,0.0,130.0,1,0.9799182
16817.0,10.0,248.0,211.425,1.0,22.380571931923452,2.0,0,0.0058577056
16818.0,2.0,22.0,296.775,1.0,2.5,8.0,0,0.005222459
16819.0,0.0,282.0,0.0,-1.0,0.0,282.0,1,0.99624145
16821.0,0.0,198.0,0.0,1.0,,198.0,1,0.9948598
16822.0,0.0,503.0,0.0,-1.0,,503.0,1,0.99624145
16823.0,6.0,554.0,345.13166666666666,0.1716436071129911,62.49199948793445,44.0,0,0.007084585
16824.0,0.0,210.0,0.0,1.0,,210.0,1,0.9948598
16825.0,3.0,351.0,335.7033333333333,0.4697937113710495,63.730334657489095,2.0,0,0.009319847
16827.0,4.0,406.0,84.6825,0.43695438813988324,49.71104002130714,210.0,1,0.9762948
16829.0,0.0,205.0,0.0,1.0,,205.0,1,0.9948598
16830.0,2.0,543.0,290.58500000000004,-0.08982633650563172,91.5,259.0,1,0.98468405
16831.0,0.0,381.0,0.0,-1.0,,381.0,1,0.99624145
16832.0,4.0,275.0,76.6525,1.0,82.5935076140976,1.0,0,0.008170105
16833.0,3.0,440.0,553.64,0.6829668659438646,65.62964269291736,76.0,0,0.010533852
16834.0,1.0,491.0,413.46,-0.08013704725460534,0.0,44.0,0,0.022200307
16835.0,4.0,386.0,284.42,-0.5261618414379112,37.745032785785206,190.0,1,0.9845599
16836.0,1.0,391.0,309.75,0.16776625824693686,0.0,223.0,1,0.98831475
16837.0,5.0,62.0,333.2,1.0,5.368084065158839,14.0,0,0.0056832256
16838.0,3.0,480.0,272.79333333333335,0.015600072438147334,64.09021419495768,14.0,0,0.011253631
16839.0,23.0,483.0,540.6343478260869,0.669539579024422,15.8652167955485,2.0,0,0.0057805316
16840.0,1.0,491.0,32.1,-1.0,0.0,420.0,1,0.9961683
16841.0,8.0,513.0,348.25875,-0.16394645744977954,33.48110474581148,2.0,0,0.0075315526
16842.0,0.0,119.0,0.0,1.0,,119.0,0,0.02495311
16843.0,19.0,546.0,657.1668421052632,-0.08768714874144651,22.434124243115786,14.0,0,0.005902907
16844.0,1.0,399.0,311.99,-1.0,0.0,379.0,1,0.99558556
16845.0,0.0,435.0,0.0,-1.0,,435.0,1,0.99624145
16846.0,1.0,456.0,272.23,-1.0,0.0,394.0,1,0.99558556
16847.0,0.0,435.0,0.0,-1.0,,435.0,1,0.99624145
16848.0,1.0,249.0,378.25,1.0,28.0,193.0,1,0.98326045
16849.0,0.0,3.0,0.0,1.0,,3.0,0,0.00557618
16850.0,0.0,150.0,0.0,1.0,,150.0,1,0.9948598
16854.0,1.0,457.0,118.15,-0.8322876447876446,0.0,234.0,1,0.9897592
16856.0,1.0,259.0,139.31,1.0,0.0,234.0,1,0.9876917
16857.0,0.0,259.0,0.0,1.0,,259.0,1,0.9948598
16858.0,9.0,541.0,485.6022222222222,-0.12172363268698538,19.8270298106174,185.0,1,0.9694351
16859.0,4.0,462.0,296.6675,0.32614715737586886,59.60738209316024,78.0,0,0.009809164
16860.0,2.0,479.0,546.75,-0.4644298468912594,21.5,269.0,1,0.9895997
16861.0,2.0,325.0,317.71500000000003,0.6444237413143901,49.5,207.0,1,0.9814873
16862.0,3.0,518.0,165.57666666666668,-1.0,40.86835233065094,364.0,1,0.99552035
16863.0,1.0,226.0,328.5,1.0,0.0,183.0,1,0.9869025
16864.0,1.0,415.0,297.53,0.4540256566890653,0.0,251.0,1,0.98774403
16865.0,0.0,218.0,0.0,1.0,,218.0,1,0.9948598
16867.0,0.0,506.0,0.0,-1.0,,506.0,1,0.99624145
16868.0,2.0,410.0,104.745,0.06504995043087014,61.0,211.0,1,0.9834379
16870.0,0.0,286.0,0.0,-1.0,,286.0,1,0.99624145
16871.0,2.0,87.0,751.4,1.0,18.708286933869708,27.0,0,0.005211679
16872.0,3.0,280.0,268.67333333333335,0.749422119005502,106.05763632205945,1.0,0,0.00938941
16873.0,8.0,485.0,1158.315,-0.0858339812178738,29.8953905309832,14.0,0,0.006935284
16874.0,0.0,196.0,0.0,1.0,,196.0,1,0.9948598
16875.0,6.0,520.0,383.2516666666667,-0.24108977646743135,32.330084673566816,113.0,0,0.012260276
16876.0,0.0,220.0,0.0,1.0,,220.0,1,0.9948598
16877.0,0.0,25.0,0.0,1.0,,25.0,0,0.00557618
16880.0,1.0,310.0,269.88,-0.087719298245614,0.0,6.0,0,0.021107282
16882.0,1.0,134.0,205.8,1.0,0.0,56.0,0,0.011089926
16883.0,17.0,552.0,134.5670588235294,-0.6622200710175707,52.370475142647564,4.0,0,0.010486433
16884.0,1.0,387.0,223.23,-1.0,0.0,373.0,1,0.99558556
16885.0,1.0,202.0,190.65,1.0,0.0,174.0,1,0.9846383
16886.0,0.0,273.0,0.0,1.0,,273.0,1,0.9948598
16887.0,1.0,555.0,246.02,0.05624248669070929,0.0,217.0,1,0.9892971
16888.0,2.0,518.0,118.53,-0.45172137710168137,125.0,217.0,1,0.98534656
16889.0,5.0,382.0,434.78,0.48335374767869144,27.447404248853843,11.0,0,0.007916244
16890.0,2.0,399.0,58.56,-1.0,35.0,293.0,1,0.9954699
16891.0,6.0,552.0,193.59166666666667,-0.3720071922021387,32.66198946107777,188.0,1,0.98698574
16892.0,2.0,548.0,120.995,-0.3934146197797019,96.5,0.0,0,0.015893774
16893.0,1.0,193.0,291.86,1.0,0.0,183.0,1,0.9838704
16894.0,1.0,352.0,17.0,-1.0,16.5,319.0,1,0.99624145
16895.0,3.0,482.0,250.63,-0.2460211907611828,28.890598240027266,255.0,1,0.9885578
16896.0,0.0,372.0,0.0,-1.0,,372.0,1,0.99624145
16897.0,1.0,130.0,76.75,1.0,0.0,116.0,0,0.0102725765
16898.0,2.0,393.0,215.5,0.38220768392021043,57.5,185.0,1,0.9832788
16899.0,3.0,214.0,168.86666666666667,1.0,63.63961030678928,24.0,0,0.007736783
16901.0,0.0,546.0,0.0,-1.0,,546.0,1,0.99624145
16903.0,1.0,232.0,246.99,1.0,0.0,197.0,1,0.9876917
16904.0,8.0,228.0,308.44875,1.0,14.794931564559533,42.0,0,0.007762221
16905.0,11.0,546.0,232.10454545454547,0.2908035858649372,37.097843603099086,53.0,0,0.0059603285
16906.0,4.0,392.0,229.1025,0.4510260307809234,72.02610637817374,3.0,0,0.009263575
16907.0,6.0,343.0,200.9333333333333,0.8402594924632703,27.471197037382023,51.0,0,0.0075140684
16908.0,0.0,539.0,0.0,-1.0,,539.0,1,0.99624145
16911.0,1.0,478.0,115.9,-1.0,0.0,452.0,1,0.99567163
16912.0,6.0,547.0,447.79833333333335,0.5272309230473622,63.52447854961109,24.0,0,0.006952329
16913.0,1.0,468.0,113.44,-0.4647920549173174,180.5,107.0,0,0.014383329
16915.0,6.0,386.0,131.42333333333332,0.02406527671852177,23.383873835520827,65.0,0,0.0076454836
16916.0,2.0,232.0,310.865,1.0,9.0,189.0,1,0.9854855
16917.0,1.0,449.0,391.52,-0.5785190248838699,0.0,93.0,0,0.020919112
16918.0,9.0,553.0,244.28444444444443,-0.4017560169403987,32.159601987586846,134.0,1,0.97993475
16919.0,19.0,294.0,233.05,0.8027224683247507,22.40940440742885,9.0,0,0.005846484
16920.0,0.0,228.0,0.0,1.0,,228.0,1,0.9948598
16921.0,1.0,417.0,113.47,-0.180366945969373,0.0,259.0,1,0.9885274
16922.0,0.0,389.0,0.0,-1.0,,389.0,1,0.99624145
16923.0,21.0,494.0,448.5385714285714,0.3235714486452198,13.680529953586014,4.0,0,0.006004535
16925.0,0.0,357.0,0.0,-1.0,,357.0,1,0.99624145
16926.0,4.0,343.0,249.825,-0.061948147887571726,27.17995584985377,188.0,1,0.98367405
16927.0,1.0,178.0,123.35,1.0,0.0,93.0,0,0.011584109
16928.0,15.0,491.0,144.01933333333332,0.9012536908853286,52.034176802900944,7.0,0,0.005846484
16931.0,10.0,214.0,231.556,1.0,9.849365461794989,11.0,0,0.006272265
16932.0,1.0,388.0,157.29,0.1284571510564264,0.0,240.0,1,0.98858184
16933.0,6.0,547.0,376.99333333333334,-0.29753231905725086,52.80112862120912,56.0,0,0.010500828
16934.0,3.0,438.0,259.2866666666667,-0.34744754581659565,41.57723736212721,200.0,1,0.98602015
16935.0,2.0,238.0,133.425,1.0,12.0,198.0,1,0.98463875
16936.0,0.0,202.0,0.0,1.0,,202.0,1,0.9948598
16937.0,0.0,316.0,0.0,-1.0,,316.0,1,0.99624145
16938.0,5.0,477.0,740.9159999999999,-0.18631077299755155,14.263239463740346,125.0,1,0.98345727
16939.0,2.0,466.0,139.325,-1.0,52.5,305.0,1,0.99524236
16940.0,5.0,548.0,695.722,-0.1414981646539925,38.27584094438684,106.0,0,0.010165507
16941.0,0.0,428.0,0.0,-1.0,,428.0,1,0.99624145
16942.0,2.0,44.0,311.6,1.0,12.684198393626966,6.0,0,0.0052852985
16943.0,2.0,135.0,182.85,1.0,4.0,28.0,0,0.010882055
16944.0,0.0,426.0,0.0,-1.0,,426.0,1,0.99624145
16945.0,14.0,547.0,404.8850000000001,0.05640241351730322,21.416292778440486,18.0,0,0.0057805316
16946.0,4.0,464.0,140.675,-0.6954273182547217,44.03691633164157,200.0,1,0.9836679
16947.0,3.0,463.0,146.1266666666667,-0.14127874428283213,63.625641232306826,52.0,0,0.0114917625
16948.0,5.0,473.0,112.678,-0.17115781043764558,23.913176284216203,78.0,0,0.011328036
16949.0,3.0,133.0,273.10999999999996,1.0,13.299958228840003,2.0,0,0.010683164
16950.0,7.0,501.0,339.3157142857143,-0.189258468992458,32.01785216317386,184.0,1,0.9761573
16951.0,0.0,121.0,0.0,1.0,,121.0,1,0.99070215
16952.0,2.0,545.0,189.565,0.20135621148026683,126.5,258.0,1,0.9846771
16954.0,13.0,507.0,345.7807692307692,-0.2668337963825461,18.530639907585904,71.0,0,0.0086505385
16955.0,5.0,494.0,199.804,0.08105177140849697,68.57813062485737,1.0,0,0.0074933586
16957.0,1.0,98.0,301.8,1.0,0.0,56.0,0,0.0052788644
16958.0,0.0,252.0,0.0,1.0,,252.0,1,0.9948598
16960.0,5.0,464.0,258.396,0.12920804626834717,62.65013966464879,69.0,0,0.0073518516
16961.0,1.0,349.0,398.34,0.42165277752993446,0.0,205.0,1,0.98774403
16962.0,0.0,226.0,0.0,1.0,,226.0,1,0.9948598
16963.0,0.0,4.0,0.0,1.0,,4.0,0,0.00557618
16964.0,0.0,550.0,0.0,-1.0,0.0,550.0,1,0.99624145
16965.0,0.0,43.0,0.0,1.0,,43.0,0,0.00557618
16966.0,2.0,57.0,372.6,1.0,15.0,14.0,0,0.0052852985
16967.0,0.0,6.0,0.0,1.0,,6.0,0,0.00557618
16969.0,0.0,8.0,0.0,1.0,,8.0,0,0.00557618
16970.0,0.0,443.0,0.0,-1.0,,443.0,1,0.99624145
16972.0,1.0,273.0,493.45,1.0,0.0,199.0,1,0.9878542
16973.0,0.0,203.0,0.0,1.0,,203.0,1,0.9948598
16974.0,1.0,381.0,276.25,-1.0,0.0,339.0,1,0.99558556
16975.0,2.0,322.0,305.56,0.24096229430311403,1.5,240.0,1,0.9861794
16976.0,0.0,84.0,0.0,1.0,,84.0,0,0.00557618
16977.0,2.0,448.0,177.89999999999998,-0.45282258064516134,81.66734693594225,212.0,1,0.98529786
16978.0,0.0,483.0,0.0,-1.0,0.0,483.0,1,0.99624145
16979.0,3.0,267.0,349.74666666666667,1.0,24.85066509282107,114.0,0,0.011983479
16980.0,2.0,245.0,539.48,1.0,50.0,72.0,0,0.009519855
16983.0,6.0,263.0,371.9483333333333,1.0,16.640813281407453,88.0,0,0.0082296
16984.0,6.0,459.0,742.745,-0.6242992292916975,19.16086868826382,221.0,1,0.98598295
16985.0,13.0,546.0,599.5576923076923,-0.20338173481085217,28.113142219113442,28.0,0,0.007295581
16986.0,3.0,490.0,141.23333333333332,-0.8855930095670773,41.187831940999274,262.0,1,0.9904399
16987.0,4.0,554.0,236.01,-0.13281001860338487,79.22909818999582,22.0,0,0.012329897
16988.0,0.0,196.0,0.0,1.0,,196.0,1,0.9948598
16990.0,1.0,239.0,179.0,1.0,0.0,35.0,0,0.018909086
16991.0,0.0,238.0,0.0,1.0,,238.0,1,0.9948598
16992.0,9.0,483.0,490.94,0.19501294851036977,42.258463977974614,16.0,0,0.005971654
16993.0,1.0,393.0,1231.15,-1.0,0.0,280.0,1,0.99558556
16996.0,5.0,234.0,193.366,1.0,26.009079611209277,62.0,0,0.0075337915
16997.0,2.0,142.0,156.0,1.0,2.5,105.0,0,0.010882055
16998.0,2.0,261.0,143.55,1.0,58.76695972700609,21.0,0,0.0096280575
17000.0,1.0,225.0,214.58,1.0,0.0,213.0,1,0.9864123
17001.0,11.0,441.0,352.35727272727274,0.33865987599844605,23.7736724129866,24.0,0,0.0059603285
17002.0,4.0,458.0,463.745,0.580986221479815,55.64027318408853,32.0,0,0.00969895
17003.0,2.0,395.0,342.9,0.6522116218560277,68.8395880935446,219.0,1,0.98213816
17004.0,1.0,241.0,442.59,1.0,0.0,209.0,1,0.9876917
17005.0,1.0,405.0,288.61,-1.0,0.0,287.0,1,0.99558556
17006.0,3.0,461.0,224.57666666666668,0.5768249584571817,93.47132656001459,209.0,1,0.97874784
17007.0,3.0,254.0,154.24333333333334,1.0,56.847933119859334,18.0,0,0.007884733
17008.0,0.0,246.0,0.0,1.0,,246.0,1,0.9948598
17009.0,0.0,368.0,0.0,-1.0,,368.0,1,0.99624145
17011.0,1.0,468.0,68.28,-1.0,0.0,464.0,1,0.99558556
17012.0,0.0,542.0,0.0,-1.0,,542.0,1,0.99624145
17015.0,0.0,2.0,0.0,1.0,,2.0,0,0.00557618
17016.0,0.0,393.0,0.0,-1.0,,393.0,1,0.99624145
17017.0,14.0,553.0,688.0478571428572,0.861289967780573,46.69984310744938,21.0,0,0.0057805316
17018.0,4.0,551.0,355.25,-0.08608823197562904,60.47055068378326,142.0,1,0.9793528
17019.0,8.0,554.0,437.92,0.45787614710957947,41.04769884228486,78.0,0,0.0066056293
17020.0,1.0,463.0,618.76,-1.0,0.0,359.0,1,0.99558556
17021.0,5.0,406.0,176.098,-0.36984655986195464,21.93080025899648,259.0,1,0.9873745
17022.0,0.0,249.0,0.0,1.0,,249.0,1,0.9948598
17023.0,2.0,514.0,328.91499999999996,-0.5110600114974131,70.5,234.0,1,0.9867661
17025.0,2.0,458.0,232.57,-0.29193813554161846,101.30591734389897,190.0,1,0.98409724
17026.0,2.0,234.0,93.99,1.0,68.5,2.0,0,0.00922785
17027.0,5.0,546.0,148.17000000000002,0.4453275803338254,73.29774894224242,100.0,0,0.007668371
17028.0,2.0,538.0,642.96,-1.0,2.5,398.0,1,0.99567163
17029.0,5.0,480.0,301.65999999999997,0.0005620187714269657,42.941821107167776,53.0,0,0.0077972636
17031.0,3.0,398.0,178.83333333333334,-0.6503029036975141,25.92296279363144,195.0,1,0.98949146
17032.0,3.0,546.0,690.84,-1.0,18.479718612576328,420.0,1,0.99567163
17033.0,2.0,214.0,304.04999999999995,1.0,53.5,31.0,0,0.0085877795
17034.0,2.0,330.0,241.125,0.41796530432225815,8.5,104.0,0,0.016113877
17035.0,3.0,553.0,186.33,0.41309343372610374,88.2874094458925,62.0,0,0.012238387
17036.0,0.0,200.0,0.0,1.0,,200.0,1,0.9948598
17038.0,0.0,232.0,0.0,1.0,,232.0,1,0.9948598
17039.0,0.0,421.0,0.0,-1.0,,421.0,1,0.99624145
17040.0,0.0,367.0,0.0,-1.0,,367.0,1,0.99624145
17041.0,2.0,417.0,344.4,0.5151615138416867,87.97474385046856,177.0,1,0.9828514
17042.0,1.0,64.0,222.18,1.0,0.0,13.0,0,0.0052788644
17043.0,4.0,547.0,168.9025,-0.11272100533159084,59.79339428398425,83.0,0,0.011607226
17044.0,9.0,549.0,1113.7044444444446,0.21903572057651216,34.32506372900129,191.0,1,0.96183586
17045.0,2.0,246.0,83.775,1.0,38.0,64.0,0,0.012074535
17046.0,2.0,437.0,452.30500000000006,-0.13304062339306194,56.617625838210095,261.0,1,0.983851
17047.0,3.0,548.0,538.37,0.20946866485013627,84.40194014357726,22.0,0,0.0121012125
17048.0,5.0,507.0,338.64,0.3233966004625721,37.81216735390871,99.0,0,0.0076321815
17049.0,9.0,462.0,583.1955555555555,0.029952464518767173,36.24329439894901,31.0,0,0.005971654
17050.0,8.0,499.0,440.23375,0.54887391098522,50.064957804835906,4.0,0,0.0065561603
17051.0,3.0,445.0,182.24666666666667,0.20295636837021797,85.39711158269152,11.0,0,0.010940257
17054.0,2.0,62.0,302.375,1.0,8.5,24.0,0,0.0052852985
17055.0,0.0,262.0,0.0,1.0,,262.0,1,0.9948598
17056.0,0.0,555.0,0.0,-1.0,,555.0,1,0.99624145
17057.0,0.0,413.0,0.0,-1.0,,413.0,1,0.99624145
17058.0,1.0,56.0,236.94,1.0,0.0,16.0,0,0.0052788644
17059.0,6.0,499.0,597.9766666666667,0.1114689310530193,33.022298863377486,14.0,0,0.0071847383
17060.0,0.0,83.0,0.0,1.0,,83.0,0,0.00557618
17061.0,4.0,49.0,327.87,1.0,5.842849380986035,9.0,0,0.00573896
17062.0,5.0,256.0,200.494,1.0,16.8949696655543,130.0,1,0.9737037
17063.0,6.0,555.0,369.69166666666666,-0.1433537865073135,39.708632691193,106.0,0,0.008667324
17064.0,0.0,144.0,0.0,1.0,,144.0,1,0.9944782
17065.0,0.0,454.0,0.0,-1.0,0.0,454.0,1,0.99624145
17066.0,0.0,543.0,0.0,-1.0,,543.0,1,0.99624145
17067.0,1.0,548.0,227.72,-1.0,3.0,541.0,1,0.99567163
17068.0,36.0,438.0,194.18305555555557,0.19954610962943323,6.057530259066493,6.0,0,0.006430527
17069.0,7.0,553.0,522.4428571428572,0.39829952016162984,60.864475476257915,43.0,0,0.0067854533
17070.0,0.0,227.0,0.0,1.0,,227.0,1,0.9948598
17071.0,7.0,501.0,301.1685714285714,0.31771094160641344,35.08648207628966,4.0,0,0.006811411
17072.0,0.0,442.0,0.0,-1.0,,442.0,1,0.99624145
17074.0,0.0,379.0,0.0,-1.0,,379.0,1,0.99624145
17075.0,8.0,542.0,239.4975,0.041745892911469455,44.4662793586331,70.0,0,0.006630903
17076.0,4.0,552.0,167.0475,0.4788481661162977,79.98867107284632,90.0,0,0.011457007
17077.0,0.0,395.0,0.0,-1.0,,395.0,1,0.99624145
17080.0,5.0,343.0,92.636,0.014646958712461237,51.413616873353696,86.0,0,0.0074848663
17081.0,3.0,472.0,187.11666666666667,0.17672011034810084,34.37376260399137,212.0,1,0.9820166
17082.0,3.0,541.0,818.9733333333334,-0.06110926207683533,82.87943049997386,135.0,1,0.9801887
17083.0,7.0,485.0,441.59,0.08821081144935616,34.269639088635095,112.0,0,0.006734647
17084.0,0.0,213.0,0.0,1.0,,213.0,1,0.9948598
17085.0,23.0,550.0,319.63739130434783,0.2692568006943357,14.736994065373043,67.0,0,0.005981314
17087.0,0.0,554.0,0.0,-1.0,,554.0,1,0.99624145
17088.0,0.0,70.0,0.0,1.0,,70.0,0,0.00557618
17089.0,0.0,203.0,0.0,1.0,,203.0,1,0.9948598
17090.0,7.0,325.0,170.54571428571427,0.3026707246178573,31.522809202226885,44.0,0,0.007147142
17091.0,13.0,540.0,438.5576923076923,0.18682112835096826,23.90297138048587,2.0,0,0.0057805316
17092.0,6.0,492.0,610.8033333333334,-0.2793111475476206,51.75136792040045,94.0,0,0.010263598
17093.0,0.0,409.0,0.0,-1.0,,409.0,1,0.99624145
17094.0,1.0,240.0,302.0,1.0,0.0,139.0,1,0.9876917
17095.0,5.0,541.0,298.03000000000003,-0.042035657487235374,43.89259618660076,116.0,0,0.008591226
17096.0,7.0,372.0,319.2342857142857,-0.25760309906846796,36.45685176775864,78.0,0,0.009346208
17097.0,2.0,247.0,231.18,1.0,12.5,141.0,1,0.98463875
17098.0,2.0,357.0,145.8,-0.013314835806249689,54.5,198.0,1,0.9829631
17099.0,0.0,350.0,0.0,-1.0,,350.0,1,0.99624145
17101.0,2.0,367.0,358.46,0.6195725839244567,51.5,211.0,1,0.98279953
17102.0,0.0,78.0,0.0,1.0,,78.0,0,0.00557618
17103.0,0.0,539.0,0.0,-1.0,,539.0,1,0.99624145
17104.0,0.0,240.0,0.0,1.0,,240.0,1,0.9948598
17105.0,0.0,123.0,0.0,1.0,,123.0,1,0.99070215
17106.0,0.0,206.0,0.0,1.0,,206.0,1,0.9948598
17107.0,5.0,494.0,1552.882,0.062445088923956144,23.20689552697646,25.0,0,0.008466405
17108.0,0.0,480.0,0.0,-1.0,,480.0,1,0.99624145
17109.0,2.0,314.0,345.15999999999997,0.5778562530713935,70.65880459409618,49.0,0,0.011908877
17110.0,1.0,427.0,150.3,-1.0,0.0,337.0,1,0.99558556
17111.0,0.0,242.0,0.0,1.0,,242.0,1,0.9948598
17112.0,0.0,319.0,0.0,-1.0,,319.0,1,0.99624145
17113.0,4.0,514.0,451.7425,-1.0,25.095019426172996,391.0,1,0.99530953
17114.0,3.0,151.0,101.28333333333332,1.0,4.642796092394706,25.0,0,0.011276594
17115.0,4.0,551.0,449.965,-0.72245424147609,110.49208116421738,50.0,0,0.013230085
17116.0,0.0,465.0,0.0,-1.0,,465.0,1,0.99624145
17117.0,0.0,105.0,0.0,1.0,,105.0,0,0.00557618
17118.0,0.0,134.0,0.0,1.0,,134.0,1,0.9944782
17120.0,0.0,50.0,0.0,1.0,,50.0,0,0.00557618
17121.0,0.0,219.0,0.0,1.0,,219.0,1,0.9948598
17122.0,2.0,316.0,165.08,0.5278819010597438,34.5,205.0,1,0.9833695
17123.0,1.0,389.0,414.51,0.33418092279962014,0.0,256.0,1,0.98831475
17124.0,0.0,2.0,0.0,1.0,,2.0,0,0.00557618
17126.0,5.0,282.0,258.28200000000004,0.6414907274414349,16.099689437998485,116.0,0,0.009003999
17127.0,4.0,552.0,254.27000000000004,-0.047297472792914456,73.3007503372237,245.0,1,0.9793528
17128.0,0.0,151.0,0.0,1.0,,151.0,1,0.9948598
17129.0,0.0,337.0,0.0,-1.0,,337.0,1,0.99624145
17132.0,1.0,305.0,596.63,-0.062492143306096766,0.0,269.0,1,0.9889839
17133.0,7.0,445.0,1370.7514285714285,-0.5939365445479028,62.23457927183936,7.0,0,0.010367652
17134.0,1.0,259.0,330.5,1.0,0.0,81.0,0,0.018909086
17135.0,4.0,396.0,285.32,0.4400311645457463,20.522853115490545,106.0,0,0.012383045
17136.0,0.0,479.0,0.0,-1.0,,479.0,1,0.99624145
17137.0,4.0,494.0,183.3275,-0.6621825463334599,32.208073522022396,233.0,1,0.9892643
17138.0,6.0,490.0,448.115,-0.762115514786282,47.246399039738705,92.0,0,0.012827867
17139.0,11.0,514.0,1184.2627272727273,0.1308166487910268,28.087961722951704,27.0,0,0.005893099
17140.0,0.0,64.0,0.0,1.0,,64.0,0,0.00557618
17141.0,1.0,501.0,347.89,-0.07761854891095418,125.39360253041443,235.0,1,0.9845217
17142.0,3.0,501.0,352.75,0.30430379746835445,14.7648230602334,56.0,0,0.0153340995
17143.0,1.0,332.0,262.6,-0.431669390007683,0.0,234.0,1,0.98888373
17145.0,2.0,475.0,1111.94,-1.0,62.78180911343313,329.0,1,0.9952565
17146.0,11.0,492.0,422.7945454545455,-0.6967118642873005,28.852145171403386,80.0,0,0.01087214
17147.0,6.0,514.0,368.145,0.16947532408367807,39.041288685470185,23.0,0,0.006942993
17149.0,0.0,268.0,0.0,1.0,,268.0,1,0.9948598
17150.0,5.0,550.0,247.28000000000003,-0.1567622578417476,39.921923801340036,193.0,1,0.97792715
17151.0,0.0,552.0,0.0,-1.0,,552.0,1,0.99624145
17152.0,2.0,242.0,844.75,1.0,66.41954197038365,11.0,0,0.009124107
17155.0,4.0,553.0,124.425,-1.0,37.877268908937985,344.0,1,0.99528897
17156.0,0.0,308.0,0.0,-1.0,,308.0,1,0.99624145
17157.0,15.0,552.0,300.0493333333333,-1.0,15.632498200863482,297.0,1,0.99405956
17158.0,3.0,459.0,371.02666666666664,-0.010258008756145609,38.49675310984031,49.0,0,0.0121186515
17159.0,1.0,462.0,299.41,-1.0,0.0,294.0,1,0.99558556
17160.0,12.0,552.0,589.1883333333334,-0.07254882095185032,29.546573405388315,42.0,0,0.005902907
17161.0,0.0,261.0,0.0,1.0,,261.0,1,0.9948598
17162.0,3.0,122.0,246.95666666666668,1.0,20.131202301960233,7.0,0,0.009758288
17163.0,1.0,492.0,265.44,0.3053998229566243,0.0,262.0,1,0.9889959
17164.0,1.0,90.0,316.09,1.0,0.0,29.0,0,0.0052788644
17165.0,5.0,545.0,283.73199999999997,-0.347507690935842,47.977494724089134,101.0,0,0.015500889
17166.0,0.0,20.0,0.0,1.0,,20.0,0,0.00557618
17167.0,2.0,262.0,304.71000000000004,1.0,5.0,196.0,1,0.9853124
17168.0,0.0,315.0,0.0,-1.0,,315.0,1,0.99624145
17169.0,0.0,395.0,0.0,-1.0,,395.0,1,0.99624145
17170.0,1.0,206.0,106.2,1.0,0.0,191.0,1,0.9850655
17171.0,1.0,478.0,224.91,0.1696091942068176,0.0,106.0,0,0.020298894
17172.0,1.0,543.0,301.99,-0.054523254175732984,0.0,247.0,1,0.98958033
17174.0,0.0,34.0,0.0,1.0,,34.0,0,0.00557618
17175.0,0.0,113.0,0.0,1.0,,113.0,0,0.00557618
17176.0,2.0,494.0,307.99,-0.3214602358365103,87.5,18.0,0,0.016855989
17177.0,0.0,322.0,0.0,-1.0,,322.0,1,0.99624145
17178.0,0.0,548.0,0.0,-1.0,,548.0,1,0.99624145
17179.0,4.0,379.0,272.65250000000003,0.6990605867048871,52.59752845904454,49.0,0,0.009017736
17180.0,8.0,504.0,231.51875,-0.053790829347273396,32.49273423055957,58.0,0,0.006630903
17181.0,1.0,412.0,311.04,0.632884479092842,0.0,190.0,1,0.98774403
17182.0,1.0,535.0,142.8,-0.11111111111111108,0.0,239.0,1,0.9893504
17184.0,1.0,547.0,147.86,-1.0,0.0,386.0,1,0.99567163
17185.0,1.0,415.0,105.71,-1.0,3.0,408.0,1,0.99558556
17187.0,1.0,343.0,203.95,-0.1278783861794702,0.0,43.0,0,0.020919112
17188.0,8.0,548.0,401.89,0.0330497807029923,21.868927728629036,132.0,1,0.9672915
17189.0,3.0,554.0,189.99666666666667,-0.4322693484914735,80.54950168823034,176.0,1,0.9854397
17190.0,3.0,461.0,362.0133333333333,-0.2785056253603852,78.1649537836491,24.0,0,0.013504004
17191.0,9.0,555.0,406.09777777777776,0.19051120609096617,32.22436535018529,8.0,0,0.0062014423
17192.0,0.0,353.0,0.0,-1.0,,353.0,1,0.99624145
17193.0,1.0,554.0,565.74,0.8526377836722664,0.0,203.0,1,0.9885111
17194.0,1.0,347.0,226.78,-0.41601215461076924,0.0,177.0,1,0.98888373
17195.0,0.0,472.0,0.0,-1.0,,472.0,1,0.99624145
17196.0,0.0,244.0,0.0,1.0,,244.0,1,0.9948598
17198.0,1.0,188.0,499.3,1.0,0.0,182.0,1,0.9807093
17199.0,0.0,399.0,0.0,-1.0,,399.0,1,0.99624145
17200.0,1.0,469.0,191.65,0.07454234532253091,124.45079348883236,204.0,1,0.98352975
17201.0,2.0,484.0,204.045,-1.0,46.0,340.0,1,0.9956245
17202.0,0.0,237.0,0.0,1.0,,237.0,1,0.9948598
17203.0,0.0,205.0,0.0,1.0,0.0,205.0,1,0.9947978
17204.0,5.0,364.0,978.192,0.8846576973540978,43.025832034049294,58.0,0,0.0071336175
17205.0,1.0,381.0,340.32,0.10624603832463797,0.0,233.0,1,0.98858184
17207.0,0.0,469.0,0.0,-1.0,,469.0,1,0.99624145
17208.0,0.0,212.0,0.0,1.0,,212.0,1,0.9948598
17209.0,2.0,553.0,145.6,-1.0,35.5,466.0,1,0.99567163
17210.0,0.0,209.0,0.0,1.0,,209.0,1,0.9948598
17211.0,9.0,543.0,288.5155555555555,0.1533064956743549,66.87301398920195,50.0,0,0.006039774
17212.0,2.0,303.0,172.945,-0.12919021663876337,88.5,70.0,0,0.012543763
17213.0,8.0,541.0,379.165,-0.25114289309231214,44.97499305169485,133.0,1,0.9743824
17214.0,3.0,176.0,147.54,1.0,14.352700094407323,66.0,0,0.011159426
17215.0,0.0,281.0,0.0,-1.0,,281.0,1,0.99624145
17216.0,0.0,371.0,0.0,-1.0,,371.0,1,0.99624145
17217.0,1.0,436.0,113.5,0.04128440366972477,0.0,51.0,0,0.020175306
17218.0,12.0,500.0,232.5666666666667,0.44377607329151125,37.21633452605933,31.0,0,0.005846484
17219.0,0.0,233.0,0.0,1.0,,233.0,1,0.9948598
17220.0,7.0,505.0,342.4685714285714,0.5412451957788491,49.70690957506947,23.0,0,0.006811411
17221.0,1.0,424.0,241.3,-1.0,7.5,408.0,1,0.99558556
17222.0,4.0,515.0,260.1775,-1.0,37.39652390263031,294.0,1,0.9948755
17223.0,2.0,192.0,324.81500000000005,1.0,26.0,127.0,1,0.98043895
17224.0,0.0,318.0,0.0,-1.0,,318.0,1,0.99624145
17225.0,0.0,398.0,0.0,-1.0,,398.0,1,0.99624145
17226.0,2.0,482.0,237.245,0.05428165133537752,42.0,125.0,1,0.9844583
17227.0,7.0,510.0,177.25142857142856,0.1731430227903317,32.731436552273564,73.0,0,0.006811411
17228.0,8.0,454.0,228.83375,0.27995180550662924,30.289230759463006,24.0,0,0.0068690586
17230.0,13.0,548.0,740.0576923076923,-0.26681544995188894,47.50013658694622,81.0,0,0.008195003
17231.0,17.0,549.0,321.8129411764706,-0.08492626173306216,15.818580846586714,7.0,0,0.005970247
17233.0,1.0,541.0,190.62,0.030434077517703634,0.0,265.0,1,0.9892971
17235.0,6.0,370.0,263.2316666666666,0.3119430430477627,28.848262031225072,189.0,1,0.9692516
17236.0,9.0,459.0,149.4622222222222,-0.06532229937537645,30.046055183647077,59.0,0,0.0061287414
17237.0,1.0,198.0,105.29,1.0,0.0,192.0,1,0.9838704
17238.0,20.0,555.0,266.752,0.002320027783048766,23.530617949735365,1.0,0,0.005846484
17239.0,3.0,343.0,293.6666666666667,0.4813569296733784,25.80697580112788,129.0,1,0.98168635
17240.0,0.0,413.0,0.0,-1.0,,413.0,1,0.99624145
17241.0,10.0,479.0,220.234,-0.7609086999934405,21.860186838063424,202.0,1,0.9837624
17242.0,2.0,501.0,656.49,-0.15940806275082087,11.5,273.0,1,0.9885936
17243.0,50.0,555.0,290.61420000000004,-0.224436021108929,5.685103228473967,53.0,0,0.008064135
17244.0,1.0,550.0,610.49,0.40158872282296765,164.9915822768611,200.0,1,0.98422223
17245.0,1.0,506.0,171.45,-0.077308075236122,0.0,21.0,0,0.022637922
17246.0,1.0,555.0,15.44,-1.0,0.0,363.0,1,0.99624145
17248.0,0.0,298.0,0.0,-1.0,,298.0,1,0.99624145
17249.0,0.0,245.0,0.0,1.0,,245.0,1,0.9948598
17250.0,0.0,78.0,0.0,1.0,,78.0,0,0.00557618
17251.0,2.0,541.0,253.015,0.24571963122976745,161.0,179.0,1,0.9843985
17252.0,0.0,3.0,0.0,1.0,,3.0,0,0.00557618
17254.0,0.0,218.0,0.0,1.0,,218.0,1,0.9948598
17255.0,2.0,263.0,116.015,1.0,18.0,116.0,0,0.014270433
17256.0,2.0,417.0,116.6,-0.3387276064421063,70.77821384829907,129.0,1,0.98529786
17257.0,0.0,253.0,0.0,1.0,0.0,253.0,1,0.9947978
17258.0,1.0,482.0,133.45000000000002,-0.3604121734962856,0.0,213.0,1,0.9887495
17259.0,3.0,472.0,452.58,0.24599876469918025,45.372761652780184,185.0,1,0.97984356
17260.0,0.0,228.0,0.0,1.0,,228.0,1,0.9948598
17261.0,0.0,326.0,0.0,-1.0,,326.0,1,0.99624145
17262.0,7.0,541.0,327.15999999999997,-0.004545417584830203,47.63052242697603,44.0,0,0.006811411
17263.0,0.0,25.0,0.0,1.0,,25.0,0,0.00557618
17264.0,0.0,241.0,0.0,1.0,,241.0,1,0.9948598
17266.0,1.0,457.0,90.41,-1.0,0.0,316.0,1,0.99558556
17268.0,8.0,548.0,136.37875,-0.3601180688681591,61.7267162580353,60.0,0,0.01059189
17269.0,0.0,202.0,0.0,1.0,,202.0,1,0.9948598
17270.0,1.0,549.0,214.78,-1.0,0.0,286.0,1,0.99567163
17271.0,0.0,553.0,0.0,-1.0,,553.0,1,0.99624145
17272.0,1.0,79.0,751.76,1.0,0.0,16.0,0,0.0052788644
17273.0,0.0,241.0,0.0,1.0,,241.0,1,0.9948598
17274.0,0.0,212.0,0.0,1.0,,212.0,1,0.9948598
17275.0,0.0,200.0,0.0,1.0,,200.0,1,0.9948598
17276.0,0.0,219.0,0.0,1.0,,219.0,1,0.9948598
17277.0,1.0,139.0,348.33000000000004,1.0,0.0,44.0,0,0.011089926
17278.0,1.0,382.0,246.04,0.8141866981271199,0.0,58.0,0,0.018989203
17280.0,0.0,255.0,0.0,1.0,,255.0,1,0.9948598
17281.0,5.0,490.0,137.07,-0.27918781725888325,12.734205903785284,191.0,1,0.98512065
17282.0,2.0,365.0,510.85,0.4827661272766854,32.0,116.0,0,0.013552858
17283.0,0.0,195.0,0.0,1.0,,195.0,1,0.9948598
17284.0,2.0,206.0,464.225,1.0,24.0,52.0,0,0.011761748
17285.0,1.0,480.0,207.94,-1.0,0.0,445.0,1,0.99567163
17286.0,0.0,217.0,0.0,1.0,0.0,217.0,1,0.9947978
17287.0,14.0,553.0,235.57,0.027802907961524008,29.821498944686844,22.0,0,0.005846484
17288.0,6.0,211.0,250.5583333333333,1.0,17.659540622564336,24.0,0,0.0072536008
17289.0,5.0,458.0,217.438,-0.15494546159403697,32.38271143681455,193.0,1,0.9790455
17290.0,4.0,543.0,214.8175,-0.026252566286637857,49.2284470606173,198.0,1,0.9804985
17291.0,0.0,125.0,0.0,1.0,,125.0,1,0.9930854
17292.0,1.0,396.0,130.39999999999998,-1.0,0.0,289.0,1,0.99558556
17293.0,9.0,553.0,250.32888888888888,0.008186719696681865,30.53595330826343,125.0,1,0.9638582
17294.0,0.0,486.0,0.0,-1.0,0.0,486.0,1,0.99624145
17296.0,0.0,547.0,0.0,-1.0,,547.0,1,0.99624145
17298.0,2.0,458.0,160.61,-0.4788376500315856,14.5,191.0,1,0.9894599
17299.0,1.0,298.0,119.25,-0.31262068766752166,0.0,256.0,1,0.9886308
17300.0,1.0,298.0,237.84,0.2084137790874911,0.0,207.0,1,0.9884199
17301.0,0.0,441.0,0.0,-1.0,,441.0,1,0.99624145
17302.0,1.0,122.0,120.27,1.0,0.0,25.0,0,0.0102725765
17303.0,0.0,178.0,0.0,1.0,,178.0,1,0.9948598
17304.0,0.0,351.0,0.0,-1.0,,351.0,1,0.99624145
17305.0,0.0,465.0,0.0,-1.0,,465.0,1,0.99624145
17306.0,8.0,220.0,444.4575,1.0,15.404023844998552,21.0,0,0.0073221857
17307.0,10.0,506.0,384.725,-0.122185860111153,19.110206696946005,212.0,1,0.9685934
17308.0,1.0,269.0,666.72,1.0,0.0,210.0,1,0.9878542
17309.0,1.0,490.0,27.75,-0.7760652033570046,0.0,198.0,1,0.9937289
17310.0,1.0,351.0,260.09999999999997,-0.4925373134328359,0.0,204.0,1,0.98888373
17311.0,4.0,491.0,557.1775,0.09246686655686098,41.811332195948985,133.0,1,0.9781463
17314.0,11.0,553.0,273.57363636363635,-0.2908952397811292,30.251835542971737,73.0,0,0.0097508915
17315.0,23.0,255.0,238.4817391304348,1.0,7.249521056977182,8.0,0,0.006489238
17316.0,0.0,237.0,0.0,1.0,,237.0,1,0.9948598
17318.0,0.0,542.0,0.0,-1.0,,542.0,1,0.99624145
17319.0,0.0,486.0,0.0,-1.0,,486.0,1,0.99624145
17320.0,4.0,504.0,570.3975,0.3747394683811534,45.63441683641854,53.0,0,0.010279546
17321.0,2.0,394.0,312.33,0.045851276530298295,70.81117300413983,211.0,1,0.9827251
17322.0,4.0,553.0,202.01,0.7516773431318354,133.69251100940545,193.0,1,0.98012376
17323.0,6.0,515.0,131.815,-0.09330946520474372,21.505167337694033,32.0,0,0.009658154
17324.0,8.0,538.0,239.10375,0.12746105756578127,28.96528360505016,148.0,1,0.9664401
17325.0,2.0,458.0,253.835,0.6656659612513738,50.0,97.0,0,0.013597235
17326.0,1.0,346.0,149.35,-0.07221618263705544,0.0,225.0,1,0.98888373
17327.0,1.0,379.0,148.1,0.9442074171316048,0.0,226.0,1,0.98774403
17328.0,0.0,490.0,0.0,-1.0,,490.0,1,0.99624145
17329.0,2.0,553.0,222.63,-0.3283656234475907,194.4650782702814,132.0,1,0.9850798
17330.0,1.0,464.0,9.95,-1.0,0.0,361.0,1,0.99624145
17332.0,4.0,473.0,139.7275,-1.0,16.00781059358212,345.0,1,0.99547136
17334.0,2.0,223.0,153.51,1.0,45.5,119.0,0,0.010089553
17335.0,1.0,501.0,353.23,0.3906692913385827,0.0,200.0,1,0.9886651
17336.0,0.0,289.0,0.0,-1.0,,289.0,1,0.99624145
17337.0,2.0,127.0,483.375,1.0,10.0,28.0,0,0.009862952
17338.0,13.0,456.0,682.286923076923,0.4569066134026989,15.374612132501166,22.0,0,0.0057805316
17339.0,1.0,326.0,120.0,0.3407821229050279,0.0,182.0,1,0.9883066
17340.0,10.0,480.0,1498.735,0.40345167316961783,24.848339984795768,9.0,0,0.005893099
17341.0,1.0,357.0,1027.2,0.2665298045090532,86.5,183.0,1,0.9821613
17342.0,3.0,486.0,304.98333333333335,-0.5105658471414374,62.567297102133686,196.0,1,0.98481596
17343.0,5.0,553.0,212.52799999999996,-0.3752242170262076,42.32446101251615,172.0,1,0.98541534
17344.0,0.0,545.0,0.0,-1.0,,545.0,1,0.99624145
17345.0,4.0,555.0,216.34,-0.28606925631865593,76.96460888231788,13.0,0,0.014243487
17346.0,16.0,417.0,214.3375,0.09318786573844139,21.49918239724478,4.0,0,0.005846484
17348.0,4.0,456.0,261.4075,0.03549633432085956,57.43256915722995,114.0,0,0.009809164
17349.0,3.0,448.0,201.80000000000004,0.30438300741739716,59.0592922409336,197.0,1,0.9783875
17350.0,2.0,493.0,138.86,-0.4726841621368775,12.5,211.0,1,0.9897564
17351.0,8.0,546.0,180.26,-0.3900357272040766,43.9741787309522,90.0,0,0.010512888
17352.0,0.0,513.0,0.0,-1.0,,513.0,1,0.99624145
17353.0,1.0,441.0,1160.0,-1.0,0.0,308.0,1,0.99558556
17354.0,0.0,245.0,0.0,1.0,0.0,245.0,1,0.9947978
17355.0,0.0,203.0,0.0,1.0,,203.0,1,0.9948598
17356.0,4.0,505.0,161.2225,-0.6234006360476295,86.52853575555292,128.0,1,0.9836301
17358.0,4.0,470.0,187.2075,0.7292996940130476,89.44376725071457,120.0,1,0.97650164
17359.0,0.0,465.0,0.0,-1.0,,465.0,1,0.99624145
17360.0,2.0,251.0,364.145,1.0,85.70880934886448,1.0,0,0.009280754
17361.0,2.0,493.0,131.95999999999998,-0.19580717898714128,162.04320411544572,3.0,0,0.015222352
17362.0,6.0,519.0,145.49,-0.021190578493027606,63.591578757638096,56.0,0,0.0070085856
17363.0,1.0,219.0,197.64,1.0,3.0,212.0,1,0.9839611
17364.0,19.0,549.0,467.50894736842105,-0.11927197292935961,16.43745722427894,21.0,0,0.0069643757
17365.0,9.0,493.0,540.8566666666667,0.293355461121939,30.29785470953348,16.0,0,0.0060596243
17366.0,1.0,273.0,610.25,1.0,0.0,249.0,1,0.9878542
17367.0,0.0,55.0,0.0,1.0,,55.0,0,0.00557618
17368.0,7.0,541.0,228.15285714285713,0.3306221184094453,64.47855748231345,76.0,0,0.006811411
17369.0,0.0,272.0,0.0,1.0,,272.0,1,0.9948598
17371.0,2.0,548.0,89.0,-0.4123807517529869,107.50917273527047,178.0,1,0.98534656
17372.0,22.0,553.0,163.5309090909091,-0.10356250316723253,16.86388139983701,60.0,0,0.0067852195
17373.0,3.0,466.0,167.3766666666667,0.5082828950332668,74.45058017832292,129.0,1,0.97874784
17374.0,2.0,212.0,247.885,1.0,25.5,35.0,0,0.01189512
17375.0,3.0,248.0,133.36666666666667,1.0,26.19160170741759,16.0,0,0.011983479
17376.0,2.0,339.0,107.52,0.2071065704903309,12.0,128.0,1,0.98532504
17377.0,55.0,554.0,268.346,-0.09402715945220665,7.997985586227322,72.0,0,0.0069426377
17378.0,0.0,191.0,0.0,1.0,,191.0,1,0.9948598
17380.0,2.0,351.0,150.89999999999998,-0.6167441860465116,16.5,251.0,1,0.98939425
17381.0,19.0,365.0,1337.0394736842106,0.4741768418379073,11.349253524155479,20.0,0,0.006004535
17382.0,5.0,386.0,123.096,0.13966160022942356,26.901053263146903,252.0,1,0.9715878
17383.0,0.0,270.0,0.0,1.0,,270.0,1,0.9948598
17384.0,1.0,284.0,227.65,0.14167502507522567,0.0,36.0,0,0.020088833
17386.0,0.0,202.0,0.0,1.0,,202.0,1,0.9948598
17388.0,8.0,546.0,245.78125,0.13448827219263762,51.95611128635399,28.0,0,0.006630903
17389.0,33.0,552.0,897.2878787878788,0.5578359908435986,19.139863505260426,2.0,0,0.0057805316
17390.0,0.0,237.0,0.0,1.0,,237.0,1,0.9948598
17392.0,2.0,267.0,225.955,1.0,20.5,123.0,1,0.98368025
17393.0,1.0,305.0,186.55,-0.021120293847566533,0.0,227.0,1,0.9889839
17394.0,0.0,36.0,0.0,1.0,,36.0,0,0.00557618
17395.0,0.0,325.0,0.0,-1.0,,325.0,1,0.99624145
17396.0,6.0,258.0,268.40000000000003,1.0,14.083086782851739,188.0,1,0.97343326
17397.0,0.0,233.0,0.0,1.0,,233.0,1,0.9948598
17398.0,1.0,72.0,222.77,1.0,0.0,27.0,0,0.0052788644
17400.0,6.0,539.0,510.0516666666667,-0.3198691059459375,70.53840561471932,27.0,0,0.010030129
17401.0,0.0,358.0,0.0,-1.0,,358.0,1,0.99624145
17402.0,11.0,540.0,283.3636363636364,0.3889857393661256,33.089979534024046,50.0,0,0.0059603285
17403.0,0.0,267.0,0.0,1.0,,267.0,1,0.9948598
17404.0,13.0,518.0,2284.7592307692307,0.4428076548169769,24.59205625337643,28.0,0,0.0057805316
17406.0,10.0,550.0,449.835,0.30598872590493476,31.620470690150494,150.0,1,0.96245855
17407.0,0.0,228.0,0.0,1.0,,228.0,1,0.9948598
17408.0,1.0,331.0,12.75,-1.0,0.0,317.0,1,0.99624145
17409.0,7.0,545.0,984.8385714285714,0.16340134291224362,58.69212410621007,1.0,0,0.006734647
17410.0,0.0,32.0,0.0,1.0,,32.0,0,0.00557618
17411.0,2.0,553.0,293.81,0.2609600652346516,112.0,78.0,0,0.014737764
17412.0,12.0,554.0,285.29833333333335,-0.08217032626225035,34.89348872720461,13.0,0,0.005970247
17413.0,1.0,386.0,340.29999999999995,0.21505337951226472,0.0,221.0,1,0.98831475
17414.0,4.0,553.0,457.46,-0.1473191851250532,72.55472072856459,1.0,0,0.0121224085
17416.0,10.0,542.0,1319.364,0.0010019461432292196,38.765553860224486,14.0,0,0.005893099
17417.0,0.0,365.0,0.0,-1.0,,365.0,1,0.99624145
17418.0,1.0,204.0,167.39,1.0,0.0,140.0,1,0.9846383
17419.0,11.0,500.0,373.0954545454546,0.5299913189420685,24.591100467897366,66.0,0,0.005893099
17420.0,2.0,218.0,202.85,1.0,6.683312551921141,190.0,1,0.98378974
17421.0,2.0,552.0,464.305,0.7530701050584758,131.0,203.0,1,0.98412895
17422.0,6.0,351.0,322.7033333333333,0.46127856079448715,20.477630071210225,37.0,0,0.0075880564
17423.0,1.0,210.0,449.42,1.0,0.0,34.0,0,0.015594976
17426.0,3.0,477.0,1237.4766666666667,0.4232699397079626,71.67471873765847,99.0,0,0.011127364
17428.0,21.0,555.0,979.0109523809524,0.16947445351008816,22.979854694053437,29.0,0,0.0057805316
17429.0,3.0,246.0,226.56000000000003,1.0,67.88225099390856,2.0,0,0.007884733
17430.0,2.0,296.0,185.605,0.27561382106836646,35.5,182.0,1,0.9841001
17431.0,0.0,130.0,0.0,1.0,,130.0,1,0.9936521
17432.0,4.0,553.0,302.695,0.31518515043698536,60.00277771348034,202.0,1,0.9793528
17433.0,0.0,202.0,0.0,1.0,,202.0,1,0.9948598
17435.0,0.0,228.0,0.0,1.0,,228.0,1,0.9948598
17436.0,3.0,549.0,121.21999999999998,0.0185387131952018,21.275964529643932,43.0,0,0.016690845
17437.0,0.0,346.0,0.0,-1.0,,346.0,1,0.99624145
17438.0,4.0,458.0,289.76,0.1955410923761395,63.19216723613774,70.0,0,0.009809164
17439.0,0.0,472.0,0.0,-1.0,,472.0,1,0.99624145
17440.0,1.0,366.0,124.62,-0.047902819161127694,150.5,64.0,0,0.013498682
17441.0,0.0,549.0,0.0,-1.0,,549.0,1,0.99624145
17442.0,9.0,479.0,296.55555555555554,-0.12739403182732534,33.78475987779105,37.0,0,0.006880212
17443.0,0.0,36.0,0.0,1.0,,36.0,0,0.00557618
17446.0,0.0,127.0,0.0,1.0,,127.0,1,0.9936521
17448.0,12.0,462.0,1170.865,-1.0,6.731966651729642,346.0,1,0.99405956
17449.0,8.0,547.0,431.4125,0.2969989173275591,38.47076812334269,51.0,0,0.0065561603
17450.0,13.0,255.0,5303.473846153845,1.0,16.88459375208179,9.0,0,0.0057805316
17454.0,9.0,510.0,154.33777777777777,-0.3313306717314625,20.477630071210225,9.0,0,0.009898615
17455.0,0.0,20.0,0.0,1.0,,20.0,0,0.00557618
17456.0,1.0,273.0,499.72,1.0,0.0,182.0,1,0.9878542
17457.0,12.0,549.0,440.7808333333333,0.00432437220426057,20.87445940750456,21.0,0,0.0057805316
17458.0,0.0,198.0,0.0,1.0,,198.0,1,0.9948598
17460.0,14.0,503.0,130.68857142857144,-0.11716189168544112,16.33404482693014,42.0,0,0.0071878172
17462.0,0.0,101.0,0.0,1.0,,101.0,0,0.00557618
17463.0,3.0,406.0,385.22,0.17583444426448053,93.56281312572854,50.0,0,0.010817474
17464.0,1.0,436.0,384.69,-1.0,0.0,339.0,1,0.99558556
17465.0,5.0,553.0,426.884,-0.7761435273852736,24.122373201840837,242.0,1,0.98741966
17467.0,0.0,212.0,0.0,1.0,,212.0,1,0.9948598
17468.0,0.0,192.0,0.0,1.0,,192.0,1,0.9948598
17469.0,9.0,540.0,349.7033333333333,-0.5925798418654824,52.234779814049396,21.0,0,0.010273712
17470.0,8.0,325.0,248.24375,0.3486675553973017,32.45285041410076,34.0,0,0.00651681
17471.0,0.0,291.0,0.0,-1.0,,291.0,1,0.99624145
17472.0,3.0,445.0,236.76333333333332,0.5191744198481446,134.42800634127133,8.0,0,0.01128461
17473.0,1.0,273.0,308.9,1.0,0.0,225.0,1,0.9878542
17474.0,0.0,416.0,0.0,-1.0,,416.0,1,0.99624145
17476.0,1.0,554.0,229.5,-0.06299759114849143,0.0,212.0,1,0.98958033
17477.0,1.0,464.0,412.58,-1.0,0.0,429.0,1,0.99558556
17478.0,1.0,450.0,566.6,-0.10967944688874921,0.0,225.0,1,0.98888373
17479.0,0.0,449.0,0.0,-1.0,,449.0,1,0.99624145
17480.0,0.0,261.0,0.0,1.0,,261.0,1,0.9948598
17482.0,1.0,395.0,525.35,-1.0,0.0,304.0,1,0.99558556
17483.0,0.0,231.0,0.0,1.0,,231.0,1,0.9948598
17484.0,1.0,441.0,75.72,-1.0,0.0,393.0,1,0.99558556
17486.0,0.0,78.0,0.0,1.0,,78.0,0,0.00557618
17487.0,0.0,545.0,0.0,-1.0,,545.0,1,0.99624145
17488.0,0.0,458.0,0.0,-1.0,,458.0,1,0.99624145
17489.0,0.0,29.0,0.0,1.0,,29.0,0,0.00557618
17490.0,1.0,386.0,305.04,-0.07308031237655346,0.0,205.0,1,0.98888373
17491.0,9.0,407.0,370.50666666666666,0.38217696007002827,22.496444163467253,1.0,0,0.0060596243
17492.0,2.0,335.0,383.91,-0.3325671317332193,95.0,65.0,0,0.014134563
17493.0,0.0,202.0,0.0,1.0,,202.0,1,0.9948598
17494.0,0.0,318.0,0.0,-1.0,,318.0,1,0.99624145
17495.0,0.0,207.0,0.0,1.0,,207.0,1,0.9948598
17496.0,3.0,511.0,352.74333333333334,-0.6163183262674378,65.54557362798973,175.0,1,0.9853426
17497.0,1.0,427.0,82.65,-0.42454308093994775,0.0,207.0,1,0.9885274
17499.0,1.0,378.0,622.88,-0.07129171978320996,0.0,106.0,0,0.020919112
17501.0,0.0,37.0,0.0,1.0,0.0,37.0,0,0.005509901
17504.0,14.0,486.0,659.7407142857144,0.49232419457361737,23.775623584179847,23.0,0,0.0057805316
17505.0,2.0,422.0,426.23,-0.4517823069519258,151.0526030523436,22.0,0,0.014383329
17507.0,1.0,126.0,265.02,1.0,0.0,78.0,0,0.0102725765
17508.0,7.0,549.0,566.8971428571429,-0.49833924043998673,21.95449840010015,97.0,0,0.014666004
17510.0,0.0,237.0,0.0,1.0,,237.0,1,0.9948598
17511.0,36.0,554.0,3255.0813888888893,0.012346085432254291,9.341718914466782,23.0,0,0.0059138495
17512.0,12.0,546.0,248.36333333333337,-0.0745673233209805,43.53139382699238,17.0,0,0.005970247
17513.0,1.0,296.0,258.6,-0.19888475836431221,0.0,225.0,1,0.9889839
17514.0,0.0,486.0,0.0,-1.0,,486.0,1,0.99624145
17515.0,7.0,367.0,198.05571428571423,0.32593027532407204,15.191297186352507,23.0,0,0.0081004705
17516.0,2.0,195.0,227.605,1.0,38.96437118987322,34.0,0,0.010315307
17517.0,0.0,125.0,0.0,1.0,,125.0,1,0.9930854
17518.0,1.0,438.0,175.87,0.06775544897091856,0.0,242.0,1,0.98858184
17519.0,11.0,555.0,355.6918181818182,-0.24201798130796837,27.40754556174282,23.0,0,0.0089957565
17521.0,2.0,251.0,234.655,1.0,77.0,16.0,0,0.009386261
17522.0,1.0,35.0,100.98,1.0,0.0,23.0,0,0.0052788644
17524.0,1.0,255.0,145.0,1.0,38.0,178.0,1,0.98177963
17525.0,2.0,245.0,364.80000000000007,1.0,3.5,176.0,1,0.98514634
17526.0,9.0,539.0,345.97999999999996,0.005865301045553655,27.82103520719529,107.0,0,0.0061287414
17527.0,0.0,35.0,0.0,1.0,,35.0,0,0.00557618
17529.0,1.0,514.0,381.98,-1.0,0.0,427.0,1,0.99567163
17530.0,6.0,550.0,309.34999999999997,0.5698893281378257,75.15317691222374,23.0,0,0.007206471
17531.0,2.0,435.0,353.34000000000003,-0.5315830188977124,123.5,7.0,0,0.014645113
17532.0,0.0,202.0,0.0,1.0,,202.0,1,0.9948598
17533.0,0.0,251.0,0.0,1.0,,251.0,1,0.9948598
17534.0,3.0,469.0,314.42333333333335,-0.5932949144568894,31.094837013383568,268.0,1,0.9891165
17535.0,0.0,97.0,0.0,1.0,,97.0,0,0.00557618
17536.0,1.0,499.0,253.55,0.7587486560538271,0.0,237.0,1,0.9884581
17537.0,0.0,120.0,0.0,1.0,,120.0,1,0.99070215
17539.0,2.0,543.0,425.01,-1.0,21.5,445.0,1,0.99567163
17540.0,4.0,416.0,239.83750000000003,0.06388129636860607,31.941352507368876,133.0,1,0.9818979
17541.0,0.0,326.0,0.0,-1.0,,326.0,1,0.99624145
17542.0,1.0,458.0,170.75,-0.0005853087503658678,185.5,86.0,0,0.013886862
17543.0,0.0,366.0,0.0,-1.0,,366.0,1,0.99624145
17544.0,0.0,207.0,0.0,1.0,0.0,207.0,1,0.9947978
17545.0,1.0,394.0,462.78,0.15323083057140724,93.5,207.0,1,0.98265797
17547.0,1.0,482.0,323.3,-0.1116301435735385,0.0,192.0,1,0.989099
17548.0,3.0,213.0,182.45333333333335,1.0,63.93920723798679,50.0,0,0.007736783
17550.0,6.0,487.0,374.34666666666664,-0.5033521219638568,50.55921651885045,14.0,0,0.012774833
17551.0,0.0,176.0,0.0,1.0,,176.0,1,0.9948598
17552.0,6.0,444.0,339.58,-0.19043775984348255,27.51879268095321,189.0,1,0.97909606
17553.0,2.0,427.0,727.0,-1.0,48.0,289.0,1,0.99528754
17555.0,3.0,403.0,204.42666666666665,0.5930798903796449,58.6306707752483,151.0,1,0.9783875
17556.0,1.0,196.0,157.9,1.0,0.0,22.0,0,0.014438975
17557.0,0.0,549.0,0.0,-1.0,,549.0,1,0.99624145
17558.0,0.0,210.0,0.0,1.0,,210.0,1,0.9948598
17559.0,0.0,329.0,0.0,-1.0,,329.0,1,0.99624145
17560.0,5.0,477.0,260.74,0.4975440434868034,22.032702966272662,21.0,0,0.008867369
17561.0,2.0,550.0,181.225,-0.31406835881165274,31.5,207.0,1,0.99011654
17563.0,1.0,428.0,32.550000000000004,-1.0,0.0,395.0,1,0.99609214
17565.0,0.0,403.0,0.0,-1.0,,403.0,1,0.99624145
17567.0,4.0,258.0,597.98,1.0,23.858960580880304,50.0,0,0.010686708
17568.0,0.0,450.0,0.0,-1.0,,450.0,1,0.99624145
17569.0,0.0,149.0,0.0,1.0,,149.0,1,0.9948598
17571.0,2.0,359.0,179.97500000000002,0.27373095773102857,112.0,94.0,0,0.0131989885
17572.0,7.0,541.0,83.7357142857143,0.5663263732535546,48.40306956027833,55.0,0,0.0070560738
17574.0,0.0,59.0,0.0,1.0,,59.0,0,0.00557618
17575.0,0.0,484.0,0.0,-1.0,,484.0,1,0.99624145
17576.0,28.0,553.0,233.80714285714288,-0.00899122136459803,10.150478915904522,31.0,0,0.005981314
17577.0,1.0,485.0,236.35,-1.0,0.0,462.0,1,0.99567163
17578.0,4.0,346.0,222.72499999999997,-0.726046231846696,92.23836873376862,35.0,0,0.01220381
17579.0,0.0,395.0,0.0,-1.0,,395.0,1,0.99624145
17580.0,4.0,239.0,96.2275,1.0,14.85555451674558,69.0,0,0.011095628
17581.0,13.0,553.0,825.39,0.08691219311065934,22.556802252233467,30.0,0,0.0057805316
17582.0,4.0,440.0,286.78749999999997,-0.05271937685255395,67.52545816208877,53.0,0,0.009809164
17583.0,0.0,377.0,0.0,-1.0,,377.0,1,0.99624145
17584.0,3.0,500.0,1201.6899999999998,-1.0,23.32857094256359,284.0,1,0.99567163
17585.0,4.0,295.0,283.59,0.5310981535471332,39.19502519453202,80.0,0,0.009960804
17586.0,0.0,436.0,0.0,-1.0,,436.0,1,0.99624145
17587.0,0.0,445.0,0.0,-1.0,,445.0,1,0.99624145
17588.0,4.0,454.0,423.5125,0.04134888268822597,39.8269695056001,49.0,0,0.010020739
17589.0,13.0,459.0,939.0507692307692,-0.5102964909134851,35.848694381928176,4.0,0,0.009927055
17591.0,5.0,508.0,411.234,0.8690160752998497,113.89820016137217,20.0,0,0.0075093475
17592.0,0.0,555.0,0.0,-1.0,,555.0,1,0.99624145
17593.0,6.0,552.0,664.725,-0.3395689826467082,47.72723424721874,169.0,1,0.9813452
17594.0,2.0,421.0,604.0,0.32769137769962076,19.5,71.0,0,0.01505029
17596.0,8.0,541.0,363.03,0.19755736929264256,31.203966094072083,8.0,0,0.0067916494
17597.0,4.0,400.0,792.0675,0.499410175971344,66.97527528872128,30.0,0,0.009424022
17598.0,0.0,198.0,0.0,1.0,,198.0,1,0.9948598
17599.0,0.0,294.0,0.0,-1.0,,294.0,1,0.99624145
17601.0,1.0,197.0,116.01,1.0,0.0,56.0,0,0.014438975
17602.0,7.0,436.0,386.3742857142857,-0.5075452377207313,43.23175193072795,141.0,1,0.9788766
17603.0,2.0,546.0,554.455,-1.0,5.5,434.0,1,0.99567163
17604.0,5.0,498.0,157.77,0.08602116435677053,31.629100524675057,34.0,0,0.008562733
17605.0,0.0,407.0,0.0,-1.0,,407.0,1,0.99624145
17606.0,0.0,554.0,0.0,-1.0,,554.0,1,0.99624145
17607.0,0.0,193.0,0.0,1.0,,193.0,1,0.9948598
17608.0,1.0,424.0,140.19,-0.08105273507915174,0.0,266.0,1,0.9885274
17609.0,5.0,426.0,188.408,0.24024781485517469,59.46633415605155,119.0,0,0.0073518516
17610.0,4.0,550.0,287.86,-1.0,41.33400537088077,357.0,1,0.99528897
17611.0,17.0,555.0,344.24764705882353,-0.15809236284730413,19.17753315152337,18.0,0,0.0067797387
17612.0,12.0,539.0,314.8966666666667,-0.030881121390971468,22.88897825250806,31.0,0,0.005846484
17613.0,5.0,122.0,388.042,1.0,10.939226054281294,11.0,0,0.0079083955
17615.0,4.0,302.0,138.29999999999998,0.6369285397248113,57.32963893135906,20.0,0,0.009017736
17616.0,2.0,268.0,367.2,1.0,14.5,71.0,0,0.014992347
17617.0,0.0,375.0,0.0,-1.0,,375.0,1,0.99624145
17618.0,9.0,501.0,370.2322222222222,-0.1764178280667863,40.724003295899635,65.0,0,0.006880212
17619.0,0.0,129.0,0.0,1.0,,129.0,1,0.9936521
17621.0,4.0,248.0,353.79499999999996,1.0,16.57369904396722,129.0,1,0.9785161
17622.0,1.0,415.0,393.33,-1.0,0.0,414.0,1,0.99558556
17623.0,5.0,542.0,331.91400000000004,-0.5158406135881333,49.93756101372993,226.0,1,0.9844727
17624.0,2.0,536.0,404.31,0.43697187791550046,31.5,35.0,0,0.015055874
17625.0,4.0,541.0,973.84,-0.02817209570985975,52.9073482608985,74.0,0,0.010742608
17626.0,0.0,419.0,0.0,-1.0,,419.0,1,0.99624145
17627.0,0.0,295.0,0.0,-1.0,,295.0,1,0.99624145
17629.0,4.0,238.0,226.91,1.0,33.320414163092266,31.0,0,0.00923614
17630.0,0.0,49.0,0.0,1.0,,49.0,0,0.00557618
17631.0,4.0,547.0,177.3025,0.13095469192840786,108.83703413820132,49.0,0,0.011166721
17633.0,2.0,206.0,184.075,1.0,3.5,196.0,1,0.9828205
17634.0,4.0,154.0,257.255,1.0,22.26404051379713,29.0,0,0.009367056
17635.0,2.0,407.0,363.39,-0.3465446672671818,18.5,241.0,1,0.98939425
17638.0,1.0,538.0,234.0,-1.0,0.0,464.0,1,0.99567163
17639.0,3.0,300.0,144.79666666666665,0.12502235154510138,47.59831929805925,93.0,0,0.009706075
17640.0,4.0,443.0,518.3249999999999,-0.23529411764705882,35.878266401820476,196.0,1,0.9849606
17642.0,2.0,551.0,415.59,-0.166534795900018,39.0,246.0,1,0.9868563
17643.0,1.0,322.0,203.1,-0.24951501154734418,0.0,190.0,1,0.9889839
17644.0,10.0,478.0,343.08000000000004,-0.09329104527305147,35.485767138692204,20.0,0,0.0066787275
17646.0,11.0,540.0,337.6627272727273,-0.03093409546025218,17.597896192818705,36.0,0,0.0061729546
17647.0,0.0,486.0,0.0,-1.0,0.0,486.0,1,0.99624145
17648.0,2.0,202.0,553.6949999999999,1.0,55.33534132902769,9.0,0,0.008491167
17649.0,1.0,289.0,14.85,-1.0,0.0,286.0,1,0.99624145
17651.0,4.0,343.0,361.4175,-1.0,3.0066592756745814,315.0,1,0.99532783
17652.0,2.0,98.0,610.65,1.0,2.0,7.0,0,0.005222459
17654.0,0.0,94.0,0.0,1.0,,94.0,0,0.00557618
17655.0,5.0,233.0,460.52,1.0,23.22584767021432,27.0,0,0.007448947
17657.0,0.0,247.0,0.0,1.0,,247.0,1,0.9948598
17658.0,0.0,28.0,0.0,1.0,,28.0,0,0.00557618
17659.0,6.0,203.0,233.0533333333333,1.0,34.27057370722326,1.0,0,0.0067709307
17660.0,0.0,554.0,0.0,-1.0,,554.0,1,0.99624145
17662.0,1.0,539.0,59.92,-1.0,0.0,478.0,1,0.99567163
17663.0,12.0,462.0,301.3775,-0.2969092616476093,31.852415746515817,15.0,0,0.008996063
17664.0,2.0,437.0,289.46500000000003,-0.2651557818378428,58.5,29.0,0,0.016153412
17665.0,0.0,310.0,0.0,-1.0,,310.0,1,0.99624145
17666.0,2.0,344.0,504.11999999999995,-1.0,8.5,294.0,1,0.99558556
17667.0,5.0,471.0,559.432,0.020689697588457127,48.705463987341524,28.0,0,0.0072584297
17669.0,5.0,434.0,568.1479999999999,-0.258736078295139,71.14660919537909,27.0,0,0.010210726
17670.0,0.0,44.0,0.0,1.0,,44.0,0,0.00557618
17671.0,2.0,192.0,590.4549999999999,1.0,72.0,28.0,0,0.008491167
17672.0,3.0,458.0,776.3800000000001,0.2715693848081432,79.7950499717871,126.0,1,0.97850925
17673.0,8.0,447.0,384.73375,0.005863752856298495,22.79105304204771,3.0,0,0.0067916494
17674.0,0.0,185.0,0.0,1.0,,185.0,1,0.9948598
17675.0,45.0,546.0,562.2717777777777,0.07838225144386093,6.645988692850589,4.0,0,0.00626204
17676.0,4.0,436.0,327.39,-0.013342387096005609,17.233687939614086,183.0,1,0.98474044
17677.0,23.0,540.0,1111.3895652173912,-0.06213267520563045,15.404943483733533,29.0,0,0.0057805316
17678.0,1.0,420.0,298.11,-0.00590236094437769,0.0,80.0,0,0.020919112
17679.0,3.0,553.0,373.5,-1.0,40.07103068302586,338.0,1,0.99552035
17680.0,1.0,328.0,87.0,-0.44417824628653574,0.0,200.0,1,0.9886308
17681.0,3.0,510.0,128.06666666666666,-1.0,20.740961887048538,414.0,1,0.99567163
17682.0,7.0,458.0,388.0514285714286,0.07232042875728999,24.989793835051284,9.0,0,0.0075581856
17683.0,2.0,371.0,156.41,-0.668428956911393,41.5,202.0,1,0.9872586
17685.0,9.0,483.0,403.05111111111114,0.32947499742048053,31.37939876203282,83.0,0,0.0060596243
17686.0,3.0,350.0,1433.0766666666666,0.5370586868307681,54.514585204328576,17.0,0,0.009215076
17687.0,0.0,237.0,0.0,1.0,,237.0,1,0.9948598
17688.0,0.0,210.0,0.0,1.0,,210.0,1,0.9948598
17689.0,1.0,291.0,151.08,-0.04705437113662163,0.0,205.0,1,0.9889839
17690.0,13.0,491.0,419.9561538461539,0.7339731112532325,55.93185540440789,3.0,0,0.0057805316
17691.0,3.0,363.0,202.46666666666667,0.5573360682007564,60.422585916930835,175.0,1,0.9771314
17692.0,9.0,357.0,277.7066666666667,0.11602695781861155,21.706220306631,43.0,0,0.0060232366
17694.0,1.0,379.0,801.98,-1.0,0.0,328.0,1,0.99558556
17695.0,2.0,497.0,338.4,-0.35515448149281126,74.0,211.0,1,0.98650277
17696.0,19.0,546.0,305.4710526315789,-0.11743457001317505,24.89237162845791,2.0,0,0.0068416097
17697.0,0.0,53.0,0.0,1.0,,53.0,0,0.00557618
17698.0,0.0,77.0,0.0,1.0,,77.0,0,0.00557618
17699.0,1.0,378.0,259.3,-1.0,0.0,293.0,1,0.99558556
17700.0,10.0,555.0,457.417,-0.21066990457037693,25.986964310007174,30.0,0,0.007924693
17701.0,0.0,69.0,0.0,1.0,,69.0,0,0.00557618
17702.0,2.0,217.0,465.145,1.0,80.0,23.0,0,0.008637046
17703.0,0.0,235.0,0.0,1.0,,235.0,1,0.9948598
17704.0,0.0,56.0,0.0,1.0,,56.0,0,0.00557618
17705.0,4.0,393.0,132.245,0.7127962699132236,48.64861251875536,32.0,0,0.009517262
17706.0,13.0,506.0,704.5146153846155,0.4159080019166267,38.59799937244877,4.0,0,0.0057805316
17707.0,7.0,549.0,79.75714285714287,0.17479074347612011,36.752897983752,2.0,0,0.0071092877
17708.0,3.0,240.0,193.79333333333332,1.0,47.76563153100308,4.0,0,0.008406362
17709.0,3.0,420.0,94.03000000000002,-1.0,41.34677200889515,287.0,1,0.99531174
17710.0,0.0,240.0,0.0,1.0,,240.0,1,0.9948598
17711.0,0.0,106.0,0.0,1.0,,106.0,0,0.00557618
17713.0,3.0,365.0,298.3866666666667,-0.022327204133245415,14.055445761538676,199.0,1,0.9859016
17714.0,4.0,330.0,266.64250000000004,-0.16874441560651834,34.13942003022313,137.0,1,0.98302
17715.0,1.0,409.0,326.4,0.3333333333333333,0.0,17.0,0,0.019909555
17716.0,12.0,554.0,936.0333333333332,-0.4093221925361197,34.8334960774768,66.0,0,0.010108459
17717.0,0.0,238.0,0.0,1.0,,238.0,1,0.9948598
17718.0,1.0,461.0,139.35,-0.36540826084976546,0.0,49.0,0,0.020275377
17719.0,4.0,72.0,347.9075,1.0,10.755812382149477,7.0,0,0.00573896
17720.0,7.0,395.0,281.81857142857143,0.3102144536537868,41.352146256270665,42.0,0,0.006811411
17721.0,0.0,476.0,0.0,-1.0,,476.0,1,0.99624145
17722.0,3.0,192.0,1003.6733333333332,1.0,53.474812347081276,6.0,0,0.0076496736
17723.0,3.0,192.0,387.2666666666667,1.0,70.72953178599917,8.0,0,0.0076496736
17725.0,3.0,84.0,310.64000000000004,1.0,6.599663291074444,9.0,0,0.005509227
17726.0,6.0,499.0,163.87000000000003,0.33860776880391186,45.57320118958801,212.0,1,0.9671524
17728.0,1.0,270.0,372.55,1.0,0.0,221.0,1,0.9878542
17729.0,0.0,413.0,0.0,-1.0,,413.0,1,0.99624145
17730.0,10.0,406.0,415.938,0.4128900841410161,17.21569531820473,2.0,0,0.0061033447
17731.0,1.0,485.0,95.78,-1.0,0.0,438.0,1,0.99567163
17732.0,6.0,304.0,347.91,0.42481956290302336,8.854838409892421,189.0,1,0.974882
17733.0,0.0,78.0,0.0,1.0,,78.0,0,0.00557618
17734.0,3.0,459.0,177.65666666666667,-0.7356172557829338,112.19724694582403,50.0,0,0.013687346
17735.0,15.0,314.0,665.67,0.9012370235382561,13.358050007392546,4.0,0,0.00605938
17738.0,6.0,447.0,438.54333333333335,-0.0036668039151480734,41.38736015073822,99.0,0,0.0069826986
17739.0,13.0,549.0,430.6776923076923,-0.08871699048753663,30.713218247978006,13.0,0,0.005902907
17740.0,5.0,514.0,73.32000000000001,-0.46872803935347856,39.438052690263504,206.0,1,0.98536193
17741.0,1.0,377.0,59.7,0.18100890207715128,0.0,223.0,1,0.9882004
17742.0,9.0,555.0,203.04333333333335,-0.3940193749572324,23.499934331402862,149.0,1,0.981473
17743.0,0.0,265.0,0.0,1.0,,265.0,1,0.9948598
17744.0,4.0,197.0,322.24,1.0,24.190649019817553,67.0,0,0.009630382
17745.0,1.0,372.0,111.11,-1.0,0.0,294.0,1,0.99558556
17746.0,2.0,427.0,249.8,-0.7561326284589351,94.95378993079855,57.0,0,0.016396195
17748.0,0.0,344.0,0.0,-1.0,,344.0,1,0.99624145
17749.0,1.0,363.0,369.01,0.024074819265405754,0.0,73.0,0,0.020371089
17751.0,0.0,238.0,0.0,1.0,,238.0,1,0.9948598
17752.0,0.0,176.0,0.0,1.0,,176.0,1,0.9948598
17753.0,2.0,519.0,180.055,-1.0,101.3015300970326,281.0,1,0.9946694
17754.0,7.0,545.0,397.7185714285714,-0.5612850259487671,44.4843722558833,77.0,0,0.010763924
17756.0,2.0,211.0,278.9,1.0,0.5,192.0,1,0.9849058
17757.0,39.0,512.0,157.3197435897436,0.45546256105262317,8.526979242381207,8.0,0,0.0063334485
17758.0,5.0,385.0,435.14,0.6667815801368235,71.52544224881723,25.0,0,0.0070757517
17759.0,1.0,400.0,309.77,0.4019279507603186,0.0,210.0,1,0.9879637
17760.0,3.0,466.0,220.77999999999997,0.40814549435239095,83.52357451642021,190.0,1,0.97874784
17762.0,0.0,273.0,0.0,1.0,,273.0,1,0.9948598
17763.0,2.0,476.0,34.05,-0.6517701683110854,182.6806563985969,80.0,0,0.016996898
17764.0,3.0,553.0,290.71333333333337,-0.004340123173258088,26.04269997949948,28.0,0,0.017222766
17765.0,2.0,265.0,131.275,1.0,72.5,27.0,0,0.00922785
17766.0,0.0,198.0,0.0,1.0,0.0,198.0,1,0.9947978
17767.0,0.0,227.0,0.0,1.0,,227.0,1,0.9948598
17768.0,2.0,554.0,414.13,0.037037037037037104,126.37598224697955,204.0,1,0.98465157
17769.0,8.0,506.0,464.8825,0.2567859523893069,30.156881470072467,95.0,0,0.0067916494
17770.0,3.0,99.0,180.03333333333333,1.0,24.964975465639856,15.0,0,0.0053616758
17771.0,2.0,406.0,120.7,0.8756798756798757,20.5,140.0,1,0.983895
17772.0,0.0,209.0,0.0,1.0,,209.0,1,0.9948598
17773.0,1.0,507.0,209.02,-1.0,0.0,331.0,1,0.99567163
17774.0,6.0,486.0,358.58,-0.33229252808134596,26.04269997949948,66.0,0,0.0132447705
17775.0,0.0,71.0,0.0,1.0,,71.0,0,0.00557618
17776.0,1.0,540.0,121.55,-0.27927660836050994,0.0,203.0,1,0.9892461
17778.0,0.0,478.0,0.0,-1.0,,478.0,1,0.99624145
17780.0,1.0,501.0,193.81,-1.0,8.5,484.0,1,0.99567163
17781.0,0.0,70.0,0.0,1.0,,70.0,0,0.00557618
17782.0,0.0,199.0,0.0,1.0,0.0,199.0,1,0.9947978
17783.0,1.0,329.0,112.41,0.07646636341872157,0.0,64.0,0,0.020175306
17784.0,0.0,367.0,0.0,-1.0,,367.0,1,0.99624145
17785.0,1.0,382.0,156.19,0.1508252284114353,0.0,262.0,1,0.98831475
17786.0,0.0,134.0,0.0,1.0,,134.0,1,0.9944782
17787.0,2.0,188.0,489.945,1.0,14.5,121.0,1,0.9799161
17789.0,1.0,478.0,225.9,0.13760543875110162,0.0,98.0,0,0.020298894
17790.0,12.0,361.0,125.53166666666668,0.33175905356632673,25.07468436328496,15.0,0,0.0060342774
17792.0,1.0,295.0,119.01,-1.0,0.0,284.0,1,0.99558556
17794.0,1.0,505.0,13.5,-1.0,0.0,503.0,1,0.99624145
17795.0,0.0,81.0,0.0,1.0,,81.0,0,0.00557618
17796.0,5.0,238.0,228.77,1.0,12.843675486401857,130.0,1,0.9738945
17797.0,4.0,541.0,249.19,-0.5538060791080435,52.99705180479382,212.0,1,0.984897
17798.0,0.0,398.0,0.0,-1.0,,398.0,1,0.99624145
17799.0,12.0,543.0,360.4733333333333,-0.20049889929807518,21.766028576660464,59.0,0,0.007295581
17800.0,2.0,151.0,109.4,1.0,3.0,34.0,0,0.011367083
17801.0,2.0,508.0,194.32,-0.3389450477872559,22.0,268.0,1,0.9902086
17802.0,6.0,543.0,557.555,-0.2293887722708801,47.29456110594623,189.0,1,0.97795206
17803.0,0.0,209.0,0.0,1.0,,209.0,1,0.9948598
17804.0,2.0,555.0,130.14,-0.38218726475092807,25.0,193.0,1,0.98989433
17805.0,0.0,427.0,0.0,-1.0,,427.0,1,0.99624145
17807.0,2.0,521.0,124.095,-0.3776691712152009,29.5,212.0,1,0.98989433
17808.0,3.0,398.0,46.946666666666665,-1.0,9.092121131323903,365.0,1,0.99558556
17809.0,11.0,554.0,712.8618181818182,0.21382713515807733,29.687125893002545,34.0,0,0.006119883
17810.0,1.0,500.0,64.14,-1.0,0.0,485.0,1,0.99567163
17811.0,24.0,262.0,233.2229166666667,1.0,10.893227253665462,4.0,0,0.0061284946
17812.0,3.0,347.0,183.29333333333332,0.6886131924824961,40.89281382128432,185.0,1,0.9798456
17814.0,1.0,239.0,814.2,1.0,0.0,192.0,1,0.9876917
17815.0,0.0,210.0,0.0,1.0,,210.0,1,0.9948598
17816.0,3.0,541.0,24.146666666666665,-0.2269496239826929,100.96974244242128,86.0,0,0.017308187
17817.0,3.0,239.0,195.24,1.0,39.881073205218534,94.0,0,0.009939144
17818.0,0.0,554.0,0.0,-1.0,,554.0,1,0.99624145
17819.0,9.0,543.0,581.2855555555556,0.2780962042145388,36.37493371085555,11.0,0,0.005971654
17820.0,0.0,191.0,0.0,1.0,,191.0,1,0.9948598
17821.0,0.0,223.0,0.0,1.0,,223.0,1,0.9948598
17822.0,1.0,377.0,1079.16,-0.009785974812469964,60.62177826491071,237.0,1,0.982771
17823.0,0.0,238.0,0.0,1.0,0.0,238.0,1,0.9947978
17825.0,1.0,542.0,264.5,-1.0,59.39696961966999,415.0,1,0.9954541
17826.0,0.0,191.0,0.0,1.0,,191.0,1,0.9948598
17827.0,2.0,438.0,791.905,0.602722121028132,105.7106900932919,59.0,0,0.013426675
17828.0,0.0,1.0,0.0,1.0,,1.0,0,0.00557618
17829.0,4.0,472.0,861.61,-0.4117147458133091,61.65782594285984,115.0,0,0.012201033
17830.0,1.0,105.0,99.15,1.0,0.0,78.0,0,0.0052788644
17833.0,0.0,540.0,0.0,-1.0,,540.0,1,0.99624145
17834.0,1.0,262.0,317.79,1.0,0.0,231.0,1,0.9876917
17838.0,9.0,447.0,574.9311111111111,-0.0683288050716531,33.47252604749155,109.0,0,0.005971654
17840.0,0.0,260.0,0.0,1.0,,260.0,1,0.9948598
17841.0,126.0,554.0,330.8168253968254,0.01720390167358065,2.2106364649681582,1.0,0,0.0063334485
17842.0,0.0,419.0,0.0,-1.0,,419.0,1,0.99624145
17843.0,1.0,228.0,197.73,1.0,0.0,120.0,1,0.9876917
17845.0,1.0,393.0,144.9,-1.0,9.899494936611665,372.0,1,0.99558556
17847.0,1.0,462.0,89.04,-1.0,0.0,332.0,1,0.99558556
17848.0,22.0,550.0,133.26,-0.4084173393585931,18.343510432847907,66.0,0,0.0116602015
17849.0,6.0,452.0,145.4466666666667,0.13897871700383538,43.93083617855388,35.0,0,0.0068894387
17850.0,22.0,551.0,2468.0763636363636,-0.27441692661918504,10.731556328475207,189.0,1,0.9744455
17851.0,5.0,553.0,249.26,-0.8536594726674939,63.155047304233726,239.0,1,0.98678166
17852.0,2.0,548.0,230.41,-0.3859748209958643,165.0,205.0,1,0.9850798
17853.0,2.0,553.0,511.9200000000001,-0.33505369390432715,95.0,224.0,1,0.9864542
17854.0,4.0,548.0,233.8775,-0.4189929534742639,97.37432926598262,2.0,0,0.013947151
17855.0,0.0,189.0,0.0,1.0,,189.0,1,0.9948598
17856.0,2.0,98.0,329.91,1.0,7.5,50.0,0,0.0052852985
17857.0,9.0,458.0,1124.3377777777778,0.9115900194955342,82.13538958464994,23.0,0,0.006074513
17858.0,21.0,550.0,463.2295238095238,-0.10722203436242604,16.733991305972264,78.0,0,0.0067087486
17859.0,0.0,121.0,0.0,1.0,,121.0,1,0.99070215
17860.0,2.0,545.0,379.425,0.4944758453630581,129.306698288303,185.0,1,0.984504
17861.0,11.0,546.0,286.89818181818185,-0.2416646818963118,23.42810348828627,70.0,0,0.008663339
17862.0,3.0,380.0,376.08666666666664,0.7641604578254854,67.70688459988557,140.0,1,0.9766555
17863.0,8.0,469.0,452.69,0.29694978645978115,21.781586259958203,71.0,0,0.007033725
17864.0,2.0,244.0,161.56,1.0,33.5,92.0,0,0.012636843
17865.0,25.0,555.0,776.816,-0.14319083765747967,15.09679058401156,21.0,0,0.0068322523
17866.0,1.0,542.0,655.8000000000001,-1.0,0.0,301.0,1,0.99567163
17867.0,8.0,554.0,115.11875,0.2579203495878439,39.708505790306006,20.0,0,0.006895343
17868.0,0.0,203.0,0.0,1.0,,203.0,1,0.9948598
17869.0,4.0,364.0,190.9375,0.1432302435414717,34.23813663153998,32.0,0,0.01068005
17870.0,1.0,198.0,652.8,1.0,0.0,183.0,1,0.9838704
17871.0,4.0,510.0,220.8675,0.055255185479762936,68.09689787354488,21.0,0,0.010619194
17872.0,0.0,198.0,0.0,1.0,,198.0,1,0.9948598
17873.0,13.0,540.0,424.74615384615385,0.022494218622740186,25.999699517494427,1.0,0,0.0057805316
17874.0,2.0,72.0,309.15000000000003,1.0,17.13942822850284,2.0,0,0.005211679
17875.0,0.0,505.0,0.0,-1.0,,505.0,1,0.99624145
17876.0,2.0,492.0,1323.31,0.05431627151710563,65.5,216.0,1,0.98395836
17878.0,0.0,212.0,0.0,1.0,0.0,212.0,1,0.9947978
17880.0,2.0,547.0,326.66,0.1126412258158367,92.0,181.0,1,0.98434746
17881.0,0.0,121.0,0.0,1.0,,121.0,1,0.99070215
17882.0,0.0,196.0,0.0,1.0,0.0,196.0,1,0.9947978
17883.0,2.0,469.0,137.475,-0.4616963218546332,120.71730061042065,63.0,0,0.014645113
17884.0,14.0,552.0,200.27857142857144,-0.15145194495611658,24.49823626808497,128.0,1,0.965417
17886.0,4.0,406.0,240.2075,0.44077536356479,63.745588082627336,27.0,0,0.009809164
17888.0,18.0,535.0,67.05388888888889,-0.5176135158698366,25.036593716613044,29.0,0,0.011609163
17889.0,4.0,435.0,189.6075,0.957567075767548,81.66938770977097,29.0,0,0.008803001
17890.0,1.0,178.0,125.13,1.0,0.0,139.0,1,0.9799182
17893.0,0.0,42.0,0.0,1.0,,42.0,0,0.00557618
17894.0,14.0,286.0,147.76142857142855,0.8797455701953657,12.46042624560742,102.0,0,0.0061284946
17897.0,6.0,393.0,364.2383333333333,-0.11352065731016506,39.87787479241069,184.0,1,0.97266364
17898.0,2.0,384.0,66.04,0.06964690638160033,65.5,24.0,0,0.013102156
17900.0,0.0,7.0,0.0,1.0,0.0,7.0,0,0.005509901
17901.0,0.0,338.0,0.0,-1.0,0.0,338.0,1,0.99624145
17902.0,0.0,363.0,0.0,-1.0,,363.0,1,0.99624145
17903.0,0.0,211.0,0.0,1.0,,211.0,1,0.9948598
17905.0,9.0,497.0,198.94444444444449,-0.2465822372936505,29.50610106401725,169.0,1,0.9738679
17906.0,0.0,64.0,0.0,1.0,,64.0,0,0.00557618
17907.0,0.0,457.0,0.0,-1.0,,457.0,1,0.99624145
17908.0,4.0,542.0,252.6575,0.03742012270286357,26.358110706194406,190.0,1,0.9833497
17909.0,0.0,554.0,0.0,-1.0,,554.0,1,0.99624145
17910.0,0.0,543.0,0.0,-1.0,,543.0,1,0.99624145
17912.0,4.0,192.0,77.7525,1.0,18.03995565404749,127.0,1,0.97684425
17913.0,11.0,553.0,273.14,-0.4769903927310178,19.20648038785058,172.0,1,0.9822709
17915.0,0.0,368.0,0.0,-1.0,,368.0,1,0.99624145
17916.0,1.0,550.0,18.41,-1.0,0.0,445.0,1,0.99624145
17917.0,1.0,179.0,119.55,1.0,0.0,73.0,0,0.011584109
17918.0,2.0,322.0,135.23,-1.0,2.0,317.0,1,0.99558556
17919.0,0.0,255.0,0.0,1.0,,255.0,1,0.9948598
17920.0,38.0,550.0,552.0447368421053,-0.6655928168089598,18.390049814593333,17.0,0,0.011592673
17921.0,6.0,329.0,285.325,0.12088626135122901,39.18935513064174,83.0,0,0.0067709307
17922.0,0.0,360.0,0.0,-1.0,,360.0,1,0.99624145
17923.0,2.0,361.0,154.75,-0.1649899396378269,114.5,99.0,0,0.0140970955
17924.0,2.0,231.0,390.6,1.0,16.0,118.0,0,0.014110807
17925.0,0.0,189.0,0.0,1.0,,189.0,1,0.9948598
17926.0,3.0,396.0,223.8766666666667,0.16416646076735728,90.13076919429655,20.0,0,0.0106305275
17927.0,0.0,538.0,0.0,-1.0,,538.0,1,0.99624145
17928.0,1.0,388.0,78.25999999999999,-0.24371859296482412,0.0,63.0,0,0.020275377
17929.0,8.0,547.0,285.21250000000003,0.32941924385774657,41.729582129364275,71.0,0,0.006630903
17930.0,8.0,462.0,335.2475,-0.30589948518804655,44.01065211968575,56.0,0,0.009261618
17931.0,9.0,478.0,329.85999999999996,-0.44044880987814666,38.747759791875566,72.0,0,0.010506443
17932.0,0.0,28.0,0.0,1.0,,28.0,0,0.00557618
17933.0,0.0,449.0,0.0,-1.0,,449.0,1,0.99624145
17934.0,0.0,223.0,0.0,1.0,,223.0,1,0.9948598
17935.0,3.0,552.0,144.70000000000002,0.16628111409271773,80.89306212525274,217.0,1,0.9809837
17937.0,3.0,179.0,644.64,1.0,25.30261295246446,74.0,0,0.010126993
17938.0,0.0,237.0,0.0,1.0,,237.0,1,0.9948598
17940.0,7.0,553.0,3350.2114285714283,-0.6190299617555373,50.08227605650526,35.0,0,0.010923455
17941.0,2.0,519.0,357.0,-1.0,12.5,407.0,1,0.99567163
17944.0,0.0,240.0,0.0,1.0,,240.0,1,0.9948598
17945.0,0.0,513.0,0.0,-1.0,0.0,513.0,1,0.99624145
17946.0,1.0,76.0,132.03,1.0,0.0,50.0,0,0.0052788644
17949.0,52.0,554.0,1151.5961538461538,-0.10991789340718063,9.603524907219803,6.0,0,0.007124801
17950.0,4.0,521.0,270.145,0.12621727166372823,48.536996198776045,182.0,1,0.9780809
17951.0,2.0,221.0,352.5,1.0,7.5,175.0,1,0.9839804
17952.0,1.0,358.0,438.55,0.07014311684825711,76.83893688893816,195.0,1,0.9823307
17953.0,0.0,357.0,0.0,-1.0,,357.0,1,0.99624145
17954.0,13.0,547.0,217.38,0.2501937172109803,38.75886995256699,1.0,0,0.005846484
17955.0,4.0,482.0,231.225,0.1733866722812927,171.6356606303014,15.0,0,0.010291817
17956.0,0.0,66.0,0.0,1.0,,66.0,0,0.00557618
17958.0,0.0,545.0,0.0,-1.0,,545.0,1,0.99624145
17959.0,0.0,409.0,0.0,-1.0,,409.0,1,0.99624145
17960.0,1.0,458.0,50.400000000000006,-1.0,0.0,339.0,1,0.99558556
17961.0,67.0,555.0,38.378955223880595,-0.13636345973755487,6.268859046907978,13.0,0,0.009053553
17962.0,1.0,512.0,200.52,-1.0,73.0,366.0,1,0.9950498
17963.0,3.0,506.0,159.13,-1.0,49.60510726393671,288.0,1,0.9952295
17964.0,0.0,189.0,0.0,1.0,,189.0,1,0.9948598
17965.0,20.0,542.0,283.6335,-0.06736936661121098,16.31954349851735,69.0,0,0.005846484
17966.0,4.0,507.0,191.7675,-0.5109919016119155,113.86395390991831,1.0,0,0.013150731
17967.0,1.0,233.0,246.14,1.0,0.0,188.0,1,0.9876917
17968.0,3.0,329.0,252.4666666666667,0.7057790189631098,54.7905101272109,190.0,1,0.97486895
17969.0,18.0,550.0,120.30777777777776,-0.8895427316117762,30.03377728121752,178.0,1,0.9871912
17970.0,0.0,28.0,0.0,1.0,,28.0,0,0.00557618
17971.0,0.0,365.0,0.0,-1.0,,365.0,1,0.99624145
17972.0,0.0,58.0,0.0,1.0,,58.0,0,0.00557618
17974.0,3.0,224.0,356.41333333333336,1.0,70.00476174280338,36.0,0,0.007736783
17975.0,17.0,307.0,305.84352941176473,0.955433032960751,13.295158730708726,9.0,0,0.0061284946
17976.0,0.0,189.0,0.0,1.0,,189.0,1,0.9948598
17977.0,0.0,217.0,0.0,1.0,,217.0,1,0.9948598
17978.0,3.0,548.0,446.22,0.6047230735551664,108.79440345083115,182.0,1,0.98076963
17979.0,0.0,76.0,0.0,1.0,0.0,76.0,0,0.005509901
17980.0,2.0,210.0,281.375,1.0,60.0,21.0,0,0.0085877795
17981.0,0.0,227.0,0.0,1.0,,227.0,1,0.9948598
17982.0,0.0,497.0,0.0,-1.0,,497.0,1,0.99624145
17983.0,0.0,212.0,0.0,1.0,,212.0,1,0.9948598
17984.0,3.0,555.0,268.54333333333335,0.12140973248703006,98.6858089539164,209.0,1,0.9809837
17987.0,4.0,367.0,201.58,0.60679127974174,80.25895588655511,2.0,0,0.009260914
17988.0,6.0,549.0,30.801666666666662,-0.6281611168325895,80.19559422644947,143.0,1,0.98765033
17989.0,0.0,196.0,0.0,1.0,,196.0,1,0.9948598
17990.0,5.0,549.0,238.98200000000003,0.2986691629408029,73.44548999087691,53.0,0,0.007859004
17991.0,2.0,408.0,46.675,-0.4145500156788961,182.5,42.0,0,0.014383329
17992.0,0.0,206.0,0.0,1.0,,206.0,1,0.9948598
17993.0,0.0,434.0,0.0,-1.0,,434.0,1,0.99624145
17994.0,9.0,437.0,179.1577777777778,-0.2727372508129022,34.39027999340354,6.0,0,0.008951037
17995.0,2.0,204.0,81.175,1.0,48.0,98.0,0,0.009155488
17996.0,1.0,363.0,206.83,-0.11936644455325392,83.0,196.0,1,0.9829632
17998.0,2.0,555.0,204.82,0.0013453476002753483,178.5,197.0,1,0.9845471
17999.0,1.0,195.0,380.68,1.0,0.0,183.0,1,0.9838704
18000.0,0.0,381.0,0.0,-1.0,,381.0,1,0.99624145
18001.0,2.0,554.0,180.005,-0.09427703546337196,77.56860762504951,266.0,1,0.985036
18002.0,3.0,548.0,66.28333333333333,-0.43989801373524695,23.25224003546038,192.0,1,0.98998696
18003.0,0.0,193.0,0.0,1.0,,193.0,1,0.9948598
18004.0,0.0,179.0,0.0,1.0,,179.0,1,0.9948598
18006.0,2.0,539.0,240.89,-0.2888390758884992,65.0,198.0,1,0.9873143
18007.0,0.0,209.0,0.0,1.0,,209.0,1,0.9948598
18008.0,18.0,519.0,1093.263888888889,-0.5317411780800402,23.90705962681316,20.0,0,0.011183941
18009.0,6.0,469.0,317.26166666666666,-0.761261323944838,101.5570614713417,52.0,0,0.012205706
18010.0,0.0,73.0,0.0,1.0,,73.0,0,0.00557618
18011.0,1.0,384.0,205.58,-0.21985465723013867,0.0,190.0,1,0.98888373
18012.0,0.0,540.0,0.0,-1.0,,540.0,1,0.99624145
18016.0,4.0,498.0,191.115,0.583290184951225,91.08786966440702,3.0,0,0.010589956
18017.0,1.0,248.0,165.0,1.0,0.0,127.0,1,0.9876917
18018.0,2.0,237.0,36.0,1.0,89.0,16.0,0,0.011468143
18020.0,0.0,360.0,0.0,-1.0,,360.0,1,0.99624145
18021.0,1.0,329.0,116.41,-1.0,0.0,326.0,1,0.99558556
18022.0,3.0,363.0,261.41333333333336,0.5955241340725295,56.11298126696412,202.0,1,0.9771314
18025.0,4.0,436.0,229.8175,0.1630608293991781,57.38850059027505,196.0,1,0.9763288
18026.0,1.0,322.0,1328.65,-1.0,0.0,317.0,1,0.99558556
18028.0,0.0,400.0,0.0,-1.0,,400.0,1,0.99624145
18029.0,0.0,459.0,0.0,-1.0,,459.0,1,0.99624145
18031.0,0.0,195.0,0.0,1.0,,195.0,1,0.9948598
18032.0,0.0,151.0,0.0,1.0,,151.0,1,0.9948598
18034.0,0.0,192.0,0.0,1.0,,192.0,1,0.9948598
18035.0,0.0,202.0,0.0,1.0,0.0,202.0,1,0.9947978
18036.0,7.0,538.0,171.1457142857143,-0.33598146309169147,57.368191317140194,62.0,0,0.01051979
18037.0,12.0,555.0,11.355833333333337,0.01276703324484901,34.62546861665668,42.0,0,0.009973442
18038.0,0.0,373.0,0.0,-1.0,,373.0,1,0.99624145
18039.0,3.0,457.0,152.73333333333332,-0.3103579259975482,56.95807424959364,191.0,1,0.98275685
18040.0,0.0,62.0,0.0,1.0,,62.0,0,0.00557618
18041.0,27.0,511.0,247.39851851851853,0.2146833333333333,13.478833541024049,30.0,0,0.005981314
18042.0,0.0,358.0,0.0,-1.0,,358.0,1,0.99624145
18043.0,1.0,183.0,135.35,1.0,0.0,23.0,0,0.011584109
18044.0,13.0,377.0,172.7969230769231,0.47651963725208896,27.62984408250739,15.0,0,0.005846484
18046.0,0.0,466.0,0.0,-1.0,,466.0,1,0.99624145
18047.0,0.0,198.0,0.0,1.0,0.0,198.0,1,0.9947978
18048.0,1.0,310.0,172.29000000000002,-0.14225972668209985,145.0,20.0,0,0.012706265
18049.0,1.0,407.0,283.97,0.021291134688005812,0.0,254.0,1,0.98858184
18050.0,1.0,210.0,74.4,1.0,0.0,176.0,1,0.9850655
18051.0,6.0,547.0,324.83,-1.0,3.905124837953327,451.0,1,0.99541795
18052.0,0.0,381.0,0.0,-1.0,,381.0,1,0.99624145
18053.0,1.0,344.0,29.85,-1.0,0.0,342.0,1,0.99609214
18054.0,0.0,209.0,0.0,1.0,,209.0,1,0.9948598
18055.0,8.0,230.0,797.8,1.0,26.574841903993,20.0,0,0.0066748094
18056.0,1.0,435.0,363.65,0.31139560043274433,0.0,105.0,0,0.019909555
18057.0,2.0,507.0,442.535,-0.6604335287003442,62.5,210.0,1,0.9873143
18058.0,1.0,484.0,302.7,-1.0,0.0,358.0,1,0.99567163
18060.0,1.0,381.0,721.06,0.21650667251531047,0.0,225.0,1,0.98831475
18061.0,21.0,552.0,249.90333333333336,-0.15307418105169254,14.822364161591867,23.0,0,0.006935941
18062.0,4.0,414.0,243.83,0.3952377205719313,65.10184329187615,37.0,0,0.009809164
18063.0,1.0,450.0,84.60000000000001,-0.09324758842443724,0.0,207.0,1,0.9885274
18064.0,7.0,493.0,519.5185714285715,-0.4061672328156067,60.68335138901336,52.0,0,0.010095003
18065.0,13.0,547.0,350.69615384615383,0.016636011467442088,26.27259852215947,0.0,0,0.005846484
18066.0,1.0,232.0,371.1,1.0,0.0,203.0,1,0.9876917
18068.0,0.0,106.0,0.0,1.0,,106.0,0,0.00557618
18069.0,6.0,466.0,463.6366666666667,0.16101398876492898,32.26105252784046,52.0,0,0.007783644
18070.0,0.0,486.0,0.0,-1.0,,486.0,1,0.99624145
18071.0,4.0,551.0,300.345,-0.0033108642545655754,89.16815575080602,74.0,0,0.011457007
18072.0,0.0,2.0,0.0,1.0,,2.0,0,0.00557618
18073.0,2.0,14.0,220.62,1.0,5.5,2.0,0,0.005222459
18074.0,1.0,322.0,979.2,0.29777872024598423,0.0,190.0,1,0.9884199
18075.0,15.0,315.0,254.30933333333337,0.717432117885941,14.84797030648372,21.0,0,0.0061284946
18076.0,0.0,197.0,0.0,1.0,,197.0,1,0.9948598
18077.0,10.0,549.0,237.331,0.14044867752705098,45.12205669071391,43.0,0,0.0060053263
18078.0,3.0,445.0,157.28666666666666,0.11735732891309496,69.1728912861743,34.0,0,0.010755909
18079.0,1.0,308.0,1612.83,0.46380711650428164,0.0,55.0,0,0.019160364
18080.0,0.0,59.0,0.0,1.0,,59.0,0,0.00557618
18083.0,0.0,214.0,0.0,1.0,,214.0,1,0.9948598
18084.0,1.0,205.0,106.20000000000002,1.0,0.0,200.0,1,0.9850655
18085.0,3.0,445.0,462.3333333333333,0.6855536989214643,96.66436778875658,147.0,1,0.97830486
18086.0,0.0,91.0,0.0,1.0,,91.0,0,0.00557618
18087.0,12.0,555.0,1126.165,-0.14522975514641182,32.140939625343876,107.0,0,0.006660206
18089.0,0.0,263.0,0.0,1.0,,263.0,1,0.9948598
18090.0,0.0,238.0,0.0,1.0,,238.0,1,0.9948598
18091.0,0.0,410.0,0.0,-1.0,,410.0,1,0.99624145
18092.0,12.0,552.0,891.9683333333334,0.1542471832289016,36.02168971852257,1.0,0,0.0057805316
18093.0,5.0,435.0,622.902,0.0030862860920804723,57.37107285034855,114.0,0,0.0072690407
18094.0,7.0,518.0,613.8142857142857,0.1563879474009108,57.141135576745405,35.0,0,0.006734647
18095.0,4.0,416.0,320.5125,-0.23951734408989656,55.06984201902163,129.0,1,0.9812469
18096.0,2.0,330.0,308.635,0.08073923286292631,30.0,259.0,1,0.9851126
18097.0,7.0,539.0,464.4028571428571,0.37607536936599967,67.85458641800997,22.0,0,0.006734647
18098.0,0.0,213.0,0.0,1.0,,213.0,1,0.9948598
18100.0,0.0,367.0,0.0,-1.0,,367.0,1,0.99624145
18101.0,2.0,491.0,146.505,0.4451431530665088,136.5,191.0,1,0.9840889
18102.0,49.0,555.0,8622.851836734693,-0.2666566981943145,9.760507158954395,2.0,0,0.008573359
18103.0,0.0,366.0,0.0,-1.0,,366.0,1,0.99624145
18106.0,3.0,510.0,385.7166666666667,-0.41058941058941056,73.2491638177529,146.0,1,0.9853426
18107.0,0.0,259.0,0.0,1.0,,259.0,1,0.9948598
18108.0,2.0,554.0,177.78,-0.36145898375372576,101.0,71.0,0,0.015893774
18109.0,22.0,343.0,186.55090909090907,0.7222558734180727,12.503553213995076,11.0,0,0.006073028
18110.0,0.0,228.0,0.0,1.0,,228.0,1,0.9948598
18111.0,0.0,406.0,0.0,-1.0,,406.0,1,0.99624145
18112.0,1.0,368.0,271.27,0.2817823138894795,0.0,235.0,1,0.98831475
18113.0,0.0,185.0,0.0,1.0,,185.0,1,0.9948598
18114.0,0.0,107.0,0.0,1.0,,107.0,0,0.00557618
18115.0,0.0,514.0,0.0,-1.0,,514.0,1,0.99624145
18116.0,11.0,228.0,160.06181818181818,1.0,16.70749819296021,51.0,0,0.0059836786
18118.0,17.0,198.0,262.7288235294118,1.0,9.619041093429917,3.0,0,0.0061284946
18119.0,0.0,184.0,0.0,1.0,,184.0,1,0.9948598
18120.0,0.0,31.0,0.0,1.0,,31.0,0,0.00557618
18123.0,0.0,330.0,0.0,-1.0,,330.0,1,0.99624145
18124.0,0.0,289.0,0.0,-1.0,,289.0,1,0.99624145
18125.0,2.0,133.0,194.34,1.0,36.5,18.0,0,0.008766665
18127.0,0.0,220.0,0.0,1.0,,220.0,1,0.9948598
18128.0,0.0,354.0,0.0,-1.0,,354.0,1,0.99624145
18129.0,0.0,60.0,0.0,1.0,,60.0,0,0.00557618
18131.0,0.0,448.0,0.0,-1.0,,448.0,1,0.99624145
18132.0,0.0,321.0,0.0,-1.0,,321.0,1,0.99624145
18133.0,0.0,29.0,0.0,1.0,,29.0,0,0.00557618
18134.0,1.0,511.0,142.85,-1.0,0.0,415.0,1,0.99567163
18135.0,5.0,451.0,97.326,-0.08074919191770112,60.73351628219792,7.0,0,0.007776697
18136.0,3.0,268.0,255.03333333333333,1.0,27.402351886086148,28.0,0,0.011983479
18137.0,0.0,368.0,0.0,-1.0,0.0,368.0,1,0.99624145
18138.0,0.0,112.0,0.0,1.0,,112.0,0,0.00557618
18140.0,0.0,290.0,0.0,-1.0,,290.0,1,0.99624145
18141.0,1.0,406.0,424.2000000000001,-0.0386075447323987,0.0,218.0,1,0.98888373
18142.0,0.0,32.0,0.0,1.0,,32.0,0,0.00557618
18144.0,12.0,540.0,264.78333333333336,0.16535537365228214,31.32063614489192,29.0,0,0.005846484
18145.0,8.0,548.0,433.79,-0.05619546986523883,39.33112635051277,21.0,0,0.0066056293
18146.0,0.0,37.0,0.0,1.0,,37.0,0,0.00557618
18148.0,0.0,463.0,0.0,-1.0,,463.0,1,0.99624145
18149.0,5.0,452.0,239.004,-0.008801070210137553,25.958428303732102,32.0,0,0.009314117
18150.0,0.0,18.0,0.0,1.0,,18.0,0,0.00557618
18151.0,4.0,462.0,243.61,-0.3908256642229502,45.59331091289599,106.0,0,0.014259584
18152.0,0.0,463.0,0.0,-1.0,,463.0,1,0.99624145
18153.0,0.0,476.0,0.0,-1.0,,476.0,1,0.99624145
18154.0,2.0,307.0,172.055,0.2902270298644569,35.5,205.0,1,0.9841001
18155.0,0.0,108.0,0.0,1.0,,108.0,0,0.00557618
18156.0,0.0,186.0,0.0,1.0,,186.0,1,0.9948598
18157.0,0.0,388.0,0.0,-1.0,,388.0,1,0.99624145
18159.0,0.0,118.0,0.0,1.0,,118.0,0,0.00557618
18160.0,1.0,203.0,318.55,1.0,0.0,17.0,0,0.015161391
18161.0,2.0,196.0,273.15999999999997,1.0,3.5,69.0,0,0.01355419
18162.0,0.0,549.0,0.0,-1.0,,549.0,1,0.99624145
18163.0,0.0,401.0,0.0,-1.0,,401.0,1,0.99624145
18166.0,0.0,440.0,0.0,-1.0,,440.0,1,0.99624145
18168.0,14.0,553.0,242.67857142857144,-0.012453763487929256,16.783282498622594,21.0,0,0.005846484
18170.0,6.0,517.0,323.91833333333335,-0.0879149825151006,54.37038613886137,34.0,0,0.007156772
18171.0,5.0,520.0,273.678,-0.4438012917591989,29.769783338143395,55.0,0,0.018418886
18172.0,25.0,545.0,536.2088,0.02718809941400402,19.555163822708415,28.0,0,0.0057805316
18173.0,3.0,429.0,576.2800000000001,0.49143359961351996,141.91390191082604,16.0,0,0.010957861
18174.0,0.0,420.0,0.0,-1.0,,420.0,1,0.99624145
18175.0,0.0,492.0,0.0,-1.0,,492.0,1,0.99624145
18176.0,0.0,175.0,0.0,1.0,,175.0,1,0.9948598
18177.0,6.0,541.0,209.1,-0.10181863948146747,102.32464675401198,21.0,0,0.007965634
18178.0,9.0,476.0,569.688888888889,0.05102380778460927,17.788885418835108,36.0,0,0.0062757726
18179.0,5.0,480.0,310.632,0.1877644626764431,71.95109450175167,69.0,0,0.0073518516
18181.0,3.0,552.0,174.71666666666667,-0.19814369366085965,78.14658590680011,217.0,1,0.98385024
18182.0,0.0,280.0,0.0,-1.0,,280.0,1,0.99624145
18183.0,1.0,91.0,319.27000000000004,1.0,0.0,44.0,0,0.0052788644
18185.0,0.0,66.0,0.0,1.0,,66.0,0,0.00557618
18186.0,0.0,539.0,0.0,-1.0,,539.0,1,0.99624145
18187.0,0.0,448.0,0.0,-1.0,,448.0,1,0.99624145
18188.0,3.0,440.0,468.8,0.6043138059373443,60.49977043115306,107.0,0,0.010635167
18189.0,1.0,442.0,633.1,0.33764354155442167,0.0,84.0,0,0.019909555
18190.0,4.0,534.0,138.3,-0.23698398648104924,89.43992397134514,9.0,0,0.013128671
18191.0,1.0,294.0,207.8,-0.2149603324518322,0.0,78.0,0,0.021107282
18193.0,1.0,259.0,279.44,1.0,0.0,197.0,1,0.9876917
18194.0,4.0,497.0,639.47,-0.6471363151621605,28.586491565073178,255.0,1,0.98868084
18195.0,0.0,204.0,0.0,1.0,,204.0,1,0.9948598
18196.0,2.0,449.0,466.3049999999999,-0.26345544263259374,10.0,107.0,0,0.020844962
18197.0,0.0,392.0,0.0,-1.0,,392.0,1,0.99624145
18198.0,10.0,153.0,320.025,1.0,6.575712889109438,4.0,0,0.0064146346
18199.0,0.0,500.0,0.0,-1.0,,500.0,1,0.99624145
18201.0,0.0,539.0,0.0,-1.0,,539.0,1,0.99624145
18202.0,1.0,128.0,911.26,1.0,55.5,16.0,0,0.007604344
18203.0,2.0,548.0,112.46,-0.3259281437125749,6.0,198.0,1,0.9899401
18204.0,0.0,9.0,0.0,1.0,,9.0,0,0.00557618
18206.0,0.0,370.0,0.0,-1.0,,370.0,1,0.99624145
18207.0,0.0,316.0,0.0,-1.0,,316.0,1,0.99624145
18208.0,0.0,382.0,0.0,-1.0,,382.0,1,0.99624145
18210.0,1.0,199.0,142.4,1.0,0.0,84.0,0,0.014438975
18211.0,0.0,95.0,0.0,1.0,,95.0,0,0.00557618
18212.0,1.0,494.0,248.42,-0.09123500146327192,0.0,143.0,1,0.9895321
18213.0,0.0,53.0,0.0,1.0,,53.0,0,0.00557618
18214.0,3.0,371.0,352.2633333333333,-1.0,4.242640687119285,347.0,1,0.99558556
18215.0,3.0,440.0,383.2000000000001,-0.493591355901753,24.44494948973214,254.0,1,0.98949146
18217.0,1.0,343.0,22.45,-1.0,0.0,330.0,1,0.99624145
18218.0,3.0,477.0,280.02666666666664,0.15950963222416809,116.70761186258018,28.0,0,0.011534242
18219.0,11.0,549.0,204.8827272727273,0.36578491163742033,25.891700702913592,31.0,0,0.0061896807
18220.0,5.0,541.0,333.62399999999997,0.06943635001248853,47.31595925266654,43.0,0,0.008089015
18221.0,2.0,207.0,268.505,1.0,76.0,1.0,0,0.0087353
18223.0,18.0,552.0,504.92388888888894,-0.035070796658292644,16.570556216775987,22.0,0,0.0057805316
18224.0,0.0,80.0,0.0,1.0,,80.0,0,0.00557618
18225.0,17.0,552.0,538.4535294117646,-0.038356881043631955,20.340086917279116,21.0,0,0.0057805316
18226.0,19.0,461.0,464.72210526315786,0.11100758066277022,22.566568192793515,2.0,0,0.0057805316
18227.0,1.0,301.0,93.75,-0.5176848874598071,0.0,34.0,0,0.020457879
18229.0,15.0,553.0,423.714,0.6095423433693896,27.683972687278825,1.0,0,0.0057805316
18230.0,4.0,342.0,611.7900000000001,0.7894090290878778,40.91454509095757,24.0,0,0.008895021
18231.0,24.0,515.0,275.28208333333333,-0.21972576279223338,23.92168291697402,9.0,0,0.0079025235
18232.0,1.0,14.0,263.13,1.0,0.0,9.0,0,0.0052788644
18233.0,0.0,142.0,0.0,1.0,,142.0,1,0.9944782
18234.0,0.0,368.0,0.0,-1.0,,368.0,1,0.99624145
18235.0,0.0,34.0,0.0,1.0,,34.0,0,0.00557618
18236.0,5.0,420.0,196.194,0.30286380696610576,51.97919521014035,3.0,0,0.0073518516
18238.0,0.0,332.0,0.0,-1.0,,332.0,1,0.99624145
18239.0,5.0,239.0,399.942,1.0,16.04244370412438,35.0,0,0.008377712
18241.0,4.0,434.0,265.85749999999996,0.27125252983051107,72.39302452584779,34.0,0,0.009809164
18242.0,5.0,514.0,348.052,-0.026030578672343804,72.99150635519176,13.0,0,0.0076433346
18243.0,0.0,231.0,0.0,1.0,,231.0,1,0.9948598
18244.0,1.0,319.0,265.84,-0.06499718626899274,0.0,247.0,1,0.9889839
18245.0,12.0,458.0,396.12000000000006,0.002746726537801524,27.075992594916993,28.0,0,0.0057805316
18246.0,1.0,426.0,232.9,0.17739244729791215,0.0,50.0,0,0.019909555
18247.0,2.0,448.0,326.865,-0.048027342121872485,26.5,231.0,1,0.98680705
18248.0,0.0,3.0,0.0,1.0,,3.0,0,0.00557618
18250.0,0.0,127.0,0.0,1.0,,127.0,1,0.9936521
18251.0,6.0,534.0,3113.2100000000005,-0.42756147065170774,46.02129054767445,262.0,1,0.9811529
18252.0,4.0,538.0,159.6425,-1.0,31.696805832764916,365.0,1,0.99530953
18253.0,0.0,459.0,0.0,-1.0,,459.0,1,0.99624145
18254.0,0.0,398.0,0.0,-1.0,,398.0,1,0.99624145
18255.0,0.0,273.0,0.0,1.0,,273.0,1,0.9948598
18256.0,0.0,204.0,0.0,1.0,,204.0,1,0.9948598
18257.0,6.0,476.0,434.72333333333336,-0.17208763372766708,44.232027109575505,23.0,0,0.008066065
18258.0,4.0,389.0,296.22,-1.0,10.87382177525455,281.0,1,0.99547136
18259.0,4.0,548.0,499.87500000000006,0.43741245383929706,109.60924915352719,183.0,1,0.9799748
18260.0,20.0,541.0,461.33,0.2698652750189303,29.338125768064437,22.0,0,0.0057805316
18262.0,1.0,419.0,226.0,0.05592673924216231,0.0,210.0,1,0.98858184
18263.0,0.0,69.0,0.0,1.0,,69.0,0,0.00557618
18264.0,0.0,315.0,0.0,-1.0,,315.0,1,0.99624145
18266.0,0.0,251.0,0.0,1.0,,251.0,1,0.9948598
18267.0,0.0,489.0,0.0,-1.0,,489.0,1,0.99624145
18268.0,4.0,545.0,272.3875,-1.0,16.718253497300488,408.0,1,0.9955788
18269.0,0.0,183.0,0.0,1.0,,183.0,1,0.9948598
18270.0,1.0,249.0,111.95,1.0,0.0,83.0,0,0.018909086
18271.0,1.0,548.0,488.3,-1.0,0.0,426.0,1,0.99567163
18272.0,4.0,462.0,413.235,-0.1428621379931292,113.86038599969702,42.0,0,0.01073885
18273.0,1.0,407.0,51.0,-0.5,0.0,74.0,0,0.020275377
18275.0,1.0,548.0,369.21,-1.0,0.0,395.0,1,0.99567163
18276.0,4.0,546.0,275.65250000000003,-0.035345963381945435,32.34578797927173,209.0,1,0.98524183
18277.0,2.0,311.0,366.265,0.36963736479474985,33.209770985191824,214.0,1,0.9839205
18278.0,0.0,221.0,0.0,1.0,,221.0,1,0.9948598
18279.0,0.0,336.0,0.0,-1.0,,336.0,1,0.99624145
18280.0,1.0,211.0,180.6,1.0,0.0,94.0,0,0.015594976
18281.0,0.0,394.0,0.0,-1.0,,394.0,1,0.99624145
18283.0,9.0,475.0,119.28,0.24005209086962823,41.089658066233646,17.0,0,0.006233737
18284.0,0.0,248.0,0.0,1.0,,248.0,1,0.9948598
18285.0,0.0,477.0,0.0,-1.0,,477.0,1,0.99624145
18286.0,1.0,540.0,833.48,-1.0,0.0,293.0,1,0.99567163
18287.0,3.0,388.0,663.1266666666667,0.2998278334787112,67.8122407829147,18.0,0,0.010044102
