customer_id,frequency,recency,T,monetary_value,predicted_transactions,predicted_avg_order_value,predicted_clv,holdout_actual_spend,abs_error,ape
12346.0,7.0,400.0,542.0,11066.637142857144,1.9809462318817217,9626.892642579814,19070.356705048354,0.0,19070.356705048354,
12347.0,3.0,158.0,221.0,845.0733333333333,2.0865302745625205,730.3556510672082,1523.9091771495503,2486.57,962.6608228504499,0.38714406706847176
12348.0,3.0,190.0,255.0,389.08,1.8808104000509864,396.2244428663083,745.2230528973606,270.0,475.2230528973606,1.7600853811013357
12349.0,1.0,182.0,406.0,1152.62,0.5544086178065151,767.6555908830774,425.5948750929305,1457.55,1031.9551249070694,0.7080066720915711
12350.0,0.0,0.0,127.0,0.0,0.6171462552017364,415.81364110364115,256.61783146891094,0.0,256.61783146891094,
12351.0,0.0,0.0,192.0,0.0,0.46502385731198637,415.81364110364115,193.36326330895716,0.0,193.36326330895716,
12352.0,5.0,130.0,209.0,168.31199999999998,3.137721807149269,212.74837316810954,667.5452099251078,744.23,76.68479007489225,0.1030391009162386
12353.0,1.0,204.0,225.0,89.0,0.9625470840896312,259.7526254622216,250.0241322232875,0.0,250.0241322232875,
12354.0,0.0,0.0,49.0,0.0,1.0176720339314351,415.81364110364115,423.1619138783783,0.0,423.1619138783783,
12355.0,1.0,353.0,384.0,459.4,0.6281277630189475,436.62712800249443,274.2576211855945,0.0,274.2576211855945,
12356.0,4.0,179.0,241.0,1189.2225,2.486429793932379,1023.1065963729152,2543.8827235903655,58.349999999999994,2485.5327235903655,42.59696184387945
12357.0,0.0,0.0,205.0,0.0,0.44319087552676806,415.81364110364115,184.284811656696,6207.67,6023.385188343304,0.9703133685172222
12358.0,2.0,356.0,548.0,544.59,0.7057544925732276,499.05250683926886,352.20854873174545,928.06,575.8514512682546,0.6204894632548053
12359.0,8.0,545.0,551.0,662.3,2.4475777358011874,632.6445712754696,1548.4467673293266,2876.85,1328.4032326706733,0.4617561682641338
12360.0,3.0,455.0,472.0,705.4699999999999,1.171890380450381,628.0606677292801,736.0182548511864,1378.48,642.4617451488136,0.4660653365655023
12361.0,3.0,395.0,499.0,119.01666666666668,1.0865366652777735,198.3342956621919,215.49748421901398,0.0,215.49748421901398,
12362.0,1.0,70.0,112.0,450.24,1.5216382678600282,432.25301773448984,657.7327331827792,3852.89,3195.1572668172207,0.8292884735399196
12363.0,0.0,0.0,59.0,0.0,0.9393430948097811,415.81364110364115,390.59167249841784,252.9,137.69167249841783,0.5444510577240721
12365.0,0.0,0.0,108.0,0.0,0.6824789715380593,415.81364110364115,283.78406613190873,0.0,283.78406613190873,
12366.0,0.0,0.0,450.0,0.0,0.23524882829887922,415.81364110364115,97.81967186032227,0.0,97.81967186032227,
12368.0,0.0,0.0,445.0,0.0,0.23752199014052341,415.81364110364115,98.7648835625142,0.0,98.7648835625142,
12369.0,2.0,228.0,458.0,601.415,0.7750326027447688,535.7832281142341,415.2494697923691,0.0,415.2494697923691,
12370.0,4.0,394.0,485.0,704.5174999999999,1.421041639839899,642.5085097362593,913.0313462867036,739.28,173.75134628670367,0.23502779229345264
12371.0,1.0,236.0,462.0,1331.74,0.5045856356735695,853.189502586678,430.50716751271545,1527.96,1097.4528324872845,0.7182470957926153
12372.0,1.0,84.0,113.0,479.7,1.5284601973186913,446.32084398944784,682.1836452715563,353.12,329.0636452715563,0.9318748450146022
12373.0,2.0,362.0,490.0,284.875,0.7968839312617793,331.1771126302483,263.9097194567173,0.0,263.9097194567173,
12374.0,1.0,167.0,405.0,657.75,0.5484778077111166,531.3438061311746,291.4302859277072,622.93,331.49971407229276,0.5321620632692161
12376.0,1.0,28.0,234.0,30.6,0.7408208739288662,231.86528488891724,171.7706429851732,0.0,171.7706429851732,
12377.0,3.0,274.0,406.0,685.12,1.2543284830018162,613.149111814234,769.090395275859,0.0,769.090395275859,
12378.0,0.0,0.0,379.0,0.0,0.27225081994833067,415.81364110364115,113.20560473616719,4008.62,3895.414395263833,0.971759457185723
12379.0,1.0,112.0,351.0,370.5,0.5960543623247906,394.1753373010089,234.94992931911213,777.24,542.2900706808879,0.6977125092389582
12380.0,3.0,477.0,479.0,1278.9133333333332,1.1607426726888945,1048.2539025750048,1216.7530365314751,1865.26,648.5069634685249,0.34767644374967827
12383.0,4.0,168.0,169.0,268.21,3.363916294904835,299.9129110004867,1008.8819283668807,0.0,1008.8819283668807,
12385.0,0.0,0.0,196.0,0.0,0.4580798812899504,415.81364110364115,190.475863355498,0.0,190.475863355498,
12386.0,1.0,29.0,183.0,143.0,0.9548221811119864,285.53886503342767,272.6388419034585,0.0,272.6388419034585,
12387.0,0.0,0.0,232.0,0.0,0.4038233939983716,415.81364110364115,167.91527582129314,0.0,167.91527582129314,
12388.0,4.0,307.0,399.0,356.27000000000004,1.6602461272613647,369.05902566657005,612.7288180937755,2014.41,1401.6811819062245,0.6958271562920282
12389.0,2.0,253.0,472.0,634.24,0.7704881169461069,557.000754306064,429.1624623228404,0.0,429.1624623228404,
12391.0,3.0,198.0,479.0,533.38,0.8424296858067739,501.9609302639089,422.8667887695008,460.89,38.023211230499214,0.08249953618108272
12392.0,0.0,0.0,408.0,0.0,0.25581500564307313,415.81364110364115,106.37136894539475,0.0,106.37136894539475,
12393.0,4.0,183.0,245.0,393.5375,2.4577535522632443,398.3220602829482,978.9774586052301,521.5,457.47745860523014,0.8772338611797318
12394.0,0.0,0.0,34.0,0.0,1.1633817784337297,415.81364110364115,483.7500132841586,729.4,245.64998671584135,0.33678363958848556
12395.0,8.0,391.0,419.0,277.865,3.07314821592404,294.46196752474225,904.9252701561443,1292.91,387.9847298438558,0.300086417340616
12396.0,0.0,0.0,491.0,0.0,0.21813152117344764,415.81364110364115,90.70206205860725,0.0,90.70206205860725,
12399.0,4.0,431.0,461.0,335.40500000000003,1.5201804774564092,352.6754953178553,536.1304028594728,309.7,226.43040285947285,0.7311281978026246
12400.0,0.0,0.0,231.0,0.0,0.40515611966293186,415.81364110364115,168.46944133246623,0.0,168.46944133246623,
12401.0,0.0,0.0,120.0,0.0,0.6397028686481296,415.81364110364115,265.9971790370231,0.0,265.9971790370231,
12402.0,5.0,347.0,487.0,192.04,1.6341711449443965,232.2162549004841,379.48110314542396,0.0,379.48110314542396,
12403.0,0.0,0.0,338.0,0.0,0.29945533704071325,415.81364110364115,124.51761404281706,391.7,267.18238595718293,0.6821097420402934
12406.0,3.0,514.0,514.0,1238.37,1.092215043453738,1018.5455889640781,1112.4708147100139,1794.05,681.5791852899861,0.37991091958974726
12407.0,1.0,29.0,81.0,239.66,1.789731581315856,331.6962338658866,593.6472251533072,1056.16,462.5127748466929,0.4379192308425739
12408.0,3.0,238.0,315.0,623.57,1.5913235085457194,568.0480667738854,903.9482426412322,1855.96,952.0117573587678,0.5129484241895126
12409.0,3.0,145.0,382.0,1848.0466666666664,0.9896788159893654,1465.2889651360192,1450.1654480980978,11072.67,9622.504551901902,0.8690319996804657
12410.0,1.0,194.0,319.0,533.3299999999999,0.7067822502718518,471.93040006729564,333.5520301312585,0.0,333.5520301312585,
12411.0,0.0,0.0,226.0,0.0,0.41195413557072036,415.81364110364115,171.29614907936426,0.0,171.29614907936426,
12412.0,2.0,137.0,356.0,313.585,0.8929945308897875,349.73477224844896,312.3112388798504,1142.88,830.5687611201497,0.7267331313175046
12413.0,2.0,166.0,219.0,254.95,1.547937684318898,311.83409751096394,482.699750792795,176.20000000000002,306.499750792795,1.7394991531940691
12414.0,3.0,246.0,280.0,147.47,1.7889114484744892,219.1836062749412,392.1000625831672,0.0,392.1000625831672,
12415.0,9.0,324.0,344.0,7519.555555555556,4.049059418382024,6749.555414314208,27329.350920220324,74030.63,46701.27907977968,0.6308372504702402
12416.0,0.0,0.0,473.0,0.0,0.22532937971421466,415.81364110364115,93.69502982659253,0.0,93.69502982659253,
12417.0,15.0,546.0,550.0,278.4653333333333,4.450869892608349,287.80278775049237,1280.9727630074174,1561.83,280.85723699258256,0.1798257409529735
12418.0,2.0,217.0,447.0,504.34,0.7861183593472963,473.03558591859394,371.8619587152121,668.58,296.71804128478794,0.4438033463232342
12419.0,1.0,28.0,230.0,152.1,0.7547547968636901,289.88432392413097,218.79158401732562,0.0,218.79158401732562,
12421.0,2.0,186.0,322.0,157.605,1.0921318007722232,248.91193187063857,271.8446363875734,509.59,237.74536361242656,0.4665424431649494
12422.0,9.0,397.0,538.0,346.5877777777778,2.403313188793022,354.0914181380824,850.992575249678,445.06,405.932575249678,0.9120850565085112
12423.0,7.0,274.0,282.0,241.56714285714287,3.780888088481364,265.12123118671445,1002.3937049973628,347.62,654.7737049973628,1.883590429196717
12424.0,1.0,126.0,365.0,1132.53,0.583626253735572,758.0621547166787,442.4249754560107,1760.9600000000005,1318.5350245439897,0.7487592134653764
12425.0,0.0,0.0,265.0,0.0,0.3642863791329752,415.81364110364115,151.4752457117439,777.2,625.7247542882561,0.8051013307877716
12426.0,1.0,468.0,479.0,510.73,0.5223195841438725,461.13838128379086,240.86160754492812,0.0,240.86160754492812,
12427.0,0.0,0.0,188.0,0.0,0.47218204106924716,415.81364110364115,196.3397337607527,450.3,253.96026623924732,0.5639801604247109
12428.0,3.0,41.0,100.0,233.7733333333333,3.3126346654649326,282.4227699434853,935.563458031417,1285.92,350.3565419685831,0.2724559396918806
12429.0,3.0,319.0,363.0,1234.5433333333333,1.4486662617788308,1015.741581398071,1471.4705596572617,1868.92,397.4494403427384,0.21266262886733428
12431.0,16.0,493.0,510.0,390.23625,5.036726407488513,391.8733753927496,1973.7589782323212,3298.92,1325.161021767679,0.40169540994255054
12433.0,4.0,110.0,293.0,2710.0275,1.3562492007118152,2217.266906556345,3007.166469781802,9588.75,6581.583530218199,0.6863859762970355
12434.0,1.0,121.0,198.0,286.25,1.0286783549195249,353.94402834037714,364.09456080676887,519.89,155.79543919323112,0.2996700055650832
12435.0,4.0,470.0,554.0,2266.7575,1.2756726857435094,1869.2042419182035,2384.4927954909554,3850.9,1466.4072045090447,0.3807959709442065
12437.0,25.0,539.0,554.0,322.79200000000003,7.23294029870086,326.6924432847912,2362.946938315611,2688.3199999999997,325.37306168438863,0.12103211733885426
12439.0,1.0,43.0,542.0,76.52000000000001,0.26719799905833,253.79313898354286,67.8130189111353,0.0,67.8130189111353,
12440.0,1.0,255.0,534.0,250.69,0.4392280705484756,336.96331205978294,148.00374540164233,0.0,148.00374540164233,
12441.0,0.0,0.0,183.0,0.0,0.4814464252610739,415.81364110364115,200.19199108413918,0.0,200.19199108413918,
12443.0,0.0,0.0,549.0,0.0,0.197775959117483,415.81364110364115,82.23794168340548,0.0,82.23794168340548,
12445.0,0.0,0.0,237.0,0.0,0.3972893552292657,415.81364110364115,165.19833336959886,77.4,87.79833336959885,1.134345392372078
12447.0,0.0,0.0,60.0,0.0,0.9321718284938417,415.81364110364115,387.60976214026323,0.0,387.60976214026323,
12449.0,1.0,251.0,255.0,768.9300000000001,0.8789733567823116,584.4348082705578,513.7026252459989,2827.36,2313.6573747540015,0.8183101461271297
12450.0,2.0,75.0,291.0,170.95,0.9220352691253362,257.5379147199903,237.4590405088241,197.88,39.57904050882411,0.20001536541754653
12451.0,3.0,311.0,346.0,2263.6366666666668,1.5115112576277416,1769.8144453686516,2675.0944580869145,3687.7,1012.6055419130853,0.2745899997052595
12454.0,2.0,26.0,238.0,4098.96,0.8221833187028005,2796.5373071577583,2299.2663240751585,3528.34,1229.0736759248416,0.34834332176741517
12455.0,5.0,532.0,538.0,733.392,1.6279087316103071,676.3740731567392,1101.0752595266845,419.56,681.5152595266845,1.6243570872501776
12456.0,0.0,0.0,71.0,0.0,0.8599862476946469,415.81364110364115,357.594012952969,1800.87,1443.2759870470309,0.8014326336976189
12457.0,3.0,202.0,252.0,302.4166666666667,1.9201902932563957,332.721487545213,638.8885707421467,1135.98,497.0914292578533,0.4375881875190173
12458.0,2.0,203.0,304.0,365.7000000000001,1.175479333138366,383.42102898834895,450.7034954664505,425.48,25.22349546645046,0.059282446804668744
12459.0,0.0,0.0,422.0,0.0,0.24857110243450453,415.81364110364115,103.35925517643749,0.0,103.35925517643749,
12460.0,0.0,0.0,273.0,0.0,0.35584197893429065,415.81364110364115,147.96394891819256,0.0,147.96394891819256,
12462.0,0.0,0.0,120.0,0.0,0.6397028686481296,415.81364110364115,265.9971790370231,343.47999999999996,77.48282096297686,0.22558175428839194
12463.0,1.0,35.0,58.0,261.38,2.168267979345274,342.0680324489717,741.6951615167454,624.83,116.86516151674539,0.1870351319826919
12464.0,2.0,109.0,126.0,135.475,2.3048815644158047,234.60747323773086,540.7424399398202,517.1999999999999,23.54243993982027,0.04551902540568498
12467.0,0.0,0.0,240.0,0.0,0.39346960457304525,415.81364110364115,163.61002894112784,0.0,163.61002894112784,
12468.0,4.0,495.0,499.0,708.3775,1.429184658548374,645.5394432203734,922.5950687384169,0.0,922.5950687384169,
12469.0,1.0,14.0,353.0,1113.7,0.40444172223796565,749.0703974736082,302.95532163170355,0.0,302.95532163170355,
12470.0,0.0,0.0,506.0,0.0,0.21247565833634888,415.81364110364115,88.35027713873045,0.0,88.35027713873045,
12471.0,33.0,522.0,549.0,726.3863636363636,9.473110165005542,716.4195456335007,6786.721280149367,10124.73,3338.0087198506326,0.3296886652632349
12472.0,14.0,458.0,542.0,862.9207142857142,3.934040672944193,830.5109313082622,3267.263783091464,3217.27,49.99378309146414,0.015539194127774212
12473.0,0.0,0.0,8.0,0.0,1.5490327120042413,415.81364110364115,644.1089321671316,1996.04,1351.9310678328684,0.6773066009863873
12474.0,17.0,466.0,483.0,408.41705882352943,5.59519063542181,408.8643250481299,2287.6738426673555,4278.66,1990.9861573326443,0.46532936885208087
12475.0,0.0,0.0,226.0,0.0,0.41195413557072036,415.81364110364115,171.29614907936426,669.38,498.08385092063577,0.744097300368454
12476.0,10.0,283.0,318.0,741.435,4.702562289798838,709.3211631310621,3335.6269530963827,3831.32,495.6930469036174,0.129379181823397
12477.0,4.0,384.0,440.0,2403.0925,1.5666795004776444,1976.2566555339254,3096.16078990751,8642.77,5546.609210092491,0.6417629081987014
12480.0,4.0,240.0,324.0,735.1475,1.9584605660378358,666.55967362704,1305.4308357096077,1496.36,190.92916429039224,0.12759574186050968
12481.0,8.0,403.0,424.0,747.2525,3.051903042339906,707.3762102915159,2158.8436082675507,2243.77,84.92639173244925,0.0378498650630186
12482.0,4.0,77.0,470.0,3875.99,0.12080141979769968,3132.7992336214497,378.44659536261656,0.0,378.44659536261656,
12483.0,14.0,494.0,494.0,211.3221428571429,4.577999976089403,226.14527019381134,1035.29304154,912.37,122.9230415400001,0.13472937683176792
12484.0,5.0,345.0,498.0,416.16,1.5793096913210831,416.09781482377224,657.147311488709,2927.05,2269.902688511291,0.775491600249839
12485.0,0.0,0.0,346.0,0.0,0.2937279808988106,415.81364110364115,122.13610123155517,0.0,122.13610123155517,
12486.0,0.0,0.0,248.0,0.0,0.38363422900782196,415.81364110364115,159.52034561573055,0.0,159.52034561573055,
12487.0,0.0,0.0,547.0,0.0,0.19841439794361443,415.81364110364115,82.50341325632112,0.0,82.50341325632112,
12489.0,0.0,0.0,153.0,0.0,0.5457088690294575,415.81364110364115,226.91319181368874,0.0,226.91319181368874,
12490.0,11.0,524.0,555.0,403.8627272727272,3.2550617005662223,404.9439099493391,1318.117412153631,3790.21,2472.092587846369,0.6522310341238002
12492.0,0.0,0.0,220.0,0.0,0.4204195959828954,415.81364110364115,174.81620299696948,227.21000000000004,52.393797003030556,0.23059635140632256
12493.0,0.0,0.0,14.0,0.0,1.438751436300432,415.81364110364115,598.2524733711759,183.24,415.01247337117593,2.264857418528574
12494.0,5.0,380.0,393.0,170.70800000000003,2.126167945091229,214.71419602004693,456.51844093385847,458.46,1.941559066141508,0.0042349584830552464
12495.0,0.0,0.0,457.0,0.0,0.2321385773347827,415.81364110364115,96.52638708219519,0.0,96.52638708219519,
12496.0,0.0,0.0,437.0,0.0,0.24125192197616263,415.81364110364115,100.31584010015973,0.0,100.31584010015973,
12497.0,1.0,244.0,461.0,3993.64,0.508029649065487,2124.3078565606315,1079.2113748755544,953.1,126.11137487555436,0.13231704425092264
12499.0,0.0,0.0,377.0,0.0,0.27346258592984746,415.81364110364115,113.70947356110722,0.0,113.70947356110722,
12500.0,10.0,407.0,490.0,232.616,3.1657345711461287,250.68354686214883,793.5975707190352,2921.62,2128.022429280965,0.7283707084702887
12501.0,0.0,0.0,153.0,0.0,0.5457088690294575,415.81364110364115,226.91319181368874,0.0,226.91319181368874,
12502.0,2.0,92.0,126.0,486.7,2.2734563918467763,461.63338753248956,1049.5033755756183,1517.22,467.71662442438173,0.30827211902320145
12503.0,0.0,0.0,401.0,0.0,0.25959775002070706,415.81364110364115,107.94428565842304,0.0,107.94428565842304,
12504.0,1.0,179.0,413.0,144.60000000000002,0.543386883335466,286.30290176146343,155.57324147806173,428.0499999999999,272.47675852193817,0.6365535767362183
12505.0,0.0,0.0,225.0,0.0,0.4133412517071749,415.81364110364115,171.872930890697,0.0,171.872930890697,
12506.0,0.0,0.0,49.0,0.0,1.0176720339314351,415.81364110364115,423.1619138783783,0.0,423.1619138783783,
12507.0,1.0,286.0,401.0,362.16,0.5929539627693912,390.19279585612264,231.36636454695602,690.65,459.283635453044,0.6650020060132397
12509.0,0.0,0.0,101.0,0.0,0.7101914553863702,415.81364110364115,295.3072949449007,0.0,295.3072949449007,
12510.0,5.0,410.0,552.0,499.526,1.488831126491337,484.49630725891785,721.3331829171875,217.52,503.81318291718753,2.316169469093359
12511.0,0.0,0.0,245.0,0.0,0.3872642413601149,415.81364110364115,161.0297542691887,0.0,161.0297542691887,
12514.0,1.0,374.0,458.0,1017.68,0.5356144434972402,703.2186433323635,376.65406230534813,0.0,376.65406230534813,
12515.0,0.0,0.0,170.0,0.0,0.507330843015847,415.81364110364115,210.95508507859907,0.0,210.95508507859907,
12516.0,1.0,169.0,416.0,593.1,0.5344037258745675,500.47194708898064,267.4540732200507,1186.06,918.6059267799492,0.7745020713791454
12517.0,0.0,0.0,7.0,0.0,1.5690955291872308,415.81364110364115,652.451325230787,1555.89,903.4386747692131,0.5806571639185373
12519.0,0.0,0.0,293.0,0.0,0.33635183747630104,415.81364110364115,139.85968223292087,286.84,146.9803177670791,0.5124122080849223
12520.0,2.0,69.0,90.0,310.07,2.7957591356352656,347.4627355518981,971.4221172120396,828.7,142.7221172120395,0.17222410668763063
12523.0,15.0,480.0,549.0,182.534,4.257519093224064,198.39322717664072,844.6629526708872,1217.58,372.91704732911273,0.3062772444760203
12524.0,12.0,465.0,486.0,652.9058333333334,3.979591690189805,633.0945217742204,2519.457697957376,1472.34,1047.1176979573759,0.7111928616741894
12525.0,2.0,149.0,464.0,203.65,0.6387400989394167,278.6746430207622,178.00066905498826,0.0,178.00066905498826,
12527.0,3.0,235.0,346.0,117.30666666666669,1.4396002148089886,197.08128531257375,283.71826067081275,63.790000000000006,219.92826067081273,3.447691811738716
12528.0,1.0,36.0,129.0,242.13,1.3134073007009923,332.87571556479173,437.20139504886447,963.82,526.6186049511356,0.5463868823547297
12529.0,0.0,0.0,345.0,0.0,0.29443187923621006,415.81364110364115,122.42879176219607,0.0,122.42879176219607,
12530.0,6.0,409.0,459.0,379.16333333333336,2.1665951661600222,384.8159667561289,833.7404134350247,785.28,48.46041343502475,0.06171099917866844
12531.0,0.0,0.0,503.0,0.0,0.21358323182320355,415.81364110364115,88.81082130308934,125.22,36.40917869691066,0.2907616890026406
12533.0,1.0,111.0,555.0,401.97,0.3473929472300641,409.2029846955618,142.15423086873002,0.0,142.15423086873002,
12535.0,0.0,0.0,3.0,0.0,1.6548898806648453,415.81364110364115,688.1257869048195,344.9,343.22578690481953,0.9951458014056815
12537.0,0.0,0.0,225.0,0.0,0.4133412517071749,415.81364110364115,171.872930890697,0.0,171.872930890697,
12538.0,0.0,0.0,195.0,0.0,0.45979632200667614,415.81364110364115,191.18958281965826,363.95,172.76041718034173,0.47468173425014903
12539.0,4.0,454.0,533.0,1246.7575,1.3208544747246795,1068.2839948207134,1411.0476948356957,1050.66,360.3876948356956,0.34301076926474366
12540.0,20.0,546.0,549.0,640.4085,5.889872336958269,628.7589018590796,3703.3096626760525,6113.72,2410.4103373239477,0.39426246823929584
12541.0,0.0,0.0,97.0,0.0,0.7270657174884144,415.81364110364115,302.3238433104889,556.78,254.4561566895111,0.457013823573963
12542.0,1.0,156.0,457.0,117.09,0.47621838546725526,273.166245268799,130.08678828605971,0.0,130.08678828605971,
12543.0,0.0,0.0,265.0,0.0,0.3642863791329752,415.81364110364115,151.4752457117439,0.0,151.4752457117439,
12545.0,0.0,0.0,76.0,0.0,0.8307609346560835,415.81364110364115,345.44172912601016,288.24,57.20172912601015,0.19845173857205853
12547.0,2.0,303.0,317.0,75.9,1.1852130576829867,196.09919835948972,232.41933049683337,0.0,232.41933049683337,
12549.0,3.0,122.0,514.0,337.42,0.3967818747344717,358.37034072521305,142.19485564218144,0.0,142.19485564218144,
12551.0,0.0,0.0,174.0,0.0,0.49907413194659794,415.81364110364115,207.52183198535394,0.0,207.52183198535394,
12553.0,6.0,219.0,240.0,307.18333333333334,3.692655162996465,323.93755303264186,1196.1896776944263,1777.66,581.4703223055737,0.32709872658752165
12554.0,0.0,0.0,265.0,0.0,0.3642863791329752,415.81364110364115,151.4752457117439,0.0,151.4752457117439,
12557.0,5.0,466.0,539.0,1925.432,1.5918482181796565,1654.3955558042333,2633.546617671311,7136.34,4502.793382328689,0.6309667676047791
12559.0,1.0,9.0,136.0,75.60000000000001,1.1597293413385277,253.35381786492232,293.82185631808767,0.0,293.82185631808767,
12561.0,0.0,0.0,119.0,0.0,0.6430609967568797,415.81364110364115,267.39353451321495,0.0,267.39353451321495,
12562.0,2.0,237.0,252.0,521.0699999999999,1.4198197657157505,483.8495756577962,686.9791911521174,2994.7799999999997,2307.8008088478823,0.7706077938439159
12563.0,0.0,0.0,225.0,0.0,0.4133412517071749,415.81364110364115,171.872930890697,0.0,171.872930890697,
12564.0,0.0,0.0,78.0,0.0,0.8196220192999285,415.81364110364115,340.81001617382213,0.0,340.81001617382213,
12565.0,0.0,0.0,105.0,0.0,0.6940854396944081,415.81364110364115,288.6101939163535,0.0,288.6101939163535,
12567.0,9.0,482.0,483.0,823.9222222222222,3.0675933431055875,779.6858649773435,2391.759169118021,4566.28,2174.520830881979,0.4762127663835724
12568.0,0.0,0.0,461.0,0.0,0.23039796204326937,415.81364110364115,95.80261550007035,0.0,95.80261550007035,
12569.0,4.0,69.0,69.0,185.445,5.725167133399695,234.92451467595362,1344.9821102526437,2188.23,843.2478897473563,0.3853561507461996
12573.0,4.0,238.0,282.0,141.34750000000005,2.2516678016011014,200.29845526773647,451.0055824368007,0.0,451.0055824368007,
12574.0,0.0,0.0,132.0,0.0,0.6019871578608249,415.81364110364115,250.314472007742,0.0,250.314472007742,
12575.0,1.0,69.0,343.0,263.02,0.5582214496634212,342.8511700952083,191.38687718934742,0.0,191.38687718934742,
12576.0,4.0,308.0,343.0,218.4475,1.9395569015823524,260.8386033571643,505.91131334048976,894.18,388.2686866595102,0.43421759227393836
12577.0,3.0,377.0,553.0,327.09666666666664,0.9587155107361829,350.8058708367776,336.32302962853265,457.96,121.63697037146733,0.26560610178065186
12578.0,2.0,113.0,260.0,1068.37,1.2237594253879498,837.6150618661281,1025.039326805585,989.85,35.18932680558498,0.03555016093911702
12580.0,1.0,330.0,393.0,379.7,0.6118186627800367,398.56854848721434,243.8516763616277,0.0,243.8516763616277,
12582.0,3.0,339.0,394.0,327.7633333333334,1.3488177584774883,351.29437389705765,473.832089965582,0.0,473.832089965582,
12583.0,16.0,533.0,550.0,541.938125,4.717617639472382,533.865308097076,2518.5723945811237,3878.99,1360.417605418876,0.3507143883894715
12584.0,1.0,95.0,97.0,159.11,1.6970859132860607,293.23175983883755,497.63948895057246,1715.41,1217.7705110494276,0.7099005549981797
12585.0,1.0,117.0,168.0,669.25,1.1705900064375847,536.8353201139314,628.4140608280898,0.0,628.4140608280898,
12586.0,2.0,349.0,540.0,721.69,0.7143192231164776,613.5269588902385,438.25410063549015,196.94000000000003,241.31410063549012,1.2253178665354427
12588.0,1.0,198.0,414.0,294.98,0.5502474232797347,358.1128037377222,197.050647500163,174.89999999999998,22.150647500163018,0.12664749857154387
12589.0,2.0,268.0,506.0,1029.365,0.7215182916301094,812.402887940391,586.1635438221181,574.6800000000001,11.483543822118008,0.019982501256556706
12590.0,0.0,0.0,28.0,0.0,1.2341615293905752,415.81364110364115,513.1811992459335,0.0,513.1811992459335,
12591.0,2.0,91.0,225.0,271.0,1.3572205696553699,322.2085467228107,437.30806733096205,0.0,437.30806733096205,
12592.0,1.0,306.0,336.0,213.8,0.7013723683580121,319.347490249009,223.98150556513463,187.8,36.181505565134614,0.19265977404225032
12593.0,0.0,0.0,35.0,0.0,1.1523724680002014,415.81364110364115,479.17219182675296,182.1,297.07219182675294,1.6313684339744807
12594.0,10.0,463.0,463.0,324.07000000000005,3.5137005279666558,333.11805610464415,1170.4770896101145,1530.2700000000002,359.7929103898857,0.23511727367711951
12595.0,0.0,0.0,321.0,0.0,0.31240045328167776,415.81364110364115,129.90036996148237,0.0,129.90036996148237,
12596.0,0.0,0.0,59.0,0.0,0.9393430948097811,415.81364110364115,390.59167249841784,236.32,154.27167249841784,0.6528083636527499
12597.0,0.0,0.0,85.0,0.0,0.7828921474116051,415.81364110364115,325.5372344066681,2763.0699999999997,2437.5327655933315,0.8821827769811593
12598.0,4.0,428.0,465.0,487.84,1.5058439193074393,472.36988538286096,711.3153195677332,1665.34,954.0246804322667,0.5728708134268478
12599.0,8.0,369.0,394.0,133.315,3.2389491130525725,167.30316207735154,541.8864284213286,496.72,45.16642842132853,0.0909293534009674
12600.0,15.0,528.0,549.0,203.69133333333335,4.43392144561689,218.11220543450406,967.0923852268443,1139.0800000000002,171.98761477315588,0.15098817885763585
12601.0,5.0,215.0,221.0,97.412,3.364016593447182,154.57773869300192,520.002077940801,0.0,520.002077940801,
12604.0,0.0,0.0,78.0,0.0,0.8196220192999285,415.81364110364115,340.81001617382213,75.68,265.1300161738221,3.503303596377142
12605.0,2.0,82.0,275.0,451.98,1.0338262445152184,439.19096531222044,454.0471462937464,0.0,454.0471462937464,
12608.0,0.0,0.0,221.0,0.0,0.41898456610036205,415.81364110364115,174.21949799642076,0.0,174.21949799642076,
12609.0,7.0,533.0,536.0,348.16285714285715,2.2173418356974746,357.3076752999652,792.2732566584219,290.12,502.1532566584219,1.730846741549779
12613.0,6.0,528.0,542.0,552.4,1.9023433924114275,531.3340754725939,1010.7798676383238,1755.86,745.0801323616761,0.42433914569594167
12614.0,0.0,0.0,94.0,0.0,0.740259353832389,415.81364110364115,307.8099372780743,0.0,307.8099372780743,
12615.0,2.0,218.0,448.0,1057.155,0.7851113800543351,830.3658750804047,651.9296981344022,2093.19,1441.2603018655977,0.6885472899572412
12616.0,1.0,91.0,205.0,219.6,0.9726814129026116,322.11712338813857,313.31733869729953,421.7,108.38266130270046,0.2570136620884526
12619.0,2.0,326.0,377.0,297.83,1.0177110758168506,339.55100605949906,345.56481967150677,2349.9,2004.3351803284934,0.8529448829007589
12620.0,0.0,0.0,21.0,0.0,1.3285601613459879,415.81364110364115,552.4334381145162,741.75,189.3165618854838,0.25522960820422486
12621.0,23.0,468.0,485.0,717.1095652173914,7.472294561126929,703.4274014226494,5256.216745798112,5793.85,537.6332542018881,0.09279378206233992
12622.0,0.0,0.0,49.0,0.0,1.0176720339314351,415.81364110364115,423.1619138783783,0.0,423.1619138783783,
12623.0,6.0,420.0,513.0,319.3533333333333,1.9243064743285383,334.2305551862239,643.1620212632725,0.0,643.1620212632725,
12625.0,3.0,385.0,413.0,1266.3966666666663,1.3090193485066124,1039.0822576182481,1360.1787799122192,0.0,1360.1787799122192,
12626.0,1.0,10.0,143.0,142.1,1.1142282557571377,285.10909437390757,317.6766089247362,4860.38,4542.703391075264,0.9346395530956971
12629.0,1.0,38.0,240.0,613.86,0.7502151422530265,510.3853236352443,382.8987981748718,0.0,382.8987981748718,
12631.0,3.0,237.0,510.0,700.9633333333333,0.8644846075857208,624.7583870417875,540.0940090577076,480.5,59.59400905770758,0.12402499283601993
12632.0,1.0,44.0,381.0,374.56,0.44583236687067346,396.1140804983995,176.60047805940192,0.0,176.60047805940192,
12633.0,4.0,329.0,342.0,680.335,1.9606673152502894,623.5200255446564,1222.5153344894334,398.43,824.0853344894333,2.0683315375083033
12634.0,0.0,0.0,365.0,0.0,0.28096612925881287,415.81364110364115,116.82954923390326,0.0,116.82954923390326,
12635.0,1.0,64.0,273.0,455.9,0.70752889100723,434.95579765991624,307.7437931554857,1509.1799999999998,1201.4362068445141,0.7960854284078203
12637.0,6.0,304.0,360.0,641.7199999999999,2.629863663578778,606.8781142859011,1596.0067009817003,3594.15,1998.1432990182998,0.5559432130039925
12638.0,0.0,0.0,456.0,0.0,0.23257785094327815,415.81364110364115,96.70904304078441,511.69,414.9809569592156,0.8110007171514307
12639.0,2.0,389.0,444.0,429.395,0.8871135806936379,424.5924023558616,376.6616863892222,0.0,376.6616863892222,
12643.0,6.0,391.0,428.0,654.75,2.3109853488484586,617.898477314757,1427.954328150175,1707.72,279.76567184982514,0.16382408817008945
12644.0,2.0,264.0,511.0,375.3250000000001,0.7100094265881215,389.64246659981467,276.6498242849157,477.91,201.2601757150843,0.421125684156189
12645.0,5.0,449.0,485.0,398.274,1.7667898244598703,401.42306209850034,709.230181419153,886.28,177.04981858084693,0.19976736311419296
12647.0,26.0,496.0,512.0,483.17038461538465,8.042202365580923,480.450323449571,3863.8787277902597,1204.51,2659.36872779026,2.2078427973119856
12648.0,2.0,264.0,518.0,267.09999999999997,0.6984516888114786,319.68765252180117,223.28638079602916,300.05,76.76361920397085,0.2558360913313476
12649.0,5.0,484.0,513.0,319.168,1.6872393877352048,336.5197304935939,567.7893440388275,230.51,337.2793440388275,1.4631874714278232
12651.0,3.0,131.0,282.0,92.91666666666669,1.5009281952078086,179.20940085223089,268.98044258541165,0.0,268.98044258541165,
12652.0,1.0,103.0,251.0,793.98,0.821726589289936,596.3967582938673,490.07507405639393,0.0,490.07507405639393,
12653.0,1.0,230.0,343.0,779.1,0.6721800309043451,589.2912167231349,396.10978826861594,1430.75,1034.6402117313842,0.7231453515508539
12654.0,1.0,98.0,112.0,153.14999999999998,1.5502573057831288,290.3857230269044,450.1725886175746,228.23,221.94258861757461,0.9724514245172616
12655.0,0.0,0.0,240.0,0.0,0.39346960457304525,415.81364110364115,163.61002894112784,0.0,163.61002894112784,
12656.0,4.0,359.0,379.0,677.815,1.797701778483492,621.5412814047685,1117.345866982261,2193.5699999999997,1076.2241330177387,0.49062675593563865
12661.0,0.0,0.0,253.0,0.0,0.37773332139207594,415.81364110364115,157.066667734211,0.0,157.066667734211,
12662.0,13.0,430.0,434.0,314.15076923076924,4.759434570497887,322.0429449958851,1532.742325598365,1849.7,316.95767440163513,0.17135626015117864
12663.0,1.0,44.0,485.0,67.65,0.3185063897817799,249.55751037249476,79.48566167167239,0.0,79.48566167167239,
12664.0,3.0,494.0,543.0,580.8866666666667,1.0304535721883106,536.7716583394599,553.1182727853399,3208.3,2655.1817272146604,0.8275977081989403
12665.0,2.0,345.0,486.0,54.4,0.7975453025925063,182.2019610975143,145.3143181964651,0.0,145.3143181964651,
12666.0,0.0,0.0,211.0,0.0,0.4337921118973573,415.81364110364115,180.37667753007827,0.0,180.37667753007827,
12668.0,7.0,418.0,494.0,1101.037142857143,2.3046808337091917,1008.4108057529785,2324.0650565241326,738.68,1585.3850565241328,2.1462406678455257
12669.0,0.0,0.0,73.0,0.0,0.8480516249589071,415.81364110364115,352.6314340180227,399.43,46.79856598197733,0.11716337276112794
12670.0,3.0,467.0,483.0,473.6766666666667,1.1491340914876813,458.2130387005358,526.5482239349499,1807.66,1281.1117760650502,0.7087127977966267
12671.0,0.0,0.0,423.0,0.0,0.24806935857108983,415.81364110364115,103.1506232336896,0.0,103.1506232336896,
12672.0,1.0,266.0,412.0,225.9,0.5736068235498741,325.1255180047792,186.49421563772881,0.0,186.49421563772881,
12673.0,1.0,75.0,218.0,220.9,0.9013095071085718,322.7379032296676,290.88674048518567,353.62,62.733259514814335,0.17740303013068925
12674.0,0.0,0.0,24.0,0.0,1.286377417926047,415.81364110364115,534.8932779813299,1293.86,758.96672201867,0.5865910701456649
12675.0,1.0,25.0,395.0,12.75,0.37687153639288407,223.34150014176856,84.17105429871985,0.0,84.17105429871985,
12676.0,5.0,293.0,300.0,299.32399999999996,2.6561349437784014,320.238516522874,850.5967140801627,382.44000000000005,468.1567140801626,1.2241311423495516
12677.0,1.0,111.0,483.0,186.4,0.41388006114143744,306.263361281397,126.75629869252674,0.0,126.75629869252674,
12678.0,9.0,514.0,518.0,2167.42,2.8850654887152127,1977.5570854977775,5705.381699333878,10958.1,5252.718300666123,0.47934571692776323
12679.0,1.0,78.0,100.0,76.32000000000001,1.649233444087755,253.69763439253842,418.40662332612226,152.64,265.76662332612227,1.741133538562122
12681.0,34.0,539.0,543.0,663.8541176470588,9.989603534263672,656.120887918517,6554.387540855037,4384.7,2169.687540855037,0.4948314687105245
12682.0,30.0,546.0,555.0,500.42266666666666,8.652530882730554,497.4454454690633,4304.162079394729,6308.93,2004.7679206052717,0.317766708555218
12683.0,12.0,542.0,543.0,677.57,3.637310436670048,655.6977623277833,2384.9763142160427,3047.64,662.6636857839571,0.2174350270320501
12684.0,1.0,16.0,30.0,362.0,2.7791172377678612,390.116392183319,1084.1791902524692,1258.53,174.35080974753077,0.13853528302665075
12686.0,0.0,0.0,188.0,0.0,0.47218204106924716,415.81364110364115,196.3397337607527,0.0,196.3397337607527,
12687.0,0.0,0.0,297.0,0.0,0.33270752953470384,415.81364110364115,138.34432927842244,0.0,138.34432927842244,
12690.0,0.0,0.0,22.0,0.0,1.3141926187157273,415.81364110364115,546.4592178997158,0.0,546.4592178997158,
12691.0,2.0,101.0,237.0,176.1,1.316322787152267,260.8667878315797,343.38489723392405,575.6,232.21510276607597,0.4034313807610771
12692.0,0.0,0.0,454.0,0.0,0.2334614077169195,415.81364110364115,97.07643799995401,0.0,97.07643799995401,
12693.0,5.0,311.0,339.0,147.30599999999998,2.387162831693108,195.51378434181743,466.72323906444853,189.14,277.58323906444855,1.4676072700880225
12694.0,0.0,0.0,238.0,0.0,0.39600787846254837,415.81364110364115,164.6654778492404,761.6700000000001,597.0045221507596,0.7838099467627182
12695.0,3.0,455.0,482.0,128.20333333333335,1.148306061500913,205.06586783284993,235.47837903940672,492.85,257.3716209605933,0.5222108571788441
12696.0,1.0,74.0,325.0,454.76,0.6012132000785924,434.4114214911908,261.17388086540905,0.0,261.17388086540905,
12698.0,0.0,0.0,407.0,0.0,0.2563486290813864,415.81364110364115,106.59325685025803,0.0,106.59325685025803,
12699.0,0.0,0.0,234.0,0.0,0.4011841154202834,415.81364110364115,166.81782778585148,0.0,166.81782778585148,
12700.0,0.0,0.0,32.0,0.0,1.1860486013105702,415.81364110364115,493.175187436829,3541.56,3048.384812563171,0.8607463413194104
12701.0,4.0,391.0,450.0,328.115,1.5356482391272632,346.9512711988938,532.7951086795468,424.63,108.16510867954685,0.25472790118349353
12703.0,2.0,51.0,501.0,64.725,0.2425402984341915,188.87586689890483,45.81000912467701,265.55,219.739990875323,0.8274900804945321
12705.0,6.0,332.0,350.0,1019.5066666666668,2.7509996817615088,926.3981614177493,2548.521047244675,3452.19,903.6689527553249,0.26176686473088817
12707.0,0.0,0.0,108.0,0.0,0.6824789715380593,415.81364110364115,283.78406613190873,0.0,283.78406613190873,
12708.0,12.0,521.0,538.0,276.65749999999997,3.6507616202045057,288.2853214007878,1052.4609870383167,1230.74,178.2790129616833,0.14485513834090327
12709.0,21.0,540.0,547.0,1155.2290476190476,6.188919430551196,1118.6119134328421,6922.999006290568,4457.39,2465.609006290568,0.5531508363168957
12710.0,0.0,0.0,18.0,0.0,1.373629231958884,415.81364110364115,571.1737724672217,376.06000000000006,195.11377246722168,0.51883681451689
12711.0,1.0,65.0,493.0,735.75,0.3477808632004158,568.5905966229167,197.74492850115737,0.0,197.74492850115737,
12712.0,15.0,530.0,547.0,279.414,4.4547520699065215,288.68696048999766,1286.0288347978392,1912.65,626.6211652021609,0.32761935806454967
12714.0,8.0,529.0,552.0,1197.765,2.432909282186621,1103.6863544569785,2685.1687763810964,2676.94,8.228776381096395,0.0030739487553312346
12717.0,1.0,345.0,407.0,509.74,0.5943998538003674,460.6656335583188,273.8195852379183,321.24,47.42041476208169,0.14761678110472448
12720.0,12.0,314.0,323.0,282.0183333333333,5.620124833104239,293.1982060337259,1647.810518751756,3097.96,1450.149481248244,0.46809819405293934
12721.0,4.0,225.0,288.0,387.805,2.1828685910502665,393.82080997266746,859.6590765913113,1404.31,544.6509234086886,0.3878423734137681
12724.0,3.0,203.0,352.0,259.87,1.3514913371314428,301.54522223814496,407.5357556082286,786.51,378.9742443917714,0.48184288107178724
12725.0,2.0,213.0,401.0,634.8050000000001,0.8878083989080467,557.3659607736462,494.83418124029595,0.0,494.83418124029595,
12726.0,8.0,440.0,441.0,286.6825,2.9709484227911434,302.21861067266593,897.8759047160875,1051.78,153.9040952839125,0.14632726928056486
12727.0,6.0,467.0,471.0,539.3183333333333,2.1537621796671798,520.2700144066577,1120.5378802439582,1000.3,120.23788024395822,0.1202018196980488
12728.0,3.0,126.0,200.0,175.76999999999998,2.1970212346553,239.92056118382612,527.1105675512821,201.02,326.0905675512821,1.6221797211784006
12730.0,0.0,0.0,338.0,0.0,0.29945533704071325,415.81364110364115,124.51761404281706,0.0,124.51761404281706,
12731.0,9.0,435.0,464.0,1482.1655555555556,3.1455896278666655,1366.5798354338096,4298.699355992326,10665.82,6367.120644007674,0.5969649444681866
12733.0,3.0,455.0,506.0,431.26666666666665,1.0945607377829076,427.13691652082514,467.5272984813506,0.0,467.5272984813506,
12734.0,2.0,40.0,209.0,236.65,1.166197504153807,300.00528626007326,349.8654160694459,0.0,349.8654160694459,
12735.0,1.0,22.0,154.0,405.8,1.0928781375729364,411.0318976132973,449.2077747466902,0.0,449.2077747466902,
12736.0,0.0,0.0,149.0,0.0,0.5556004161981747,415.81364110364115,231.02623205806148,0.0,231.02623205806148,
12738.0,0.0,0.0,189.0,0.0,0.4703718722446599,415.81364110364115,195.58704087078877,0.0,195.58704087078877,
12739.0,0.0,0.0,211.0,0.0,0.4337921118973573,415.81364110364115,180.37667753007827,975.54,795.1633224699217,0.8151006852306638
12741.0,0.0,0.0,350.0,0.0,0.29094575602737277,415.81364110364115,120.97921417739352,0.0,120.97921417739352,
12742.0,0.0,0.0,442.0,0.0,0.23890711088085909,415.81364110364115,99.34083566092134,0.0,99.34083566092134,
12744.0,3.0,343.0,408.0,2318.8766666666666,1.3052610640153102,1810.2918089434502,2362.9034127197283,4948.58,2585.6765872802716,0.5225087979340076
12745.0,1.0,88.0,391.0,266.93,0.5044923318916185,344.71828484934565,173.90773136932555,0.0,173.90773136932555,
12746.0,0.0,0.0,357.0,0.0,0.286201733821896,415.81364110364115,119.0065850306577,0.0,119.0065850306577,
12747.0,20.0,534.0,549.0,339.56399999999996,5.8674045577151,343.5190223082209,2015.5650771530904,2104.61,89.04492284690969,0.04230946486375608
12748.0,126.0,551.0,552.0,231.700873015873,36.081984933703886,233.28588058790393,8417.417628618594,22779.05,14361.632371381405,0.6304754751133785
12749.0,3.0,308.0,338.0,944.2266666666666,1.5433047591597817,803.0107112226489,1239.2902522861953,3181.78,1942.489747713805,0.6105041039021569
12751.0,0.0,0.0,261.0,0.0,0.36866088965189153,415.81364110364115,153.2942268586607,0.0,153.2942268586607,
12753.0,3.0,114.0,179.0,3116.64,2.3925947549776776,2394.856553512181,5729.921228857163,8488.88,2758.9587711428358,0.3250085725258027
12754.0,2.0,73.0,125.0,1482.585,2.2353481287365136,1105.3566494228326,2470.856917873791,0.0,2470.856917873791,
12755.0,9.0,413.0,510.0,1003.0788888888889,2.7444286079313733,939.4230960424698,2578.179619730416,0.0,2578.179619730416,
12757.0,1.0,26.0,28.0,243.2,2.8686466853229597,333.38666512666566,956.3685518464849,3353.17,2396.801448153515,0.7147867385648551
12758.0,5.0,462.0,555.0,1245.432,1.5379015782124001,1096.4825594280244,1686.2822586267303,1221.4,464.88225862673016,0.38061426119758485
12759.0,5.0,460.0,552.0,633.568,1.5457094157798283,594.4724452887117,918.8816561044205,996.64,77.75834389557951,0.07802049275122362
12760.0,0.0,0.0,272.0,0.0,0.3568760288202127,415.81364110364115,148.39392096634063,0.0,148.39392096634063,
12761.0,0.0,0.0,281.0,0.0,0.3477806801096304,415.81364110364115,144.6119509018861,0.0,144.6119509018861,
12763.0,0.0,0.0,186.0,0.0,0.4758445879152876,415.81364110364115,197.8626707005174,174.0,23.862670700517413,0.13714178563515755
12764.0,0.0,0.0,133.0,0.0,0.5990445271401564,415.81364110364115,249.09088601335742,0.0,249.09088601335742,
12765.0,5.0,169.0,458.0,233.516,0.6380641135565527,266.24566583827766,169.88180476137478,0.0,169.88180476137478,
12766.0,5.0,167.0,224.0,1092.8,3.1774540714448904,971.2540646296516,3086.115182064885,2861.92,224.1951820648851,0.07833733370076211
12767.0,0.0,0.0,192.0,0.0,0.46502385731198637,415.81364110364115,193.36326330895716,0.0,193.36326330895716,
12768.0,0.0,0.0,267.0,0.0,0.3621378769035189,415.81364110364115,150.58186917679438,0.0,150.58186917679438,
12769.0,0.0,0.0,55.0,0.0,0.9691732286041986,415.81364110364115,402.9954490460834,0.0,402.9954490460834,
12770.0,1.0,246.0,273.0,1351.45,0.8285354761326775,862.6014800301683,714.6959279695478,0.0,714.6959279695478,
12771.0,0.0,0.0,302.0,0.0,0.32826183803936726,415.81364110364115,136.49575011052303,0.0,136.49575011052303,
12773.0,0.0,0.0,381.0,0.0,0.27104975457871133,415.81364110364115,112.70618537162228,0.0,112.70618537162228,
12774.0,0.0,0.0,352.0,0.0,0.2895743337858696,415.81364110364115,120.40895810166357,0.0,120.40895810166357,
12775.0,5.0,220.0,226.0,237.528,3.308275960128179,269.53735251689733,891.7039436882459,206.36,685.3439436882459,3.3211084691231143
12776.0,0.0,0.0,484.0,0.0,0.22087532587978534,415.81364110364115,91.84297348402684,0.0,91.84297348402684,
12777.0,0.0,0.0,274.0,0.0,0.3548139118224832,415.81364110364115,147.536464589133,0.0,147.536464589133,
12778.0,5.0,343.0,419.0,172.582,1.9558589878086377,216.25173860123664,422.95790657247284,330.17,92.78790657247282,0.28103070107057826
12779.0,12.0,547.0,553.0,447.375,3.5753819282152617,444.73774776303475,1590.1073061471118,981.95,608.1573061471117,0.6193363268466946
12780.0,0.0,0.0,415.0,0.0,0.2521409981419443,415.81364110364115,104.84366650890827,0.0,104.84366650890827,
12781.0,0.0,0.0,101.0,0.0,0.7101914553863702,415.81364110364115,295.3072949449007,237.48,57.82729494490073,0.24350385272402195
12782.0,8.0,266.0,336.0,375.27125,3.508920827764709,380.1490127901169,1333.912788633434,627.97,705.942788633434,1.1241664229715336
12784.0,0.0,0.0,346.0,0.0,0.2937279808988106,415.81364110364115,122.13610123155517,518.42,396.28389876844477,0.7644070421057151
12785.0,2.0,367.0,548.0,296.75,0.7099788082483661,338.852912280758,240.5783868325807,0.0,240.5783868325807,
12786.0,0.0,0.0,426.0,0.0,0.24657621564138762,415.81364110364115,102.52975403540196,0.0,102.52975403540196,
12787.0,1.0,221.0,230.0,143.1,0.9500863187354196,285.58661732892995,271.33193793814405,275.56,4.228062061855951,0.015343526135346026
12788.0,3.0,65.0,345.0,79.60000000000001,0.5353045123390707,169.45155222313835,90.70818052790564,0.0,90.70818052790564,
12789.0,1.0,181.0,510.0,74.25,0.43418926256127427,252.70916187564217,109.72360463726275,76.85,32.87360463726276,0.427763235358006
12790.0,1.0,218.0,227.0,294.92,0.9595576056208958,358.08415236042083,343.60237184975347,0.0,343.60237184975347,
12791.0,4.0,251.0,441.0,175.6875,1.3359471227124053,227.2627702533519,303.6110440196159,0.0,303.6110440196159,
12792.0,1.0,278.0,351.0,344.53999999999996,0.6693733944433938,381.7788413886291,255.55259898697273,0.0,255.55259898697273,
12793.0,2.0,67.0,218.0,282.64,1.2957765833784989,329.73244633813135,427.2595827450581,0.0,427.2595827450581,
12796.0,0.0,0.0,445.0,0.0,0.23752199014052341,415.81364110364115,98.7648835625142,0.0,98.7648835625142,
12797.0,1.0,59.0,241.0,452.06,0.7940197845769854,433.1221095126305,343.9075240907483,0.0,343.9075240907483,
12798.0,0.0,0.0,238.0,0.0,0.39600787846254837,415.81364110364115,164.6654778492404,6977.04,6812.37452215076,0.9763989488595106
12799.0,0.0,0.0,346.0,0.0,0.2937279808988106,415.81364110364115,122.13610123155517,0.0,122.13610123155517,
12800.0,1.0,206.0,493.0,152.92,0.46157778293852986,290.27589274724926,133.9849030147778,0.0,133.9849030147778,
12801.0,0.0,0.0,317.0,0.0,0.31561086433740115,415.81364110364115,131.2353026720021,0.0,131.2353026720021,
12802.0,4.0,377.0,380.0,368.0425,1.8026508439404252,378.3029801851536,681.9481864959452,0.0,681.9481864959452,
12803.0,0.0,0.0,210.0,0.0,0.4353307409106088,415.81364110364115,181.01646046238608,0.0,181.01646046238608,
12804.0,1.0,35.0,317.0,147.09,0.5384859681855511,287.49193391946903,154.81037238216175,0.0,154.81037238216175,
12805.0,3.0,293.0,491.0,331.48333333333335,1.020270718013962,354.0202209734199,361.1964650440126,0.0,361.1964650440126,
12806.0,1.0,16.0,405.0,1489.46,0.3362078948748999,928.5044230528007,312.1705174566156,0.0,312.1705174566156,
12807.0,0.0,0.0,200.0,0.0,0.4513406242773273,415.81364110364115,187.67358835874592,0.0,187.67358835874592,
12808.0,3.0,278.0,279.0,152.71666666666667,1.8168899795807354,223.02812535934459,405.2175661300693,202.3,202.9175661300693,1.0030527243206588
12809.0,1.0,82.0,464.0,464.95,0.4023132889913817,439.2773804028684,176.7271276893963,405.31,228.5828723106037,0.5639704727507432
12810.0,1.0,142.0,493.0,375.33,0.4284567244046656,396.4817731737668,169.87528182018573,0.0,169.87528182018573,
12811.0,3.0,166.0,244.0,222.3166666666667,1.914214196143029,274.027844852574,524.5479907552766,0.0,524.5479907552766,
12813.0,2.0,192.0,510.0,697.8,0.6306253537838407,598.0848659512341,377.1674801832579,0.0,377.1674801832579,
12815.0,0.0,0.0,15.0,0.0,1.4218934781312962,415.81364110364115,591.2427044032949,368.1,223.14270440329483,0.6062013159557045
12817.0,2.0,153.0,251.0,207.69,1.3517613353230882,281.2860308597566,380.23158068271596,0.0,380.23158068271596,
12818.0,0.0,0.0,78.0,0.0,0.8196220192999285,415.81364110364115,340.81001617382213,0.0,340.81001617382213,
12819.0,0.0,0.0,275.0,0.0,0.35379177565347336,415.81364110364115,147.1114464269933,0.0,147.1114464269933,
12820.0,7.0,408.0,551.0,252.76285714285717,1.9564458051216727,274.80354436622514,537.6382416078686,771.88,234.24175839213137,0.3034691381978175
12821.0,1.0,397.0,428.0,92.72,0.5733537842333636,261.5290108549047,149.94864806046803,0.0,149.94864806046803,
12823.0,12.0,425.0,496.0,443.3333333333333,3.755199246476464,441.0338008533892,1656.169796635298,765.0,891.1697966352981,1.1649278387389517
12825.0,1.0,120.0,458.0,303.8,0.44934982119093975,362.32455620101916,162.81047454201456,0.0,162.81047454201456,
12826.0,7.0,405.0,538.0,245.70428571428573,2.0222474534853463,268.6991282095373,543.3761277754694,777.62,234.2438722245306,0.30123179988237264
12829.0,2.0,214.0,367.0,146.5,0.979571299072483,241.73384722904615,236.79553875994586,0.0,236.79553875994586,
12831.0,1.0,201.0,280.0,215.05,0.7980803519649023,319.9443939427869,255.34133452705674,0.0,255.34133452705674,
12834.0,0.0,0.0,99.0,0.0,0.7185291502011065,415.81364110364115,298.7742221842272,0.0,298.7742221842272,
12835.0,36.0,309.0,553.0,159.95055555555555,2.7475210731316532e-05,167.4975718089697,0.0046020310824352656,0.0,0.0046020310824352656,
12836.0,11.0,519.0,555.0,473.6627272727273,3.2480723702925727,468.4292003049354,1521.4919429487059,951.46,570.0319429487058,0.59911288225328
12837.0,0.0,0.0,386.0,0.0,0.26809298565260653,415.81364110364115,111.47672051855653,134.1,22.62327948144346,0.16870454497720702
12838.0,8.0,219.0,409.0,359.76125,1.4262138291275195,366.5050620983907,522.714588009965,292.34000000000003,230.374588009965,0.7880364917902613
12839.0,15.0,534.0,549.0,368.68,4.443695810689747,371.88432215339697,1652.5408044142466,4195.53,2542.989195585753,0.6061187014717456
12840.0,4.0,460.0,491.0,685.7925,1.439969853027672,627.8053414745922,904.020765293156,1148.8,244.7792347068439,0.21307384636737806
12841.0,26.0,297.0,336.0,197.4803846153846,10.715952893619335,206.29731639112867,2210.672324527419,2061.09,149.58232452741868,0.07257437789102789
12842.0,2.0,429.0,554.0,356.265,0.7202888118813884,377.3224041712913,271.78110619676846,808.26,536.4788938032316,0.6637454455289531
12843.0,21.0,540.0,543.0,274.25380952380954,6.235738641905254,281.26409806075435,1753.8894048580744,630.75,1123.1394048580744,1.7806411492002765
12844.0,1.0,151.0,410.0,199.61,0.532427940433981,312.5714395172421,166.42176778064984,325.96000000000004,159.5382322193502,0.4894411345543937
12845.0,3.0,23.0,107.0,96.33333333333331,2.73624117290772,181.7129790361657,497.210534890474,0.0,497.210534890474,
12847.0,0.0,0.0,204.0,0.0,0.44479715056484703,415.81364110364115,184.95272272889355,871.54,686.5872772711064,0.7877863061604818
12848.0,0.0,0.0,492.0,0.0,0.2177451072069652,415.81364110364115,90.54138586023089,0.0,90.54138586023089,
12849.0,4.0,323.0,408.0,563.56,1.6399960593008682,531.8264354909217,872.1932584371389,346.39,525.8032584371389,1.5179516107195326
12850.0,0.0,0.0,262.0,0.0,0.36755742840151334,415.81364110364115,152.83539261832414,0.0,152.83539261832414,
12851.0,0.0,0.0,294.0,0.0,0.33543328747586587,415.81364110364115,139.47773661270418,135.18,4.2977366127041705,0.031792695759018864
12852.0,0.0,0.0,111.0,0.0,0.6712555989097831,415.81364110364115,279.11723469388227,0.0,279.11723469388227,
12853.0,5.0,433.0,489.0,484.48,1.7413912316609883,472.15166175380546,822.2007637922416,1072.1,249.89923620775835,0.233093215378937
12854.0,5.0,487.0,545.0,390.91,1.5865241584706054,395.38119253186153,627.281813756716,514.13,113.15181375671602,0.22008405219830787
12855.0,2.0,30.0,219.0,133.81,0.9909528434635121,233.53124532883834,231.4184515961874,0.0,231.4184515961874,
12857.0,5.0,473.0,500.0,696.6800000000001,1.7259926043410119,646.2533350347342,1115.4284768006653,0.0,1115.4284768006653,
12858.0,0.0,0.0,200.0,0.0,0.4513406242773273,415.81364110364115,187.67358835874592,0.0,187.67358835874592,
12859.0,0.0,0.0,275.0,0.0,0.35379177565347336,415.81364110364115,147.1114464269933,0.0,147.1114464269933,
12860.0,0.0,0.0,510.0,0.0,0.21101664922092522,415.81364110364115,87.74360124604274,0.0,87.74360124604274,
12861.0,0.0,0.0,436.0,0.0,0.2417264221199805,415.81364110364115,100.51314373266483,0.0,100.51314373266483,
12862.0,1.0,70.0,312.0,497.64,0.6225486476799823,454.88760580254853,283.1896638387615,0.0,283.1896638387615,
12863.0,4.0,210.0,406.0,409.75,1.3440161835587263,411.05237352419135,552.4610423067397,521.2,31.261042306739682,0.059978976029815195
12864.0,0.0,0.0,325.0,0.0,0.30925476421899684,415.81364110364115,128.59234953854912,147.12,18.52765046145089,0.12593563391415777
12865.0,1.0,98.0,293.0,712.09,0.7028041853481962,557.2924035070882,391.6674336475374,1568.23,1176.5625663524627,0.7502487303217402
12866.0,2.0,219.0,319.0,389.76,1.134794993734671,398.973007059192,452.75257104603867,0.0,452.75257104603867,
12867.0,9.0,509.0,540.0,591.0411111111111,2.7601645090863993,572.0475752704265,1578.9454147703618,2298.2799999999997,719.3345852296379,0.312988228253145
12868.0,7.0,207.0,209.0,278.0014285714286,4.762139905777978,296.63044585179546,1412.595683459549,0.0,1412.595683459549,
12869.0,0.0,0.0,498.0,0.0,0.21545508676595726,415.81364110364115,89.58916412245361,0.0,89.58916412245361,
12870.0,2.0,249.0,441.0,733.825,0.8292242262864779,621.3708181541487,515.2557359208696,0.0,515.2557359208696,
12871.0,1.0,232.0,256.0,132.0,0.8717201098747646,280.286112528182,244.33104080943744,248.64,4.308959190562547,0.017330112574656317
12872.0,11.0,410.0,553.0,298.02454545454543,2.6708547250267287,308.6807623356478,824.4414726090175,0.0,824.4414726090175,
12873.0,2.0,399.0,498.0,767.45,0.7947597907575457,643.1054508487498,511.1143535515895,0.0,511.1143535515895,
12874.0,1.0,169.0,371.0,414.16,0.6008424048735853,415.023989517284,249.3640119417946,0.0,249.3640119417946,
12875.0,3.0,335.0,514.0,334.08,1.009780306045678,355.92294039321035,359.4039756789336,49.470000000000006,309.93397567893356,6.265089461874541
12876.0,2.0,394.0,407.0,784.8299999999999,0.9645251501454422,654.3395896214536,631.1269909257395,1386.59,755.4630090742604,0.5448351777196291
12877.0,14.0,490.0,507.0,128.7107142857143,4.452974916169337,149.52215769262963,665.818417616796,853.73,187.91158238320406,0.2201065704417135
12878.0,1.0,30.0,83.0,539.81,1.7658526097504084,475.0247488158403,838.8236923924838,0.0,838.8236923924838,
12880.0,1.0,193.0,391.0,302.95,0.5807205540909295,361.91866168925014,210.173605752029,0.0,210.173605752029,
12881.0,0.0,0.0,92.0,0.0,0.7493254911821967,415.81364110364115,311.5797608602436,0.0,311.5797608602436,
12886.0,0.0,0.0,36.0,0.0,1.1415710221851973,415.81364110364115,474.6808033132324,603.4,128.7191966867676,0.21332316321970102
12887.0,0.0,0.0,200.0,0.0,0.4513406242773273,415.81364110364115,187.67358835874592,0.0,187.67358835874592,
12888.0,1.0,41.0,72.0,81.36,1.946954323529827,256.10435008585097,498.623471674444,0.0,498.623471674444,
12889.0,3.0,121.0,319.0,95.35,1.188503072503832,180.99243702225277,215.1100675009037,0.0,215.1100675009037,
12890.0,0.0,0.0,204.0,0.0,0.44479715056484703,415.81364110364115,184.95272272889355,380.47,195.51727727110648,0.513883557891835
12891.0,10.0,474.0,476.0,81.95,3.429346447733325,114.87671753232408,393.95206319674014,0.0,393.95206319674014,
12892.0,0.0,0.0,213.0,0.0,0.4307473109530466,415.81364110364115,179.11060776298865,0.0,179.11060776298865,
12894.0,0.0,0.0,392.0,0.0,0.2646289802825371,415.81364110364115,110.03633983282542,0.0,110.03633983282542,
12897.0,3.0,339.0,360.0,136.70000000000002,1.4703250444927312,211.29183933611822,310.667683072829,0.0,310.667683072829,
12898.0,1.0,196.0,476.0,152.64,0.47513566060868895,290.142186319843,137.85689936752794,0.0,137.85689936752794,
12899.0,0.0,0.0,230.0,0.0,0.4064976854764754,415.81364110364115,169.02728269817595,0.0,169.02728269817595,
12900.0,0.0,0.0,239.0,0.0,0.39473465476981506,415.81364110364115,164.13605406962557,0.0,164.13605406962557,
12901.0,8.0,86.0,87.0,964.0,9.45719105722003,898.0462426935103,8492.994895371114,9592.74,1099.745104628886,0.11464348086457948
12902.0,0.0,0.0,81.0,0.0,0.8034651011198121,415.81364110364115,334.0917491963343,0.0,334.0917491963343,
12903.0,0.0,0.0,245.0,0.0,0.3872642413601149,415.81364110364115,161.0297542691887,0.0,161.0297542691887,
12905.0,1.0,106.0,499.0,424.76,0.3928265267823963,420.0857328405208,165.02081938257945,0.0,165.02081938257945,
12907.0,1.0,99.0,311.0,180.48,0.6625436036252996,303.4364253876648,201.0398627475228,0.0,201.0398627475228,
12908.0,3.0,318.0,447.0,342.0,1.1694633513003194,361.7263567493365,423.0257174177341,432.0,8.974282582265914,0.02077380227376369
12909.0,4.0,452.0,470.0,542.1949999999999,1.5001570560437614,515.0502971779433,772.6563375289278,650.3,122.35633752892784,0.18815367911568176
12910.0,5.0,424.0,438.0,569.2040000000001,1.9400732226308655,541.664339261126,1050.868480254551,1932.54,881.6715197454489,0.45622420221338184
12911.0,0.0,0.0,368.0,0.0,0.27905186867243065,415.81364110364115,116.03357356945847,0.0,116.03357356945847,
12913.0,10.0,456.0,555.0,454.566,2.814784041760916,450.7441163984384,1268.7473457559493,1617.2400000000002,348.492654244051,0.21548604674881336
12914.0,0.0,0.0,217.0,0.0,0.42478438188081136,415.81364110364115,176.63114051381973,0.0,176.63114051381973,
12915.0,2.0,217.0,406.0,402.225,0.8796172295527986,407.0301727554955,358.030752903586,164.0,194.030752903586,1.1831143469730854
12916.0,5.0,483.0,501.0,716.2639999999999,1.7272146357998217,662.3212293303689,1143.9709209003431,693.37,450.6009209003431,0.6498708062078589
12917.0,3.0,330.0,547.0,737.4333333333334,0.929431689987038,651.4819469544036,605.5079669538771,594.0,11.507966953877144,0.019373681740533912
12920.0,1.0,154.0,542.0,184.96,0.3906407108955284,305.57572822616487,119.37031970668782,164.23,44.85968029331217,0.27315155753097586
12921.0,36.0,554.0,555.0,698.4519444444445,10.375789317559674,690.1151581331985,7160.489485644446,10515.77,3355.2805143555543,0.31907131045615816
12923.0,1.0,185.0,392.0,186.7,0.5758529139205694,306.40661816790373,176.44514391653462,175.72,0.7251439165346198,0.004126701095689847
12924.0,9.0,532.0,547.0,219.27444444444444,2.7434816763611845,240.5780350041134,660.0214307687647,278.43,381.5914307687647,1.370511190492277
12925.0,0.0,0.0,409.0,0.0,0.255283600861516,415.81364110364115,106.1504035882756,694.05,587.8995964117244,0.8470565469515516
12926.0,3.0,314.0,542.0,385.8066666666667,0.9218496002750766,393.82589284033367,363.0482418928367,0.0,363.0482418928367,
12927.0,0.0,0.0,211.0,0.0,0.4337921118973573,415.81364110364115,180.37667753007827,0.0,180.37667753007827,
12928.0,7.0,308.0,366.0,362.49142857142857,2.9737465394102967,369.6993559418552,1099.3921803543074,1282.66,183.26781964569273,0.14288105939663878
12929.0,0.0,0.0,128.0,0.0,0.6140534785564227,415.81364110364115,255.33181275090274,0.0,255.33181275090274,
12931.0,35.0,535.0,555.0,1515.7737142857145,10.003654987777752,1482.4300609707648,14829.718873461867,38135.259999999995,23305.541126538126,0.6111284183335352
12932.0,6.0,128.0,484.0,212.3066666666667,0.10498129441264566,243.69386081204308,25.583296948463392,0.0,25.583296948463392,
12933.0,4.0,446.0,546.0,258.615,1.282273980201257,292.3787641662707,374.9096816538086,496.78,121.87031834619137,0.24532050071700023
12934.0,0.0,0.0,553.0,0.0,0.19651133428484613,415.81364110364115,81.71209342711667,0.0,81.71209342711667,
12935.0,8.0,404.0,424.0,308.84125,3.0530982248062695,321.7113825869335,982.2164510761373,1294.47,312.2535489238627,0.24122115531751426
12937.0,6.0,539.0,553.0,308.585,1.8692004017184716,325.12303849021,607.7201141538305,1076.04,468.3198858461694,0.43522535021576286
12939.0,12.0,423.0,513.0,1701.36,3.540242381791303,1593.9403536579327,5642.935194067232,4353.48,1289.4551940672327,0.2961895297709494
12941.0,0.0,0.0,541.0,0.0,0.20035469978981296,415.81364110364115,83.31021723182906,0.0,83.31021723182906,
12942.0,1.0,168.0,182.0,137.77,1.1264121310544388,283.0414199786609,318.8212890548378,287.38,31.441289054837796,0.10940667080116151
12943.0,1.0,47.0,422.0,180.65,0.39488537042919236,303.5176042900186,119.85466160184502,0.0,119.85466160184502,
12944.0,0.0,0.0,171.0,0.0,0.5052411001715751,415.81364110364115,210.08614149755212,317.56,107.47385850244788,0.3384363852577399
12945.0,1.0,368.0,473.0,462.95,0.5186815380378906,438.32233449282376,227.34970261109657,0.0,227.34970261109657,
12946.0,0.0,0.0,253.0,0.0,0.37773332139207594,415.81364110364115,157.066667734211,0.0,157.066667734211,
12947.0,3.0,190.0,190.0,344.95,2.4293407734132058,363.8879827910754,884.0079135494424,265.1,618.9079135494424,2.334620571668964
12948.0,4.0,523.0,554.0,252.565,1.297005654340324,287.6282077986826,373.05541186266504,1178.69,805.634588137335,0.6834999772097285
12949.0,12.0,530.0,553.0,984.6233333333332,3.557063808629449,937.0938642072963,3333.302669660493,1916.52,1416.782669660493,0.739247526590118
12951.0,12.0,494.0,515.0,217.1858333333333,3.786238401881947,233.78307910104252,885.1584718025719,439.19000000000005,445.9684718025718,1.0154340303799534
12953.0,0.0,0.0,339.0,0.0,0.29872722064784546,415.81364110364115,124.21485331435143,329.85,205.63514668564858,0.6234201809478508
12954.0,0.0,0.0,455.0,0.0,0.2330187912342825,415.81364110364115,96.89239202869624,0.0,96.89239202869624,
12955.0,2.0,64.0,84.0,111.8,2.9033608982877275,219.30435267134632,636.7196823702886,4059.74,3423.020317629711,0.8431624482429197
12956.0,3.0,418.0,541.0,156.29666666666665,1.0073273558325047,225.65138679304806,227.30481479817885,0.0,227.30481479817885,
12957.0,7.0,542.0,545.0,756.6814285714287,2.185250944908216,710.6040034551781,1552.848070005989,2302.25,749.401929994011,0.3255084938620962
12958.0,1.0,183.0,400.0,372.6,0.5633361194208047,395.1781355065558,222.61811733621207,0.0,222.61811733621207,
12959.0,0.0,0.0,301.0,0.0,0.32914143528704115,415.81364110364115,136.86149864478307,0.0,136.86149864478307,
12960.0,3.0,248.0,478.0,302.8,0.9815293326883816,333.00237680487396,326.85160068893293,0.0,326.85160068893293,
12961.0,0.0,0.0,196.0,0.0,0.4580798812899504,415.81364110364115,190.475863355498,0.0,190.475863355498,
12963.0,4.0,154.0,336.0,348.67,1.4512264756954412,363.0913846097652,526.9278304426075,1490.83,963.9021695573924,0.6465540467775618
12964.0,0.0,0.0,254.0,0.0,0.37657488777227377,415.81364110364115,156.5849752327842,0.0,156.5849752327842,
12967.0,2.0,25.0,200.0,1514.65,1.0773320617317843,1126.08292443703,1213.1652386647027,0.0,1213.1652386647027,
12969.0,0.0,0.0,419.0,0.0,0.25008859511934317,415.81364110364115,103.99024933506838,0.0,103.99024933506838,
12970.0,3.0,413.0,552.0,278.63,0.9828858387118309,315.2916983544235,309.8957453759651,428.44,118.54425462403492,0.27668811181037
12971.0,61.0,534.0,541.0,157.06180327868853,17.823317108928624,161.6211832439224,2880.62560047669,6330.57,3449.9443995233096,0.5449658402834673
12972.0,3.0,248.0,478.0,230.56333333333336,0.9815293326883816,280.0706277082373,274.8975363200823,0.0,274.8975363200823,
12973.0,0.0,0.0,230.0,0.0,0.4064976854764754,415.81364110364115,169.02728269817595,0.0,169.02728269817595,
12974.0,1.0,368.0,382.0,144.8,0.6329296272235647,286.3984063524679,181.2700365700905,0.0,181.2700365700905,
12975.0,4.0,297.0,550.0,414.615,1.0430286704858256,414.872449016475,432.72385891885233,0.0,432.72385891885233,
12976.0,6.0,454.0,482.0,463.1266666666667,2.097263451303451,455.8295058540689,955.9945626534511,0.0,955.9945626534511,
12977.0,1.0,10.0,328.0,253.44,0.432869607928978,338.2765001860944,146.42961600714153,39.239999999999995,107.18961600714154,2.731641590396064
12978.0,4.0,344.0,546.0,389.31,1.1683604115156951,395.00255994510053,461.50535348721064,0.0,461.50535348721064,
12979.0,0.0,0.0,546.0,0.0,0.19873516630766946,415.81364110364115,82.63679311772971,0.0,82.63679311772971,
12980.0,18.0,550.0,554.0,754.2033333333334,5.274103113372747,734.8127899200074,3875.4784230632254,1915.92,1959.5584230632253,1.0227767459305321
12982.0,7.0,364.0,423.0,291.8342857142857,2.6483221038155746,308.5934212910198,817.2547786970795,0.0,817.2547786970795,
12983.0,0.0,0.0,415.0,0.0,0.2521409981419443,415.81364110364115,104.84366650890827,0.0,104.84366650890827,
12986.0,6.0,259.0,504.0,404.3283333333334,1.157346678466645,406.09973004248,469.99817369086554,0.0,469.99817369086554,
12987.0,3.0,491.0,505.0,258.49333333333334,1.1061653125812432,300.5364634186668,332.4430109995709,254.4,78.0430109995709,0.3067728419794453
12988.0,0.0,0.0,109.0,0.0,0.6786962309247735,415.81364110364115,282.2111509841477,0.0,282.2111509841477,
12989.0,20.0,529.0,546.0,477.124,5.890651271201717,473.94386913445885,2791.83805519516,3596.17,804.3319448048401,0.22366349332896945
12990.0,5.0,434.0,436.0,138.57999999999998,1.9537095646525868,188.3544478618486,367.98988633255055,145.6,222.38988633255056,1.5274030654708144
12991.0,0.0,0.0,206.0,0.0,0.4415961813981778,415.81364110364115,183.62171608464033,503.76,320.1382839153597,0.635497625685564
12992.0,0.0,0.0,542.0,0.0,0.20002868383366348,415.81364110364115,83.17465535004465,0.0,83.17465535004465,
12993.0,4.0,452.0,476.0,212.65499999999997,1.48162879961149,256.29024009117194,379.72700077842364,239.46,140.26700077842364,0.5857638051383264
12994.0,0.0,0.0,85.0,0.0,0.7828921474116051,415.81364110364115,325.5372344066681,621.8199999999999,296.2827655933318,0.4764767385953039
12996.0,0.0,0.0,192.0,0.0,0.46502385731198637,415.81364110364115,193.36326330895716,0.0,193.36326330895716,
12997.0,5.0,376.0,429.0,297.908,1.9454777697824206,319.0767447539495,620.7567137733485,618.4200000000001,2.3367137733483787,0.0037785223203460083
12998.0,2.0,161.0,470.0,309.94000000000005,0.6520709744560433,347.37870574519786,226.51557116055028,0.0,226.51557116055028,
12999.0,2.0,49.0,62.0,67.8,3.3936918826928166,190.86349501893153,647.7318937481288,0.0,647.7318937481288,
13000.0,2.0,466.0,542.0,229.265,0.7442833525737386,295.23174685636684,219.73607433645802,76.32000000000001,143.416074336458,1.8791414352261266
13001.0,29.0,552.0,553.0,735.4724137931034,8.416500166027134,723.8505000088415,6092.28785350324,1973.47,4118.817853503239,2.0870942317355925
13002.0,2.0,116.0,251.0,116.875,1.2794924313171798,222.58474704830098,284.79549917495007,0.0,284.79549917495007,
13003.0,0.0,0.0,31.0,0.0,1.1977190334114975,415.81364110364115,498.0279123019684,90.0,408.0279123019684,4.533643470021871
13004.0,25.0,541.0,541.0,337.9768,7.421129466449182,341.2405371324571,2532.390205260624,2894.89,362.49979473937583,0.12522057651219073
13005.0,2.0,211.0,274.0,288.95,1.3034133222189603,333.811123878739,435.09386596843217,192.05,243.04386596843216,1.265523905068639
13007.0,0.0,0.0,396.0,0.0,0.2623689883997894,415.81364110364115,109.09660437919541,0.0,109.09660437919541,
13008.0,2.0,400.0,540.0,211.40999999999997,0.731923310980391,283.6905760976426,207.63974575132113,0.0,207.63974575132113,
13009.0,0.0,0.0,489.0,0.0,0.21890848054621115,415.81364110364115,91.02513236438566,0.0,91.02513236438566,
13010.0,1.0,274.0,465.0,153.0,0.5112192602169269,290.314094583651,148.414156663601,0.0,148.414156663601,
13011.0,0.0,0.0,189.0,0.0,0.4703718722446599,415.81364110364115,195.58704087078877,0.0,195.58704087078877,
13012.0,5.0,379.0,409.0,327.298,2.044567906347448,343.1900726414448,701.6754082997473,954.45,252.7745917002527,0.2648379608153939
13013.0,17.0,513.0,542.0,554.7417647058824,5.03722585194066,546.3408769740604,2752.0423894656687,2438.65,313.39238946566866,0.1285106060589542
13014.0,3.0,212.0,249.0,442.6766666666667,1.9537641895773157,435.4976463975169,850.8597061766732,2138.25,1287.3902938233268,0.6020766018114472
13015.0,7.0,406.0,420.0,609.6485714285715,2.72618036199268,583.4465810518637,1590.5806115353616,1583.24,7.3406115353616315,0.004636449013012324
13018.0,12.0,452.0,465.0,445.06,4.145467880314798,442.61618806922127,1834.851190948331,3603.74,1768.8888090516689,0.4908480659125434
13019.0,5.0,354.0,550.0,194.99,1.3767697951850264,234.63661275241031,323.0406012820443,0.0,323.0406012820443,
13020.0,1.0,97.0,476.0,170.95000000000002,0.4071135910358604,298.885631626302,121.68040280040512,0.0,121.68040280040512,
13021.0,10.0,519.0,551.0,280.21500000000003,2.992841497861914,293.588178758332,878.6628846696376,1851.38,972.7171153303625,0.5254011144823658
13022.0,0.0,0.0,246.0,0.0,0.38604661704910276,415.81364110364115,160.52344947093042,0.0,160.52344947093042,
13023.0,0.0,0.0,345.0,0.0,0.29443187923621006,415.81364110364115,122.42879176219607,599.9000000000001,477.47120823780403,0.7959180000630172
13024.0,1.0,112.0,399.0,308.04,0.5184620254299652,364.34925353031383,188.90125194922243,0.0,188.90125194922243,
13025.0,0.0,0.0,548.0,0.0,0.19809466387912433,415.81364110364115,82.37046347078063,0.0,82.37046347078063,
13026.0,5.0,506.0,543.0,133.092,1.6025499051641057,183.85176179697712,294.6316234319994,731.64,437.0083765680006,0.5972997328850262
13027.0,15.0,455.0,505.0,918.88,4.66764655633922,884.679657300063,4129.3719558600005,3072.0,1057.3719558600005,0.34419660021484394
13029.0,2.0,170.0,340.0,357.29999999999995,1.0089422503992462,377.99141070925145,381.3715045525779,865.0,483.6284954474221,0.5591080872224533
13030.0,0.0,0.0,185.0,0.0,0.4776972958779436,415.81364110364115,198.63305194437112,371.74,173.1069480556289,0.4656667242040913
13031.0,4.0,147.0,371.0,610.2574999999999,1.106264060231161,568.494056313309,628.9045429544435,0.0,628.9045429544435,
13032.0,3.0,68.0,277.0,429.9666666666667,0.9796916632696397,426.1843355532792,417.52924055765834,1010.18,592.6507594423416,0.5866783735991028
13033.0,1.0,72.0,246.0,190.55,0.7996815233116649,308.2450815447397,246.4978963630258,0.0,246.4978963630258,
13034.0,1.0,32.0,218.0,331.72,0.8115060042028227,375.65699710524274,304.8479086717069,476.91,172.06209132829315,0.3607852452837918
13035.0,1.0,171.0,248.0,333.0,0.8753304727047299,376.2682264876713,329.3590445552237,588.88,259.5209554447763,0.4407026141909664
13036.0,0.0,0.0,501.0,0.0,0.21432805502578683,415.81364110364115,89.12052895093397,0.0,89.12052895093397,
13037.0,9.0,517.0,553.0,366.4455555555556,2.698747458669783,371.79673994578604,1003.3855070704003,303.75,699.6355070704003,2.3033267722482313
13038.0,1.0,107.0,107.0,196.66,1.603960300173693,311.1627467999262,499.09269276008047,316.70000000000005,182.39269276008042,0.5759163017369131
13039.0,3.0,138.0,539.0,282.6433333333334,0.4170081778705648,318.23248677730896,132.70554945022423,0.0,132.70554945022423,
13041.0,3.0,139.0,406.0,180.99,0.8471199283275994,243.74554014581832,206.48170449849763,0.0,206.48170449849763,
13042.0,2.0,134.0,549.0,444.22,0.4478143050513287,434.17503223534004,194.42979033110706,0.0,194.42979033110706,
13043.0,0.0,0.0,90.0,0.0,0.7586173883989055,415.81364110364115,315.443458474684,0.0,315.443458474684,
13044.0,10.0,409.0,517.0,467.655,2.9098637095617583,462.5422366717454,1345.934868630638,0.0,1345.934868630638,
13045.0,1.0,85.0,303.0,178.2,0.6641055965906704,302.34767305021387,200.79078178881326,305.28000000000003,104.48921821118677,0.34227338250519773
13046.0,1.0,190.0,273.0,197.72,0.8121827380975648,311.66892113224986,253.1321177451047,431.59,178.45788225489528,0.41348938171620125
13047.0,14.0,504.0,540.0,494.5,4.179854679060064,488.79620337480463,2043.0970977829718,1560.91,482.1870977829717,0.30891409356271127
13048.0,6.0,443.0,498.0,465.6033333333333,2.0182185255220717,457.92419240572906,924.1910883979759,895.99,28.201088397975923,0.03147478029662822
13049.0,2.0,83.0,218.0,328.89,1.372988943767778,359.62766602959005,493.76480933163805,502.9,9.135190668361929,0.018165024196384827
13050.0,26.0,539.0,541.0,366.5253846153846,7.707461658484393,368.5157877348732,2840.3213045127077,2377.73,462.59130451270767,0.19455165410400158
13051.0,1.0,41.0,436.0,80.8,0.3648184427460953,255.83693723103846,93.33403303755799,0.0,93.33403303755799,
13052.0,5.0,442.0,471.0,521.342,1.8156255501617684,502.39546891912863,912.1620496550727,0.0,912.1620496550727,
13053.0,0.0,0.0,438.0,0.0,0.2407792822917987,415.81364110364115,100.11931007207428,0.0,100.11931007207428,
13055.0,1.0,216.0,246.0,344.86,0.8971851080682028,381.9316487342362,342.6633875442926,869.55,526.8866124557073,0.6059302081027053
13056.0,0.0,0.0,368.0,0.0,0.27905186867243065,415.81364110364115,116.03357356945847,0.0,116.03357356945847,
13057.0,2.0,101.0,448.0,184.3,0.533977928520946,266.16712948498434,142.12737244275837,0.0,142.12737244275837,
13059.0,8.0,369.0,435.0,209.635,2.9037337562633305,234.44090010395038,680.7539554806001,0.0,680.7539554806001,
13060.0,0.0,0.0,70.0,0.0,0.8660810510693226,415.81364110364115,360.12831533600365,0.0,360.12831533600365,
13062.0,0.0,0.0,8.0,0.0,1.5490327120042413,415.81364110364115,644.1089321671316,0.0,644.1089321671316,
13063.0,0.0,0.0,297.0,0.0,0.33270752953470384,415.81364110364115,138.34432927842244,0.0,138.34432927842244,
13064.0,2.0,264.0,408.0,262.45000000000005,0.913267567254902,316.68197097444374,289.21537322531776,916.19,626.9746267746823,0.6843281707666339
13065.0,4.0,174.0,364.0,268.33500000000004,1.3942180201002439,300.01106299155265,418.2808302522521,0.0,418.2808302522521,
13067.0,1.0,37.0,263.0,141.65,0.6766084378687424,284.89420904414754,192.76182573921162,115.46,77.30182573921162,0.6695117420683494
13068.0,0.0,0.0,136.0,0.0,0.5903872372602638,415.81364110364115,245.49106678630955,179.0,66.49106678630955,0.3714584736665338
13069.0,23.0,354.0,360.0,310.3008695652174,9.64954717172304,315.0923151410987,3040.4981584014536,1752.68,1287.8181584014535,0.7347708414550593
13070.0,3.0,540.0,549.0,199.16666666666663,1.0293596415883508,257.0645760843518,264.6118999032497,0.0,264.6118999032497,
13071.0,0.0,0.0,429.0,0.0,0.24510095221974643,415.81364110364115,101.91631938046234,0.0,101.91631938046234,
13072.0,0.0,0.0,83.0,0.0,0.7930446360746147,415.81364110364115,329.75877768389756,0.0,329.75877768389756,
13073.0,1.0,26.0,254.0,115.2,0.6698145377209355,272.2637268838068,182.36620236085605,0.0,182.36620236085605,
13074.0,3.0,212.0,540.0,355.1466666666667,0.7122637652467129,371.35963709805765,264.5060133801154,0.0,264.5060133801154,
13076.0,0.0,0.0,274.0,0.0,0.3548139118224832,415.81364110364115,147.536464589133,0.0,147.536464589133,
13077.0,8.0,438.0,545.0,336.8,2.3266481935865904,346.3063410912727,805.7330229275913,151.83,653.9030229275912,4.30681039931233
13078.0,39.0,538.0,555.0,531.8292307692308,11.146730589185903,528.6632490088285,5892.866809105113,8160.780000000001,2267.9131908948875,0.2779039737494317
13079.0,0.0,0.0,234.0,0.0,0.4011841154202834,415.81364110364115,166.81782778585148,220.1,53.28217221414852,0.24208165476669022
13080.0,2.0,208.0,426.0,76.175,0.8222032076154875,196.2769537198173,161.37954092943036,58.08,103.29954092943036,1.778573363110027
13081.0,20.0,514.0,548.0,2152.2850000000003,5.814157224579427,2062.215291308692,11990.043934600599,13873.87,1883.826065399402,0.135782306263458
13082.0,12.0,482.0,534.0,457.51,3.6089446295250025,454.0258719517171,1638.5542322455558,1653.4499999999998,14.895767754444023,0.009008901239495616
13083.0,0.0,0.0,242.0,0.0,0.39096371144385983,415.81364110364115,162.56804439486464,303.75,141.18195560513536,0.46479656166299704
13084.0,0.0,0.0,308.0,0.0,0.3230815309651693,415.81364110364115,134.34170776396581,0.0,134.34170776396581,
13085.0,3.0,443.0,555.0,548.0666666666667,0.9909474402231825,512.7226526818768,508.0812002195456,137.98000000000002,370.1012002195456,2.6822814916621653
13086.0,0.0,0.0,199.0,0.0,0.45300674385974105,415.81364110364115,188.36638360882347,0.0,188.36638360882347,
13087.0,0.0,0.0,543.0,0.0,0.19970372765207714,415.81364110364115,83.0395341369801,0.0,83.0395341369801,
13088.0,0.0,0.0,234.0,0.0,0.4011841154202834,415.81364110364115,166.81782778585148,0.0,166.81782778585148,
13089.0,101.0,552.0,554.0,862.1272277227723,28.85443203518272,857.3440969703042,24738.176976794748,29294.91,4556.733023205252,0.15554692003509318
13090.0,14.0,256.0,311.0,564.6285714285715,6.210593095849543,553.8413128837451,3439.6830339920334,5799.22,2359.536966007967,0.40687143547028165
13091.0,0.0,0.0,546.0,0.0,0.19873516630766946,415.81364110364115,82.63679311772971,345.82,263.18320688227027,0.7610410238918232
13092.0,10.0,456.0,484.0,165.415,3.351180949082247,190.11012792361223,637.0934389251983,38.08,599.0134389251982,15.730394929758358
13093.0,42.0,460.0,552.0,1284.5280952380951,2.796018240269707,1262.4718394951728,3529.894291055353,0.0,3529.894291055353,
13094.0,8.0,198.0,206.0,164.595,5.426475190924634,194.81978217001418,1057.1847146469233,834.2400000000001,222.94471464692322,0.26724289730404105
13096.0,0.0,0.0,211.0,0.0,0.4337921118973573,415.81364110364115,180.37667753007827,0.0,180.37667753007827,
13097.0,17.0,505.0,555.0,560.1758823529411,4.8563538381652265,551.4463972781855,2678.018827964302,3006.16,328.14117203569776,0.10915625649855557
13098.0,8.0,132.0,134.0,885.77125,7.318841453401456,829.2294014507393,6068.998517716948,21147.47,15078.471482283054,0.7130153858727807
13101.0,3.0,447.0,498.0,175.61666666666667,1.109612295022556,239.80820547996177,266.09413324786107,0.0,266.09413324786107,
13102.0,24.0,384.0,399.0,348.76458333333335,9.190327809096651,351.6880175165119,3232.1281675080695,2654.93,577.1981675080697,0.21740617172884774
13103.0,1.0,140.0,394.0,342.36,0.5481642147491996,380.7378413466804,208.70685982710842,243.94,35.23314017289158,0.14443363192953834
13104.0,4.0,386.0,470.0,181.92,1.4637344683388767,232.15662852789612,339.8156592296261,884.76,544.9443407703739,0.6159233473149486
13105.0,0.0,0.0,253.0,0.0,0.37773332139207594,415.81364110364115,157.066667734211,0.0,157.066667734211,
13106.0,0.0,0.0,230.0,0.0,0.4064976854764754,415.81364110364115,169.02728269817595,76.5,92.52728269817595,1.209506963374849
13107.0,5.0,340.0,490.0,736.398,1.6037295574775263,678.8403767848375,1088.6763770590246,964.78,123.89637705902464,0.12841930498043558
13108.0,1.0,63.0,252.0,700.12,0.7663138422449163,551.5764537354709,422.680671553854,0.0,422.680671553854,
13109.0,0.0,0.0,368.0,0.0,0.27905186867243065,415.81364110364115,116.03357356945847,786.54,670.5064264305415,0.8524759407411467
13110.0,7.0,481.0,555.0,262.64428571428573,2.0957295264307554,283.34923280091635,593.8233534723823,756.1800000000001,162.35664652761773,0.21470634839273414
13111.0,0.0,0.0,535.0,0.0,0.2023333441191391,415.81364110364115,84.13296453485523,0.0,84.13296453485523,
13112.0,0.0,0.0,358.0,0.0,0.2855366275793172,415.81364110364115,118.73002478221022,0.0,118.73002478221022,
13113.0,27.0,429.0,438.0,544.9037037037037,9.568044551680284,539.8762274538572,5165.559796671584,3389.7999999999997,1775.7597966715844,0.5238538547028098
13114.0,0.0,0.0,547.0,0.0,0.19841439794361443,415.81364110364115,82.50341325632112,0.0,82.50341325632112,
13115.0,6.0,415.0,416.0,553.995,2.396136811102456,532.6830761656887,1276.3815274519002,1416.23,139.84847254809983,0.09874700616997227
13117.0,15.0,406.0,440.0,152.13666666666668,5.3104186021176165,170.0624188628792,903.1026326505516,233.54,669.5626326505517,2.8670147839794113
13118.0,6.0,231.0,256.0,299.32166666666666,3.5074791417993154,317.288403325925,1112.8824566004903,398.11,714.7724566004903,1.795414474895105
13119.0,0.0,0.0,485.0,0.0,0.220479132778765,415.81364110364115,91.67823098811144,0.0,91.67823098811144,
13120.0,0.0,0.0,55.0,0.0,0.9691732286041986,415.81364110364115,402.9954490460834,0.0,402.9954490460834,
13121.0,0.0,0.0,86.0,0.0,0.7779131738024048,415.81364110364115,323.4669092612676,0.0,323.4669092612676,
13122.0,0.0,0.0,57.0,0.0,0.9540237257288542,415.81364110364115,396.69607909457636,18.72,377.97607909457633,20.191029866163266
13123.0,1.0,57.0,346.0,151.31,0.5316555358164782,289.5070807896633,153.91804215989288,0.0,153.91804215989288,
13124.0,2.0,133.0,202.0,1287.06,1.616926773226902,978.9725882299143,1582.926988164184,1292.21,290.71698816418393,0.22497658133289786
13125.0,0.0,0.0,340.0,0.0,0.29800263988533987,415.81364110364115,123.91356274922033,0.0,123.91356274922033,
13126.0,8.0,394.0,464.0,313.8975,2.747443615525284,326.1593017155628,896.1042911426077,1022.22,126.11570885739229,0.12337433121773424
13128.0,0.0,0.0,448.0,0.0,0.2361528483727743,415.81364110364115,98.19557573887937,0.0,98.19557573887937,
13129.0,1.0,77.0,346.0,124.5,0.5647985720725458,276.70469036551447,156.28241400421848,0.0,156.28241400421848,
13131.0,3.0,481.0,485.0,637.9866666666667,1.1478710239377532,578.6119454524397,664.1718862891073,748.4000000000001,84.22811371089279,0.11254424600600317
13132.0,0.0,0.0,78.0,0.0,0.8196220192999285,415.81364110364115,340.81001617382213,0.0,340.81001617382213,
13133.0,2.0,186.0,276.0,54.900000000000006,1.2729807942151101,182.5251526617463,232.351013799584,0.0,232.351013799584,
13134.0,4.0,233.0,233.0,323.385,2.6650164789360056,343.23719985696124,914.7327938026528,907.84,6.892793802652818,0.007592520491113872
13135.0,1.0,295.0,308.0,3096.0,0.7554684759834729,1695.6641512143826,1281.0208120977388,0.0,1281.0208120977388,
13136.0,5.0,519.0,548.0,738.4639999999999,1.5933420262414466,680.5354477414746,1084.3257292335313,2033.15,948.8242707664688,0.4666769646934406
13137.0,9.0,250.0,319.0,453.9533333333333,4.0297923817707515,449.8192348881155,1812.678125926076,2786.5699999999997,973.8918740739236,0.3494948535561367
13138.0,2.0,156.0,213.0,290.03999999999996,1.5745188497966809,334.5156814887647,526.7012460566427,575.54,48.83875394335723,0.08485727133362969
13139.0,2.0,222.0,254.0,585.01,1.4020805692999636,525.1793128917826,736.3437100038742,3894.92,3158.576289996126,0.8109476677303067
13140.0,2.0,125.0,308.0,349.585,1.03632508818482,373.00456487315193,386.5539885855096,264.21000000000004,122.34398858550958,0.4630558592994571
13141.0,13.0,516.0,547.0,486.8776923076923,3.8622889181597873,481.3609291831477,1859.1549824191695,987.72,871.4349824191695,0.8822692487943643
13143.0,0.0,0.0,401.0,0.0,0.25959775002070706,415.81364110364115,107.94428565842304,0.0,107.94428565842304,
13144.0,1.0,99.0,248.0,110.95,0.8269942438206267,270.23425432496185,223.48217280990278,0.0,223.48217280990278,
13145.0,3.0,227.0,416.0,332.6666666666667,1.1411238586790422,354.8873139054169,404.97038103998983,323.52000000000004,81.4503810399898,0.2517630472304333
13148.0,14.0,500.0,549.0,455.15142857142854,4.084928736152806,452.2999211113242,1847.6129451072952,1908.79,61.177054892704746,0.03205017570958814
13149.0,0.0,0.0,106.0,0.0,0.6901728433446446,415.81364110364115,286.9832829819896,1299.32,1012.3367170180104,0.7791280954791817
13150.0,1.0,146.0,447.0,273.45,0.48170880122384846,347.8317345160913,167.55360786135824,0.0,167.55360786135824,
13151.0,2.0,332.0,444.0,779.6850000000001,0.8696821817325059,651.0139484255064,566.1752310049875,0.0,566.1752310049875,
13152.0,6.0,277.0,511.0,277.65166666666664,1.280783897293821,298.9606008059477,382.903923437544,0.0,382.903923437544,
13154.0,2.0,336.0,552.0,643.87,0.6914364642227895,563.225423833172,389.43459561559047,0.0,389.43459561559047,
13155.0,3.0,165.0,308.0,370.64,1.4760457756013294,382.7124482189642,564.9010924636447,402.56,162.34109246364466,0.40327179169228106
13156.0,2.0,291.0,493.0,396.31,0.7593928988564204,403.20681655063106,306.1923932590526,0.0,306.1923932590526,
13157.0,5.0,400.0,458.0,850.176,1.8381297854703738,772.1907075226203,1419.3867395607701,1243.28,176.10673956077017,0.14164688530401048
13158.0,1.0,70.0,205.0,256.40999999999997,0.945685539850973,339.6947433625107,321.24440676131366,944.65,623.4055932386864,0.659932878038095
13161.0,1.0,187.0,317.0,112.75,0.7081804194244542,271.09379564400206,191.98331790253667,0.0,191.98331790253667,
13162.0,14.0,551.0,552.0,585.6028571428571,4.155014574011267,573.2952199485294,2382.0499940971345,382.85,1999.1999940971345,5.221888452650214
13163.0,0.0,0.0,427.0,0.0,0.2460824904882045,415.81364110364115,102.32445638175244,0.0,102.32445638175244,
13164.0,1.0,98.0,484.0,96.4,0.39976636384193065,263.2862953293869,105.25300493324168,0.0,105.25300493324168,
13165.0,1.0,62.0,230.0,354.64,0.836879677239966,386.60182323435464,323.5392090487491,666.84,343.3007909512509,0.5148173339200571
13166.0,1.0,131.0,231.0,417.2,0.9088682532971943,416.4756593005519,378.52150500929,0.0,378.52150500929,
13167.0,0.0,0.0,207.0,0.0,0.4400129431893274,415.81364110364115,182.9633840402838,779.3299999999999,596.3666159597161,0.7652298974243468
13168.0,3.0,343.0,359.0,324.21999999999997,1.4759022884265156,348.6979801316695,514.6441468460347,346.53000000000003,168.11414684603466,0.4851359098664896
13169.0,1.0,310.0,379.0,505.2,0.6294713326984845,458.49767934251736,288.6111452548968,207.68,80.93114525489682,0.3896915699869839
13171.0,0.0,0.0,116.0,0.0,0.6533510314368189,415.81364110364115,271.67227130056324,328.06,56.387728699436764,0.17188236511442043
13172.0,0.0,0.0,217.0,0.0,0.42478438188081136,415.81364110364115,176.63114051381973,0.0,176.63114051381973,
13173.0,8.0,362.0,546.0,267.3675,1.8816926796228035,285.22744964038407,536.7104040157926,187.71,349.0004040157926,1.8592531245846922
13174.0,8.0,419.0,552.0,1016.59875,2.212734240474996,944.3166973322232,2089.521890039274,708.76,1380.7618900392738,1.9481374372697018
13175.0,1.0,153.0,552.0,512.3,0.38160073293423935,461.88809232317595,176.25683456412156,0.0,176.25683456412156,
13177.0,0.0,0.0,247.0,0.0,0.38483663688187575,415.81364110364115,160.02032321193255,282.45,122.42967678806744,0.43345610475506263
13178.0,14.0,520.0,540.0,745.2950000000001,4.211701524811011,721.4116396654199,3038.3705027952606,3006.27,32.10050279526058,0.01067785089005997
13179.0,0.0,0.0,435.0,0.0,0.24220279373679504,415.81364110364115,100.7112255491709,0.0,100.7112255491709,
13180.0,0.0,0.0,424.0,0.0,0.2475696376127122,415.81364110364115,102.94283244245081,0.0,102.94283244245081,
13181.0,0.0,0.0,198.0,0.0,0.45468523386735527,415.81364110364115,189.0643226504456,0.0,189.0643226504456,
13183.0,8.0,427.0,452.0,514.005,2.8870574861040357,502.1913367281103,1449.8552581574834,2430.7000000000003,980.8447418425169,0.4035235701001838
13184.0,4.0,106.0,107.0,176.6125,4.515828204564909,227.98909498723935,1029.5595854766036,781.3199999999999,248.23958547660368,0.31771820185916616
13185.0,0.0,0.0,84.0,0.0,0.7879355471660167,415.81364110364115,327.63434882209117,0.0,327.63434882209117,
13187.0,1.0,287.0,441.0,236.02,0.5414635419981376,329.95805030960526,178.66025463143856,0.0,178.66025463143856,
13190.0,2.0,188.0,549.0,211.78,0.5591470344548255,283.92973785517427,158.7584709152567,0.0,158.7584709152567,
13191.0,0.0,0.0,475.0,0.0,0.2245062312124266,415.81364110364115,93.35275345089504,0.0,93.35275345089504,
13192.0,3.0,481.0,503.0,462.0133333333333,1.1081013471662051,449.6666776609376,498.2762512918366,447.62,50.65625129183661,0.11316798018818777
13194.0,0.0,0.0,238.0,0.0,0.39600787846254837,415.81364110364115,164.6654778492404,60.7,103.9654778492404,1.7127755823598088
13195.0,0.0,0.0,231.0,0.0,0.40515611966293186,415.81364110364115,168.46944133246623,0.0,168.46944133246623,
13196.0,3.0,355.0,434.0,527.74,1.2330545773400217,497.82819437394033,613.8493338017053,1285.65,671.8006661982948,0.522537756153148
13197.0,0.0,0.0,426.0,0.0,0.24657621564138762,415.81364110364115,102.52975403540196,0.0,102.52975403540196,
13198.0,4.0,185.0,251.0,709.725,2.404195149857976,646.5975216840635,1554.546625543013,1313.49,241.05662554301307,0.18352376153835437
13199.0,36.0,537.0,551.0,283.40805555555556,10.389529390029105,287.3135314237672,2985.0523788802802,6076.96,3091.90762111972,0.5087918336009649
13201.0,3.0,140.0,459.0,307.9533333333333,0.6498383409466331,336.7785054608382,218.85158525515766,0.0,218.85158525515766,
13202.0,6.0,336.0,547.0,210.01666666666668,1.4713733834426779,241.757051039512,355.71489015913096,0.0,355.71489015913096,
13203.0,6.0,480.0,539.0,267.43333333333334,1.883713679514745,290.3182567627251,546.8764716768195,703.75,156.8735283231805,0.22291087505958151
13204.0,0.0,0.0,548.0,0.0,0.19809466387912433,415.81364110364115,82.37046347078063,0.0,82.37046347078063,
13205.0,0.0,0.0,260.0,0.0,0.36977100560824494,415.81364110364115,153.75582821651926,0.0,153.75582821651926,
13206.0,11.0,332.0,549.0,664.5909090909091,1.1736846181230678,642.0843730813442,753.6045522227669,0.0,753.6045522227669,
13207.0,1.0,161.0,429.0,71.4,0.5130553467991281,251.3482214538285,128.955548925338,250.26000000000005,121.30445107466204,0.4847137020485176
13208.0,5.0,530.0,553.0,280.738,1.5831573935057985,304.9894415954502,482.8462894030419,499.21,16.36371059695807,0.03277921234942824
13209.0,7.0,457.0,501.0,674.72,2.3207787328759277,639.7218605372166,1484.6528888905925,3529.17,2044.5171111094076,0.5793195315355757
13211.0,6.0,372.0,550.0,234.46,1.6248875685709543,262.4304514208369,426.41997812818164,1086.72,660.3000218718184,0.6076082356741557
13213.0,6.0,369.0,385.0,408.445,2.5453061474121834,409.5814768679179,1042.5102509380724,1105.3000000000002,62.78974906192775,0.056807879364812935
13214.0,6.0,229.0,463.0,269.43333333333334,1.1635824087835884,292.00979368196624,339.77745912086095,0.0,339.77745912086095,
13215.0,0.0,0.0,219.0,0.0,0.42186450663291003,415.81364110364115,175.4170165554215,0.0,175.4170165554215,
13216.0,0.0,0.0,84.0,0.0,0.7879355471660167,415.81364110364115,327.63434882209117,0.0,327.63434882209117,
13217.0,0.0,0.0,472.0,0.0,0.22574322303908761,415.81364110364115,93.8671115263544,533.98,440.1128884736456,0.8242123084640728
13219.0,0.0,0.0,435.0,0.0,0.24220279373679504,415.81364110364115,100.7112255491709,0.0,100.7112255491709,
13220.0,3.0,390.0,392.0,242.16333333333333,1.3768414274053546,288.57058095710886,397.31593059217823,92.8,304.5159305921782,3.2814216658639896
13221.0,1.0,119.0,176.0,346.7,1.1300545277676934,382.81029097147734,432.59650258838616,0.0,432.59650258838616,
13222.0,0.0,0.0,394.0,0.0,0.26349413461126553,415.81364110364115,109.56445552216329,0.0,109.56445552216329,
13223.0,5.0,465.0,482.0,150.50400000000002,1.7862222487956134,198.1376163453632,353.91781863941713,0.0,353.91781863941713,
13225.0,11.0,526.0,539.0,1101.1645454545455,3.359770414464323,1039.1617952324036,3491.345055463463,2721.9600000000005,769.3850554634623,0.2826584723741209
13226.0,1.0,120.0,210.0,108.21,0.978483517579489,268.92584142820067,263.1395032886897,0.0,263.1395032886897,
13227.0,0.0,0.0,18.0,0.0,1.373629231958884,415.81364110364115,571.1737724672217,0.0,571.1737724672217,
13229.0,0.0,0.0,42.0,0.0,1.0808140353092883,415.81364110364115,449.4172193778745,0.0,449.4172193778745,
13230.0,24.0,430.0,448.0,211.26208333333332,8.324996787436127,220.180821882303,1833.0046348252185,1007.49,825.5146348252185,0.8193774973699178
13232.0,2.0,47.0,60.0,286.935,3.444213974343127,332.50866187488407,1145.2309798196095,665.7,479.53097981960946,0.7203409641273989
13233.0,2.0,358.0,511.0,292.475,0.7614964922891888,336.08962440657456,255.93107008039746,300.88,44.948929919602534,0.14939155118187494
13234.0,1.0,60.0,549.0,118.1,0.29080873563300785,273.64854345337153,79.57938692948917,0.0,79.57938692948917,
13235.0,0.0,0.0,29.0,0.0,1.2217682172631852,415.81364110364115,508.02789100490946,0.0,508.02789100490946,
13237.0,0.0,0.0,204.0,0.0,0.44479715056484703,415.81364110364115,184.95272272889355,0.0,184.95272272889355,
13238.0,2.0,230.0,407.0,140.025,0.889720857511218,237.54851647224194,211.35186977620077,609.58,398.22813022379927,0.6532828016401444
13239.0,4.0,241.0,319.0,328.74,1.9935660869435812,347.44203115422306,692.6486504878544,0.0,692.6486504878544,
13240.0,4.0,395.0,469.0,335.395,1.4737113242000743,352.66764315856994,519.7302994017354,221.24,298.49029940173534,1.3491696772813928
13241.0,0.0,0.0,228.0,0.0,0.40920769222991166,415.81364110364115,170.15414047373773,0.0,170.15414047373773,
13242.0,4.0,455.0,485.0,104.0,1.455650517906032,170.9726033770761,248.8763586535834,166.4,82.47635865358339,0.4956511938316309
13243.0,2.0,428.0,448.0,492.69000000000005,0.8877810245041104,465.50522247198876,413.26670331819605,0.0,413.26670331819605,
13245.0,0.0,0.0,249.0,0.0,0.38243932247498824,415.81364110364115,159.02348717953447,430.5,271.47651282046553,0.6306074629975971
13246.0,8.0,319.0,342.0,361.435,3.64015914720637,367.9774387889307,1339.4964397730982,338.78,1000.7164397730983,2.9538828731716698
13248.0,0.0,0.0,6.0,0.0,1.5896904369640144,415.81364110364115,661.0149688216452,78.21000000000001,582.8049688216452,7.451796046818119
13249.0,6.0,423.0,501.0,185.49333333333337,1.982809001509327,221.01598918141744,438.2324928264025,419.5700000000001,18.6624928264024,0.044480045824063674
13250.0,1.0,42.0,319.0,120.0,0.5523071594741694,274.555837067914,151.63915448803246,0.0,151.63915448803246,
13251.0,0.0,0.0,219.0,0.0,0.42186450663291003,415.81364110364115,175.4170165554215,0.0,175.4170165554215,
13252.0,1.0,231.0,442.0,52.4,0.526188792072692,242.27528530840414,127.482539725496,0.0,127.482539725496,
13253.0,2.0,364.0,520.0,711.4000000000001,0.7497542355368548,606.8756764983442,455.0076088989277,553.92,98.91239110107227,0.1785680081980652
13254.0,0.0,0.0,193.0,0.0,0.46326816183060787,415.81364110364115,192.63322117817592,0.0,192.63322117817592,
13255.0,1.0,139.0,329.0,451.4,0.6587955237326807,432.8069443623158,285.13127758631305,173.81,111.32127758631304,0.6404768286422705
13257.0,0.0,0.0,253.0,0.0,0.37773332139207594,415.81364110364115,157.066667734211,0.0,157.066667734211,
13258.0,2.0,195.0,217.0,212.51,1.5849746892166463,284.40159753895296,450.7693336720197,473.96,23.190666327980296,0.04892958546708646
13259.0,5.0,301.0,515.0,197.052,1.3440905952674385,236.32840186789224,317.6467823452177,292.32,25.32678234521768,0.08664060736596087
13261.0,1.0,17.0,102.0,99.0,1.49846620715336,264.52785501244495,396.3860515869123,0.0,396.3860515869123,
13262.0,2.0,337.0,417.0,170.51999999999998,0.9273745123608669,257.2599699747508,238.57633920530577,0.0,238.57633920530577,
13263.0,17.0,222.0,230.0,253.32294117647055,10.222663442778542,263.14864163336006,2690.0799988421813,3982.13,1292.0500011578188,0.32446203442826294
13264.0,0.0,0.0,259.0,0.0,0.37088783672585224,415.81364110364115,154.22022183002937,0.0,154.22022183002937,
13265.0,2.0,90.0,90.0,579.11,2.8414690600387233,521.3656524338452,1481.4443703576737,642.0,839.4443703576737,1.3075457482206756
13266.0,12.0,537.0,539.0,319.305,3.6600783053716066,327.36921645128893,1198.1969669798643,2007.83,809.6330330201356,0.4032378403650387
13267.0,19.0,533.0,549.0,375.8084210526316,5.580562589820607,377.9867336214786,2109.3786250965104,2311.35,201.9713749034895,0.0873824279765027
13268.0,4.0,69.0,84.0,296.0525,5.101455847008841,321.7752854904984,1641.5224115884425,1354.87,286.65241158844265,0.211571893678687
13269.0,12.0,519.0,554.0,449.2383333333333,3.533767437249763,446.4453818434404,1577.6341528688863,3298.0,1720.3658471311137,0.5216391289057349
13270.0,0.0,0.0,183.0,0.0,0.4814464252610739,415.81364110364115,200.19199108413918,0.0,200.19199108413918,
13274.0,0.0,0.0,226.0,0.0,0.41195413557072036,415.81364110364115,171.29614907936426,0.0,171.29614907936426,
13275.0,1.0,249.0,449.0,61.5,0.5230967825319055,246.6207441991074,129.00651779617718,0.0,129.00651779617718,
13276.0,2.0,245.0,459.0,475.75,0.7890105434791106,454.555492275809,358.64907600195073,590.9300000000001,232.28092399804933,0.3930768855838243
13277.0,2.0,159.0,356.0,129.0,0.9389020259162927,230.42214248092665,216.3438163913147,258.4,42.056183608685274,0.1627561285165839
13278.0,2.0,211.0,427.0,297.71500000000003,0.8233999405995943,339.47667199972574,279.52507155952213,542.73,263.2049284404779,0.4849647678228177
13280.0,4.0,328.0,461.0,432.1575,1.4324956117698038,428.64709944265906,614.0350889494638,115.5,498.5350889494638,4.3163211164455735
13281.0,0.0,0.0,256.0,0.0,0.3742792366958884,415.81364110364115,155.63041220000892,0.0,155.63041220000892,
13282.0,1.0,186.0,223.0,344.70000000000005,0.9637063343847486,381.8552450614327,367.9963184837432,787.44,419.44368151625685,0.5326674813525561
13283.0,2.0,455.0,457.0,88.7,0.87583023270139,204.37290240382856,178.99596667020364,68.16,110.83596667020365,1.6261145344806873
13284.0,0.0,0.0,147.0,0.0,0.5606822547952832,415.81364110364115,233.13932986862616,0.0,233.13932986862616,
13285.0,3.0,398.0,441.0,496.1466666666667,1.2332397582540582,474.67803434727233,585.3918243269417,1535.85,950.4581756730582,0.6188483091923419
13286.0,0.0,0.0,417.0,0.0,0.25111059992468127,415.81364110364115,104.41521287440143,0.0,104.41521287440143,
13287.0,2.0,101.0,521.0,258.605,0.39696059707689296,314.1966278454998,124.72368098909593,0.0,124.72368098909593,
13288.0,4.0,223.0,483.0,140.4625,1.0102681787330214,199.60353917099008,201.65310398694143,0.0,201.65310398694143,
13289.0,0.0,0.0,540.0,0.0,0.20068178071568532,415.81364110364115,83.44622194255159,0.0,83.44622194255159,
13291.0,9.0,252.0,483.0,308.9288888888889,0.8454549583302968,320.5145116906508,270.98058312567457,361.11,90.12941687432544,0.2495899223902009
13292.0,3.0,242.0,343.0,151.56333333333333,1.4629700285960519,222.18301506506026,325.0470919032882,329.37,4.322908096711785,0.01312477789935873
13293.0,5.0,276.0,485.0,191.26799999999997,1.3837855328234683,231.58285955753934,320.46101070561195,0.0,320.46101070561195,
13294.0,2.0,457.0,463.0,436.87,0.865434386636804,429.4241162411298,371.6383966461938,0.0,371.6383966461938,
13295.0,3.0,217.0,393.0,265.1566666666667,1.206633003410169,305.4190515061652,368.52870741756925,0.0,368.52870741756925,
13296.0,4.0,154.0,394.0,145.94,1.0131436048391336,203.90455941949642,206.58460037340393,87.4,119.18460037340392,1.3636681964920356
13297.0,2.0,157.0,359.0,811.1,0.9258255666646709,671.3200744062021,621.5252883004912,2089.85,1468.3247116995087,0.7025981346505772
13299.0,2.0,260.0,345.0,433.76,1.0779565190472966,427.41386471160683,460.7335617970758,0.0,460.7335617970758,
13300.0,1.0,186.0,391.0,598.64,0.5777705038766601,503.11742425980435,290.6864077237145,371.89,81.20359227628546,0.2183537935311126
13301.0,1.0,70.0,109.0,153.86,1.5497848388045767,290.72476432497024,450.5608320158725,272.41999999999996,178.14083201587255,0.6539198003666125
13302.0,0.0,0.0,343.0,0.0,0.2958498554955092,415.81364110364115,123.01840563357375,63.75,59.26840563357375,0.929700480526647
13303.0,0.0,0.0,217.0,0.0,0.42478438188081136,415.81364110364115,176.63114051381973,0.0,176.63114051381973,
13304.0,3.0,318.0,486.0,303.38000000000005,1.062584834625074,333.4273744673176,354.29487155782726,0.0,354.29487155782726,
13305.0,9.0,394.0,456.0,219.81333333333333,3.1232517078053985,241.05851178772667,752.8864086220452,1360.61,607.7235913779547,0.44665524388175504
13306.0,0.0,0.0,247.0,0.0,0.38483663688187575,415.81364110364115,160.02032321193255,0.0,160.02032321193255,
13307.0,1.0,105.0,409.0,30.6,0.4974386212413847,231.86528488891724,115.33874762888388,15.0,100.33874762888388,6.689249841925592
13308.0,1.0,393.0,413.0,814.95,0.5920978783910505,606.4104146606857,359.0543199548292,570.56,211.50568004517072,0.37069840164955614
13309.0,2.0,186.0,209.0,273.32,1.6286093680518983,323.7081555808471,527.194134693769,910.15,382.955865306231,0.420761264963172
13310.0,3.0,196.0,219.0,325.79,2.1668506686525193,349.8484048386289,758.0692499516003,314.38,443.68924995160035,1.4113151280348635
13312.0,0.0,0.0,268.0,0.0,0.361073114140909,415.81364110364115,150.13912629556197,0.0,150.13912629556197,
13313.0,7.0,522.0,554.0,302.2642857142857,2.13792921591997,317.6135270105052,679.0352387671456,945.58,266.5447612328544,0.28188493964852723
13315.0,0.0,0.0,506.0,0.0,0.21247565833634888,415.81364110364115,88.35027713873045,0.0,88.35027713873045,
13316.0,6.0,385.0,456.0,1136.493333333333,2.151714609148714,1025.3417942805581,2206.2429181242323,4355.25,2149.0070818757677,0.4934290986454894
13317.0,13.0,528.0,543.0,393.0438461538461,3.911355605024646,394.8114848263415,1544.2481141036137,959.7,584.5481141036137,0.6090946275957212
13319.0,30.0,547.0,550.0,520.675,8.738095410553804,516.9851399828417,4517.465479008585,5835.65,1318.1845209914145,0.22588478078558766
13320.0,2.0,265.0,295.0,440.705,1.2490810750113077,431.9029955387891,539.4818579681947,1040.09,500.6081420318052,0.4813123306942719
13324.0,9.0,360.0,380.0,760.0388888888889,3.7327024414880126,722.7270759591072,2697.7251209620517,3322.96,625.2348790379483,0.18815600519956555
13326.0,0.0,0.0,249.0,0.0,0.38243932247498824,415.81364110364115,159.02348717953447,0.0,159.02348717953447,
13327.0,14.0,536.0,538.0,509.1635714285714,4.248546550842394,502.39684559428963,2134.456385503718,1755.42,379.03638550371807,0.2159234744412836
13328.0,0.0,0.0,133.0,0.0,0.5990445271401564,415.81364110364115,249.09088601335742,0.0,249.09088601335742,
13329.0,4.0,369.0,552.0,1073.38,1.1909881414583796,932.1452201725319,1110.1739033425958,484.7999999999999,625.3739033425959,1.2899626719112955
13330.0,4.0,469.0,471.0,438.725,1.5029756774536096,433.80400505325986,651.9968683770123,412.71,239.28686837701235,0.5797942099222514
13331.0,0.0,0.0,218.0,0.0,0.4233194006052526,415.81364110364115,176.02198131548099,0.0,176.02198131548099,
13333.0,2.0,247.0,475.0,426.78,0.7597174472407773,422.90211047492824,321.28611180274964,0.0,321.28611180274964,
13334.0,3.0,462.0,469.0,1422.3833333333332,1.180870415653221,1153.3822036625568,1361.9949222460316,804.98,557.0149222460316,0.6919611943725702
13337.0,0.0,0.0,363.0,0.0,0.28225697369943104,415.81364110364115,117.3662999608551,0.0,117.3662999608551,
13338.0,2.0,162.0,520.0,575.75,0.5595442971031737,519.1938051222063,290.51193274742707,437.02,146.5080672525729,0.3352433921847351
13339.0,0.0,0.0,17.0,0.0,1.3893457969273326,415.81364110364115,577.7089345723941,0.0,577.7089345723941,
13340.0,4.0,379.0,472.0,2249.1425,1.4513134089890405,1855.372663337201,2692.7272249729886,7058.450000000001,4365.722775027012,0.6185101226228155
13341.0,0.0,0.0,77.0,0.0,0.8251537126581708,415.81364110364115,343.1101697305817,0.0,343.1101697305817,
13344.0,0.0,0.0,94.0,0.0,0.740259353832389,415.81364110364115,307.8099372780743,887.5699999999999,579.7600627219256,0.6531992549567084
13345.0,0.0,0.0,104.0,0.0,0.6980428145407143,415.81364110364115,290.25572436040807,0.0,290.25572436040807,
13346.0,4.0,134.0,413.0,63.375,0.7027475983534022,139.07320628066873,97.73336170904722,0.0,97.73336170904722,
13357.0,3.0,370.0,444.0,755.0966666666667,1.2127262874716105,664.4248355365215,805.7654641041411,0.0,805.7654641041411,
13358.0,0.0,0.0,85.0,0.0,0.7828921474116051,415.81364110364115,325.5372344066681,0.0,325.5372344066681,
13359.0,0.0,0.0,220.0,0.0,0.4204195959828954,415.81364110364115,174.81620299696948,389.56,214.74379700303052,0.5512470402583184
13360.0,3.0,269.0,517.0,267.0333333333333,0.9141192834952384,306.7941876208533,280.4464829684781,0.0,280.4464829684781,
13361.0,1.0,145.0,434.0,633.25,0.49698811222313966,519.6444937331273,258.25713596757606,0.0,258.25713596757606,
13362.0,4.0,180.0,242.0,769.1,2.4792023925460245,693.2197174403512,1718.6319820381977,1509.21,209.4219820381977,0.13876265200879778
13363.0,0.0,0.0,226.0,0.0,0.41195413557072036,415.81364110364115,171.29614907936426,892.5,721.2038509206358,0.8080715416477712
13365.0,0.0,0.0,34.0,0.0,1.1633817784337297,415.81364110364115,483.7500132841586,1524.77,1041.0199867158412,0.6827390273391012
13367.0,0.0,0.0,248.0,0.0,0.38363422900782196,415.81364110364115,159.52034561573055,0.0,159.52034561573055,
13368.0,3.0,167.0,240.0,202.9333333333333,1.9479075246507234,259.8246183749337,506.114329222036,0.0,506.114329222036,
13369.0,0.0,0.0,182.0,0.0,0.4833431924600322,415.81364110364115,200.98069275946398,0.0,200.98069275946398,
13370.0,0.0,0.0,188.0,0.0,0.47218204106924716,415.81364110364115,196.3397337607527,0.0,196.3397337607527,
13371.0,1.0,127.0,449.0,1108.65,0.46563121474459435,746.6589065507454,347.66769365709416,0.0,347.66769365709416,
13373.0,3.0,457.0,550.0,1504.74,1.0058423573042548,1213.7294292142435,1220.8204702104022,2324.55,1103.729529789598,0.4748142779417943
13374.0,1.0,35.0,266.0,123.2,0.6625453721779055,276.0839105239855,182.91811725044553,0.0,182.91811725044553,
13375.0,0.0,0.0,261.0,0.0,0.36866088965189153,415.81364110364115,153.2942268586607,778.65,625.3557731413393,0.8031282002714176
13376.0,1.0,31.0,51.0,344.0,2.2960545369641996,381.520978992917,875.99297476371,199.76,676.23297476371,3.385227146394223
13377.0,1.0,249.0,462.0,687.56,0.5083019034254295,545.5787654203904,277.3187249316803,0.0,277.3187249316803,
13380.0,0.0,0.0,249.0,0.0,0.38243932247498824,415.81364110364115,159.02348717953447,0.0,159.02348717953447,
13381.0,7.0,531.0,555.0,805.5728571428572,2.139682455086906,752.8864439624605,1610.9379148192475,2567.96,957.0220851807526,0.3726779565027308
13382.0,4.0,451.0,548.0,283.135,1.280194323021424,311.6322587337515,398.9498485012923,0.0,398.9498485012923,
13383.0,0.0,0.0,360.0,0.0,0.2842156543416828,415.81364110364115,118.18074609046901,0.0,118.18074609046901,
13384.0,3.0,110.0,317.0,517.23,1.1205312386867212,490.1269436286265,549.2025512579216,4151.93,3602.7274487420786,0.8677235523580789
13385.0,0.0,0.0,146.0,0.0,0.5632582896443852,415.81364110364115,234.21048029884113,0.0,234.21048029884113,
13386.0,1.0,23.0,254.0,521.76,0.6594635867725166,466.40545947768726,307.57741719743933,0.0,307.57741719743933,
13387.0,0.0,0.0,234.0,0.0,0.4011841154202834,415.81364110364115,166.81782778585148,0.0,166.81782778585148,
13388.0,0.0,0.0,420.0,0.0,0.24958070824154116,415.81364110364115,103.77906304314078,677.0999999999999,573.3209369568591,0.8467300796881689
13389.0,0.0,0.0,49.0,0.0,1.0176720339314351,415.81364110364115,423.1619138783783,540.0699999999999,116.90808612162164,0.2164683950629023
13391.0,0.0,0.0,20.0,0.0,1.3432480897557628,415.81364110364115,558.5408791068543,0.0,558.5408791068543,
13392.0,0.0,0.0,494.0,0.0,0.21697637420978858,415.81364110364115,90.22173619363836,0.0,90.22173619363836,
13393.0,3.0,149.0,549.0,374.1766666666667,0.44417311958461303,385.3039569537495,171.14166054844236,0.0,171.14166054844236,
13394.0,13.0,524.0,555.0,364.03692307692313,3.814122230090949,368.05639401729445,1403.8120743484762,1584.69,180.8779256515238,0.11414088916540384
13395.0,2.0,236.0,238.0,333.675,1.4897193653473093,362.7206092992902,540.351915883728,0.0,540.351915883728,
13396.0,0.0,0.0,136.0,0.0,0.5903872372602638,415.81364110364115,245.49106678630955,973.72,728.2289332136904,0.7478833065087401
13397.0,6.0,394.0,505.0,321.08500000000004,1.916717993270412,335.69514423546684,643.4329232096254,942.36,298.9270767903746,0.3172111260987039
13398.0,1.0,256.0,265.0,457.34,0.8519965592753662,435.6434307151484,371.16670404022284,0.0,371.16670404022284,
13399.0,2.0,55.0,336.0,87.75,0.6208004921893632,203.75883843178778,126.49358718638678,0.0,126.49358718638678,
13400.0,0.0,0.0,399.0,0.0,0.2606991850955331,415.81364110364115,108.40227738732571,0.0,108.40227738732571,
13402.0,2.0,192.0,381.0,465.79,0.9157429392153987,448.11751631630784,410.3604515054002,312.95,97.4104515054002,0.31126522289631
13403.0,1.0,336.0,540.0,75.9,0.4511027935567882,253.497074751429,114.35323857884359,75.0,39.35323857884359,0.5247098477179145
13404.0,0.0,0.0,29.0,0.0,1.2217682172631852,415.81364110364115,508.02789100490946,34.68,473.34789100490946,13.649016464962788
13405.0,4.0,520.0,541.0,263.08750000000003,1.327246874343668,295.89064240660747,392.71993028170976,0.0,392.71993028170976,
13406.0,1.0,204.0,448.0,428.76,0.5097442311147149,421.9958246606101,215.10993717524275,0.0,215.10993717524275,
13407.0,2.0,83.0,478.0,430.34,0.4058149238282226,425.20323441226003,172.55381818452517,0.0,172.55381818452517,
13408.0,51.0,545.0,552.0,678.640980392157,14.671075022397963,673.120782773752,9875.405503208958,16612.13,6736.724496791043,0.4055304465346131
13410.0,6.0,544.0,548.0,277.1366666666667,1.88830117410206,298.5250300492432,563.7051647408387,458.02,105.68516474083867,0.23074355866739155
13412.0,0.0,0.0,437.0,0.0,0.24125192197616263,415.81364110364115,100.31584010015973,0.0,100.31584010015973,
13413.0,3.0,48.0,504.0,137.31666666666666,0.09699202939233033,211.7437046668772,20.537451626690668,0.0,20.537451626690668,
13414.0,3.0,307.0,420.0,424.5933333333333,1.2417408221781754,422.2470008874226,524.3213380442169,1000.5,476.1786619557831,0.47594069160997815
13415.0,2.0,256.0,545.0,158.625,0.6490611797453558,249.57124266167182,161.98700519249917,0.0,161.98700519249917,
13416.0,0.0,0.0,553.0,0.0,0.19651133428484613,415.81364110364115,81.71209342711667,712.5,630.7879065728833,0.8853163601022924
13417.0,3.0,464.0,486.0,220.18666666666664,1.1414971550819475,272.46707757497944,311.0203939053313,404.83,93.80960609466871,0.23172592469596798
13418.0,17.0,524.0,545.0,507.9417647058823,5.03327172837666,502.37084066791186,2528.568949494617,2786.83,258.2610505053831,0.09267197873762772
13421.0,4.0,373.0,480.0,561.7725,1.419129861912343,530.4228620186798,752.7389229317187,1026.04,273.3010770682813,0.26636493418217744
13423.0,0.0,0.0,245.0,0.0,0.3872642413601149,415.81364110364115,161.0297542691887,0.0,161.0297542691887,
13424.0,0.0,0.0,266.0,0.0,0.36320894647815605,415.81364110364115,151.02723451649956,0.0,151.02723451649956,
13425.0,2.0,285.0,396.0,672.215,0.953775373627413,581.5471536094834,554.6653537158436,1222.64,667.9746462841565,0.5463379623471802
13426.0,14.0,492.0,547.0,372.1057142857143,4.075993493779429,375.2740032874553,1529.614395784228,2356.3,826.6856042157722,0.35084055689673305
13427.0,3.0,507.0,539.0,180.81000000000003,1.0412490819781284,243.61364431954274,253.66248350507016,368.1,114.43751649492987,0.31088703204273255
13428.0,0.0,0.0,331.0,0.0,0.3046533630018804,415.81364110364115,126.67902414428119,218.47,91.79097585571881,0.4201536863446643
13431.0,4.0,253.0,476.0,438.4225,1.1814963239127179,433.5664772348804,512.2571990247983,1269.1,756.8428009752016,0.596361831987394
13432.0,1.0,41.0,429.0,308.8,0.37325739494804905,364.7121709761308,136.13151484439803,0.0,136.13151484439803,
13433.0,3.0,195.0,513.0,187.70666666666665,0.7285890725081353,248.66720847813906,181.17621078827446,0.0,181.17621078827446,
13434.0,2.0,270.0,472.0,396.72,0.7834192315072809,403.47183363330134,316.0875938398344,534.24,218.15240616016558,0.4083415808628436
13435.0,2.0,311.0,317.0,392.605,1.1877425453586816,400.81196705967204,476.06142596567497,3366.17,2890.108574034325,0.8585747523251426
13437.0,0.0,0.0,7.0,0.0,1.5690955291872308,415.81364110364115,652.451325230787,1967.16,1314.708674769213,0.6683282878714558
13438.0,0.0,0.0,364.0,0.0,0.2816100709355404,415.81364110364115,117.09730896716172,0.0,117.09730896716172,
13439.0,2.0,271.0,343.0,351.16499999999996,1.0897340043068873,374.02585021612504,407.588687470306,0.0,407.588687470306,
13440.0,2.0,28.0,268.0,25.275,0.6815490452696242,163.37605248100112,111.34879258834633,0.0,111.34879258834633,
13441.0,0.0,0.0,248.0,0.0,0.38363422900782196,415.81364110364115,159.52034561573055,296.64,137.11965438426944,0.4622426320936807
13442.0,2.0,71.0,555.0,110.935,0.25080111221451606,218.745231265225,54.86154729293997,0.0,54.86154729293997,
13443.0,5.0,229.0,494.0,209.32,0.9945916300184517,246.39380869075012,245.0612198121877,0.0,245.0612198121877,
13444.0,1.0,132.0,323.0,496.39,0.6660380151674186,454.2907021087706,302.57487754153857,0.0,302.57487754153857,
13445.0,0.0,0.0,443.0,0.0,0.2384436112817556,415.81364110364115,99.14810620496806,0.0,99.14810620496806,
13446.0,10.0,233.0,480.0,334.07,0.39528018852512486,342.1318235989577,135.23793173264076,0.0,135.23793173264076,
13448.0,8.0,515.0,550.0,728.9625,2.4310113948960015,691.2867287859276,1680.5259148189718,2116.11,435.5840851810283,0.2058418915751205
13450.0,8.0,399.0,420.0,314.4025,3.0762895830388004,326.6035438238363,1004.7270796488237,1365.1799999999998,360.4529203511761,0.2640332559451326
13451.0,8.0,417.0,445.0,624.13375,2.921783081036774,599.0702042162759,1750.35318703236,1323.77,426.58318703236,0.322248719212824
13452.0,2.0,213.0,289.0,295.0,1.2422159901039964,337.72174180594607,419.52334787711953,0.0,419.52334787711953,
13453.0,1.0,113.0,219.0,185.0,0.9385211823397163,305.59482914436575,286.8072203654737,171.98,114.82722036547372,0.6676777553522137
13454.0,0.0,0.0,458.0,0.0,0.23170096097149712,415.81364110364115,96.34442022877087,0.0,96.34442022877087,
13455.0,4.0,364.0,547.0,561.2950000000001,1.1983716642165074,530.0479214128083,635.1944096979676,365.4,269.7944096979676,0.7383536116528944
13456.0,0.0,0.0,24.0,0.0,1.286377417926047,415.81364110364115,534.8932779813299,1559.06,1024.16672201867,0.6569129616683579
13457.0,1.0,49.0,554.0,35.72,0.2688864511930237,234.3102024186316,63.00283880666488,0.0,63.00283880666488,
13458.0,8.0,199.0,205.0,906.30625,5.4523256152268464,847.2937810416224,4619.721585995645,3386.49,1233.2315859956452,0.36416218149046514
13459.0,1.0,58.0,499.0,529.62,0.330715974784078,470.1587899041628,155.48902250645773,0.0,155.48902250645773,
13461.0,2.0,190.0,414.0,1189.2,0.8274741994864798,915.7175352784301,757.7326344602513,1445.0,687.2673655397487,0.4756175540067465
13462.0,4.0,473.0,542.0,245.5075,1.3071390348860286,282.0865463831036,368.726335993543,0.0,368.726335993543,
13464.0,3.0,224.0,435.0,707.8733333333333,1.0662888032337132,629.8217212615895,671.5718494146175,674.68,3.1081505853824183,0.004606851522769934
13465.0,1.0,140.0,403.0,319.62,0.5351041258321271,369.87896934947247,197.92376255743758,0.0,197.92376255743758,
13466.0,3.0,444.0,445.0,250.34666666666664,1.2368378379999647,294.56695602204553,364.3315570325375,0.0,364.3315570325375,
13468.0,53.0,535.0,553.0,206.83849056603773,15.08909775558397,211.0653459161571,3184.7856373450404,2113.85,1070.9356373450405,0.5066280187075907
13469.0,0.0,0.0,470.0,0.0,0.22657548971313257,415.81364110364115,94.21317936245823,0.0,94.21317936245823,
13472.0,1.0,92.0,372.0,330.06,0.5391435592469014,374.8643089999057,202.10567778883942,0.0,202.10567778883942,
13473.0,5.0,392.0,541.0,417.528,1.4995682012060665,417.22020449883496,625.6501515671453,181.38,444.27015156714526,2.4493888607737637
13474.0,2.0,259.0,312.0,149.37,1.1844507350172941,243.58896680773776,288.5191307775283,0.0,288.5191307775283,
13475.0,3.0,107.0,115.0,371.5533333333333,3.377305181428749,383.38169741154775,1294.796993132969,0.0,1294.796993132969,
13476.0,3.0,363.0,461.0,436.6000000000001,1.1629663165550155,431.044941003065,501.29074730800846,510.87,9.579252691991542,0.018750861651675655
13477.0,5.0,472.0,500.0,294.584,1.7254970497806295,316.3495347540164,545.8601889175301,938.55,392.6898110824699,0.4184005232352777
13478.0,3.0,208.0,494.0,609.8633333333333,0.829063100620516,558.004443854529,462.6208943820624,0.0,462.6208943820624,
13479.0,3.0,277.0,294.0,154.67,1.733942786730837,224.45943932596492,389.19982573290486,0.0,389.19982573290486,
13480.0,1.0,263.0,496.0,133.88,0.4764248362600453,281.183855683624,133.96297240303878,0.0,133.96297240303878,
13481.0,6.0,543.0,552.0,449.0116666666667,1.8742901329227872,443.89148404652485,831.9814286368543,825.5699999999999,6.411428636854339,0.007766063007200285
13482.0,1.0,395.0,444.0,184.64,0.5539108272446496,305.42292088055774,169.17706276442686,0.0,169.17706276442686,
13484.0,2.0,398.0,456.0,312.47,0.8666518579134492,349.01405506021166,302.47367925583933,0.0,302.47367925583933,
13485.0,8.0,503.0,553.0,356.24,2.4048592131676747,363.4074630414441,873.943785629108,0.0,873.943785629108,
13487.0,3.0,521.0,551.0,192.10666666666668,1.0218745980613289,251.89132867598693,257.4013502459082,166.6,90.8013502459082,0.5450261119202173
13488.0,12.0,487.0,500.0,983.2725,3.8950597836391543,935.8559058690417,3645.214702231695,3437.88,207.3347022316948,0.0603088828672597
13489.0,1.0,5.0,111.0,158.4,1.350283013495229,292.8927185407716,395.488062622043,213.83999999999995,181.64806262204306,0.8494578311917467
13490.0,0.0,0.0,471.0,0.0,0.22615859022638943,415.81364110364115,94.03982686890134,0.0,94.03982686890134,
13491.0,24.0,485.0,549.0,173.3529166666667,6.5089919759578425,183.92454874426434,1197.1634119580838,184.19,1012.9734119580837,5.49961133589274
13492.0,0.0,0.0,31.0,0.0,1.1977190334114975,415.81364110364115,498.0279123019684,954.54,456.51208769803156,0.4782534914178888
13493.0,1.0,12.0,104.0,359.28,1.4560526066709227,388.81752974565825,566.1387777055148,0.0,566.1387777055148,
13494.0,0.0,0.0,128.0,0.0,0.6140534785564227,415.81364110364115,255.33181275090274,0.0,255.33181275090274,
13495.0,7.0,500.0,549.0,564.2371428571429,2.141546001423272,544.1737251949944,1165.3730652709469,972.44,192.93306527094683,0.19840099674113243
13496.0,0.0,0.0,176.0,0.0,0.4950459647471276,415.81364110364115,205.8468651151679,152.32,53.52686511516791,0.3514106165649154
13497.0,5.0,387.0,486.0,220.676,1.7075876687203912,255.7109557302328,436.6488747616514,0.0,436.6488747616514,
13498.0,0.0,0.0,547.0,0.0,0.19841439794361443,415.81364110364115,82.50341325632112,0.0,82.50341325632112,
13499.0,1.0,44.0,86.0,305.56,1.7600939041212118,363.16499660185843,639.2044967091317,695.3199999999999,56.11550329086822,0.08070457241395074
13500.0,0.0,0.0,218.0,0.0,0.4233194006052526,415.81364110364115,176.02198131548099,1166.77,990.748018684519,0.8491373781332388
13501.0,2.0,282.0,387.0,1144.97,0.9743669129094398,887.1280095064685,864.3881799783139,0.0,864.3881799783139,
13502.0,3.0,274.0,365.0,123.25333333333332,1.4066410290422908,201.4387326102711,283.3519861278866,102.84,180.51198612788662,1.7552701879413322
13503.0,2.0,182.0,478.0,338.16,0.6744998009472798,365.6196376304511,246.61037280415587,216.85,29.760372804155878,0.13723944110747466
13505.0,1.0,40.0,49.0,746.4,2.357189853341417,573.6762160939046,1352.2637556798502,2037.54,685.2762443201498,0.33632529634762987
13506.0,4.0,144.0,277.0,302.97,1.9226952012644483,327.2070166760836,629.1193607831623,0.0,629.1193607831623,
13508.0,1.0,399.0,459.0,110.97,0.5373327866758939,270.2438047840623,145.21085670651647,0.0,145.21085670651647,
13509.0,3.0,253.0,324.0,216.67333333333332,1.5639379862341252,269.892666447304,422.0953932629551,314.7,107.39539326295511,0.3412627685508583
13510.0,6.0,535.0,535.0,514.225,1.9300273548135012,499.0468645265795,963.1740998702059,1206.24,243.06590012979416,0.20150707995904144
13511.0,0.0,0.0,493.0,0.0,0.21736006063543994,415.81364110364115,90.38127824333051,0.0,90.38127824333051,
13512.0,3.0,323.0,400.0,186.6966666666667,1.3190999626096793,247.92712634181493,327.04066308741335,0.0,327.04066308741335,
13513.0,1.0,214.0,472.0,319.85,0.4863990413344976,369.9887996291276,179.96219744410917,205.1,25.13780255589083,0.12256363996046236
13514.0,2.0,254.0,499.0,158.7,0.7222207862261876,249.6197213963066,180.28055144440245,152.20000000000002,28.08055144440243,0.18449770988437864
13515.0,2.0,397.0,461.0,195.0,0.8572817847710572,273.0834289595488,234.10944936984222,687.72,453.61055063015783,0.6595860970019162
13516.0,1.0,179.0,234.0,146.0,0.9232164873745912,286.9714338984947,264.9367591806179,1243.41,978.4732408193822,0.7869272732400272
13519.0,0.0,0.0,259.0,0.0,0.37088783672585224,415.81364110364115,154.22022183002937,122.75,31.470221830029374,0.25637655258679737
13520.0,8.0,538.0,539.0,493.45375,2.498006164054778,484.11266221790146,1209.3164143172864,1252.37,43.05358568271345,0.0343776884488717
13523.0,2.0,203.0,219.0,1468.095,1.5781961972780356,1095.9905578913897,1729.688130716824,1595.64,134.04813071682383,0.08400900624001895
13524.0,0.0,0.0,36.0,0.0,1.1415710221851973,415.81364110364115,474.6808033132324,520.98,46.29919668676763,0.08886943200654081
13525.0,0.0,0.0,65.0,0.0,0.8979056175777492,415.81364110364115,373.3614042124175,345.9,27.461404212417506,0.07939116569071265
13526.0,0.0,0.0,555.0,0.0,0.1958850701096041,415.81364110364115,81.4516842401165,0.0,81.4516842401165,
13527.0,6.0,486.0,504.0,460.5116666666667,2.02433462066859,453.61782133216116,918.2742602749527,1701.87,783.5957397250472,0.46043219501198523
13529.0,0.0,0.0,21.0,0.0,1.3285601613459879,415.81364110364115,552.4334381145162,126.66,425.77343811451624,3.361546171755221
13530.0,0.0,0.0,451.0,0.0,0.23479941049774297,415.81364110364115,97.63279780805503,0.0,97.63279780805503,
13531.0,4.0,531.0,553.0,356.705,1.3017471930817892,369.4005945954792,480.86618713740904,0.0,480.86618713740904,
13533.0,0.0,0.0,84.0,0.0,0.7879355471660167,415.81364110364115,327.63434882209117,124.15,203.48434882209116,1.639020127443344
13534.0,18.0,334.0,337.0,256.1677777777778,8.03710108108841,265.3158697990821,2132.3704639921148,2917.0,784.6295360078852,0.2689850997627306
13535.0,0.0,0.0,219.0,0.0,0.42186450663291003,415.81364110364115,175.4170165554215,0.0,175.4170165554215,
13537.0,1.0,26.0,268.0,302.0,0.6294239976721159,361.46501488197896,227.51475468562606,0.0,227.51475468562606,
13538.0,6.0,401.0,492.0,285.4,1.9932097687179984,305.5138967539076,608.9532834889906,776.5500000000001,167.5967165110095,0.21582218338936254
13539.0,5.0,350.0,407.0,184.036,2.0271129609786933,225.64929074902062,457.4166019129893,315.69,141.72660191298928,0.4489423228895096
13540.0,1.0,188.0,472.0,263.14,0.47597921740335747,342.908472849811,163.21730654803352,0.0,163.21730654803352,
13541.0,1.0,143.0,387.0,474.9,0.5606813482824731,444.0287338053406,248.9586291461377,0.0,248.9586291461377,
13542.0,16.0,353.0,546.0,239.26625,0.8522696547105668,250.56647275643007,213.5502012181673,0.0,213.5502012181673,
13543.0,1.0,53.0,504.0,851.16,0.3174647577458758,623.7015208620444,198.00325222620322,0.0,198.00325222620322,
13544.0,3.0,404.0,461.0,155.39333333333337,1.1826640995700985,224.98946514636873,266.08696321008824,168.5,97.58696321008824,0.5791511169738175
13545.0,1.0,154.0,361.0,250.5,0.609345939654177,336.8725826983287,205.27194044804259,0.0,205.27194044804259,
13546.0,2.0,224.0,241.0,230.45,1.4680576765586115,295.99771086359664,434.5417116770793,438.83,4.288288322920664,0.009772094713033896
13547.0,0.0,0.0,225.0,0.0,0.4133412517071749,415.81364110364115,171.872930890697,0.0,171.872930890697,
13548.0,1.0,228.0,288.0,281.01,0.7865755395398828,351.44180805606015,276.43552978856746,401.4,124.96447021143251,0.31132155010322005
13549.0,3.0,195.0,204.0,170.85,2.298443743228815,236.31540859895992,543.1576723228404,405.65,137.50767232284045,0.3389810731488733
13550.0,0.0,0.0,200.0,0.0,0.4513406242773273,415.81364110364115,187.67358835874592,0.0,187.67358835874592,
13551.0,1.0,347.0,483.0,91.8,0.5055028179686633,261.08968973628413,131.98157390425558,0.0,131.98157390425558,
13552.0,8.0,453.0,475.0,545.8975,2.7707806403700053,530.2467653184314,1469.197471963127,1878.78,409.5825280368729,0.2180045178450233
13553.0,0.0,0.0,491.0,0.0,0.21813152117344764,415.81364110364115,90.70206205860725,0.0,90.70206205860725,
13554.0,5.0,66.0,263.0,306.366,0.6359538179802684,326.016197876523,207.33124576298547,0.0,207.33124576298547,
13555.0,7.0,488.0,506.0,803.3542857142857,2.3225196165464923,750.9677719747381,1744.1373818055424,2559.23,815.0926181944576,0.31849135020863995
13556.0,1.0,6.0,252.0,93.6,0.5937169824142636,261.94923105532433,155.52370700790385,0.0,155.52370700790385,
13557.0,10.0,451.0,548.0,241.638,2.8501347649897646,258.81576789551855,737.6598178065392,343.38,394.2798178065392,1.1482317485192475
13559.0,1.0,31.0,360.0,660.0,0.44695986911220525,532.4182327799748,237.96958363628917,0.0,237.96958363628917,
13561.0,9.0,434.0,466.0,180.13555555555556,3.129877188781079,205.68155108086142,643.7579948810984,0.0,643.7579948810984,
13562.0,4.0,449.0,511.0,675.6800000000001,1.3779819781742737,619.8648453973635,854.1625858613494,1196.06,341.89741413865056,0.28585306267131294
13564.0,24.0,383.0,554.0,687.985,0.3965500785754765,676.11794204662,268.1146230448766,0.0,268.1146230448766,
13565.0,1.0,77.0,228.0,110.18,0.867367312973611,269.86656164959464,234.07343443943626,130.04,104.03343443943626,0.8000110307554311
13566.0,2.0,205.0,456.0,271.145,0.7528177402199773,322.302272276438,242.63486828291187,874.71,632.0751317170882,0.7226110730608867
13567.0,2.0,113.0,358.0,333.9,0.8192772120291208,362.8660455031945,297.2878820998893,0.0,297.2878820998893,
13569.0,2.0,61.0,245.0,199.925,1.0830724912977392,276.2668658672339,299.2170426778433,253.93,45.28704267784332,0.1783445936984339
13570.0,0.0,0.0,60.0,0.0,0.9321718284938417,415.81364110364115,387.60976214026323,0.0,387.60976214026323,
13571.0,17.0,547.0,548.0,167.66411764705882,5.041828189502372,182.6695480322876,920.988476632845,1585.01,664.0215233671549,0.4189383810620469
13572.0,0.0,0.0,22.0,0.0,1.3141926187157273,415.81364110364115,546.4592178997158,0.0,546.4592178997158,
13573.0,3.0,384.0,454.0,190.66333333333333,1.1923805295042738,250.8337195504808,299.0892433351288,262.63,36.459243335128804,0.13882360482476794
13574.0,0.0,0.0,228.0,0.0,0.40920769222991166,415.81364110364115,170.15414047373773,0.0,170.15414047373773,
13576.0,17.0,544.0,548.0,449.50647058823535,5.038116611908554,447.4690884475402,2254.4014478231297,3581.33,1326.9285521768702,0.37051278496448814
13577.0,7.0,484.0,542.0,294.0814285714286,2.156526812918083,310.5368025123252,669.6809410156768,1330.85,661.1690589843231,0.4968020881273796
13578.0,0.0,0.0,226.0,0.0,0.41195413557072036,415.81364110364115,171.29614907936426,0.0,171.29614907936426,
13579.0,3.0,290.0,476.0,284.3833333333334,1.057111387266983,319.5074797646397,337.7549951761758,302.34,35.41499517617581,0.11713632061975197
13580.0,0.0,0.0,223.0,0.0,0.4161437454026572,415.81364110364115,173.03824599838552,0.0,173.03824599838552,
13581.0,1.0,105.0,231.0,118.0,0.8885333109040934,273.6007911578693,243.103416833481,0.0,243.103416833481,
13582.0,1.0,228.0,434.0,164.18,0.5350097984775878,295.65280122080077,158.17714560047494,0.0,158.17714560047494,
13583.0,0.0,0.0,496.0,0.0,0.2162130530552025,415.81364110364115,89.90433684501849,781.03,691.1256631549815,0.8848900338719147
13584.0,2.0,369.0,492.0,195.575,0.7958586178328316,273.4550992584156,217.63159733514243,0.0,217.63159733514243,
13585.0,2.0,208.0,555.0,335.895,0.5799046524651301,364.15557984448014,211.1755149729512,0.0,211.1755149729512,
13586.0,0.0,0.0,358.0,0.0,0.2855366275793172,415.81364110364115,118.73002478221022,0.0,118.73002478221022,
13587.0,1.0,214.0,480.0,392.8,0.47789500861798245,404.82409919800693,193.46341637499853,712.4,518.9365836250015,0.728434283583663
13588.0,0.0,0.0,72.0,0.0,0.8539770380465346,415.81364110364115,355.09530160903216,2365.65,2010.554698390968,0.8498952500965773
13589.0,3.0,284.0,550.0,157.31333333333333,0.8592254940708803,226.39635395997504,194.52551908710547,379.65,185.1244809128945,0.48761880920030165
13590.0,13.0,539.0,555.0,377.8784615384615,3.8362464100559444,380.8234019999509,1460.9324087876032,1069.89,391.0424087876031,0.36549776966566944
13591.0,5.0,521.0,542.0,339.96799999999996,1.6119635870457711,353.5853045003955,569.9666357691287,340.9,229.06663576912877,0.6719467168352267
13592.0,2.0,59.0,81.0,64.395,2.9523450175313704,188.6625604665117,556.9969703880167,42.45,514.5469703880167,12.1212478301064
13593.0,10.0,384.0,464.0,402.881,3.313389378062449,404.15645910407875,1339.127718670785,1014.13,324.99771867078505,0.3204694848498566
13594.0,0.0,0.0,302.0,0.0,0.32826183803936726,415.81364110364115,136.49575011052303,396.97,260.474249889477,0.6561560064727233
13595.0,2.0,130.0,463.0,135.265,0.5931857582346964,234.47173278075343,139.08529259415434,0.0,139.08529259415434,
13597.0,1.0,2.0,219.0,16.5,0.6816395013814718,225.13221122310233,153.45900820302364,0.0,153.45900820302364,
13598.0,2.0,156.0,468.0,170.525,0.645803014962094,257.2632018903931,166.1413514196177,180.17,14.028648580382281,0.0778633989031597
13599.0,12.0,540.0,555.0,531.5141666666667,3.555305853160268,521.8462854179178,1855.3231529962668,3148.01,1292.6868470037334,0.4106361946130201
13600.0,1.0,322.0,451.0,219.52,0.5361758839091535,322.07892155173676,172.69095045150937,0.0,172.69095045150937,
13601.0,2.0,335.0,363.0,328.72,1.0571358243930105,359.5177808977512,380.05912569328996,320.12,59.93912569328995,0.1872395529591714
13602.0,2.0,179.0,377.0,213.45,0.9089575384253766,285.00919767970913,259.06125875154,428.89,169.82874124846,0.3959727231888363
13604.0,0.0,0.0,475.0,0.0,0.2245062312124266,415.81364110364115,93.35275345089504,0.0,93.35275345089504,
13605.0,1.0,184.0,388.0,352.78000000000003,0.5813730710431074,385.71363053801315,224.24351792907123,0.0,224.24351792907123,
13606.0,1.0,68.0,128.0,180.4,1.3827404254445943,303.398223551263,419.5209887124076,30.119999999999997,389.4009887124076,12.928319678366787
13607.0,0.0,0.0,219.0,0.0,0.42186450663291003,415.81364110364115,175.4170165554215,678.01,502.5929834445785,0.7412766529174769
13608.0,0.0,0.0,357.0,0.0,0.286201733821896,415.81364110364115,119.0065850306577,0.0,119.0065850306577,
13609.0,0.0,0.0,410.0,0.0,0.2547544009192903,415.81364110364115,105.93035503342689,0.0,105.93035503342689,
13610.0,9.0,516.0,520.0,130.04111111111112,2.8754047498239705,161.01702368044084,462.98911469325833,657.51,194.52088530674166,0.29584475567936863
13611.0,7.0,377.0,553.0,301.85,1.8049596397831917,317.25524312355134,572.6329093476141,868.6500000000001,296.01709065238595,0.34077832343565984
13612.0,0.0,0.0,449.0,0.0,0.23569997093897005,415.81364110364115,98.00726312415554,0.0,98.00726312415554,
13613.0,2.0,208.0,477.0,285.925,0.7144175718100232,331.8558149151355,237.0836254827076,0.0,237.0836254827076,
13614.0,2.0,221.0,368.0,324.815,0.9832767157638196,356.9936547810994,351.0235484216822,1404.71,1053.6864515783177,0.750109596698477
13615.0,7.0,362.0,497.0,780.6257142857143,2.1209239619078772,731.311576659437,1551.0562465576293,0.0,1551.0562465576293,
13616.0,1.0,123.0,508.0,105.85,0.39939903690214096,267.79888725434796,106.95861765285161,0.0,106.95861765285161,
13617.0,4.0,87.0,312.0,155.5925,0.8118904072520648,211.48385616960283,171.70171411277593,544.1800000000001,372.47828588722416,0.6844762502981074
13619.0,1.0,130.0,491.0,128.95,0.4217732572113743,278.8296675153639,117.60289707511956,0.0,117.60289707511956,
13620.0,0.0,0.0,345.0,0.0,0.29443187923621006,415.81364110364115,122.42879176219607,0.0,122.42879176219607,
13622.0,0.0,0.0,513.0,0.0,0.2099354813681592,415.81364110364115,87.2940369045399,0.0,87.2940369045399,
13623.0,8.0,527.0,554.0,216.69875,2.422290147307869,240.6547915738847,582.9357305318496,195.86,387.07573053184956,1.9762878103331438
13624.0,0.0,0.0,205.0,0.0,0.44319087552676806,415.81364110364115,184.284811656696,0.0,184.284811656696,
13625.0,0.0,0.0,413.0,0.0,0.2531798936657427,415.81364110364115,105.27565343938515,0.0,105.27565343938515,
13626.0,1.0,127.0,196.0,257.23,1.041438478765734,340.086312185629,354.17897161165,0.0,354.17897161165,
13627.0,3.0,436.0,457.0,302.98333333333335,1.2036563322913651,333.13671514645097,400.9821167047704,1032.55,631.5678832952295,0.6116584023003531
13628.0,0.0,0.0,493.0,0.0,0.21736006063543994,415.81364110364115,90.38127824333051,0.0,90.38127824333051,
13629.0,11.0,456.0,483.0,709.6818181818181,3.674334988655576,683.0959698726645,2509.9234227127463,4904.36,2394.4365772872534,0.488226104382071
13630.0,2.0,101.0,102.0,376.35,2.644985221445173,390.3050093064902,1032.3509814716874,979.94,52.410981471687364,0.05348386786097859
13631.0,2.0,66.0,84.0,625.0,2.909175621995304,551.0281741990569,1603.0377314124783,1740.42,137.38226858752182,0.07893627319125372
13632.0,4.0,378.0,428.0,443.43,1.6071721790672113,437.49844599697906,703.1353307914835,1508.2399999999998,805.1046692085163,0.5338040823798045
13634.0,10.0,456.0,515.0,378.791,3.122504094262828,382.4422932102774,1194.1776263683562,949.75,244.4276263683562,0.257359964588951
13635.0,2.0,296.0,555.0,772.88,0.6649677332974707,646.6153112363091,429.97831782824704,1071.03,641.0516821717529,0.5985375593323743
13636.0,2.0,33.0,102.0,193.475,2.3890098081493303,272.09769468864124,650.0440613859857,407.67,242.37406138598573,0.5945349458777582
13637.0,1.0,39.0,43.0,262.25,2.489588816852314,342.4834774198411,852.6430353411284,125.65,726.9930353411285,5.785857822054345
13639.0,0.0,0.0,253.0,0.0,0.37773332139207594,415.81364110364115,157.066667734211,1033.34,876.2733322657889,0.8480009796057338
13640.0,0.0,0.0,428.0,0.0,0.245590739957625,415.81364110364115,102.11997980311753,0.0,102.11997980311753,
13641.0,2.0,94.0,551.0,359.135,0.33045110386630006,379.1775237499829,125.29963128447206,0.0,125.29963128447206,
13642.0,1.0,217.0,249.0,354.8,0.8883570672643393,386.6782269071582,343.5083356302178,0.0,343.5083356302178,
13643.0,7.0,546.0,548.0,201.91857142857145,2.1752181800923025,230.83222774354255,502.1104583389605,431.54,70.57045833896046,0.16353167339982494
13646.0,0.0,0.0,216.0,0.0,0.4262595558913895,415.81364110364115,177.24453799041967,0.0,177.24453799041967,
13647.0,3.0,369.0,420.0,500.9,1.2813193518206443,478.1610611670685,612.6770209604597,1253.48,640.8029790395403,0.5112191491204808
13648.0,6.0,338.0,555.0,249.33,1.4340756221796782,275.0070284153945,394.3808753785912,0.0,394.3808753785912,
13649.0,5.0,271.0,344.0,273.694,2.286626637627358,299.2101193212238,684.1818290875706,0.0,684.1818290875706,
13650.0,5.0,475.0,499.0,338.40999999999997,1.7304289913866184,352.307027370463,609.6422940310881,1090.82,481.1777059689118,0.4411155882445425
13651.0,0.0,0.0,198.0,0.0,0.45468523386735527,415.81364110364115,189.0643226504456,79.2,109.8643226504456,1.3871757910409797
13652.0,3.0,396.0,469.0,573.35,1.1590826708259476,531.2491312429947,615.7616619150948,456.84,158.92166191509483,0.3478716003745181
13653.0,0.0,0.0,304.0,0.0,0.3265166882478718,415.81364110364115,135.77009302145007,0.0,135.77009302145007,
13654.0,7.0,536.0,554.0,659.0757142857143,2.146535849874637,626.192319688828,1344.1442631282287,1534.49,190.34573687177135,0.12404495100767769
13655.0,4.0,350.0,408.0,302.02750000000003,1.6660594040814423,326.46695066344694,543.913333274628,549.32,5.40666672537202,0.009842472011527013
13656.0,2.0,258.0,412.0,268.375,0.8999733999024832,320.5117910105928,288.45208626463733,216.95,71.50208626463734,0.32957864145949456
13657.0,0.0,0.0,18.0,0.0,1.373629231958884,415.81364110364115,571.1737724672217,229.8,341.3737724672217,1.485525554687649
13658.0,4.0,468.0,489.0,834.3425,1.44882942394229,744.4491676572708,1078.579858731201,1705.87,627.2901412687988,0.3677244697830426
13659.0,10.0,455.0,477.0,447.3850000000001,3.4015301489974425,444.27132996077194,1511.2023231967564,0.0,1511.2023231967564,
13660.0,0.0,0.0,217.0,0.0,0.42478438188081136,415.81364110364115,176.63114051381973,0.0,176.63114051381973,
13661.0,0.0,0.0,420.0,0.0,0.24958070824154116,415.81364110364115,103.77906304314078,0.0,103.77906304314078,
13662.0,5.0,446.0,475.0,316.96400000000006,1.8025631653790648,334.711436017104,603.3385055955633,364.82,238.51850559556334,0.6537977786183963
13663.0,3.0,266.0,463.0,437.53,1.0594528094301177,431.7264027721555,457.39375032211865,189.47,267.9237503221186,1.4140695113850141
13665.0,2.0,118.0,321.0,539.425,0.9658847767464608,495.71393798075246,478.802546316648,0.0,478.802546316648,
13666.0,2.0,448.0,552.0,43.47500000000001,0.7272363405455193,175.1402254190454,127.36833661606394,20.6,106.76833661606395,5.182928961944851
13668.0,25.0,541.0,545.0,406.8772,7.365875251329758,407.25190938245214,2999.7667603769933,2302.71,697.0567603769932,0.30271148358976735
13669.0,0.0,0.0,224.0,0.0,0.4147377563909118,415.81364110364115,172.45361658805996,218.55,46.09638341194005,0.210919164547884
13671.0,0.0,0.0,211.0,0.0,0.4337921118973573,415.81364110364115,180.37667753007827,0.0,180.37667753007827,
13672.0,2.0,429.0,547.0,93.195,0.729745229277267,207.2783945662741,151.26041956698953,0.0,151.26041956698953,
13674.0,0.0,0.0,249.0,0.0,0.38243932247498824,415.81364110364115,159.02348717953447,0.0,159.02348717953447,
13675.0,0.0,0.0,101.0,0.0,0.7101914553863702,415.81364110364115,295.3072949449007,178.38000000000002,116.9272949449007,0.655495542913447
13676.0,1.0,80.0,436.0,115.6,0.43257531604274757,272.4547360658157,117.85719356101362,0.0,117.85719356101362,
13677.0,1.0,116.0,337.0,282.23,0.6256324321986098,352.0243860611874,220.23787284468304,0.0,220.23787284468304,
13679.0,2.0,242.0,552.0,77.23,0.6250168568069083,196.9588879203468,123.1026250481593,0.0,123.1026250481593,
13680.0,9.0,398.0,552.0,1053.7355555555555,2.273283522383839,984.5889043758971,2238.249732639684,1330.83,907.4197326396843,0.6818449633985441
13682.0,0.0,0.0,4.0,0.0,1.6325641684099237,415.81364110364115,678.8424512018684,0.0,678.8424512018684,
13683.0,0.0,0.0,274.0,0.0,0.3548139118224832,415.81364110364115,147.536464589133,0.0,147.536464589133,
13684.0,3.0,336.0,438.0,135.48333333333335,1.209597614689401,210.40032125110724,254.499726715223,0.0,254.499726715223,
13686.0,1.0,21.0,218.0,111.6,0.7742241753272482,270.5446442457264,209.46220408035123,72.0,137.46220408035123,1.909197278893767
13687.0,0.0,0.0,255.0,0.0,0.3754235478867482,415.81364110364115,156.10623240283596,0.0,156.10623240283596,
13688.0,0.0,0.0,452.0,0.0,0.23435170765684923,415.81364110364115,97.44663685965052,0.0,97.44663685965052,
13689.0,0.0,0.0,261.0,0.0,0.36866088965189153,415.81364110364115,153.2942268586607,910.0,756.7057731413393,0.8315448056498234
13691.0,0.0,0.0,213.0,0.0,0.4307473109530466,415.81364110364115,179.11060776298865,0.0,179.11060776298865,
13692.0,3.0,207.0,237.0,457.52666666666664,2.0356152667825644,446.37905206525335,908.6560131559589,616.74,291.9160131559589,0.4733210318058808
13693.0,8.0,358.0,549.0,229.78375,1.8130091452794117,252.1655004585551,457.17835845532,0.0,457.17835845532,
13694.0,67.0,543.0,552.0,2344.964925373134,19.195213682357515,2313.9672227797173,44417.09529522805,36840.27,7576.825295228053,0.20566693173606093
13695.0,5.0,388.0,394.0,125.184,2.1260083051184244,177.36356183323733,377.07640548284775,1878.21,1501.1335945171522,0.7992362912119264
13696.0,2.0,245.0,483.0,857.2,0.743003401392481,701.1183366283913,520.9333088935332,0.0,520.9333088935332,
13698.0,1.0,85.0,498.0,281.23,0.37062405893166694,351.54686310616506,130.29172530910196,0.0,130.29172530910196,
13699.0,0.0,0.0,367.0,0.0,0.27968704815074447,415.81364110364115,116.29768986109048,308.58000000000004,192.28231013890957,0.6231198073073743
13700.0,6.0,430.0,487.0,206.28333333333333,2.0545701572740485,238.5995154569286,490.21944399785355,1321.46,831.2405560021465,0.6290319464850593
13701.0,0.0,0.0,263.0,0.0,0.3664605621261255,415.81364110364115,152.37930065855133,0.0,152.37930065855133,
13702.0,0.0,0.0,262.0,0.0,0.36755742840151334,415.81364110364115,152.83539261832414,0.0,152.83539261832414,
13703.0,1.0,97.0,232.0,99.5,0.8772803701130605,264.7666164899561,232.27455530789143,0.0,232.27455530789143,
13705.0,4.0,251.0,441.0,347.78999999999996,1.3359471227124053,362.4003945926614,484.14776442590636,393.72,90.42776442590633,0.22967531348650394
13706.0,1.0,324.0,443.0,330.79,0.545794649891535,375.21290075707196,204.78919380349333,0.0,204.78919380349333,
13707.0,3.0,269.0,353.0,881.7866666666665,1.4506389957039123,757.2575145968265,1098.507280463981,0.0,1098.507280463981,
13708.0,0.0,0.0,88.0,0.0,0.7681436132475666,415.81364110364115,319.4045927149778,0.0,319.4045927149778,
13709.0,4.0,382.0,514.0,357.91499999999996,1.3199762618617648,370.3507058689969,488.85414031082445,5853.35,5364.495859689176,0.916483015655851
13710.0,1.0,189.0,429.0,101.04,0.526883072626257,265.5020018406905,139.88851051824517,180.48,40.59148948175482,0.22490851884837557
13711.0,7.0,506.0,541.0,237.96571428571428,2.1802781589937186,262.00663229357343,571.2473379011765,0.0,571.2473379011765,
13712.0,1.0,364.0,427.0,228.84,0.5708595677406371,326.5294354925449,186.40245239986842,0.0,186.40245239986842,
13713.0,2.0,175.0,400.0,246.39,0.8402024415722203,306.30105793131236,257.35489673004275,0.0,257.35489673004275,
13714.0,0.0,0.0,282.0,0.0,0.3467986583959542,415.81364110364115,144.20361287747954,0.0,144.20361287747954,
13715.0,15.0,357.0,455.0,509.01733333333334,4.297069654141953,502.68099587251015,2160.0552530776195,0.0,2160.0552530776195,
13716.0,0.0,0.0,86.0,0.0,0.7779131738024048,415.81364110364115,323.4669092612676,0.0,323.4669092612676,
13717.0,3.0,245.0,302.0,236.30333333333337,1.6661004171781357,284.2766390572479,473.633426927279,874.42,400.78657307272096,0.45834561546250197
13718.0,1.0,49.0,112.0,192.5,1.4885288503996816,309.1762513070333,460.2177699289413,0.0,460.2177699289413,
13719.0,7.0,366.0,388.0,244.24285714285716,2.9041420365727015,267.4352509117653,776.6699542342255,702.94,73.72995423422549,0.10488797654739448
13720.0,1.0,16.0,71.0,165.9,1.8918851218235424,296.47414070343916,560.895015802256,367.8,193.095015802256,0.5250000429642632
13721.0,0.0,0.0,212.0,0.0,0.43226434014170195,415.81364110364115,179.7414091935839,524.14,344.3985908064161,0.6570736650635634
13722.0,4.0,364.0,463.0,1014.7325,1.468573229624206,886.0942690042474,1301.2943223830675,911.94,389.3543223830675,0.4269516880310848
13723.0,4.0,394.0,428.0,222.2425,1.6167295427432655,263.81849780592415,426.5231593249869,0.0,426.5231593249869,
13724.0,0.0,0.0,454.0,0.0,0.2334614077169195,415.81364110364115,97.07643799995401,0.0,97.07643799995401,
13725.0,5.0,83.0,125.0,160.79000000000002,4.696883639570688,206.5768708758422,970.2675251304497,228.96,741.3075251304497,3.2377163047276802
13727.0,3.0,119.0,547.0,205.32333333333335,0.31457622183057476,261.5759018460374,82.28555892465172,333.48,251.1944410753483,0.7532518923933917
13728.0,12.0,532.0,547.0,183.16333333333333,3.6006688622331566,202.6034831257644,729.5080530709206,522.21,207.29805307092056,0.39696300927006484
13729.0,2.0,249.0,501.0,183.425,0.7143568240268363,265.6015442475783,189.73427560532326,0.0,189.73427560532326,
13731.0,1.0,27.0,63.0,302.47,2.0589473879997793,361.68945067083945,744.6995497257999,0.0,744.6995497257999,
13733.0,1.0,325.0,552.0,337.93,0.4393462376016764,378.62241465593144,166.34633335074528,0.0,166.34633335074528,
13734.0,2.0,94.0,419.0,3211.020000000001,0.5751200246727664,2222.587872069459,1278.2547918219786,0.0,1278.2547918219786,
13735.0,8.0,492.0,543.0,921.22,2.4415796611206013,860.413218155016,2100.7674136066103,1950.09,150.67741360661034,0.07726690235148652
13736.0,4.0,473.0,550.0,417.7625,1.2870818654305711,417.34391615151355,537.1557861263899,374.37,162.7857861263899,0.43482593724494456
13737.0,0.0,0.0,17.0,0.0,1.3893457969273326,415.81364110364115,577.7089345723941,0.0,577.7089345723941,
13738.0,0.0,0.0,213.0,0.0,0.4307473109530466,415.81364110364115,179.11060776298865,0.0,179.11060776298865,
13739.0,0.0,0.0,344.0,0.0,0.2951391626025476,415.81364110364115,122.7228898340449,216.9,94.1771101659551,0.4341959897001157
13740.0,4.0,497.0,554.0,321.52,1.2878709222234475,341.77277215025845,440.1592152600175,0.0,440.1592152600175,
13741.0,1.0,34.0,34.0,200.17,2.709749581736877,312.8388523720546,847.7149493662196,305.3,542.4149493662196,1.776662133528397
13742.0,6.0,136.0,137.0,281.14000000000004,5.546095713597862,301.9109231159241,1674.4268765816005,975.0,699.4268765816005,0.7173608990580518
13743.0,1.0,42.0,76.0,211.44,1.8901917154540993,318.2205360751563,601.4978209766227,988.44,386.9421790233773,0.3914675438300527
13744.0,0.0,0.0,109.0,0.0,0.6786962309247735,415.81364110364115,282.2111509841477,263.2,19.01115098414772,0.07223081680907188
13745.0,0.0,0.0,363.0,0.0,0.28225697369943104,415.81364110364115,117.3662999608551,300.04,182.67370003914493,0.6088311559763528
13746.0,0.0,0.0,230.0,0.0,0.4064976854764754,415.81364110364115,169.02728269817595,0.0,169.02728269817595,
13747.0,1.0,51.0,241.0,159.2,0.7780830598502401,293.2747369047895,228.19210466765273,0.0,228.19210466765273,
13748.0,6.0,506.0,555.0,287.97499999999997,1.8443147154729422,307.6917505374305,567.4804233458127,367.4,200.08042334581273,0.5445847124273618
13750.0,7.0,321.0,434.0,332.94571428571425,2.4201159201836244,344.1475374936429,832.876934380356,958.46,125.583065619644,0.131025880704092
13751.0,0.0,0.0,105.0,0.0,0.6940854396944081,415.81364110364115,288.6101939163535,0.0,288.6101939163535,
13752.0,4.0,343.0,344.0,222.8825,1.9583942379310295,264.3210360001814,517.6447938667154,294.75,222.89479386671542,0.7562164338141321
13753.0,3.0,449.0,553.0,484.1233333333333,0.9971441610471015,465.8678816551229,464.53743801178786,0.0,464.53743801178786,
13754.0,1.0,120.0,254.0,156.0,0.8274520701192309,291.74666344871804,241.40638062102033,126.6,114.80638062102034,0.9068434488232254
13756.0,13.0,541.0,541.0,426.7338461538462,3.9398834872331876,425.8861012882959,1677.941617907878,3477.71,1799.768382092122,0.5175153713484224
13757.0,0.0,0.0,491.0,0.0,0.21813152117344764,415.81364110364115,90.70206205860725,0.0,90.70206205860725,
13758.0,11.0,537.0,555.0,679.91,3.2701952803755203,656.0175669831697,2145.3055513917934,839.03,1306.2755513917934,1.5568877768277576
13760.0,3.0,337.0,410.0,304.54,1.2954116062512075,334.2773697922047,433.02678453594876,151.70000000000002,281.3267845359487,1.8544942948974863
13761.0,2.0,154.0,473.0,284.81,0.6311908994874371,331.13509772689815,209.00946018610125,1070.65,861.6405398138988,0.8047826458823133
13762.0,4.0,480.0,515.0,506.28,1.3804728102063375,486.849267104898,672.0821759071944,0.0,672.0821759071944,
13763.0,1.0,18.0,252.0,306.0,0.6468422364141491,363.37510670206825,235.04636667639588,1714.96,1479.9136333236042,0.8629435283176309
13764.0,2.0,305.0,459.0,489.075,0.8287726569434747,463.1685474625915,383.8614276932218,1018.87,635.0085723067782,0.6232478847220727
13765.0,0.0,0.0,470.0,0.0,0.22657548971313257,415.81364110364115,94.21317936245823,0.0,94.21317936245823,
13766.0,0.0,0.0,312.0,0.0,0.3197179791281879,415.81364110364115,132.94309702758974,0.0,132.94309702758974,
13767.0,45.0,535.0,555.0,541.4146666666667,12.789189398984194,538.4332654215726,6886.1250101900205,9979.07,3092.9449898099792,0.30994321011977866
13768.0,1.0,4.0,547.0,356.55,0.17495125507511358,387.51389207844727,67.79604177816647,0.0,67.79604177816647,
13769.0,13.0,516.0,540.0,325.9746153846154,3.9175036152951312,332.9488958518044,1304.328503207966,1348.5,44.17149679203408,0.03275602283428556
13770.0,3.0,308.0,547.0,203.68,0.9026503797102987,260.3717418024473,235.0246516038109,0.0,235.0246516038109,
13771.0,5.0,453.0,469.0,737.932,1.8291317841366397,680.0989628678391,1243.9906293399285,1169.6,74.39062933992864,0.06360347925780492
13772.0,4.0,415.0,471.0,411.9775,1.4797938628733334,412.80144200498523,610.8610404642394,903.71,292.8489595357606,0.3240519187966943
13773.0,1.0,263.0,476.0,210.14,0.4967872581810516,317.59975623362726,157.77951209827404,0.0,157.77951209827404,
13775.0,0.0,0.0,407.0,0.0,0.2563486290813864,415.81364110364115,106.59325685025803,0.0,106.59325685025803,
13777.0,35.0,553.0,554.0,1020.216,10.10805433778362,1001.8944416006324,10127.203456422572,14620.840000000002,4493.63654357743,0.30734462203111645
13778.0,2.0,74.0,382.0,296.54,0.5843520035362421,338.7171718237806,197.93005798735575,178.7,19.230057987355764,0.10761084492084927
13779.0,0.0,0.0,332.0,0.0,0.3038997556826965,415.81364110364115,126.365663940929,0.0,126.365663940929,
13780.0,0.0,0.0,224.0,0.0,0.4147377563909118,415.81364110364115,172.45361658805996,360.01000000000005,187.5563834119401,0.5209754823808785
13781.0,2.0,471.0,538.0,232.195,0.7506763425907553,297.1256494227663,223.04519579858515,0.0,223.04519579858515,
13782.0,8.0,499.0,550.0,138.8275,2.414974150743049,172.15243855627745,415.743689100791,550.7,134.95631089920903,0.24506321209226262
13783.0,3.0,186.0,490.0,351.06999999999994,0.7636136996029763,368.3724408844455,281.2942424155501,0.0,281.2942424155501,
13784.0,8.0,265.0,267.0,135.83499999999998,4.475700448684447,169.5199741820034,758.7206245073685,1434.36,675.6393754926314,0.4710389131686825
13785.0,2.0,32.0,277.0,231.13,0.6778064469681975,296.43725139095216,200.92708011431964,0.0,200.92708011431964,
13786.0,5.0,369.0,553.0,527.17,1.4048949117238552,507.17711148218825,712.5305432641287,0.0,712.5305432641287,
13787.0,4.0,330.0,511.0,213.88,1.2565232211822561,257.2521296036175,323.2432745455327,202.64,120.60327454553271,0.5951602573308958
13788.0,0.0,0.0,322.0,0.0,0.31160804043627394,415.81364110364115,129.57087389097768,0.0,129.57087389097768,
13789.0,0.0,0.0,205.0,0.0,0.44319087552676806,415.81364110364115,184.284811656696,0.0,184.284811656696,
13792.0,1.0,135.0,239.0,74.60000000000001,0.8847500925156383,252.8762949099,223.73232531654585,120.95,102.78232531654585,0.8497918587560632
13793.0,0.0,0.0,463.0,0.0,0.2295374124713844,415.81364110364115,95.44478724923468,0.0,95.44478724923468,
13794.0,0.0,0.0,363.0,0.0,0.28225697369943104,415.81364110364115,117.3662999608551,0.0,117.3662999608551,
13795.0,3.0,249.0,454.0,204.6,1.0570453000832138,261.0458760256337,275.9373163590014,0.0,275.9373163590014,
13796.0,0.0,0.0,316.0,0.0,0.31642381481928666,415.81364110364115,131.57333857191188,0.0,131.57333857191188,
13797.0,2.0,211.0,464.0,412.48,0.7439051354675693,413.6588317378935,307.7229292613341,0.0,307.7229292613341,
13798.0,74.0,545.0,548.0,824.3343243243243,21.380309140664647,818.382077092874,17497.261803424895,14352.13,3145.131803424896,0.21914042051074623
13799.0,7.0,350.0,461.0,296.8728571428572,2.3330285977436347,312.95089463338735,730.1233868691477,347.15999999999997,382.9633868691477,1.1031322354797435
13800.0,2.0,427.0,553.0,600.4300000000001,0.721145560235585,535.1465407326972,385.9185519248162,0.0,385.9185519248162,
13802.0,16.0,407.0,478.0,1524.124375,4.970937055018195,1453.1850192945449,7223.691260208582,1468.36,5755.3312602085825,3.9195641805882637
13803.0,2.0,363.0,435.0,452.68999999999994,0.8979331236046876,439.64989733342975,394.77620560508683,0.0,394.77620560508683,
13804.0,2.0,147.0,253.0,376.815,1.332282843413584,390.60557746122595,520.397109393247,1912.16,1391.762890606753,0.7278485537856418
13807.0,2.0,368.0,552.0,213.425,0.7047806569639737,284.9930381014975,200.8575806233322,0.0,200.8575806233322,
13809.0,2.0,155.0,277.0,276.325,1.229388280129251,325.65053688188135,400.3509534603834,0.0,400.3509534603834,
13811.0,1.0,56.0,56.0,297.0,2.242603449585219,359.07740010686723,805.2682161477524,0.0,805.2682161477524,
13813.0,3.0,206.0,550.0,323.82,0.6668462962344975,348.4048782955016,232.33250268138613,1168.86,936.5274973186138,0.8012315395501718
13814.0,0.0,0.0,344.0,0.0,0.2951391626025476,415.81364110364115,122.7228898340449,1579.12,1456.397110165955,0.9222840000544322
13815.0,4.0,347.0,482.0,826.8824999999999,1.3829712425669836,738.5914568304597,1021.4507448021795,2745.35,1723.8992551978204,0.6279342361439599
13817.0,0.0,0.0,168.0,0.0,0.5115627437642929,415.81364110364115,212.71476713759964,218.28,5.565232862400364,0.02549584415613141
13818.0,0.0,0.0,246.0,0.0,0.38604661704910276,415.81364110364115,160.52344947093042,0.0,160.52344947093042,
13819.0,5.0,437.0,555.0,404.05,1.5137389407876143,406.16204072654295,614.8232973175329,0.0,614.8232973175329,
13820.0,2.0,262.0,497.0,212.765,0.7322915985321964,284.56642523671127,208.38560242518406,0.0,208.38560242518406,
13821.0,4.0,443.0,521.0,246.51,1.3470915570956399,282.87372535145187,381.05680714513164,115.49,265.56680714513163,2.299478804616258
13823.0,4.0,344.0,541.0,513.56,1.1839616370610808,492.56563906457416,583.1788203869306,957.66,374.48117961306934,0.39103771653099156
13824.0,9.0,434.0,454.0,305.76,3.216096603576533,317.6891100682486,1021.7188678837458,465.96,555.7588678837458,1.1927179755424195
13825.0,1.0,109.0,547.0,112.23,0.352136185142918,270.84548370739043,95.37449539590881,0.0,95.37449539590881,
13829.0,0.0,0.0,238.0,0.0,0.39600787846254837,415.81364110364115,164.6654778492404,0.0,164.6654778492404,
13830.0,0.0,0.0,398.0,0.0,0.26125341773935395,415.81364110364115,108.63273488097136,0.0,108.63273488097136,
13831.0,14.0,529.0,546.0,355.88,4.175978697485433,360.22445442205407,1504.2896479798098,1105.0,399.28964797980984,0.36134809771928494
13832.0,0.0,0.0,239.0,0.0,0.39473465476981506,415.81364110364115,164.13605406962557,52.2,111.93605406962557,2.1443688519085358
13833.0,0.0,0.0,221.0,0.0,0.41898456610036205,415.81364110364115,174.21949799642076,384.8,210.58050200357926,0.5472466268284284
13834.0,1.0,93.0,486.0,121.74,0.3921621898668395,275.3867270096529,107.99626192436699,0.0,107.99626192436699,
13835.0,3.0,430.0,462.0,154.9,1.1892434003924819,224.62797288176154,267.1373342931763,506.12,238.9826657068237,0.47218577749708307
13836.0,1.0,15.0,231.0,299.5,0.7027163197050498,360.2712074944231,253.16845702617533,0.0,253.16845702617533,
13837.0,1.0,106.0,134.0,157.54000000000002,1.3765169776119097,292.48204879945246,402.6065058191614,0.0,402.6065058191614,
13838.0,3.0,210.0,396.0,424.01,1.177647453254796,421.8195607096776,496.75473140280866,453.62,43.134731402808654,0.09509001235132634
13839.0,0.0,0.0,303.0,0.0,0.3273869348640501,415.81364110364115,136.1319534355813,0.0,136.1319534355813,
13840.0,0.0,0.0,233.0,0.0,0.40249942127263055,415.81364110364115,167.36474990148085,0.0,167.36474990148085,
13841.0,0.0,0.0,69.0,0.0,0.8722632972582496,415.81364110364115,362.6989776340205,0.0,362.6989776340205,
13842.0,12.0,462.0,478.0,309.0516666666667,4.0444489973138555,317.97264680669537,1286.0241525505717,1557.15,271.1258474494284,0.17411671801010076
13843.0,0.0,0.0,198.0,0.0,0.45468523386735527,415.81364110364115,189.0643226504456,0.0,189.0643226504456,
13846.0,2.0,157.0,216.0,331.965,1.5566011248572305,361.6152941496168,562.8907736388717,201.13,361.7607736388717,1.798641543473732
13847.0,0.0,0.0,536.0,0.0,0.20200085921646327,415.81364110364115,83.9947127768616,0.0,83.9947127768616,
13848.0,6.0,433.0,547.0,422.5,1.7963189655393028,421.46875256788474,757.092313619883,320.0,437.09231361988304,1.3659134800621344
13849.0,2.0,227.0,441.0,710.8499999999999,0.809499594852439,606.5201657776888,490.9778284668733,1537.9499999999998,1046.9721715331266,0.6807582636191858
13851.0,4.0,391.0,496.0,500.50500000000005,1.3839334185174608,482.3146451176549,667.4913556187121,2405.1400000000003,1737.6486443812882,0.7224729722100535
13852.0,0.0,0.0,427.0,0.0,0.2460824904882045,415.81364110364115,102.32445638175244,0.0,102.32445638175244,
13854.0,28.0,504.0,517.0,324.11821428571426,8.586919516867606,327.5665942306883,2812.7879810733493,2949.98,137.1920189266507,0.04650608442316581
13855.0,3.0,231.0,548.0,332.2966666666667,0.7479221658117016,354.61619470696144,265.2253123771346,0.0,265.2253123771346,
13856.0,9.0,436.0,436.0,96.10555555555555,3.349693069872217,130.7598650719536,438.0054138489492,169.5,268.5054138489492,1.5841027365719718
13857.0,4.0,178.0,388.0,196.565,1.2558918903222802,243.65611580117334,306.00573986212,0.0,306.00573986212,
13859.0,1.0,203.0,346.0,201.16,0.6581026720726566,313.3116000975267,206.19120121554192,0.0,206.19120121554192,
13861.0,1.0,101.0,347.0,144.82999999999998,0.592499997426029,286.41273204111855,169.69954299714468,0.0,169.69954299714468,
13862.0,4.0,202.0,206.0,288.1275,2.9164386755593146,315.5524492569223,920.2893671803562,1056.85,136.56063281964373,0.1292147729759604
13863.0,3.0,346.0,410.0,311.6766666666667,1.3005810983325543,339.50679505250184,441.5561204007482,0.0,441.5561204007482,
13864.0,0.0,0.0,203.0,0.0,0.44641513332960087,415.81364110364115,185.62550203354877,0.0,185.62550203354877,
13865.0,1.0,103.0,106.0,159.22,1.6107928604569723,293.28428736389,472.42023616996505,219.04,253.38023616996506,1.1567760964662392
13867.0,0.0,0.0,35.0,0.0,1.1523724680002014,415.81364110364115,479.17219182675296,876.44,397.2678081732471,0.45327439205564224
13869.0,8.0,429.0,508.0,666.6500000000001,2.5335530171498992,636.4712112180237,1612.5335575104746,1519.99,92.54355751047456,0.06088431996952253
13870.0,6.0,382.0,486.0,478.93833333333333,1.9884944816721155,469.2025148147691,933.0066114958472,2226.91,1293.9033885041526,0.5810308402693206
13871.0,8.0,513.0,536.0,415.54125,2.495995664638095,415.5740220973907,1037.270957491303,4007.52,2970.249042508697,0.7411688631644252
13872.0,2.0,198.0,542.0,333.725,0.5858857655011833,362.75292845571335,212.5317771760716,0.0,212.5317771760716,
13873.0,6.0,428.0,463.0,121.695,2.164913849982071,167.0573710717258,361.6648163747734,159.20000000000002,202.4648163747734,1.271763921952094
13874.0,6.0,315.0,490.0,316.4666666666667,1.7233350567236256,331.78910356611937,571.7837936143992,0.0,571.7837936143992,
13875.0,10.0,538.0,539.0,393.087,3.0793428081265644,395.328375220148,1217.3515890825227,718.9100000000001,498.44158908252257,0.6933296088279792
13877.0,1.0,219.0,506.0,177.61,0.4536319281158271,302.0659345067507,137.02675228840647,117.24,19.786752288406475,0.16877134329927052
13878.0,2.0,57.0,421.0,282.175,0.40076126243410626,329.4318781833956,132.02353538681632,1281.53,1149.5064646131837,0.8969797543664086
13879.0,0.0,0.0,462.0,0.0,0.22996688170095234,415.81364110364115,95.62336641332331,0.0,95.62336641332331,
13880.0,9.0,376.0,379.0,253.9877777777778,3.765556861343789,271.5286652590528,1022.4566285177472,1880.2,857.7433714822529,0.4561979424966774
13881.0,19.0,432.0,462.0,1505.4494736842105,6.413104973187923,1446.118030773765,9274.106734971958,13590.06,4315.953265028042,0.31758161958284525
13883.0,9.0,431.0,466.0,575.8133333333333,3.12533964164746,558.4703911066744,1745.4096520120506,931.7,813.7096520120506,0.8733601502758941
13884.0,5.0,193.0,287.0,208.546,2.5093982562932866,245.75877242722777,616.7066349976641,591.35,25.35663499766406,0.042879233952251725
13885.0,1.0,11.0,17.0,107.65,3.212477073582923,268.65842857338816,863.0590424168247,0.0,863.0590424168247,
13887.0,0.0,0.0,21.0,0.0,1.3285601613459879,415.81364110364115,552.4334381145162,0.0,552.4334381145162,
13888.0,3.0,357.0,392.0,505.00666666666666,1.3643719056237948,481.17024001839314,656.4951573033537,366.11,290.3851573033537,0.7931636866060848
13889.0,4.0,304.0,503.0,313.7375,1.2299158212530739,335.66182918649747,412.83579430721994,416.9,4.064205692780035,0.009748634427392745
13890.0,4.0,375.0,550.0,255.0675,1.2051028634557697,289.59321065982124,348.98960740350054,1693.46,1344.4703925964996,0.7939191906490259
13891.0,2.0,204.0,399.0,232.58,0.8828168472305189,297.3745069272249,262.5272246522228,0.0,262.5272246522228,
13892.0,2.0,329.0,392.0,81.97999999999999,0.9816653634546041,200.02920778055068,196.3617449574308,578.4499999999999,382.08825504256913,0.6605380846098525
13893.0,0.0,0.0,114.0,0.0,0.6603966120630489,415.81364110364115,274.60191983444514,0.0,274.60191983444514,
13894.0,0.0,0.0,127.0,0.0,0.6171462552017364,415.81364110364115,256.61783146891094,403.77,147.15216853108905,0.36444552228023147
13895.0,1.0,221.0,553.0,584.4499999999999,0.41265577492744515,496.34137352803737,204.81813412176479,2593.07,2388.2518658782355,0.921013264539035
13896.0,0.0,0.0,442.0,0.0,0.23890711088085909,415.81364110364115,99.34083566092134,0.0,99.34083566092134,
13897.0,1.0,239.0,494.0,366.89,0.471819526316549,392.45147943337827,185.1662711284854,311.16,125.99372887151463,0.40491621311066534
13898.0,1.0,86.0,228.0,155.93,0.8789776501771155,291.7132368418665,256.40941544482416,0.0,256.40941544482416,
13899.0,0.0,0.0,91.0,0.0,0.7539426943197899,415.81364110364115,313.49965690860137,90.02,223.47965690860138,2.4825556199578025
13900.0,4.0,432.0,441.0,335.39750000000004,1.5876227738795574,352.6696061983913,559.9062984557012,8.5,551.4062984557012,64.8713292300825
13901.0,8.0,447.0,520.0,397.29125,2.4982298175406723,399.5197280855271,998.0920973990053,2218.9,1220.8079026009948,0.5501860843665757
13902.0,4.0,92.0,541.0,8416.4,0.09597427737749373,6698.001487664504,642.8358526519787,0.0,642.8358526519787,
13903.0,0.0,0.0,217.0,0.0,0.42478438188081136,415.81364110364115,176.63114051381973,0.0,176.63114051381973,
13904.0,0.0,0.0,111.0,0.0,0.6712555989097831,415.81364110364115,279.11723469388227,131.52,147.59723469388226,1.1222417479765985
13905.0,0.0,0.0,549.0,0.0,0.197775959117483,415.81364110364115,82.23794168340548,0.0,82.23794168340548,
13906.0,0.0,0.0,226.0,0.0,0.41195413557072036,415.81364110364115,171.29614907936426,0.0,171.29614907936426,
13907.0,0.0,0.0,508.0,0.0,0.21174363914337274,415.81364110364115,88.04589357274128,0.0,88.04589357274128,
13908.0,1.0,62.0,93.0,335.11,1.706307868751202,377.27579992276844,643.748666097624,1538.44,894.6913339023761,0.5815575088416682
13909.0,1.0,98.0,338.0,174.14,0.6061626274059543,300.4089298528232,182.09666621579834,0.0,182.09666621579834,
13911.0,15.0,451.0,465.0,214.45,5.13007567493639,228.13945748660257,1170.3726813452045,877.0,293.37268134520446,0.3345184507927075
13912.0,0.0,0.0,240.0,0.0,0.39346960457304525,415.81364110364115,163.61002894112784,0.0,163.61002894112784,
13913.0,0.0,0.0,323.0,0.0,0.31081964155956987,415.81364110364115,129.24304688341337,0.0,129.24304688341337,
13915.0,0.0,0.0,211.0,0.0,0.4337921118973573,415.81364110364115,180.37667753007827,0.0,180.37667753007827,
13916.0,3.0,212.0,492.0,303.77,0.8476518743216663,333.7131487575813,282.8725760301488,0.0,282.8725760301488,
13917.0,0.0,0.0,8.0,0.0,1.5490327120042413,415.81364110364115,644.1089321671316,206.66,437.4489321671316,2.1167566639268927
13918.0,0.0,0.0,70.0,0.0,0.8660810510693226,415.81364110364115,360.12831533600365,1014.64,654.5116846639963,0.6450678907435113
13919.0,1.0,116.0,357.0,322.6,0.5890208918690921,371.3019877554391,218.70462798047544,348.81,130.10537201952457,0.37299782695313943
13920.0,3.0,131.0,379.0,417.01,0.9216098638822948,416.69027857673785,384.02587092018285,0.0,384.02587092018285,
13921.0,3.0,319.0,538.0,209.3166666666667,0.9370790116753008,264.50203517711446,247.85930570987603,0.0,247.85930570987603,
13922.0,2.0,116.0,284.0,221.0,1.1151899476835485,289.8893902996121,323.28173400224017,0.0,323.28173400224017,
13927.0,0.0,0.0,254.0,0.0,0.37657488777227377,415.81364110364115,156.5849752327842,348.99,192.40502476721582,0.5513195930176102
13929.0,7.0,368.0,511.0,412.08571428571435,2.049509137746642,412.5896435952802,845.6062446881572,429.7999999999999,415.8062446881573,0.967441239386127
13931.0,6.0,456.0,553.0,530.3933333333333,1.8050896769661915,512.7215309045444,925.5083425940952,859.32,66.18834259409516,0.07702409183318805
13932.0,0.0,0.0,111.0,0.0,0.6712555989097831,415.81364110364115,279.11723469388227,0.0,279.11723469388227,
13934.0,0.0,0.0,80.0,0.0,0.8087791743752968,415.81364110364115,336.30141334578883,0.0,336.30141334578883,
13935.0,2.0,56.0,469.0,1898.445,0.30824781950208624,1374.1615372258602,423.5822974935063,0.0,423.5822974935063,
13936.0,1.0,32.0,231.0,154.9,0.7638003001603091,291.2213881981935,222.43498371888205,376.58,154.14501628111793,0.40932873833214173
13937.0,0.0,0.0,219.0,0.0,0.42186450663291003,415.81364110364115,175.4170165554215,158.85,16.567016555421503,0.1042934627347907
13939.0,4.0,301.0,429.0,252.8825,1.5181068958388964,287.8775138559899,437.02883894173567,384.05,52.97883894173566,0.13794776446227225
13941.0,10.0,426.0,540.0,734.72,2.7906028627459922,703.2684182586307,1962.5428612713808,2994.0,1031.4571387286192,0.3445080623676083
13942.0,0.0,0.0,351.0,0.0,0.2902584234732097,415.81364110364115,120.6934119253979,0.0,120.6934119253979,
13943.0,0.0,0.0,394.0,0.0,0.26349413461126553,415.81364110364115,109.56445552216329,0.0,109.56445552216329,
13944.0,0.0,0.0,470.0,0.0,0.22657548971313257,415.81364110364115,94.21317936245823,0.0,94.21317936245823,
13945.0,1.0,85.0,296.0,338.5,0.680430004426042,378.89460274029415,257.81125621958176,0.0,257.81125621958176,
13946.0,4.0,534.0,552.0,380.1075,1.304943106021773,387.7766103628312,506.02641436946783,75.6,430.4264143694678,5.693471089543225
13948.0,3.0,375.0,552.0,131.03666666666666,0.9593090966389763,207.14200583903983,198.7132104974349,0.0,198.7132104974349,
13950.0,0.0,0.0,63.0,0.0,0.9113036597761627,415.81364110364115,378.9324929226,565.75,186.81750707740002,0.33021212033124175
13951.0,1.0,58.0,111.0,303.49,1.513701985219034,362.17652408496224,548.2273235071366,158.4,389.8273235071366,2.4610310827470743
13952.0,10.0,506.0,540.0,1159.673,3.0429861825790594,1086.311172059734,3305.6298865590334,0.0,3305.6298865590334,
13953.0,7.0,518.0,545.0,625.0,2.1719515973739782,596.7228522560262,1296.0531521470325,1765.68,469.62684785296756,0.2659750622156719
13955.0,1.0,70.0,192.0,205.1,1.0023747944447903,315.19304054031466,315.94155922202634,117.86,198.08155922202633,1.6806512745802336
13956.0,1.0,28.0,88.0,173.95,1.6963907656181902,300.31820049136894,509.4570220606305,732.75,223.2929779393695,0.30473282557402864
13957.0,2.0,241.0,475.0,177.70499999999998,0.7543145157257836,261.9042327527644,197.55816449543437,0.0,197.55816449543437,
13958.0,4.0,355.0,551.0,974.42,1.1722841153030785,854.4402518855047,1001.6467347609386,0.0,1001.6467347609386,
13959.0,4.0,230.0,328.0,193.0425,1.9086543177208455,240.89019269293715,459.776106379981,260.76,199.016106379981,0.7632156250191019
13961.0,0.0,0.0,209.0,0.0,0.43688034351271215,415.81364110364115,181.66080636263035,0.0,181.66080636263035,
13962.0,1.0,190.0,252.0,117.6,0.8708069062681444,273.40978197586037,238.08712638584683,51.95,186.13712638584684,3.5830053202280427
13963.0,16.0,289.0,414.0,169.15875,2.675492214564518,184.94632520012232,494.82245318524474,0.0,494.82245318524474,
13964.0,1.0,43.0,247.0,133.25,0.7403876853033817,280.8830162219599,207.96232622160912,0.0,207.96232622160912,
13965.0,2.0,227.0,520.0,204.15,0.659733746268872,278.99783458499417,184.0642866116613,0.0,184.0642866116613,
13966.0,0.0,0.0,252.0,0.0,0.3788989145915911,415.81364110364115,157.55133728654704,0.0,157.55133728654704,
13967.0,0.0,0.0,213.0,0.0,0.4307473109530466,415.81364110364115,179.11060776298865,80.7,98.41060776298865,1.21946230189577
13968.0,0.0,0.0,240.0,0.0,0.39346960457304525,415.81364110364115,163.61002894112784,0.0,163.61002894112784,
13969.0,20.0,406.0,441.0,272.903,6.960967639717852,280.31568765945786,1951.268430702743,7546.86,5595.591569297257,0.741446319303294
13970.0,1.0,51.0,254.0,558.0,0.7370002697879702,483.7108913676967,356.495057437372,0.0,356.495057437372,
13971.0,8.0,468.0,499.0,327.07625,2.647557315908846,337.7524812886503,894.2190528021317,1783.74,889.5209471978683,0.49868307443790477
13972.0,0.0,0.0,18.0,0.0,1.373629231958884,415.81364110364115,571.1737724672217,44.349999999999994,526.8237724672217,11.878777282237245
13973.0,0.0,0.0,104.0,0.0,0.6980428145407143,415.81364110364115,290.25572436040807,0.0,290.25572436040807,
13974.0,0.0,0.0,399.0,0.0,0.2606991850955331,415.81364110364115,108.40227738732571,413.59,305.1877226126743,0.737899181829044
13975.0,7.0,460.0,492.0,462.93,2.3683880121056218,456.56096021796276,1081.3135049756547,1564.67,483.35649502434535,0.3089191299279371
13976.0,3.0,462.0,485.0,305.65000000000003,1.1432633466907898,335.0907273875709,383.09694643816533,0.0,383.09694643816533,
13977.0,0.0,0.0,228.0,0.0,0.40920769222991166,415.81364110364115,170.15414047373773,0.0,170.15414047373773,
13979.0,4.0,343.0,553.0,584.07,1.1448440032898892,547.9312141850095,627.295764775056,869.87,242.574235224944,0.27886262915716603
13980.0,3.0,217.0,473.0,127.62666666666668,0.9213498946298465,204.64331268570777,188.54809457967957,200.14,11.591905420320415,0.05791898381293303
13981.0,0.0,0.0,232.0,0.0,0.4038233939983716,415.81364110364115,167.91527582129314,0.0,167.91527582129314,
13982.0,6.0,362.0,505.0,440.355,1.8341141016985547,436.5699484144096,800.7190987646793,968.01,167.2909012353207,0.17281939363779372
13983.0,14.0,543.0,547.0,429.295,4.18529423627848,428.3177667100802,1792.6358803073692,922.37,870.2658803073692,0.9435106088742795
13984.0,8.0,483.0,549.0,198.2275,2.3993335454024867,224.40586673735675,538.4245238480602,203.28,335.1445238480602,1.6486841983867582
13985.0,9.0,484.0,485.0,433.52,3.056671721776066,431.6007440620373,1319.2617894719388,5894.83,4575.568210528061,0.7762001975507455
13987.0,1.0,21.0,217.0,305.08,0.7780614259361419,362.9357855834477,282.38633485431114,0.0,282.38633485431114,
13988.0,3.0,425.0,442.0,551.9066666666666,1.2395930972069238,515.5364303090894,639.0554003698455,2791.88,2152.824599630155,0.771102124600683
13989.0,3.0,324.0,380.0,431.6566666666667,1.388753842269666,427.42269081108896,593.5849041371392,369.41,224.1749041371392,0.606845792309735
13990.0,0.0,0.0,30.0,0.0,1.2096231944162108,415.81364110364115,502.9778248336222,0.0,502.9778248336222,
13992.0,1.0,83.0,280.0,66.8,0.7175657780992379,249.15161586072577,178.78267309978412,76.8,101.98267309978412,1.3278993893201059
13993.0,12.0,531.0,553.0,353.785,3.5583420329365856,358.9680839427311,1277.3312215761284,1973.54,696.2087784238715,0.3527715569098531
13995.0,9.0,476.0,538.0,297.23,2.7259563947858303,310.0837074542301,845.2746652537571,1083.24,237.9653347462429,0.21967923520756516
13996.0,1.0,13.0,216.0,403.38,0.7488726406741953,409.87629206214325,306.9451411863249,0.0,306.9451411863249,
13997.0,1.0,31.0,367.0,238.76,0.4355082705972852,331.2664632063665,144.26928449788386,0.0,144.26928449788386,
13998.0,2.0,130.0,393.0,151.32500000000002,0.7639702163666097,244.85264582388484,187.06012880801012,0.0,187.06012880801012,
13999.0,20.0,520.0,551.0,324.836,5.799852787076351,329.5549546718671,1911.3702223484488,2654.99,743.619777651551,0.28008383370617257
14000.0,4.0,526.0,554.0,463.585,1.2979250960336777,453.3244730364397,588.3812102002373,0.0,588.3812102002373,
14001.0,6.0,261.0,310.0,549.2633333333333,2.9720055420439846,528.6811817375841,1571.2434020984629,733.94,837.3034020984628,1.140833585985861
14003.0,0.0,0.0,549.0,0.0,0.197775959117483,415.81364110364115,82.23794168340548,0.0,82.23794168340548,
14004.0,2.0,147.0,252.0,867.3399999999999,1.3374419569671057,707.6726615510158,946.4711093569108,3682.62,2736.148890643089,0.7429897438897006
14005.0,0.0,0.0,32.0,0.0,1.1860486013105702,415.81364110364115,493.175187436829,2687.56,2194.384812563171,0.816497050321917
14006.0,5.0,411.0,469.0,313.182,1.8020431826527876,331.6084552049057,597.5727560120225,300.1,297.4727560120225,0.9912454382273325
14007.0,0.0,0.0,329.0,0.0,0.30617185773939815,415.81364110364115,127.31043497008518,0.0,127.31043497008518,
14008.0,0.0,0.0,249.0,0.0,0.38243932247498824,415.81364110364115,159.02348717953447,0.0,159.02348717953447,
14009.0,2.0,264.0,279.0,347.805,1.3117640706077487,371.8540029044861,487.78472052177426,0.0,487.78472052177426,
14010.0,0.0,0.0,382.0,0.0,0.27045319039465876,415.81364110364115,112.45812584609936,0.0,112.45812584609936,
14011.0,1.0,127.0,424.0,165.48000000000002,0.49682986574845317,296.27358106232975,147.19756350401076,0.0,147.19756350401076,
14012.0,0.0,0.0,94.0,0.0,0.740259353832389,415.81364110364115,307.8099372780743,0.0,307.8099372780743,
14013.0,2.0,348.0,440.0,277.925,0.883296708004018,326.6847498874237,288.55956413067736,354.52,65.96043586932262,0.18605561285490982
14014.0,1.0,200.0,393.0,1166.37,0.580545487761196,774.2215315146344,449.47081664838356,505.18,55.709183351616446,0.11027590829331416
14016.0,9.0,493.0,517.0,1015.152222222222,2.8732192674368724,950.187757342968,2730.097772080447,976.58,1753.5177720804472,1.7955700219955837
14017.0,0.0,0.0,388.0,0.0,0.2669282764289204,415.81364110364115,110.99241853542863,0.0,110.99241853542863,
14018.0,0.0,0.0,462.0,0.0,0.22996688170095234,415.81364110364115,95.62336641332331,0.0,95.62336641332331,
14020.0,1.0,53.0,346.0,301.53,0.5238093253142091,361.2405790931184,189.22118401088053,642.8,453.57881598911945,0.705629769740385
14021.0,5.0,381.0,409.0,257.058,2.046092938198541,285.56094195693754,584.2842267634134,130.2,454.08422676341337,3.487590067307323
14022.0,1.0,261.0,303.0,440.0,0.759948294707579,427.3631826750611,324.7739218947163,0.0,324.7739218947163,
14023.0,0.0,0.0,67.0,0.0,0.884897785482134,415.81364110364115,367.9525701858749,310.93,57.02257018587488,0.18339359401111144
14024.0,0.0,0.0,207.0,0.0,0.4400129431893274,415.81364110364115,182.9633840402838,327.7,144.73661595971618,0.4416741408596771
14025.0,7.0,119.0,400.0,546.35,0.13945701914743647,528.704509510338,73.73155490611921,0.0,73.73155490611921,
14026.0,1.0,155.0,442.0,326.58,0.4933657268754155,373.2025291164279,184.12533704926986,0.0,184.12533704926986,
14028.0,0.0,0.0,367.0,0.0,0.27968704815074447,415.81364110364115,116.29768986109048,0.0,116.29768986109048,
14030.0,12.0,486.0,546.0,549.1725,3.5195505132782,538.0290967612971,1893.6205836648296,925.07,968.5505836648296,1.0470024794500195
14031.0,31.0,540.0,553.0,939.0558064516129,8.948446942568333,921.2176507517206,8243.467270309218,9382.3,1138.832729690781,0.121380975847157
14032.0,9.0,519.0,542.0,344.54999999999995,2.758951650300689,352.2745224243778,971.9083750016241,1440.02,468.1116249983759,0.32507300245717136
14033.0,0.0,0.0,372.0,0.0,0.2765397658143237,415.81364110364115,114.98900693320218,0.0,114.98900693320218,
14035.0,5.0,345.0,429.0,382.9899999999999,1.907857844211501,388.88314704465614,741.9337625708018,727.44,14.493762570801778,0.019924340936437062
14036.0,0.0,0.0,101.0,0.0,0.7101914553863702,415.81364110364115,295.3072949449007,0.0,295.3072949449007,
14037.0,4.0,368.0,549.0,145.805,1.198312619548021,203.7985552691453,244.21438062467166,35.400000000000006,208.81438062467166,5.898711317081119
14038.0,2.0,466.0,490.0,760.635,0.821364805544123,638.7003498282678,524.6059886376586,844.06,319.45401136234136,0.3784731077913198
14039.0,0.0,0.0,392.0,0.0,0.2646289802825371,415.81364110364115,110.03633983282542,152.2,42.16366016717457,0.2770279905859039
14040.0,25.0,523.0,555.0,393.86800000000005,7.1414022301211375,394.78819155389624,2819.3412715884856,2165.54,653.8012715884856,0.3019114269828706
14041.0,0.0,0.0,83.0,0.0,0.7930446360746147,415.81364110364115,329.75877768389756,0.0,329.75877768389756,
14042.0,0.0,0.0,542.0,0.0,0.20002868383366348,415.81364110364115,83.17465535004465,0.0,83.17465535004465,
14043.0,1.0,238.0,546.0,139.94,0.42406874108097065,284.07764479105936,120.46844919579169,0.0,120.46844919579169,
14044.0,5.0,375.0,501.0,479.02,1.627899473264497,467.67194857702,761.3229187491116,479.08,282.24291874911165,0.5891352566358681
14045.0,12.0,363.0,517.0,875.7524999999999,2.5176970811277277,837.3202262669575,2108.118689641528,408.0,1700.118689641528,4.166957572650804
14046.0,0.0,0.0,101.0,0.0,0.7101914553863702,415.81364110364115,295.3072949449007,0.0,295.3072949449007,
14047.0,9.0,477.0,493.0,339.34444444444443,3.0013783038712587,347.6332157620517,1043.3787914932182,672.69,370.6887914932181,0.5510544106396974
14048.0,1.0,77.0,199.0,409.93,0.9811299539584821,413.00406741753955,405.2106616500364,0.0,405.2106616500364,
14049.0,7.0,417.0,434.0,1392.9957142857145,2.6491096563285343,1260.9033445828586,3340.271225831396,2623.26,717.0112258313957,0.2733283112735282
14051.0,22.0,523.0,553.0,533.8422727272728,6.34290180151983,528.2503838065894,3350.640311100358,9776.91,6426.269688899642,0.657290461802312
14052.0,0.0,0.0,207.0,0.0,0.4400129431893274,415.81364110364115,182.9633840402838,225.36,42.3966159597162,0.18812839882728166
14053.0,1.0,89.0,303.0,141.25,0.6690891418341507,284.7031998621386,190.491819673195,260.25,69.75818032680499,0.2680429599492987
14055.0,1.0,146.0,540.0,521.0,0.38727565230505995,466.0425420318703,180.48692946730088,725.6400000000001,545.1530705326992,0.7512720777971158
14056.0,10.0,100.0,101.0,309.636,10.717770036910151,320.10758410335194,3430.839473490602,4519.33,1088.490526509398,0.2408521897071907
14057.0,10.0,537.0,553.0,474.787,2.9996072025063296,468.97085564868985,1406.7283563693663,3541.43,2134.7016436306335,0.6027795674715111
14058.0,1.0,68.0,347.0,147.96,0.5491929536288648,287.90737889033846,158.11670378432964,0.0,158.11670378432964,
14059.0,0.0,0.0,83.0,0.0,0.7930446360746147,415.81364110364115,329.75877768389756,0.0,329.75877768389756,
14060.0,19.0,455.0,455.0,347.6847368421053,6.598035138395917,351.39440393718553,2318.5126246132386,2745.32,426.8073753867616,0.15546725896680955
14061.0,2.0,231.0,555.0,271.5,0.60866041429658,322.5317382870427,196.3123014495875,0.0,196.3123014495875,
14062.0,15.0,490.0,546.0,1273.358,4.34955799029618,1215.0589099574966,5284.969190486196,5630.22,345.2508095138046,0.06132101578869113
14063.0,6.0,45.0,548.0,1169.8233333333335,0.0011508907138859893,1053.5312570397114,1.2124993405156372,0.0,1.2124993405156372,
14064.0,11.0,476.0,504.0,218.97181818181815,3.5415400710243357,236.77982617073584,838.5652423938377,511.58,326.9852423938377,0.6391673685324636
14065.0,2.0,42.0,248.0,290.075,0.9212637157964149,334.538304898261,308.1980018468059,0.0,308.1980018468059,
14066.0,0.0,0.0,83.0,0.0,0.7930446360746147,415.81364110364115,329.75877768389756,0.0,329.75877768389756,
14068.0,3.0,357.0,494.0,346.8666666666666,1.0756341410676247,365.2924290893803,392.9210082020618,0.0,392.9210082020618,
14069.0,1.0,47.0,378.0,110.44,0.45707494494578266,269.9907176179005,123.40599239107422,0.0,123.40599239107422,
14070.0,0.0,0.0,501.0,0.0,0.21432805502578683,415.81364110364115,89.12052895093397,0.0,89.12052895093397,
14071.0,1.0,4.0,81.0,131.41,1.68977321427274,280.0043739847188,473.1438910385846,1067.19,594.0461089614155,0.5566451231377875
14072.0,0.0,0.0,483.0,0.0,0.22127294626640845,415.81364110364115,92.00830946476563,0.0,92.00830946476563,
14074.0,0.0,0.0,440.0,0.0,0.23983954067792249,415.81364110364115,99.72855268991182,0.0,99.72855268991182,
14075.0,2.0,209.0,287.0,365.5700000000001,1.2471932863254154,383.3369991816486,478.0953317794834,634.3399999999999,156.24466822051653,0.24631060349420902
14077.0,2.0,170.0,212.0,99.805,1.595790672208795,211.55098704542098,337.5910918236465,299.81,37.78109182364648,0.12601678337495906
14078.0,7.0,437.0,438.0,158.1,2.6408575552399576,192.93691165892724,509.51890083914225,221.46,288.0589008391422,1.300726545828331
14080.0,3.0,324.0,554.0,278.40333333333336,0.9072556512641082,315.1256073139283,285.8994880935956,45.599999999999994,240.2994880935956,5.269725616087624
14081.0,7.0,427.0,546.0,654.0114285714286,2.04153502185078,621.8126080362358,1269.4522163343472,0.0,1269.4522163343472,
14082.0,1.0,28.0,209.0,182.25,0.8345159365360492,304.2816410180543,253.9278786249075,0.0,253.9278786249075,
14083.0,5.0,522.0,538.0,162.82600000000002,1.6243432460203944,208.2473280238156,338.2651407772785,528.96,190.69485922272156,0.36050903513067445
14084.0,0.0,0.0,329.0,0.0,0.30617185773939815,415.81364110364115,127.31043497008518,0.0,127.31043497008518,
14085.0,22.0,533.0,548.0,365.3181818181818,6.446890113818735,367.7105250609941,2370.5893487628186,1636.13,734.4593487628185,0.448900361684474
14086.0,0.0,0.0,279.0,0.0,0.3497615245151526,415.81364110364115,145.43561302660603,0.0,145.43561302660603,
14087.0,1.0,331.0,552.0,415.11,0.44036788827566253,415.47763632455525,182.96300933400806,194.42,11.456990665991924,0.058929074508753856
14088.0,3.0,231.0,238.0,5401.5633333333335,2.0507103636634785,4069.144614769863,8344.637032753992,35136.97,26792.33296724601,0.7625111945408499
14090.0,0.0,0.0,141.0,0.0,0.5765028966514499,415.81364110364115,239.7177685634355,0.0,239.7177685634355,
14091.0,1.0,44.0,515.0,4010.08,0.2910926124480715,2132.1583339411986,620.6555395798712,0.0,620.6555395798712,
14092.0,15.0,527.0,540.0,320.9206666666667,4.511173215965704,327.37184788395314,1476.831111835288,2279.44,802.608888164712,0.3521079248257081
14094.0,0.0,0.0,256.0,0.0,0.3742792366958884,415.81364110364115,155.63041220000892,0.0,155.63041220000892,
14095.0,0.0,0.0,539.0,0.0,0.20100993184046914,415.81364110364115,83.5826716565802,0.0,83.5826716565802,
14097.0,1.0,164.0,462.0,290.86,0.47510853404602715,356.14540916303014,169.2077232546698,0.0,169.2077232546698,
14099.0,13.0,511.0,546.0,276.35076923076923,3.8607248729062573,287.1773913520182,1108.712897729071,1782.71,673.997102270929,0.3780744497259391
14101.0,10.0,424.0,438.0,748.781,3.6684941358323395,715.9426767323849,2626.4315111848623,1817.4,809.0315111848622,0.4451587494139222
14104.0,2.0,171.0,377.0,196.95,0.8965187101504107,274.34387606005356,245.95441790302337,216.21,29.74441790302336,0.13757188799326284
14105.0,4.0,482.0,538.0,1335.6325000000002,1.3212496886336824,1138.0700604685462,1503.6747130373828,0.0,1503.6747130373828,
14106.0,0.0,0.0,554.0,0.0,0.1961977022028778,415.81364110364115,81.58168092914649,0.0,81.58168092914649,
14107.0,7.0,510.0,547.0,497.9842857142857,2.158073232996681,486.8767189009833,1050.7156148294614,1228.15,177.4343851705387,0.14447289432930724
14108.0,1.0,7.0,555.0,194.75,0.17811931858078311,310.2506779558335,55.26163934671906,597.91,542.6483606532809,0.9075753217930472
14110.0,21.0,518.0,555.0,415.2980952380952,6.012183604927473,415.32362596408694,2497.001894760314,3981.63,1484.6281052396862,0.37286942916335425
14111.0,0.0,0.0,58.0,0.0,0.9466261781423992,415.81364110364115,393.620077897415,598.6500000000001,205.0299221025851,0.3424871328866367
14112.0,6.0,451.0,471.0,506.3983333333333,2.144503954064213,492.42731671594925,1056.0123277865837,1762.65,706.6376722134164,0.40089505699566924
14113.0,11.0,377.0,548.0,464.0954545454546,2.207405750743232,459.7274655341319,1014.8050511946537,1406.92,392.11494880534633,0.2787045097129519
14114.0,6.0,333.0,423.0,175.05666666666664,2.2450256606639014,212.1889856911776,476.3697177869391,0.0,476.3697177869391,
14115.0,1.0,165.0,483.0,504.87,0.45286434740663983,458.34009676736,207.56588881284665,0.0,207.56588881284665,
14118.0,0.0,0.0,245.0,0.0,0.3872642413601149,415.81364110364115,161.0297542691887,0.0,161.0297542691887,
14119.0,1.0,343.0,535.0,116.89,0.45644522060192516,273.0707406777945,124.64183446860702,0.0,124.64183446860702,
14122.0,2.0,331.0,554.0,136.36,0.6862189847411513,235.1795223064215,161.38465302902148,0.0,161.38465302902148,
14123.0,0.0,0.0,550.0,0.0,0.19745827869412447,415.81364110364115,82.10584582986142,0.0,82.10584582986142,
14126.0,0.0,0.0,261.0,0.0,0.36866088965189153,415.81364110364115,153.2942268586607,706.1300000000001,552.8357731413394,0.7829093412563398
14127.0,4.0,169.0,242.0,289.87,2.4411556122971176,316.92068801238054,773.6527161944866,257.48,516.1727161944866,2.0047099432751536
14128.0,1.0,296.0,368.0,305.54,0.6443235539707293,363.155446142758,233.98960770252762,331.96,97.97039229747236,0.29512710054666935
14129.0,4.0,319.0,396.0,354.115,1.6885208749882907,367.3668853405944,620.3066546770235,764.96,144.65334532297652,0.18909922783279715
14130.0,3.0,409.0,545.0,508.1166666666666,0.994734284210306,483.44910679459923,480.90340119943744,0.0,480.90340119943744,
14131.0,0.0,0.0,465.0,0.0,0.22868327133665153,415.81364110364115,95.089623713985,0.0,95.089623713985,
14132.0,0.0,0.0,0.0,0.0,1.725732517743627,415.81364110364115,717.5831217739316,3279.17,2561.5868782260686,0.7811692831497203
14133.0,1.0,418.0,550.0,318.0,0.453459087978477,369.1053821623363,167.37418996328023,287.64,120.26581003671976,0.41811225850618744
14134.0,10.0,347.0,546.0,1046.219,1.6828337586290298,984.0463743297488,1655.9864587786005,0.0,1655.9864587786005,
14135.0,16.0,551.0,554.0,415.923125,4.707648424695006,415.91611729283784,1957.9868543788912,2248.85,290.86314562110874,0.12933861556845
14136.0,4.0,331.0,548.0,317.00750000000005,1.1364102528610611,338.22948527278066,384.3674548839072,0.0,384.3674548839072,
14137.0,0.0,0.0,512.0,0.0,0.21029463689143443,415.81364110364115,87.44337867039546,0.0,87.44337867039546,
14139.0,2.0,52.0,359.0,163.32999999999998,0.5277564076542153,252.61247528109482,133.31785248298985,415.82,282.50214751701014,0.6793856657135543
14142.0,1.0,273.0,463.0,623.62,0.5131884315721679,515.0459476762622,264.31562207558187,0.0,264.31562207558187,
14144.0,0.0,0.0,303.0,0.0,0.3273869348640501,415.81364110364115,136.1319534355813,0.0,136.1319534355813,
14145.0,3.0,393.0,427.0,1200.95,1.2706398942751485,991.1259121905632,1259.3641242791773,2613.6,1354.2358757208226,0.5181496310532685
14146.0,6.0,441.0,512.0,1069.02,1.95565158982597,968.2749770817612,1893.608498318651,2287.2700000000004,393.66150168134936,0.172109764776939
14147.0,5.0,355.0,457.0,408.28,1.7879288687572514,409.63258774811845,732.3939292185989,300.6,431.7939292185989,1.4364402169614068
14148.0,1.0,181.0,231.0,157.2,0.9340559077839476,292.31969099474486,273.0429343352195,0.0,273.0429343352195,
14149.0,0.0,0.0,37.0,0.0,1.1309715792570132,415.81364110364115,470.2734103555939,0.0,470.2734103555939,
14150.0,0.0,0.0,176.0,0.0,0.4950459647471276,415.81364110364115,205.8468651151679,352.46000000000004,146.61313488483214,0.4159709892890885
14151.0,1.0,43.0,533.0,327.4,0.2742616496929468,373.59409793954626,102.4625336164483,0.0,102.4625336164483,
14152.0,4.0,425.0,476.0,347.3125,1.469357853368533,362.0254539867899,531.9449439347982,306.78000000000003,225.16494393479815,0.7339622659065067
14153.0,0.0,0.0,300.0,0.0,0.3300257645246681,415.81364110364115,137.22921480501512,0.0,137.22921480501512,
14154.0,5.0,456.0,512.0,1186.072,1.6748222489339046,1047.7800366855363,1754.845317429719,0.0,1754.845317429719,
14155.0,0.0,0.0,83.0,0.0,0.7930446360746147,415.81364110364115,329.75877768389756,0.0,329.75877768389756,
14156.0,88.0,552.0,555.0,2619.290340909091,25.11308229182708,2592.230061116882,65098.886844176195,72014.28,6915.393155823804,0.09602808159470322
14157.0,3.0,361.0,463.0,231.40666666666667,1.1565090465188264,280.6885840794914,324.618886742492,155.71,168.908886742492,1.0847658258460728
14159.0,10.0,549.0,553.0,395.712,3.0088975773119535,397.69448918740534,1196.6219850262987,3576.02,2379.3980149737013,0.665376036759778
14160.0,6.0,88.0,515.0,794.515,0.015444315775718004,736.1073060736228,11.368673679814133,0.0,11.368673679814133,
14161.0,6.0,511.0,543.0,468.9583333333333,1.890154104053723,460.76174558775597,870.9107044136545,0.0,870.9107044136545,
14162.0,0.0,0.0,109.0,0.0,0.6786962309247735,415.81364110364115,282.2111509841477,111.68,170.5311509841477,1.5269623118208067
14163.0,2.0,263.0,279.0,374.895,1.3113481991269655,389.36452185457506,510.59246453792906,1696.12,1185.5275354620708,0.698964422011456
14165.0,0.0,0.0,92.0,0.0,0.7493254911821967,415.81364110364115,311.5797608602436,0.0,311.5797608602436,
14166.0,1.0,121.0,443.0,144.9,0.4679321177137,286.44615864797015,134.03735762709917,0.0,134.03735762709917,
14167.0,5.0,418.0,498.0,165.74,1.6950007103891098,210.63814930534545,357.03181270760786,315.84000000000003,41.19181270760782,0.13041987306106834
14168.0,1.0,144.0,381.0,67.5,0.5705877062742913,249.4858819292414,142.35357711782453,0.0,142.35357711782453,
14169.0,1.0,14.0,261.0,145.2,0.6042174875444725,286.5894155344768,173.16233661108038,0.0,173.16233661108038,
14170.0,2.0,20.0,212.0,217.68,0.9218606506026275,287.7433983131117,265.2593163755361,0.0,265.2593163755361,
14171.0,0.0,0.0,547.0,0.0,0.19841439794361443,415.81364110364115,82.50341325632112,363.79,281.28658674367887,0.7732114317152171
14172.0,2.0,37.0,459.0,136.20999999999998,0.23739962583366983,235.08256483715186,55.80851293235928,0.0,55.80851293235928,
14173.0,2.0,511.0,547.0,112.8,0.7447601117006984,219.95073579981027,163.8105345629175,336.8,172.98946543708252,0.5136266788511951
14175.0,5.0,298.0,444.0,785.4399999999999,1.7190868185607446,719.0773902676051,1236.1564631341002,2899.72,1663.5635368658996,0.5736979904493881
14176.0,3.0,84.0,198.0,245.48333333333335,1.9692937997433553,291.0033261973031,573.0710459850422,0.0,573.0710459850422,
14177.0,5.0,270.0,468.0,239.23799999999997,1.4530779240171274,270.9403396107257,393.6974262140488,559.41,165.71257378595118,0.2962274070644986
14180.0,22.0,363.0,365.0,225.1159090909091,9.151489197690195,234.1506705735453,2142.827332385715,1314.9,827.9273323857151,0.6296504162945585
14181.0,1.0,152.0,379.0,94.45,0.5787215837683289,262.35512556709335,151.83057377792707,0.0,151.83057377792707,
14182.0,3.0,153.0,413.0,173.82333333333335,0.894060676889007,238.49413224780864,213.22822531153216,0.0,213.22822531153216,
14183.0,1.0,70.0,298.0,146.71,0.6543279464475467,287.31047519656056,187.99527322823425,0.0,187.99527322823425,
14185.0,0.0,0.0,148.0,0.0,0.5581297374072299,415.81364110364115,232.0779583195194,0.0,232.0779583195194,
14186.0,4.0,217.0,461.0,336.5725,1.08350876737162,353.59223491441037,383.120286604289,0.0,383.120286604289,
14187.0,0.0,0.0,290.0,0.0,0.33913795858367984,415.81364110364115,141.01818939513575,0.0,141.01818939513575,
14188.0,1.0,96.0,127.0,362.9,1.4214339621748484,390.5461628428391,555.1355796618803,1293.46,738.3244203381197,0.5708134927544104
14189.0,7.0,188.0,205.0,352.47285714285715,4.784529054142924,361.0350631859654,1727.3827493775777,2498.01,770.6272506224225,0.30849646343386233
14190.0,0.0,0.0,483.0,0.0,0.22127294626640845,415.81364110364115,92.00830946476563,0.0,92.00830946476563,
14191.0,4.0,544.0,545.0,225.925,1.3240890693554448,266.71005546272465,353.1478691253782,3898.06,3544.9121308746217,0.909404198723114
14192.0,0.0,0.0,205.0,0.0,0.44319087552676806,415.81364110364115,184.284811656696,0.0,184.284811656696,
14193.0,1.0,127.0,213.0,422.54,0.9716946153919103,419.0256318803712,407.16495020934946,430.85,23.685049790650567,0.05497284389149487
14194.0,13.0,506.0,519.0,772.24,4.070719535743739,744.5703166642006,3030.9369337798635,7941.65,4910.713066220136,0.6183492178854691
14195.0,4.0,433.0,451.0,452.1,1.5540290578372749,444.3062680973078,690.464851202455,0.0,690.464851202455,
14197.0,0.0,0.0,227.0,0.0,0.4105763134877654,415.81364110364115,170.72323186225776,0.0,170.72323186225776,
14198.0,5.0,464.0,520.0,183.276,1.6528361007293817,225.0257409295413,371.9306682017231,518.1,146.16933179827691,0.28212571279343157
14199.0,3.0,312.0,347.0,290.34999999999997,1.507976435567401,323.8795821541454,488.4027778498674,0.0,488.4027778498674,
14200.0,0.0,0.0,434.0,0.0,0.24268104792729547,415.81364110364115,100.91009016549597,0.0,100.91009016549597,
14201.0,6.0,402.0,405.0,112.54166666666669,2.4496199368254996,159.3157704379991,390.26308751563715,336.34000000000003,53.92308751563712,0.16032314775416875
14202.0,2.0,243.0,441.0,303.28,0.8242630791531442,343.0737941096277,282.78306190955357,0.0,282.78306190955357,
14203.0,0.0,0.0,214.0,0.0,0.42924091125260816,415.81364110364115,178.48422621859189,0.0,178.48422621859189,
14204.0,2.0,315.0,554.0,265.33000000000004,0.6778478847762913,318.54355438442,215.92407454860063,161.03,54.89407454860063,0.3408934642526276
14205.0,6.0,378.0,459.0,322.9583333333333,2.12435908864855,337.27955048315596,716.5028784841898,243.8,472.70287848418974,1.9388961381632064
14206.0,2.0,163.0,219.0,321.28,1.5447273157719612,354.7086904219792,547.9282032365315,0.0,547.9282032365315,
14207.0,0.0,0.0,504.0,0.0,0.21321275919560076,415.81364110364115,88.6567737308766,0.0,88.6567737308766,
14208.0,0.0,0.0,368.0,0.0,0.27905186867243065,415.81364110364115,116.03357356945847,151.74,35.70642643054154,0.23531320963847066
14209.0,11.0,473.0,503.0,340.5490909090909,3.5443725339487275,347.35817086604277,1231.166760260271,990.28,240.8867602602711,0.24325116155054238
14210.0,13.0,505.0,519.0,379.0323076923077,4.069390708641993,381.887674089202,1554.0501526835005,306.19,1247.8601526835005,4.07544385082302
14211.0,11.0,523.0,547.0,262.11636363636364,3.3051887133065705,276.02114415701146,912.3019703017201,1331.21,418.90802969827996,0.31468215360332324
14212.0,0.0,0.0,262.0,0.0,0.36755742840151334,415.81364110364115,152.83539261832414,1070.48,917.6446073816759,0.8572272320656863
14213.0,0.0,0.0,221.0,0.0,0.41898456610036205,415.81364110364115,174.21949799642076,0.0,174.21949799642076,
14214.0,0.0,0.0,94.0,0.0,0.740259353832389,415.81364110364115,307.8099372780743,365.73,57.92006272192572,0.15836836661451265
14215.0,6.0,545.0,548.0,383.215,1.8886917866150377,388.2427386316915,733.2708716666045,691.45,41.82087166660449,0.060482857280503996
14216.0,0.0,0.0,231.0,0.0,0.40515611966293186,415.81364110364115,168.46944133246623,1839.3,1670.8305586675338,0.9084056753479768
14217.0,13.0,343.0,344.0,152.65846153846152,5.782488789251927,173.08742338429755,1000.8760852802023,1015.73,14.853914719797672,0.014623881070557797
14219.0,1.0,84.0,310.0,148.25,0.647079049584737,288.045860547295,186.38844167976134,89.94,96.44844167976134,1.0723642615050184
14220.0,3.0,322.0,386.0,402.3666666666666,1.366299415494409,405.9603088576882,554.6633327061891,0.0,554.6633327061891,
14221.0,9.0,422.0,429.0,477.0133333333333,3.3893546722118804,470.3796785316406,1594.2835611447383,1778.9699999999998,184.68643885526149,0.10381649991582854
14223.0,0.0,0.0,81.0,0.0,0.8034651011198121,415.81364110364115,334.0917491963343,686.23,352.1382508036657,0.513149018264526
14224.0,6.0,329.0,361.0,163.245,2.6653799052157394,202.1990505689596,538.937286240206,554.8,15.862713759793905,0.02859176957425001
14225.0,3.0,262.0,513.0,464.50666666666666,0.9113951701376717,451.49367910638466,411.48915848524683,0.0,411.48915848524683,
14226.0,2.0,231.0,258.0,854.7,1.3882118500485385,699.5023788072314,971.0574913973403,522.79,448.26749139734034,0.8574523066572436
14227.0,7.0,473.0,486.0,710.9557142857144,2.408142787987115,671.0593460288956,1616.0067244508346,951.44,664.5667244508345,0.6984851640154234
14228.0,2.0,109.0,363.0,332.225,0.7897321693654097,361.78335376301743,285.7119528075612,0.0,285.7119528075612,
14229.0,4.0,180.0,288.0,354.8325,2.0424279444538835,367.9302777693125,751.4710809267233,785.0699999999999,33.59891907327665,0.04279735446938063
14230.0,1.0,113.0,365.0,504.3,0.5726056278917886,458.0679086829973,262.2922624685062,0.0,262.2922624685062,
14231.0,3.0,267.0,267.0,308.57,1.8812920552097752,337.2303707915971,634.4288173456783,0.0,634.4288173456783,
14232.0,1.0,78.0,81.0,310.79,1.873120440183249,365.6624416566253,684.9297936743396,1044.1,359.1702063256603,0.343999814505948
14233.0,5.0,433.0,461.0,395.0700000000001,1.8497166361950812,398.7943073332219,737.6564646941547,503.62,234.0364646941547,0.46470844028067726
14235.0,4.0,393.0,436.0,615.875,1.5867752569850564,572.9050067918091,909.0714893800985,1880.31,971.2385106199015,0.5165310563789489
14236.0,3.0,133.0,322.0,380.45,1.2455919218847047,389.90077075098407,485.6572503840459,301.56,184.09725038404588,0.6104829897335385
14237.0,1.0,217.0,407.0,322.0,0.5667356062806927,371.01547398242565,210.26767958694862,0.0,210.26767958694862,
14238.0,2.0,408.0,551.0,137.565,0.7189301295907468,235.95841397622058,169.63761313795132,0.0,169.63761313795132,
14239.0,15.0,534.0,551.0,202.70733333333337,4.426563602746108,217.1951014545253,961.4279307933499,1085.81,124.38206920665004,0.11455233347146375
14240.0,1.0,198.0,240.0,226.85,0.9104796406524296,325.57916481205046,296.4332009819939,663.49,367.05679901800613,0.5532212980120366
14241.0,1.0,513.0,513.0,213.7,0.4928253849885488,319.2997379535068,157.35901628367972,0.0,157.35901628367972,
14242.0,1.0,91.0,142.0,142.2,1.3070191229294743,285.1568466694098,372.7054516311866,0.0,372.7054516311866,
14243.0,11.0,231.0,293.0,344.99545454545455,5.137233272193059,351.4022781222191,1805.2354750939035,1075.7,729.5354750939034,0.6781960352272041
14244.0,0.0,0.0,477.0,0.0,0.22368907845192595,415.81364110364115,93.01297018621337,0.0,93.01297018621337,
14245.0,1.0,44.0,80.0,688.35,1.838453743334132,545.956008554858,1003.7148676234401,0.0,1003.7148676234401,
14246.0,0.0,0.0,62.0,0.0,0.918154561185795,415.81364110364115,381.7811911825812,1024.42,642.6388088174189,0.6273196626553745
14247.0,4.0,273.0,368.0,147.0775,1.7613781670284594,204.79774253819585,360.72627236349376,0.0,360.72627236349376,
14248.0,2.0,197.0,332.0,360.485,1.0701985295626733,380.05014097340927,406.72910202982933,0.0,406.72910202982933,
14249.0,7.0,269.0,496.0,756.7871428571428,1.2850915062736554,710.6954276194352,913.3086575812597,0.0,913.3086575812597,
14252.0,0.0,0.0,198.0,0.0,0.45468523386735527,415.81364110364115,189.0643226504456,0.0,189.0643226504456,
14253.0,1.0,130.0,440.0,158.05,0.4788559926169137,292.7255855065138,140.17340081208891,0.0,140.17340081208891,
14254.0,0.0,0.0,249.0,0.0,0.38243932247498824,415.81364110364115,159.02348717953447,0.0,159.02348717953447,
14256.0,3.0,434.0,511.0,506.83,1.0766857644035133,482.5062958882589,519.5076600179577,0.0,519.5076600179577,
14257.0,5.0,464.0,465.0,539.196,1.8494119244656892,517.0439669151593,956.227277885939,2069.13,1112.9027221140611,0.5378602224674434
14258.0,18.0,536.0,552.0,1429.3433333333332,5.270929956832439,1371.2656437666699,7227.845160504859,5062.16,2165.6851605048596,0.42781839382889114
14260.0,1.0,77.0,365.0,285.48,0.5312591110312244,353.57633566501,187.840649767071,0.0,187.840649767071,
14262.0,0.0,0.0,57.0,0.0,0.9540237257288542,415.81364110364115,396.69607909457636,2378.23,1981.5339209054237,0.8331969241433435
14263.0,0.0,0.0,240.0,0.0,0.39346960457304525,415.81364110364115,163.61002894112784,0.0,163.61002894112784,
14264.0,4.0,366.0,428.0,204.12750000000003,1.5987045245760085,249.59431126065843,399.0275547208472,218.27,180.7575547208472,0.8281374202631933
14265.0,1.0,148.0,429.0,590.65,0.5052758634729683,499.30201584917586,252.28525719198603,530.1800000000001,277.89474280801403,0.5241516896299634
14266.0,0.0,0.0,245.0,0.0,0.3872642413601149,415.81364110364115,161.0297542691887,0.0,161.0297542691887,
14267.0,0.0,0.0,77.0,0.0,0.8251537126581708,415.81364110364115,343.1101697305817,679.88,336.7698302694183,0.49533716283670404
14268.0,0.0,0.0,287.0,0.0,0.34197067917963425,415.81364110364115,142.19607326036885,0.0,142.19607326036885,
14269.0,0.0,0.0,256.0,0.0,0.3742792366958884,415.81364110364115,155.63041220000892,0.0,155.63041220000892,
14270.0,0.0,0.0,148.0,0.0,0.5581297374072299,415.81364110364115,232.0779583195194,0.0,232.0779583195194,
14271.0,1.0,184.0,226.0,112.32,0.9523877219363663,270.88846077334244,257.99084405477237,0.0,257.99084405477237,
14272.0,2.0,328.0,399.0,220.175,0.9647776653292359,289.35612421862936,279.1643259723656,305.87,26.705674027634416,0.08731053724665516
14273.0,1.0,25.0,59.0,105.9,2.12446945464327,267.8227634020991,568.981280105911,341.27,227.711280105911,0.667246696474671
14274.0,0.0,0.0,503.0,0.0,0.21358323182320355,415.81364110364115,88.81082130308934,0.0,88.81082130308934,
14275.0,4.0,212.0,424.0,252.945,1.251630054645262,287.92658985152286,360.3775733896855,0.0,360.3775733896855,
14276.0,3.0,371.0,477.0,338.75,1.1264406336729444,359.3449043304716,404.78070174116,778.54,373.75929825884,0.4800771935402677
14277.0,4.0,514.0,543.0,3514.7925,1.3205280439814193,2849.1812032773364,3762.423681312448,2542.77,1219.653681312448,0.4796555257897679
14278.0,0.0,0.0,226.0,0.0,0.41195413557072036,415.81364110364115,171.29614907936426,0.0,171.29614907936426,
14279.0,1.0,161.0,498.0,81.36,0.4353464747193257,256.10435008585097,111.49412597015926,0.0,111.49412597015926,
14280.0,0.0,0.0,13.0,0.0,1.4560177968218315,415.81364110364115,605.4320616081874,0.0,605.4320616081874,
14281.0,0.0,0.0,225.0,0.0,0.4133412517071749,415.81364110364115,171.872930890697,0.0,171.872930890697,
14282.0,14.0,459.0,479.0,359.4642857142857,4.669602436539631,363.54892335173287,1697.6289382846114,1920.16,222.53106171538866,0.11589193698201643
14283.0,3.0,106.0,386.0,131.79666666666665,0.7126048835512783,207.69889932775897,148.00724996918635,0.0,148.00724996918635,
14284.0,0.0,0.0,470.0,0.0,0.22657548971313257,415.81364110364115,94.21317936245823,595.25,501.0368206375418,0.8417250241705868
14285.0,3.0,218.0,548.0,407.7366666666667,0.7102831231557164,409.8952010082434,291.1416435386753,1910.01,1618.8683564613248,0.8475706181964099
14286.0,3.0,493.0,552.0,1430.1899999999998,1.013259751607228,1159.1025744984352,1174.4719867235829,2578.67,1404.1980132764172,0.5445435101336802
14287.0,0.0,0.0,15.0,0.0,1.4218934781312962,415.81364110364115,591.2427044032949,93.35,497.89270440329483,5.333612259274718
14288.0,0.0,0.0,30.0,0.0,1.2096231944162108,415.81364110364115,502.9778248336222,0.0,502.9778248336222,
14289.0,2.0,90.0,106.0,135.99,2.560827687754656,234.94036054888983,601.6417802646587,317.04,284.60178026465866,0.8976841416372023
14290.0,3.0,370.0,548.0,702.9466666666667,0.9638588813890632,626.2116836461205,603.5796929119116,1537.09,933.5103070880883,0.6073231281760264
14291.0,8.0,520.0,547.0,653.225,2.4492409918848685,624.6614086366937,1529.946328081535,2269.79,739.8436719184649,0.3259524766249146
14292.0,6.0,426.0,447.0,795.8249999999999,2.2415401741341907,737.2152627557257,1652.4976284518525,3746.72,2094.2223715481473,0.5589481924318197
14293.0,5.0,424.0,546.0,398.338,1.528857723389307,401.4755715569828,613.7990283270296,538.54,75.25902832702968,0.13974640384563763
14294.0,0.0,0.0,224.0,0.0,0.4147377563909118,415.81364110364115,172.45361658805996,0.0,172.45361658805996,
14295.0,2.0,292.0,547.0,798.9300000000001,0.6739673367007198,663.4535917327956,447.146050244679,166.20000000000002,280.946050244679,1.690409447922256
14296.0,1.0,153.0,391.0,288.15,0.5609294673753455,354.8513219549196,199.04656302161032,0.0,199.04656302161032,
14297.0,0.0,0.0,91.0,0.0,0.7539426943197899,415.81364110364115,313.49965690860137,1072.73,759.2303430913987,0.7077553001141001
14298.0,34.0,538.0,545.0,1999.628823529412,9.94770228927396,1950.2497591769582,19400.503994020615,21033.31,1632.806005979386,0.07762953172750205
14299.0,19.0,419.0,554.0,528.8257894736843,2.943564320222176,522.6721979445545,1538.5192330416933,2399.6800000000003,861.160766958307,0.35886483487727816
14301.0,2.0,250.0,483.0,522.395,0.7474211107761658,484.70603330301105,362.2795218112458,640.14,277.8604781887542,0.43406204609734467
14302.0,2.0,307.0,554.0,314.15000000000003,0.6732438547550116,350.09997871603116,235.7026592204283,0.0,235.7026592204283,
14303.0,1.0,27.0,251.0,115.34,0.6822709377384386,272.33058009750994,185.80324025798106,0.0,185.80324025798106,
14304.0,2.0,348.0,387.0,526.52,0.99958427557274,487.37236370792493,487.1697511111601,0.0,487.1697511111601,
14306.0,3.0,299.0,494.0,252.00000000000003,1.0201522495236568,295.7784436115399,301.7390446109185,2093.32,1791.5809553890817,0.8558562261809383
14307.0,6.0,513.0,549.0,588.0316666666666,1.869919689645622,561.4702153029733,1049.9042107445964,1300.74,250.8357892554036,0.19284083618202222
14309.0,5.0,316.0,367.0,339.98400000000004,2.2119176884735285,353.5984318650162,782.1306260587311,1416.65,634.519373941269,0.4479012980914615
14310.0,0.0,0.0,249.0,0.0,0.38243932247498824,415.81364110364115,159.02348717953447,0.0,159.02348717953447,
14311.0,1.0,325.0,384.0,310.26,0.6242695267633838,365.40935449046344,228.11392480267517,0.0,228.11392480267517,
14312.0,8.0,318.0,321.0,193.495,3.865662588877964,220.24274638606116,851.384145176334,757.0,94.38414517633396,0.12468182982342663
14314.0,0.0,0.0,247.0,0.0,0.38483663688187575,415.81364110364115,160.02032321193255,120.0,40.02032321193255,0.3335026934327712
14315.0,3.0,443.0,451.0,402.4866666666667,1.2209446759710967,406.0482394085386,495.7624360932925,1624.9299999999998,1129.1675639067073,0.6949022812716286
14316.0,3.0,208.0,447.0,328.32,0.9814704939197908,351.7022739523914,345.1854045287672,0.0,345.1854045287672,
14318.0,0.0,0.0,277.0,0.0,0.3517650917979287,415.81364110364115,146.2687236336533,0.0,146.2687236336533,
14319.0,0.0,0.0,241.0,0.0,0.3922126493151948,415.81364110364115,163.08736979865665,0.0,163.08736979865665,
14320.0,4.0,481.0,504.0,282.6325,1.4108411859379866,311.2376877296667,439.1069484651197,0.0,439.1069484651197,
14321.0,2.0,140.0,290.0,318.505,1.145634288353475,352.9149772404917,404.31149880019353,1203.93,799.6185011998066,0.6641735825170954
14322.0,3.0,230.0,476.0,118.63333333333333,0.9466059829277246,198.05340640253087,187.47853943985183,0.0,187.47853943985183,
14323.0,0.0,0.0,55.0,0.0,0.9691732286041986,415.81364110364115,402.9954490460834,305.24,97.75544904608341,0.32025766297367125
14324.0,1.0,284.0,510.0,339.8,0.4679337223441524,379.5153825818232,177.5880456583776,0.0,177.5880456583776,
14325.0,0.0,0.0,386.0,0.0,0.26809298565260653,415.81364110364115,111.47672051855653,0.0,111.47672051855653,
14326.0,2.0,290.0,349.0,316.765,1.0805738187109732,351.7902705969644,380.1353560843284,0.0,380.1353560843284,
14327.0,4.0,318.0,517.0,313.66499999999996,1.2117827214783268,335.6049010316793,406.68022031363284,311.65,95.03022031363287,0.3049261040065229
14329.0,9.0,450.0,540.0,746.37,2.651562968626825,710.5398071096013,1884.041040267066,2889.24,1005.1989597329339,0.34791120146922166
14330.0,0.0,0.0,440.0,0.0,0.23983954067792249,415.81364110364115,99.72855268991182,0.0,99.72855268991182,
14332.0,1.0,35.0,233.0,515.7,0.7656259463029084,463.5116703702519,354.8765612496659,866.3100000000001,511.4334387503342,0.5903584614633723
14334.0,8.0,365.0,385.0,370.95125,3.3089929237982942,376.3487634678566,1245.3353951953754,873.98,371.3553951953754,0.4249014796624355
14336.0,2.0,78.0,93.0,289.985,2.761033974597891,334.48013041669924,923.5110039084401,500.52,422.9910039084401,0.8451031005922643
14338.0,1.0,340.0,353.0,579.97,0.675967701987704,494.2020706895373,334.0646380415714,8.25,325.8146380415714,39.49268339897835
14339.0,1.0,186.0,245.0,309.52,0.8905728786092256,365.0559875037469,325.10896164474536,0.0,325.10896164474536,
14340.0,0.0,0.0,35.0,0.0,1.1523724680002014,415.81364110364115,479.17219182675296,0.0,479.17219182675296,
14341.0,8.0,523.0,555.0,338.29625,2.414537153099019,347.62257327840973,839.3476184366067,1479.13,639.7823815633934,0.4325396561244741
14342.0,2.0,262.0,289.0,199.1,1.2708361605746974,275.7335997862511,350.41222929379956,358.96,8.547770706200424,0.02381259947125146
14343.0,3.0,269.0,507.0,279.58666666666664,0.9404106112977506,315.9927002459252,297.1628884038974,0.0,297.1628884038974,
14344.0,17.0,420.0,443.0,160.82529411764708,6.000959716282901,176.24426344084367,1057.6347251344541,244.05,813.5847251344542,3.3336804963509694
14346.0,2.0,200.0,314.0,441.84,1.1357679786476562,432.63664038959575,491.3748425442041,759.14,267.7651574557959,0.35272170805885067
14347.0,0.0,0.0,553.0,0.0,0.19651133428484613,415.81364110364115,81.71209342711667,0.0,81.71209342711667,
14348.0,0.0,0.0,77.0,0.0,0.8251537126581708,415.81364110364115,343.1101697305817,0.0,343.1101697305817,
14350.0,2.0,156.0,247.0,294.19,1.3768582506675633,337.1981714718902,464.27408450108777,0.0,464.27408450108777,
14352.0,1.0,39.0,90.0,614.02,1.700316294744541,510.4617273080479,867.9463927853183,233.64,634.3063927853183,2.714887830788043
14353.0,2.0,216.0,248.0,95.73,1.4278381805412768,208.91697579693027,298.29963460607485,0.0,298.29963460607485,
14355.0,2.0,262.0,444.0,356.65500000000003,0.8328059874222223,377.5744935913923,314.446298960825,0.0,314.446298960825,
14358.0,1.0,39.0,245.0,150.6,0.7365798534701342,289.1680394915974,212.99535215696682,0.0,212.99535215696682,
14361.0,0.0,0.0,395.0,0.0,0.26293035686716626,415.81364110364115,109.33002904561616,0.0,109.33002904561616,
14363.0,1.0,49.0,268.0,149.32,0.6919173949665419,288.55681010916885,199.6574763505912,0.0,199.6574763505912,
14364.0,2.0,24.0,28.0,721.35,4.579589037523239,613.3071886265607,2808.694877668395,1555.5,1253.1948776683948,0.805654051860106
14365.0,1.0,287.0,498.0,310.18,0.480026851327265,365.37115265406163,175.3879639743427,0.0,175.3879639743427,
14366.0,0.0,0.0,342.0,0.0,0.2965639826499091,415.81364110364115,123.31534944585576,0.0,123.31534944585576,
14367.0,4.0,92.0,93.0,790.59,4.895178295860532,710.0940077443954,3476.0367747309847,5116.0,1639.9632252690153,0.3205557516163048
14368.0,0.0,0.0,136.0,0.0,0.5903872372602638,415.81364110364115,245.49106678630955,0.0,245.49106678630955,
14369.0,1.0,19.0,478.0,299.44,0.26676534257351836,360.24255611712175,96.1002288921439,0.0,96.1002288921439,
14370.0,4.0,226.0,493.0,229.6825,0.9805882072427163,269.66050431416465,264.4259104895935,0.0,264.4259104895935,
14371.0,0.0,0.0,112.0,0.0,0.6675963376952004,415.81364110364115,277.5956639644973,0.0,277.5956639644973,
14372.0,1.0,156.0,416.0,269.73,0.5272449914464985,346.0553491234082,182.4559495885864,0.0,182.4559495885864,
14373.0,0.0,0.0,175.0,0.0,0.497051869168703,415.81364110364115,206.68094753640904,0.0,206.68094753640904,
14374.0,0.0,0.0,358.0,0.0,0.2855366275793172,415.81364110364115,118.73002478221022,0.0,118.73002478221022,
14375.0,2.0,356.0,358.0,393.995,1.076228831904232,401.710439608237,432.33235718330843,0.0,432.33235718330843,
14376.0,0.0,0.0,500.0,0.0,0.21470241916219965,415.81364110364115,89.27619466559442,0.0,89.27619466559442,
14377.0,1.0,71.0,79.0,302.45,1.892446853120781,361.679900211739,684.4599889927435,0.0,684.4599889927435,
14378.0,0.0,0.0,438.0,0.0,0.2407792822917987,415.81364110364115,100.11931007207428,0.0,100.11931007207428,
14379.0,2.0,185.0,297.0,355.515,1.1844129782705588,376.8376168249433,446.3313640680107,237.12,209.2113640680107,0.882301636589114
14381.0,0.0,0.0,268.0,0.0,0.361073114140909,415.81364110364115,150.13912629556197,202.68,52.54087370443804,0.2592306774444348
14382.0,0.0,0.0,207.0,0.0,0.4400129431893274,415.81364110364115,182.9633840402838,626.0699999999999,443.1066159597161,0.7077589022948172
14384.0,0.0,0.0,317.0,0.0,0.31561086433740115,415.81364110364115,131.2353026720021,0.0,131.2353026720021,
14386.0,0.0,0.0,113.0,0.0,0.6639768914352124,415.81364110364115,276.09064883635267,0.0,276.09064883635267,
14388.0,10.0,485.0,505.0,433.90600000000006,3.241461505229212,432.12167275518664,1400.7057678111921,2039.65,638.944232188808,0.3132617028356865
14389.0,3.0,400.0,407.0,312.43,1.332482437373815,340.0588035106182,453.12238335225175,732.32,279.1976166477483,0.3812508420468488
14390.0,5.0,214.0,242.0,420.532,3.1033903370418723,419.6848672063557,1302.4459614909056,3616.74,2314.294038509094,0.63988399456668
14391.0,0.0,0.0,393.0,0.0,0.2640603371867461,415.81364110364115,109.79989027667612,0.0,109.79989027667612,
14392.0,0.0,0.0,249.0,0.0,0.38243932247498824,415.81364110364115,159.02348717953447,0.0,159.02348717953447,
14393.0,0.0,0.0,35.0,0.0,1.1523724680002014,415.81364110364115,479.17219182675296,0.0,479.17219182675296,
14394.0,0.0,0.0,381.0,0.0,0.27104975457871133,415.81364110364115,112.70618537162228,0.0,112.70618537162228,
14395.0,14.0,378.0,417.0,409.2528571428571,5.173730798605624,409.7284335698137,2119.824615824584,1881.77,238.05461582458383,0.1265056918882668
14396.0,4.0,366.0,554.0,307.33,1.1807582554627718,330.630558124461,390.39476101372117,377.64,12.754761013721179,0.03377492059559681
14397.0,1.0,15.0,30.0,76.8,2.775809458185599,253.9268454109491,704.8525391789451,2370.72,1665.8674608210547,0.7026841891159878
14398.0,1.0,126.0,344.0,261.3,0.6206801593651338,342.0298306125699,212.29112977223963,0.0,212.29112977223963,
14399.0,7.0,280.0,491.0,236.3942857142857,1.4847117528090865,260.6476244465067,386.9865913574975,0.0,386.9865913574975,
14400.0,1.0,223.0,448.0,501.52,0.5165134043959356,456.7403948680352,235.9125362784328,574.7,338.78746372156724,0.5895031559449577
14401.0,10.0,410.0,542.0,267.687,2.6512340846147806,282.29573084145596,748.432063548108,3499.36,2750.927936451892,0.7861231586495507
14402.0,0.0,0.0,469.0,0.0,0.226993929998763,415.81364110364115,94.38717254121067,0.0,94.38717254121067,
14403.0,3.0,422.0,456.0,401.43666666666667,1.2019160730039098,405.2788470885977,487.1111603642793,499.7999999999999,12.68883963572057,0.025387834405203227
14404.0,8.0,460.0,536.0,238.685,2.4311358708503037,259.9958174214647,632.0851580043693,750.74,118.6548419956307,0.15805051282152371
14405.0,0.0,0.0,203.0,0.0,0.44641513332960087,415.81364110364115,185.62550203354877,0.0,185.62550203354877,
14407.0,1.0,71.0,93.0,645.5,1.7179828663322723,525.494149932151,902.7899459412777,1140.05,237.2600540587223,0.2081137266424475
14408.0,6.0,543.0,549.0,377.33833333333337,1.8844907985224115,383.2724393173214,722.2733852207316,1524.7400000000002,802.4666147792686,0.5262973456322183
14409.0,4.0,249.0,384.0,440.6725,1.6217269147045255,435.33321307406607,705.9915885070129,1393.35,687.358411492987,0.49331353320629207
14410.0,6.0,231.0,254.0,310.6166666666667,3.5332193039361255,326.8413580773391,1154.8021956835541,326.27,828.5321956835542,2.5394066131840325
14411.0,0.0,0.0,127.0,0.0,0.6171462552017364,415.81364110364115,256.61783146891094,0.0,256.61783146891094,
14412.0,0.0,0.0,241.0,0.0,0.3922126493151948,415.81364110364115,163.08736979865665,770.03,606.9426302013433,0.788206472736573
14413.0,2.0,327.0,506.0,152.435,0.7567404047115115,245.57013109647983,185.83284039100909,0.0,185.83284039100909,
14414.0,1.0,16.0,191.0,217.2,0.8680526368143893,320.9710682960849,278.6197821755479,1279.78,1001.160217824452,0.7822908764197378
14415.0,14.0,525.0,540.0,576.5028571428571,4.219220967006811,564.8548584172205,2383.2474619496,3501.03,1117.7825380504,0.3192724821125212
14417.0,0.0,0.0,204.0,0.0,0.44479715056484703,415.81364110364115,184.95272272889355,0.0,184.95272272889355,
14419.0,2.0,130.0,199.0,153.78,1.6334407477183421,246.43951640426388,402.5443479427275,750.5,347.9556520572725,0.46363178155532647
14420.0,2.0,295.0,508.0,425.425,0.7365462046701475,422.02626133585966,310.84184105805923,387.52,76.67815894194075,0.19786890726140782
14421.0,4.0,480.0,508.0,284.11,1.3994732805303192,312.39784426406527,437.19243594283114,357.93,79.26243594283113,0.22144675199852243
14422.0,13.0,455.0,539.0,460.6753846153846,3.7048771511289678,457.19272906570694,1693.8428955778345,3862.33,2168.4871044221654,0.5614453204211358
14423.0,2.0,476.0,511.0,335.905,0.7903584038564769,364.16204367576483,287.8185315846901,0.0,287.8185315846901,
14425.0,2.0,303.0,554.0,219.145,0.670827758118379,288.6903495963114,193.6615000101047,0.0,193.6615000101047,
14426.0,8.0,369.0,462.0,1038.07625,2.68317124416471,963.2101822439931,2584.4578630837323,2986.09,401.6321369162679,0.1345010153465796
14427.0,1.0,137.0,448.0,305.08,0.4743586157673189,362.9357855834477,172.1617168617887,363.34,191.17828313821127,0.5261691064518392
14428.0,1.0,86.0,142.0,127.07,1.3019462804821764,277.9319243599219,361.85243514765386,914.21,552.3575648523462,0.6041911211344726
14429.0,0.0,0.0,220.0,0.0,0.4204195959828954,415.81364110364115,174.81620299696948,0.0,174.81620299696948,
14430.0,1.0,96.0,424.0,585.4,0.46758692623306786,496.79502033530866,232.2948565264814,0.0,232.2948565264814,
14431.0,3.0,385.0,504.0,692.3166666666666,1.0697368325124583,618.4225023499563,661.5493288182706,0.0,661.5493288182706,
14433.0,0.0,0.0,282.0,0.0,0.3467986583959542,415.81364110364115,144.20361287747954,0.0,144.20361287747954,
14435.0,0.0,0.0,318.0,0.0,0.3148020848270052,415.81364110364115,130.89900111893434,0.0,130.89900111893434,
14436.0,0.0,0.0,370.0,0.0,0.2777901331110426,415.81364110364115,115.50892671156778,89.06,26.44892671156778,0.2969787414278888
14437.0,4.0,218.0,400.0,148.34,1.4186848892124815,205.7890776479611,291.9498548241364,0.0,291.9498548241364,
14438.0,0.0,0.0,123.0,0.0,0.6298363281910561,415.81364110364115,261.8945369244709,0.0,261.8945369244709,
14439.0,4.0,368.0,504.0,1733.995,1.3357277890961607,1450.8706407963634,1937.9682332954562,0.0,1937.9682332954562,
14440.0,8.0,421.0,554.0,566.46875,2.2075541346245884,548.3430335755024,1210.49693096219,1171.97,38.52693096218991,0.03287364946388552
14441.0,7.0,435.0,507.0,412.3142857142857,2.262602301524751,412.78731746394436,933.9735345341487,1356.05,422.07646546585124,0.3112543530591433
14442.0,5.0,486.0,507.0,905.654,1.7082024798835376,817.708203424031,1396.811180910042,0.0,1396.811180910042,
14443.0,2.0,69.0,196.0,455.95,1.4728295945018541,441.7571063322224,650.6329397875996,811.8,161.16706021240032,0.19853050038482425
14444.0,0.0,0.0,273.0,0.0,0.35584197893429065,415.81364110364115,147.96394891819256,0.0,147.96394891819256,
14445.0,0.0,0.0,272.0,0.0,0.3568760288202127,415.81364110364115,148.39392096634063,0.0,148.39392096634063,
14446.0,1.0,140.0,203.0,303.04,1.019693689543346,361.9616387552022,369.08999889544793,731.74,362.6500011045521,0.49559953139715207
14447.0,2.0,204.0,217.0,300.515,1.5908652137186348,341.2865447594248,542.9408919679968,562.2,19.25910803200327,0.03425668451085604
14448.0,0.0,0.0,181.0,0.0,0.48525499643335357,415.81364110364115,201.77564693068712,273.0,71.22435306931288,0.26089506618795927
14449.0,4.0,190.0,253.0,430.2975,2.399442986946543,427.18659781559893,1025.0098862461923,505.7999999999999,519.2098862461924,1.0265122306172252
14450.0,5.0,367.0,427.0,143.71200000000002,1.9458335925469186,192.56505006391143,374.699543164838,213.8,160.899543164838,0.7525703609206642
14451.0,10.0,497.0,508.0,289.28499999999997,3.2341185033533484,301.76366587567435,975.9394554482559,302.59,673.3494554482559,2.2252865443281533
14452.0,1.0,126.0,338.0,273.85,0.6319483354477026,348.0227436981002,219.93239357795684,264.44,44.50760642204315,0.1683089034262712
14453.0,0.0,0.0,7.0,0.0,1.5690955291872308,415.81364110364115,652.451325230787,0.0,652.451325230787,
14454.0,4.0,357.0,550.0,212.84,1.1785670635071863,256.4355050379495,302.2264401515584,0.0,302.2264401515584,
14455.0,3.0,63.0,312.0,133.95000000000002,0.6809588131212275,209.27676421246332,142.50885697197,0.0,142.50885697197,
14457.0,0.0,0.0,127.0,0.0,0.6171462552017364,415.81364110364115,256.61783146891094,0.0,256.61783146891094,
14458.0,0.0,0.0,197.0,0.0,0.4563762328134426,415.81364110364115,189.76746307932058,0.0,189.76746307932058,
14459.0,0.0,0.0,468.0,0.0,0.2274139196457294,415.81364110364115,94.56180996554161,1837.92,1743.3581900344584,0.9485495505976639
14460.0,6.0,414.0,541.0,88.96999999999998,1.7877141545796935,139.3795982306434,249.170880616552,404.34,155.16911938344796,0.3837590131657713
14461.0,9.0,429.0,507.0,564.2533333333333,2.823802443584807,548.1634210928344,1547.9052079657529,1326.44,221.46520796575282,0.16696210003147735
14462.0,5.0,247.0,249.0,227.144,3.0790145699421574,261.0176928781171,803.6772793844098,863.3,59.6227206155902,0.06906373290349843
14463.0,1.0,294.0,316.0,115.92,0.7385153903235692,272.60754341142285,201.32486632763627,413.7,212.37513367236372,0.513355411342431
14464.0,1.0,59.0,444.0,51.0,0.3906202711594122,241.60675317137287,94.37649543774684,0.0,94.37649543774684,
14465.0,9.0,455.0,518.0,406.8344444444445,2.8115192741149575,407.80773187226464,1146.5592982919766,0.0,1146.5592982919766,
14466.0,9.0,539.0,543.0,389.1555555555556,2.768788743018461,392.04512134840775,1085.4901187447779,926.7,158.79011874477783,0.17135007957783296
14467.0,8.0,425.0,554.0,205.51125,2.2240478197019375,230.81328942277653,513.3397930989585,467.06,46.279793098958464,0.09908746863135029
14468.0,0.0,0.0,550.0,0.0,0.19745827869412447,415.81364110364115,82.10584582986142,0.0,82.10584582986142,
14469.0,3.0,263.0,496.0,557.6866666666667,0.9593260035070703,519.7717518417168,498.6305574301829,0.0,498.6305574301829,
14470.0,1.0,143.0,247.0,297.64,0.8642698043170194,359.38301479808155,310.6038878743984,163.55,147.0538878743984,0.8991371927508309
14471.0,1.0,141.0,549.0,192.12,0.3762632026060166,308.99479258412475,116.26337024628461,0.0,116.26337024628461,
14472.0,5.0,502.0,506.0,305.926,1.7180447224846946,325.65519534945605,559.4901897198553,407.21,152.2801897198553,0.37395984803873994
14473.0,0.0,0.0,99.0,0.0,0.7185291502011065,415.81364110364115,298.7742221842272,149.34000000000003,149.43422218422717,1.0006309239602729
14474.0,0.0,0.0,396.0,0.0,0.2623689883997894,415.81364110364115,109.09660437919541,547.66,438.56339562080456,0.8007950108110955
14475.0,2.0,222.0,225.0,311.08500000000004,1.5539596422048603,348.11881442728907,540.9625883122103,303.68,237.2825883122103,0.7813573113547494
14476.0,0.0,0.0,74.0,0.0,0.8422082613733894,415.81364110364115,350.20168372923615,0.0,350.20168372923615,
14477.0,4.0,520.0,521.0,254.5,1.3773349956377046,289.14760062038226,398.25310923912696,786.5999999999999,388.34689076087295,0.4937031410639118
14478.0,3.0,356.0,555.0,331.46,0.9378395614396214,354.0031233663101,331.9981339661165,0.0,331.9981339661165,
14479.0,3.0,480.0,550.0,314.66,1.0133286798045549,341.69284624725475,346.2471607863914,0.0,346.2471607863914,
14480.0,2.0,316.0,535.0,358.31000000000006,0.7061077905569052,378.6442576690001,267.36366018971717,279.05,11.686339810282846,0.04187901741724725
14481.0,3.0,390.0,494.0,520.5066666666667,1.0956084473306096,492.5279361699026,539.6177674140566,333.65,205.96776741405665,0.6173168512334982
14482.0,4.0,231.0,287.0,497.79,2.201963918586795,480.18278387170415,1057.3451644120537,1830.05,772.7048355879463,0.4222315431752937
14483.0,1.0,455.0,553.0,137.1,0.45454716953526264,282.7214795987959,128.5102483184542,0.0,128.5102483184542,
14484.0,2.0,321.0,539.0,156.805,0.7027881835092549,248.39482536786738,174.56894811338208,321.92,147.35105188661794,0.45772568304739664
14486.0,1.0,42.0,370.0,78.0,0.4585648152526215,254.49987295697593,116.70468722433131,0.0,116.70468722433131,
14487.0,1.0,11.0,196.0,250.2,0.8226206843286874,336.729325811822,277.0005084328585,1071.23,794.2294915671415,0.7414182683150597
14489.0,3.0,405.0,429.0,374.6933333333333,1.269158007347188,385.6825468254665,489.49209259759755,0.0,489.49209259759755,
14490.0,1.0,22.0,245.0,796.39,0.683710336399993,597.5475886154711,408.5494628272884,0.0,408.5494628272884,
14491.0,0.0,0.0,189.0,0.0,0.4703718722446599,415.81364110364115,195.58704087078877,213.73,18.14295912921122,0.08488728362518702
14492.0,6.0,189.0,436.0,284.6333333333333,0.8671911457921171,304.8654742681985,264.3766399430963,0.0,264.3766399430963,
14493.0,4.0,251.0,458.0,548.3025,1.2555991441449903,519.8460034614218,652.7181970333548,2383.24,1730.5218029666448,0.7261214997090705
14494.0,1.0,330.0,548.0,147.6,0.4434649980534025,287.7354706265304,127.60060992128916,139.56,11.95939007871084,0.08569353739403009
14495.0,0.0,0.0,476.0,0.0,0.22409690946851346,415.81364110364115,93.18255188617562,123.8,30.61744811382438,0.24731379736530196
14496.0,6.0,322.0,450.0,318.995,2.030681889067777,333.92748815485993,678.1005024579688,0.0,678.1005024579688,
14497.0,1.0,364.0,490.0,475.37,0.5008253764861463,444.25316959420115,222.4932609171796,0.0,222.4932609171796,
14498.0,6.0,364.0,367.0,326.42,2.659623220428337,340.2073189675425,904.8232852857459,1644.08,739.256714714254,0.44964765383330135
14499.0,4.0,191.0,286.0,273.14,2.1050879768043456,303.78402552812463,639.4920996844796,689.3,49.80790031552033,0.07225866867187049
14500.0,0.0,0.0,6.0,0.0,1.5896904369640144,415.81364110364115,661.0149688216452,72.0,589.0149688216452,8.180763455856184
14501.0,1.0,136.0,136.0,184.28,1.3808851185928495,305.2510126167497,421.5165807578678,0.0,421.5165807578678,
14502.0,4.0,79.0,130.0,228.755,3.7336653267031177,268.9322165404559,1004.1028921305149,1397.4,393.2971078694852,0.28144919698689363
14504.0,2.0,35.0,95.0,197.74,2.538897444510403,274.8545187315401,697.8274352196438,130.55,567.2774352196438,4.345288665029826
14505.0,12.0,526.0,547.0,699.1358333333334,3.593558874742125,675.4615648174156,2427.310900796827,2712.88,285.5690992031732,0.1052641838943017
14506.0,3.0,316.0,416.0,484.61999999999995,1.2619071859252462,466.2318164350315,588.3412794663465,1445.31,856.9687205336535,0.5929307349521235
14507.0,6.0,514.0,546.0,390.8433333333333,1.8811299219086512,394.6945423644969,742.4717136558969,767.87,25.3982863441031,0.033076284194073345
14508.0,1.0,164.0,357.0,289.91,0.6217217495814071,355.6917623557589,221.1413048035165,276.42,55.27869519648351,0.19998080890124995
14509.0,0.0,0.0,351.0,0.0,0.2902584234732097,415.81364110364115,120.6934119253979,0.0,120.6934119253979,
14510.0,1.0,61.0,253.0,505.75,0.7596995773691039,458.76031696777966,348.52001891413835,0.0,348.52001891413835,
14512.0,6.0,545.0,549.0,178.365,1.8852837947316556,214.9870696784223,405.3116385415749,0.0,405.3116385415749,
14513.0,4.0,362.0,385.0,94.5775,1.7726950648116389,163.5739062905309,289.96665641318566,138.24,151.72665641318565,1.0975597252111229
14514.0,7.0,525.0,543.0,441.42285714285714,2.184467500364399,437.9610846383363,956.7117558167874,652.24,304.47175581678744,0.46680938890099877
14515.0,6.0,359.0,367.0,369.4533333333333,2.6555123411285706,376.6035550132134,1000.0753880504808,1336.44,336.36461194951926,0.251687028186465
14516.0,0.0,0.0,333.0,0.0,0.3031498712137125,415.81364110364115,126.0538517494737,0.0,126.0538517494737,
14519.0,1.0,45.0,545.0,83.14,0.2685945220845143,256.9543409457907,69.016528403876,0.0,69.016528403876,
14520.0,0.0,0.0,107.0,0.0,0.6863042675803085,415.81364110364115,285.37467640753573,105.6,179.77467640753574,1.7024117084046946
14521.0,0.0,0.0,308.0,0.0,0.3230815309651693,415.81364110364115,134.34170776396581,0.0,134.34170776396581,
14522.0,4.0,486.0,501.0,215.6275,1.4208432879468174,258.6242944387183,367.4645928532343,695.91,328.44540714676566,0.47196535061540384
14524.0,4.0,180.0,233.0,278.2325,2.573494780408858,307.78273764414814,792.0772688271643,1090.1,298.0227311728356,0.2733902680238837
14525.0,12.0,541.0,543.0,461.1358333333333,3.6364774659535515,457.3487323648857,1663.1383593273283,2299.26,636.1216406726719,0.27666363989834636
14526.0,0.0,0.0,206.0,0.0,0.4415961813981778,415.81364110364115,183.62171608464033,0.0,183.62171608464033,
14527.0,91.0,553.0,554.0,240.2886813186813,26.021676138811305,242.37403558966304,6306.978658570938,4946.46,1360.518658570938,0.27504895593433243
14530.0,12.0,502.0,504.0,386.06666666666666,3.8804576757936,388.55230979548355,1507.760792993217,1365.0700000000002,142.69079299321675,0.10453001896841681
14531.0,0.0,0.0,296.0,0.0,0.3336111741893442,415.81364110364115,138.72007705253228,0.0,138.72007705253228,
14532.0,10.0,462.0,515.0,358.323,3.13610145910836,363.99291390291637,1141.5187083960395,0.0,1141.5187083960395,
14533.0,4.0,258.0,427.0,368.6725,1.4266723211117776,378.7976662201255,540.4201456979908,1516.22,975.7998543020092,0.6435740554154471
14534.0,16.0,448.0,451.0,206.975625,5.624871058308779,220.3426653580005,1239.3990812828333,2583.2,1343.8009187171665,0.5202078502311732
14535.0,6.0,405.0,470.0,583.9283333333333,2.1071141955595865,557.9997453903303,1175.7691846305997,2010.22,834.4508153694003,0.4151042250944674
14536.0,0.0,0.0,76.0,0.0,0.8307609346560835,415.81364110364115,345.44172912601016,0.0,345.44172912601016,
14537.0,0.0,0.0,440.0,0.0,0.23983954067792249,415.81364110364115,99.72855268991182,355.56,255.83144731008818,0.719516951597728
14538.0,3.0,427.0,500.0,212.16333333333333,1.0982428029948001,266.58794324451,292.7782900334694,281.75,11.028290033469375,0.03914211192003327
14540.0,8.0,423.0,549.0,354.81,2.24964988877888,362.1495101407885,814.7096052095508,800.36,14.34960520955076,0.017928938489618122
14541.0,10.0,487.0,518.0,184.905,3.1579333954736586,207.67796077002936,655.8331678195441,447.9,207.9331678195441,0.4642401603472742
14542.0,0.0,0.0,2.0,0.0,1.6778416355263202,415.81364110364115,697.6694396634877,0.0,697.6694396634877,
14543.0,28.0,548.0,555.0,478.6925,8.092463217793176,476.3278215912108,3854.6653758384236,1169.78,2684.885375838424,2.2952054025871735
14544.0,1.0,109.0,287.0,1121.92,0.7283901485048343,752.9956361638917,548.4746032489093,902.53,354.0553967510907,0.3922921085737767
14545.0,0.0,0.0,491.0,0.0,0.21813152117344764,415.81364110364115,90.70206205860725,0.0,90.70206205860725,
14546.0,7.0,532.0,550.0,420.9942857142857,2.1601757435046083,420.2939826264692,907.908866410646,1703.21,795.301133589354,0.46694249892224327
14548.0,4.0,416.0,550.0,405.2025,1.2495766408642475,407.481604089215,509.1794940517765,326.4,182.7794940517765,0.5599861950115702
14549.0,3.0,426.0,554.0,200.11,0.9854171639601167,257.755807914648,253.99699722950106,0.0,253.99699722950106,
14550.0,1.0,95.0,300.0,298.18,0.6829818516732126,359.6408771937936,245.62819224319557,765.6200000000001,519.9918077568045,0.6791774088409451
14551.0,3.0,477.0,498.0,223.46333333333337,1.1179651411256455,274.8680701162556,307.29292079845345,60.8,246.49292079845344,4.0541598815535105
14552.0,1.0,212.0,409.0,172.49,0.562267405882379,299.62101697703633,168.46713196351845,165.07,3.3971319635184614,0.02057994767988406
14553.0,4.0,291.0,326.0,201.27,2.02035781703677,247.35055674489266,499.736630867941,546.95,47.21336913205903,0.08632117950828966
14555.0,4.0,419.0,538.0,474.695,1.2844915007854418,462.04822200237425,593.4970141150748,126.2,467.2970141150748,3.702828954953049
14556.0,2.0,92.0,505.0,243.315,0.39251407177040293,304.31342981128563,119.44730342964445,0.0,119.44730342964445,
14558.0,2.0,77.0,548.0,174.52499999999998,0.27895514470660454,259.84873440424894,72.48614130756532,0.0,72.48614130756532,
14559.0,0.0,0.0,207.0,0.0,0.4400129431893274,415.81364110364115,182.9633840402838,0.0,182.9633840402838,
14560.0,26.0,541.0,554.0,186.2176923076923,7.521708323819468,195.4894443489577,1470.414580778398,1005.77,464.644580778398,0.46197896216669615
14561.0,0.0,0.0,1.0,0.0,1.7014463505269495,415.81364110364115,707.484602155113,858.69,151.2053978448871,0.1760884578193377
14562.0,9.0,438.0,487.0,271.2255555555555,2.988181552704167,286.89797829199324,857.3032462402547,4158.67,3301.3667537597453,0.7938515808563184
14563.0,1.0,83.0,409.0,149.65,0.472069283305267,288.7143926843262,136.29319643440527,0.0,136.29319643440527,
14564.0,1.0,301.0,552.0,1616.44,0.4348613640017979,989.1402878815368,430.1388947772961,0.0,430.1388947772961,
14565.0,2.0,268.0,290.0,913.775,1.269513250232306,737.6874621212404,936.5040076931571,1121.57,185.06599230684287,0.16500618981146328
14566.0,2.0,116.0,350.0,907.5,0.8554116334064874,733.631407990129,627.5568410271374,1432.0,804.4431589728626,0.5617619825229487
14568.0,0.0,0.0,252.0,0.0,0.3788989145915911,415.81364110364115,157.55133728654704,0.0,157.55133728654704,
14569.0,2.0,151.0,420.0,94.07,0.7439702201402334,207.8439798036801,154.6297314093661,227.39,72.7602685906339,0.31998007208159507
14570.0,1.0,163.0,260.0,217.21,0.8363185034831131,320.9758435256352,268.4380371115891,0.0,268.4380371115891,
14571.0,0.0,0.0,242.0,0.0,0.39096371144385983,415.81364110364115,162.56804439486464,0.0,162.56804439486464,
14572.0,5.0,367.0,438.0,696.246,1.8935024730592909,645.8972552693999,1223.0080501948169,1754.91,531.9019498051832,0.3030935773374037
14573.0,8.0,500.0,517.0,263.7625,2.5800210970994657,282.0561767684515,727.7108866298211,274.52,453.1908866298211,1.6508483412131032
14574.0,0.0,0.0,549.0,0.0,0.197775959117483,415.81364110364115,82.23794168340548,0.0,82.23794168340548,
14575.0,0.0,0.0,305.0,0.0,0.3256510610766383,415.81364110364115,135.41015343554122,0.0,135.41015343554122,
14576.0,0.0,0.0,189.0,0.0,0.4703718722446599,415.81364110364115,195.58704087078877,0.0,195.58704087078877,
14577.0,4.0,496.0,545.0,191.3025,1.3093687907474498,239.52391697730025,313.62514152766016,391.7,78.07485847233983,0.19932310051656837
14579.0,0.0,0.0,249.0,0.0,0.38243932247498824,415.81364110364115,159.02348717953447,0.0,159.02348717953447,
14580.0,0.0,0.0,335.0,0.0,0.3016611609255957,415.81364110364115,125.43482570402338,0.0,125.43482570402338,
14581.0,0.0,0.0,361.0,0.0,0.2835597446292777,415.81364110364115,117.90800988471861,138.6,20.691990115281385,0.14929285797461317
14583.0,4.0,436.0,438.0,196.495,1.5995134011031966,243.60115068617645,389.64330504669846,738.22,348.57669495330157,0.47218538505229
14584.0,5.0,463.0,477.0,197.164,1.8037143574699903,236.4202934202366,426.43467763934865,567.46,141.0253223606514,0.24852028752802202
14585.0,3.0,34.0,233.0,254.85666666666663,0.8192030487382602,297.8716792248395,244.01738775377362,157.05,86.96738775377361,0.5537560506448495
14586.0,0.0,0.0,93.0,0.0,0.7447647215513438,415.81364110364115,309.6833306338037,0.0,309.6833306338037,
14587.0,7.0,147.0,148.0,178.95428571428573,6.067661193996558,210.9721812511815,1280.107717190602,127.61,1152.497717190602,9.031405980648868
14588.0,0.0,0.0,395.0,0.0,0.26293035686716626,415.81364110364115,109.33002904561616,0.0,109.33002904561616,
14589.0,0.0,0.0,188.0,0.0,0.47218204106924716,415.81364110364115,196.3397337607527,0.0,196.3397337607527,
14590.0,18.0,308.0,549.0,161.01222222222225,0.06498731031470799,175.6129564882162,11.412613698583018,0.0,11.412613698583018,
14591.0,0.0,0.0,30.0,0.0,1.2096231944162108,415.81364110364115,502.9778248336222,1196.92,693.9421751663779,0.579773230597181
14593.0,6.0,532.0,547.0,498.8433333333333,1.886685244897892,486.03753600351604,916.9998476443616,278.4,638.5998476443616,2.2938212918260117
14594.0,0.0,0.0,190.0,0.0,0.4685755574138184,415.81364110364115,194.84010866040808,124.83,70.01010866040808,0.5608436166018431
14595.0,2.0,375.0,505.0,192.65,0.7767238455651174,271.5644286076585,210.93056730683432,1576.8,1365.8694326931657,0.8662287117536566
14596.0,0.0,0.0,443.0,0.0,0.2384436112817556,415.81364110364115,99.14810620496806,0.0,99.14810620496806,
14597.0,3.0,246.0,254.0,460.9966666666666,1.950361104212509,448.9217104940106,875.5594429840668,718.05,157.50944298406682,0.21935720769315067
14598.0,0.0,0.0,386.0,0.0,0.26809298565260653,415.81364110364115,111.47672051855653,221.97,110.49327948144347,0.49778474335019807
14599.0,1.0,119.0,326.0,288.9,0.6498589532963344,355.20946417118637,230.83605058723896,0.0,230.83605058723896,
14600.0,1.0,88.0,210.0,393.33,0.9490237119326516,405.07718636416877,384.42785502255794,0.0,384.42785502255794,
14602.0,0.0,0.0,473.0,0.0,0.22532937971421466,415.81364110364115,93.69502982659253,0.0,93.69502982659253,
14603.0,0.0,0.0,91.0,0.0,0.7539426943197899,415.81364110364115,313.49965690860137,0.0,313.49965690860137,
14604.0,0.0,0.0,450.0,0.0,0.23524882829887922,415.81364110364115,97.81967186032227,0.0,97.81967186032227,
14605.0,2.0,357.0,548.0,360.03,0.7061531608443575,379.7560366499581,268.1659256300936,0.0,268.1659256300936,
14606.0,134.0,551.0,553.0,188.83223880597015,38.28877758578137,190.67058256198072,7300.543527867044,5039.92,2260.623527867044,0.448543533997969
14607.0,7.0,463.0,541.0,820.4185714285715,2.135600197418843,765.7253617322033,1635.2832336839083,14526.5,12891.21676631609,0.8874275817517014
14608.0,6.0,371.0,550.0,258.3616666666667,1.6210699385235494,282.64572721986735,458.1884916482542,1581.15,1122.9615083517458,0.7102182008991846
14609.0,6.0,372.0,485.0,162.56,1.9716465996050838,201.61969917411952,397.52279429005273,457.56,60.03720570994727,0.13121165685363073
14610.0,1.0,119.0,331.0,10.9,0.6398716779382593,222.45808267497725,142.3446266321657,0.0,142.3446266321657,
14611.0,1.0,155.0,415.0,312.93,0.5280058115974445,366.6843407803731,193.61146295381482,0.0,193.61146295381482,
14612.0,0.0,0.0,232.0,0.0,0.4038233939983716,415.81364110364115,167.91527582129314,0.0,167.91527582129314,
14613.0,0.0,0.0,497.0,0.0,0.21583340408217794,415.81364110364115,89.74647362320388,0.0,89.74647362320388,
14614.0,0.0,0.0,203.0,0.0,0.44641513332960087,415.81364110364115,185.62550203354877,0.0,185.62550203354877,
14615.0,4.0,154.0,365.0,162.0275,1.219126258015169,216.53672066967377,263.9856019928953,0.0,263.9856019928953,
14616.0,4.0,306.0,365.0,121.32,1.8223778570012508,184.5725432591629,336.36091584590395,0.0,336.36091584590395,
14617.0,1.0,13.0,232.0,109.0,0.6905797434799845,269.3030845626683,185.97525505565602,0.0,185.97525505565602,
14618.0,3.0,209.0,363.0,251.65,1.3150844833625874,295.5219795048929,388.63636973948127,341.64,46.99636973948128,0.137561086932096
14619.0,1.0,296.0,358.0,394.44,0.6607685358440308,405.6072368442436,268.01250001731387,0.0,268.01250001731387,
14620.0,1.0,78.0,100.0,177.43,1.649233444087755,301.9799803748467,498.0354830791611,0.0,498.0354830791611,
14621.0,5.0,496.0,500.0,266.034,1.7359268982240337,292.9253935091035,508.4970697653126,1152.0500000000002,643.5529302346877,0.5586154509219978
14622.0,0.0,0.0,1.0,0.0,1.7014463505269495,415.81364110364115,707.484602155113,0.0,707.484602155113,
14623.0,6.0,416.0,419.0,216.705,2.380385441724982,247.4138324202741,588.9402847746048,491.39,97.55028477460485,0.1985190678984205
14624.0,3.0,189.0,421.0,112.56333333333332,1.0155608901792053,193.6055860386817,196.6182613011103,225.85,29.2317386988897,0.1294298813322546
14625.0,9.0,527.0,540.0,434.8644444444444,2.7760102054384963,432.79945933661884,1201.4557160267175,0.0,1201.4557160267175,
14626.0,7.0,496.0,546.0,395.7357142857142,2.1507539976198946,398.44978467739065,856.9674672456842,2204.37,1347.4025327543156,0.6112415487210929
14627.0,0.0,0.0,196.0,0.0,0.4580798812899504,415.81364110364115,190.475863355498,0.0,190.475863355498,
14628.0,3.0,441.0,500.0,426.16333333333336,1.103223886124158,423.39742559438196,467.10215323919806,340.38,126.72215323919806,0.3722961197461604
14630.0,0.0,0.0,301.0,0.0,0.32914143528704115,415.81364110364115,136.86149864478307,0.0,136.86149864478307,
14631.0,4.0,252.0,304.0,332.71000000000004,2.1136076642448813,350.5593383904751,740.944904394723,376.9,364.04490439472306,0.9658925561016797
14632.0,0.0,0.0,79.0,0.0,0.8141643333766614,415.81364110364115,338.5406359180683,0.0,338.5406359180683,
14633.0,0.0,0.0,83.0,0.0,0.7930446360746147,415.81364110364115,329.75877768389756,0.0,329.75877768389756,
14634.0,3.0,104.0,358.0,148.04,0.8320273801711572,219.60127639148055,182.71427467824574,0.0,182.71427467824574,
14635.0,0.0,0.0,270.0,0.0,0.3589622872802103,415.81364110364115,149.2614156928755,0.0,149.2614156928755,
14636.0,0.0,0.0,85.0,0.0,0.7828921474116051,415.81364110364115,325.5372344066681,309.66,15.877234406668094,0.05127312021787797
14637.0,0.0,0.0,494.0,0.0,0.21697637420978858,415.81364110364115,90.22173619363836,0.0,90.22173619363836,
14639.0,4.0,370.0,478.0,621.0325,1.4228988082281717,576.9547579431869,820.948237478934,1749.36,928.411762521066,0.5307150972476026
14640.0,4.0,459.0,503.0,417.3125,1.4051110588249347,416.99056898367644,585.9180599046656,1711.63,1125.7119400953345,0.6576841607680015
14643.0,3.0,370.0,545.0,331.11333333333334,0.9701318656886965,353.7491017749645,343.18327609064687,335.87,7.313276090646866,0.021774127164220877
14644.0,4.0,438.0,553.0,316.49,1.2589099202270186,337.82313602976797,425.28889723007643,643.26,217.97110276992356,0.33885381147580074
14645.0,1.0,359.0,451.0,240.1,0.5415960936323579,331.9063439660964,179.75917934383557,356.99,177.23082065616444,0.49645878219604034
14646.0,65.0,546.0,554.0,5499.698153846154,18.58086783454911,5415.538162845547,100625.39885679001,163560.1,62934.70114321,0.3847802804180848
14647.0,1.0,322.0,340.0,243.22,0.6964462457140012,333.3962155857661,232.19254267996257,0.0,232.19254267996257,
14648.0,12.0,313.0,546.0,359.93666666666667,0.6461287944697359,364.60572024932975,235.58225448146922,0.0,235.58225448146922,
14649.0,5.0,476.0,505.0,482.646,1.710275831025196,470.64693758416723,804.9360822962251,833.0699999999999,28.13391770377484,0.0337713729983973
14650.0,0.0,0.0,406.0,0.0,0.25688448510966255,415.81364110364115,106.81607309648288,0.0,106.81607309648288,
14651.0,6.0,420.0,448.0,236.4983333333333,2.2319427997303576,264.1544094643634,589.5775322210106,238.28,351.29753222101067,1.4743055742026636
14653.0,4.0,399.0,554.0,374.955,1.2224563050896684,383.73078529109614,469.09411793611025,1592.79,1123.6958820638897,0.7054890362595758
14654.0,0.0,0.0,555.0,0.0,0.1958850701096041,415.81364110364115,81.4516842401165,0.0,81.4516842401165,
14655.0,3.0,374.0,413.0,594.7666666666667,1.304672877780944,546.9422920544889,713.5807741548356,1121.67,408.0892258451645,0.36382289429615167
14656.0,3.0,320.0,420.0,170.75333333333333,1.2523429497652003,236.2445756552193,295.85922874208535,157.94,137.91922874208535,0.8732381204386814
14657.0,3.0,153.0,252.0,301.37333333333333,1.816735903979646,331.95698025587484,603.0781646075103,323.82,279.2581646075103,0.8623870193549203
14659.0,4.0,128.0,132.0,197.1475,3.9603145733896024,244.1135040795403,966.7662677674056,1148.17,181.4037322325945,0.15799379206266886
14662.0,5.0,502.0,553.0,211.864,1.5705761614549654,248.48105966542818,390.25842888359045,246.31,143.94842888359045,0.5844197510600075
14663.0,0.0,0.0,247.0,0.0,0.38483663688187575,415.81364110364115,160.02032321193255,0.0,160.02032321193255,
14665.0,3.0,296.0,409.0,455.33666666666664,1.267584159970728,444.7743195122336,563.7888821754668,1104.04,540.2511178245331,0.48934016686400233
14667.0,36.0,523.0,554.0,454.36333333333334,10.168912785479431,453.22625975666483,4608.818307554571,5283.14,674.3216924454291,0.12763653668943642
14668.0,0.0,0.0,262.0,0.0,0.36755742840151334,415.81364110364115,152.83539261832414,0.0,152.83539261832414,
14669.0,4.0,496.0,554.0,604.9375,1.2874731698897988,564.3167075735456,726.5426203214873,0.0,726.5426203214873,
14670.0,1.0,452.0,549.0,411.53,0.45749806620137806,413.76810414557525,189.29810750241109,0.0,189.29810750241109,
14671.0,1.0,19.0,385.0,183.5,0.3726139465393639,304.87854471183226,113.60199776025372,0.0,113.60199776025372,
14672.0,3.0,446.0,497.0,319.0933333333333,1.1115228141033808,344.9413915981165,383.4102262898748,0.0,383.4102262898748,
14673.0,2.0,42.0,226.0,747.12,1.060935948740223,629.9644818470772,668.3519652210719,1362.91,694.5580347789282,0.5096140132355975
14674.0,0.0,0.0,326.0,0.0,0.3084782257733,415.81364110364115,128.26945425998693,0.0,128.26945425998693,
14675.0,0.0,0.0,205.0,0.0,0.44319087552676806,415.81364110364115,184.284811656696,604.75,420.465188343304,0.695271084486654
14676.0,8.0,432.0,456.0,787.6437500000001,2.8666909161111964,742.9078816891424,2129.6872759456755,1399.72,729.9672759456755,0.5215094990038547
14677.0,0.0,0.0,409.0,0.0,0.255283600861516,415.81364110364115,106.1504035882756,0.0,106.1504035882756,
14678.0,0.0,0.0,396.0,0.0,0.2623689883997894,415.81364110364115,109.09660437919541,0.0,109.09660437919541,
14679.0,2.0,350.0,548.0,425.35,0.7032977630250966,421.9777826012248,296.77603054973196,0.0,296.77603054973196,
14680.0,43.0,537.0,552.0,992.3525581395348,12.343435292814844,978.0464761144873,12072.453391284753,14220.23,2147.7766087152468,0.15103669973799627
14681.0,3.0,442.0,470.0,230.5666666666667,1.1731218262387249,280.0730702235387,328.5598316209244,105.0,223.5598316209244,2.1291412535326133
14682.0,5.0,485.0,489.0,225.558,1.7696976081372409,259.7164428600985,459.61956772342864,0.0,459.61956772342864,
14683.0,0.0,0.0,405.0,0.0,0.2574225877780788,415.81364110364115,107.03982352632462,0.0,107.03982352632462,
14684.0,2.0,175.0,207.0,259.63,1.6327660289884227,314.8591705521753,514.0913575930639,717.02,202.9286424069361,0.28301671139847717
14685.0,4.0,150.0,543.0,829.845,0.33056916982931916,740.9176590187209,244.92453545370114,0.0,244.92453545370114,
14686.0,1.0,245.0,476.0,568.86,0.4920173809910883,488.8967906592393,240.54571851510732,0.0,240.54571851510732,
14687.0,1.0,151.0,368.0,462.02,0.59584165651168,437.878238144653,260.90609476652594,628.38,367.47390523347406,0.5847956733719629
14688.0,16.0,258.0,273.0,281.94375,8.416839284835394,290.51232515930167,2445.195551129684,2843.19,397.99444887031586,0.13998165752915417
14689.0,0.0,0.0,25.0,0.0,1.2729102238644605,415.81364110364115,529.2934349831323,0.0,529.2934349831323,
14690.0,1.0,18.0,227.0,180.51,0.7292162449851877,303.45075107631544,221.28121723780563,371.7000000000001,150.41878276219447,0.4046779197261082
14691.0,0.0,0.0,29.0,0.0,1.2217682172631852,415.81364110364115,508.02789100490946,1674.73,1166.7021089950906,0.6966508684952742
14692.0,10.0,382.0,434.0,146.372,3.613752174513445,172.94521048419094,624.9811304589304,111.25,513.7311304589304,4.617807914237576
14693.0,6.0,261.0,342.0,177.26,2.6575982242707394,214.05249553054156,568.8655320226876,0.0,568.8655320226876,
14694.0,0.0,0.0,434.0,0.0,0.24268104792729547,415.81364110364115,100.91009016549597,0.0,100.91009016549597,
14695.0,1.0,213.0,549.0,636.0400000000001,0.4130634950609665,520.9767827776398,215.19649073974983,0.0,215.19649073974983,
14696.0,4.0,234.0,238.0,366.5025,2.6184125845000037,377.09374765522205,987.3870143967022,907.56,79.82701439670222,0.08795783683360024
14697.0,0.0,0.0,35.0,0.0,1.1523724680002014,415.81364110364115,479.17219182675296,0.0,479.17219182675296,
14699.0,3.0,311.0,342.0,153.38000000000002,1.5281036949032312,223.5141859043232,341.552853343684,0.0,341.552853343684,
14700.0,3.0,296.0,302.0,699.0633333333334,1.7034559344987938,623.3661533199896,1061.8767732386214,677.6999999999999,384.1767732386214,0.56688324219953
14701.0,8.0,437.0,501.0,407.78,2.593184143366153,408.7465487056331,1059.9550687590888,798.62,261.3350687590888,0.327233313414501
14702.0,17.0,448.0,546.0,240.5135294117647,4.343778799083985,251.11380615569936,1090.7828273364125,2069.99,979.2071726635872,0.4730492285777165
14704.0,1.0,200.0,441.0,146.82,0.5165492382771296,287.363002721613,148.43714016487792,1514.5700000000002,1366.1328598351222,0.901993872739538
14705.0,0.0,0.0,15.0,0.0,1.4218934781312962,415.81364110364115,591.2427044032949,0.0,591.2427044032949,
14706.0,0.0,0.0,435.0,0.0,0.24220279373679504,415.81364110364115,100.7112255491709,0.0,100.7112255491709,
14707.0,1.0,141.0,393.0,69.6,0.5503255260656356,250.4886801347883,137.85031466866408,0.0,137.85031466866408,
14708.0,2.0,87.0,272.0,599.78,1.0714252187423952,534.7263916991955,572.9193411936421,707.31,134.3906588063578,0.1900024866131651
14709.0,15.0,547.0,551.0,376.8086666666667,4.443792580807374,379.4603714947799,1686.243183558913,2978.0,1291.756816441087,0.43376656025556987
14710.0,8.0,357.0,553.0,159.6575,1.763042919643503,190.47632591337987,335.8179377612926,606.13,270.31206223870737,0.4459638398342061
14711.0,5.0,77.0,79.0,280.694,6.4902593411982386,304.95334134274356,1979.2262722793562,1264.81,714.4162722793562,0.5648407842121396
14712.0,0.0,0.0,235.0,0.0,0.3998773915018872,415.81364110364115,166.27447415542593,917.07,750.7955258445741,0.8186894412035876
14713.0,16.0,550.0,553.0,252.56625,4.7151115979088365,263.01518312976947,1240.1459404012926,1216.72,23.425940401292564,0.01925335360747959
14714.0,2.0,280.0,504.0,298.525,0.7335544805818599,340.00024233378156,249.40870116286365,160.19,89.21870116286365,0.5569554976144806
14715.0,5.0,391.0,506.0,183.638,1.6325662281690096,225.32274755408275,367.8543080950468,619.9300000000001,252.07569190495326,0.40661960528600527
14716.0,0.0,0.0,261.0,0.0,0.36866088965189153,415.81364110364115,153.2942268586607,329.68,176.3857731413393,0.5350211512416262
14717.0,0.0,0.0,550.0,0.0,0.19745827869412447,415.81364110364115,82.10584582986142,0.0,82.10584582986142,
14718.0,0.0,0.0,227.0,0.0,0.4105763134877654,415.81364110364115,170.72323186225776,0.0,170.72323186225776,
14719.0,0.0,0.0,66.0,0.0,0.8913540027642574,415.81364110364115,370.6371534017109,1378.67,1008.0328465982891,0.7311632563255087
14721.0,0.0,0.0,196.0,0.0,0.4580798812899504,415.81364110364115,190.475863355498,0.0,190.475863355498,
14722.0,1.0,9.0,303.0,120.05,0.4787866681510664,274.5797132156651,131.4651060324036,187.92,56.45489396759638,0.3004198274137738
14723.0,6.0,377.0,552.0,210.12166666666667,1.6328929957835159,241.84585672777214,394.9084055100428,687.3,292.39159448995713,0.4254206234394837
14724.0,0.0,0.0,407.0,0.0,0.2563486290813864,415.81364110364115,106.59325685025803,0.0,106.59325685025803,
14725.0,1.0,140.0,351.0,330.35,0.618054433643885,375.00279065686215,231.77213739430334,718.08,486.3078626056967,0.6772335430672024
14726.0,0.0,0.0,471.0,0.0,0.22615859022638943,415.81364110364115,94.03982686890134,0.0,94.03982686890134,
14727.0,1.0,272.0,363.0,268.58,0.6478132095716107,345.5061977251325,223.8234788752016,0.0,223.8234788752016,
14728.0,0.0,0.0,230.0,0.0,0.4064976854764754,415.81364110364115,169.02728269817595,0.0,169.02728269817595,
14729.0,1.0,252.0,442.0,626.98,0.532160209253494,516.6504248051374,274.94079817520856,0.0,274.94079817520856,
14730.0,2.0,44.0,93.0,139.215,2.636824700747943,237.02494613818612,624.9932326706199,1449.46,824.4667673293801,0.5688096031138355
14731.0,1.0,7.0,29.0,123.36,2.775943646467,276.16031419678905,766.605469600907,129.0,637.605469600907,4.94267805892176
14732.0,13.0,544.0,547.0,298.3253846153846,3.8993140689703414,307.4460985344428,1198.8288974653947,1419.29,220.4611025346053,0.15533196354135187
14733.0,10.0,198.0,219.0,1189.27,6.3206693365716555,1112.9892197126537,7034.836832972584,1678.3300000000002,5356.506832972584,3.191569496447411
14734.0,3.0,126.0,368.0,286.02000000000004,0.9436731804046826,320.706754777627,302.6423632582679,0.0,302.6423632582679,
14735.0,28.0,539.0,552.0,298.50107142857144,8.112405843783229,302.91283247925224,2457.3518323616163,3495.2799999999997,1037.9281676383835,0.2969513651662767
14736.0,0.0,0.0,302.0,0.0,0.32826183803936726,415.81364110364115,136.49575011052303,0.0,136.49575011052303,
14737.0,1.0,47.0,217.0,434.0,0.8547752351344453,424.49804494492713,362.85041618191246,730.55,367.6995838180875,0.5033188471946992
14738.0,5.0,533.0,549.0,144.388,1.5958616841104505,193.11968121913247,308.1922997052381,788.76,480.5677002947619,0.6092698669997996
14739.0,20.0,518.0,554.0,453.7205,5.751267963792934,451.75429438382014,2598.1600007955467,2594.66,3.500000795546839,0.0013489246358084834
14740.0,10.0,455.0,469.0,404.581,3.461074611228964,405.6887995781121,1404.1192042797593,0.0,1404.1192042797593,
14741.0,2.0,56.0,234.0,339.9,1.1182972086676906,366.7443442739784,410.12917649625257,905.04,494.9108235037474,0.5468386187392241
14742.0,0.0,0.0,252.0,0.0,0.3788989145915911,415.81364110364115,157.55133728654704,0.0,157.55133728654704,
14743.0,0.0,0.0,409.0,0.0,0.255283600861516,415.81364110364115,106.1504035882756,0.0,106.1504035882756,
14744.0,9.0,273.0,387.0,400.0211111111111,3.0652522045570536,401.7329202493439,1231.4127194374444,171.95,1059.4627194374443,6.161458095012762
14745.0,7.0,453.0,454.0,216.8457142857143,2.5611872684309516,243.74156682899704,624.2677977498391,638.5899999999999,14.322202250160785,0.022427852378146835
14746.0,2.0,17.0,240.0,158.7,0.7050153387947599,249.6197213963066,175.98573245007066,0.0,175.98573245007066,
14747.0,0.0,0.0,66.0,0.0,0.8913540027642574,415.81364110364115,370.6371534017109,0.0,370.6371534017109,
14748.0,6.0,433.0,462.0,357.3566666666666,2.1736874313671413,366.3725758800035,796.3794633879679,644.62,151.7594633879679,0.23542468956589604
14749.0,0.0,0.0,296.0,0.0,0.3336111741893442,415.81364110364115,138.72007705253228,0.0,138.72007705253228,
14750.0,0.0,0.0,553.0,0.0,0.19651133428484613,415.81364110364115,81.71209342711667,0.0,81.71209342711667,
14751.0,1.0,42.0,543.0,61.349999999999994,0.2645454412825291,246.54911575585405,65.22344462544976,0.0,65.22344462544976,
14753.0,0.0,0.0,277.0,0.0,0.3517650917979287,415.81364110364115,146.2687236336533,563.15,416.8812763663467,0.7402668496250496
14754.0,4.0,395.0,507.0,195.385,1.3536142581588793,242.72956100551153,328.5621946537059,409.78,81.21780534629409,0.19819855860777513
14755.0,14.0,529.0,553.0,455.6878571428571,4.119071108865059,452.7974651858935,1865.1049570145465,3147.77,1282.6650429854535,0.40748372434626845
14756.0,1.0,42.0,241.0,479.1,0.7572914740784855,446.03433021643445,337.7779954192136,738.96,401.18200458078644,0.542900839802948
14758.0,5.0,405.0,427.0,429.07,1.9775346691968172,426.68995715203226,843.7941832662482,277.12,566.6741832662482,2.044869310285249
14759.0,0.0,0.0,49.0,0.0,1.0176720339314351,415.81364110364115,423.1619138783783,1053.72,630.5580861216217,0.5984114244027082
14760.0,0.0,0.0,114.0,0.0,0.6603966120630489,415.81364110364115,274.60191983444514,0.0,274.60191983444514,
14761.0,1.0,110.0,261.0,97.5,0.798641712169993,263.81157057991146,210.69092441819546,158.4,52.29092441819546,0.33011947233709255
14762.0,1.0,363.0,443.0,300.52,0.5513650207733429,360.7582809085459,198.9094970472959,0.0,198.9094970472959,
14766.0,7.0,338.0,368.0,561.3485714285714,3.0218339836365438,541.67562167975,1636.8538016993205,1307.16,329.6938016993204,0.25222145850494226
14767.0,0.0,0.0,291.0,0.0,0.3382041309842908,415.81364110364115,140.62989114087074,0.0,140.62989114087074,
14769.0,12.0,522.0,540.0,830.4016666666666,3.637791987887998,795.7588871391595,2894.805303925504,4835.75,1940.9446960744958,0.401374077666235
14770.0,7.0,420.0,469.0,385.9085714285714,2.447870590141997,389.9510437865073,954.5496916801652,0.0,954.5496916801652,
14771.0,1.0,115.0,553.0,307.25,0.3526283160214617,363.97201039584616,128.34683710483318,0.0,128.34683710483318,
14773.0,0.0,0.0,409.0,0.0,0.255283600861516,415.81364110364115,106.1504035882756,0.0,106.1504035882756,
14774.0,0.0,0.0,345.0,0.0,0.29443187923621006,415.81364110364115,122.42879176219607,0.0,122.42879176219607,
14775.0,0.0,0.0,189.0,0.0,0.4703718722446599,415.81364110364115,195.58704087078877,605.3399999999999,409.75295912921115,0.6768972133498715
14776.0,6.0,228.0,263.0,326.15000000000003,3.410171894734557,339.978961483445,1159.3866992518867,1463.7,304.3133007481133,0.20790688033621185
14777.0,0.0,0.0,220.0,0.0,0.4204195959828954,415.81364110364115,174.81620299696948,0.0,174.81620299696948,
14778.0,0.0,0.0,125.0,0.0,0.6234265191147551,415.81364110364115,259.2292508736751,396.81,137.58074912632492,0.3467169404156269
14779.0,2.0,43.0,140.0,61.8,1.8820326997018124,186.9851962481477,351.9122536991746,0.0,351.9122536991746,
14782.0,0.0,0.0,136.0,0.0,0.5903872372602638,415.81364110364115,245.49106678630955,0.0,245.49106678630955,
14783.0,0.0,0.0,476.0,0.0,0.22409690946851346,415.81364110364115,93.18255188617562,0.0,93.18255188617562,
14784.0,1.0,66.0,206.0,114.68,0.9352795817216603,272.01541494719515,254.41046351365654,175.31,79.10046351365654,0.4512033741010583
14786.0,0.0,0.0,367.0,0.0,0.27968704815074447,415.81364110364115,116.29768986109048,0.0,116.29768986109048,
14787.0,0.0,0.0,288.0,0.0,0.3410211892162986,415.81364110364115,141.80126238152286,0.0,141.80126238152286,
14788.0,0.0,0.0,413.0,0.0,0.2531798936657427,415.81364110364115,105.27565343938515,679.44,574.164346560615,0.8450552610394073
14790.0,6.0,475.0,545.0,270.8183333333333,1.856570702203085,293.18118299854063,544.3115947923318,592.9,48.58840520766819,0.08195042200652419
14791.0,0.0,0.0,423.0,0.0,0.24806935857108983,415.81364110364115,103.1506232336896,0.0,103.1506232336896,
14793.0,0.0,0.0,352.0,0.0,0.2895743337858696,415.81364110364115,120.40895810166357,228.99,108.58104189833644,0.47417372766643273
14794.0,6.0,284.0,304.0,198.65666666666667,3.0784560160353354,232.14912133822256,714.6608592009683,640.37,74.29085920096827,0.11601239783401514
14796.0,18.0,508.0,542.0,337.7711111111111,5.304577250623481,342.2431358230186,1815.4551524688263,4542.18,2726.724847531174,0.6003119311720746
14797.0,0.0,0.0,324.0,0.0,0.31003522620138085,415.81364110364115,128.91687627718719,0.0,128.91687627718719,
14798.0,5.0,338.0,465.0,87.776,1.71776904566626,146.6717833502355,251.94824931170245,98.06,153.88824931170245,1.569327445560906
14799.0,0.0,0.0,554.0,0.0,0.1961977022028778,415.81364110364115,81.58168092914649,157.7,76.1183190708535,0.4826779903034465
14800.0,10.0,244.0,252.0,636.2090000000001,5.750505222149643,614.4728932953983,3533.5295817645883,945.68,2587.8495817645885,2.73649604703979
14803.0,1.0,17.0,109.0,188.64,1.4272315427295414,307.33301270064703,438.63536984846223,114.76,323.87536984846224,2.822197367100577
14805.0,3.0,308.0,438.0,153.82,1.1869768254225845,223.83659792410796,265.68885441734915,445.4,179.71114558265083,0.40348258999248054
14806.0,0.0,0.0,256.0,0.0,0.3742792366958884,415.81364110364115,155.63041220000892,193.39,37.75958779999107,0.19525098402187843
14807.0,1.0,259.0,466.0,169.65,0.5065200551096634,298.26485178477293,151.07712916329876,0.0,151.07712916329876,
14809.0,0.0,0.0,438.0,0.0,0.2407792822917987,415.81364110364115,100.11931007207428,0.0,100.11931007207428,
14810.0,9.0,231.0,246.0,177.54333333333335,5.282673302138713,203.37030915061453,1074.3389025976478,809.1800000000001,265.15890259764774,0.327688403813302
14811.0,0.0,0.0,204.0,0.0,0.44479715056484703,415.81364110364115,184.95272272889355,0.0,184.95272272889355,
14812.0,0.0,0.0,415.0,0.0,0.2521409981419443,415.81364110364115,104.84366650890827,0.0,104.84366650890827,
14813.0,2.0,241.0,427.0,315.265,0.8529653690190616,350.8206959042684,299.2379043415083,0.0,299.2379043415083,
14814.0,0.0,0.0,398.0,0.0,0.26125341773935395,415.81364110364115,108.63273488097136,0.0,108.63273488097136,
14816.0,0.0,0.0,14.0,0.0,1.438751436300432,415.81364110364115,598.2524733711759,0.0,598.2524733711759,
14817.0,6.0,427.0,444.0,518.9716666666667,2.257245782145719,503.0614454815784,1135.5333259734214,0.0,1135.5333259734214,
14818.0,3.0,394.0,464.0,174.12,1.1708565127822026,238.71151610963318,279.49693331307765,539.55,260.0530666869223,0.4819814042941754
14819.0,2.0,526.0,535.0,126.085,0.7629597253611833,228.53793566145416,174.36524062687485,187.35,12.984759373125144,0.0693074959867902
14820.0,4.0,297.0,494.0,163.0675,1.2464844280833642,217.35334523534178,270.927560227681,507.29,236.36243977231902,0.46593159686238445
14821.0,4.0,310.0,493.0,299.25,1.2805537697008498,324.2860134219633,415.2656769487554,0.0,415.2656769487554,
14822.0,0.0,0.0,302.0,0.0,0.32826183803936726,415.81364110364115,136.49575011052303,0.0,136.49575011052303,
14823.0,0.0,0.0,11.0,0.0,1.4918369907048916,415.81364110364115,620.3261710380998,110.78,509.5461710380998,4.599622414137027
14824.0,5.0,258.0,454.0,419.94000000000005,1.4724293277862632,419.1991547153929,617.2411295861558,1127.71,510.46887041384423,0.45265970011247947
14825.0,16.0,408.0,429.0,216.43375,5.822987014337119,229.19540662114645,1334.6018765006515,1201.04,133.56187650065158,0.11120518592274327
14826.0,1.0,114.0,512.0,207.3,0.387828286001934,316.24359104136386,122.6482098726687,0.0,122.6482098726687,
14828.0,12.0,536.0,549.0,763.0883333333333,3.5913702595544463,734.0702241343081,2636.3179713804207,0.0,2636.3179713804207,
14829.0,4.0,252.0,253.0,295.255,2.501513819700925,321.14907578749813,803.3588512666063,165.92,637.4388512666063,3.841844571278968
14831.0,1.0,57.0,554.0,842.82,0.28219923694223376,619.7189794171582,174.8842231101419,0.0,174.8842231101419,
14833.0,0.0,0.0,315.0,0.0,0.317240968652432,415.81364110364115,131.91312228261384,0.0,131.91312228261384,
14834.0,1.0,167.0,224.0,243.69,0.9526509556779328,333.6206513746266,317.82403236593245,1476.61,1158.7859676340674,0.784761018572316
14835.0,1.0,89.0,434.0,118.8,0.44659439919792987,273.9828095218872,122.35918820898806,0.0,122.35918820898806,
14837.0,5.0,483.0,501.0,405.08,1.7272146357998217,407.00711482399515,702.988645598663,1157.24,454.25135440133704,0.39252994573410616
14838.0,1.0,313.0,553.0,654.57,0.4363757189965572,529.8252831342036,231.20288887024256,0.0,231.20288887024256,
14839.0,2.0,286.0,521.0,245.11,0.7097803303708825,305.4736875268785,216.8192148524396,0.0,216.8192148524396,
14840.0,1.0,272.0,356.0,62.85,0.6595442471472629,247.26540018838756,163.08247221281675,0.0,163.08247221281675,
14841.0,10.0,463.0,554.0,505.169,2.8503044641788633,496.3564840499133,1414.7671023115925,1513.91,99.14289768840763,0.06548797331968718
14842.0,1.0,117.0,125.0,1378.48,1.4529196533854594,875.508925504422,1272.0441245797608,1136.21,135.83412457976078,0.11955019281625824
14843.0,0.0,0.0,253.0,0.0,0.37773332139207594,415.81364110364115,157.066667734211,0.0,157.066667734211,
14844.0,4.0,365.0,423.0,806.6275,1.6172970156148876,722.6869081981464,1168.7993798528125,2315.26,1146.4606201471877,0.49517575570224837
14845.0,0.0,0.0,416.0,0.0,0.25162474340337293,415.81364110364115,104.62900074632591,0.0,104.62900074632591,
14846.0,0.0,0.0,244.0,0.0,0.3884895825784751,415.81364110364115,161.53926786278942,0.0,161.53926786278942,
14847.0,1.0,157.0,381.0,734.75,0.5785150736201831,568.1130736678944,328.6619766375704,309.4,19.2619766375704,0.06225590380598061
14848.0,0.0,0.0,221.0,0.0,0.41898456610036205,415.81364110364115,174.21949799642076,0.0,174.21949799642076,
14849.0,15.0,485.0,515.0,649.908,4.665138099279714,633.9933852443214,2957.666696194605,5517.63,2559.9633038053953,0.4639606685851344
14850.0,3.0,257.0,385.0,440.23,1.3091067041498827,433.7048401662894,567.7659138839429,0.0,567.7659138839429,
14851.0,1.0,374.0,447.0,206.13,0.5480625755445838,315.6848891839877,173.01507342668285,305.22,132.20492657331718,0.43314634222304293
14852.0,7.0,392.0,461.0,479.87142857142857,2.451143113740721,471.2123002710209,1155.0087849192378,2346.29,1191.2812150807622,0.5077297414559846
14853.0,3.0,394.0,422.0,231.69999999999996,1.2855062874713212,280.9035254260146,361.10324810800194,261.3,99.80324810800192,0.38194890205894344
14854.0,6.0,459.0,503.0,408.7166666666667,2.0105974381235385,409.81124396611483,823.9654372324909,1568.5,744.5345627675091,0.4746793514615933
14855.0,2.0,136.0,427.0,2125.425,0.6911458758489561,1520.8775797246128,1051.148266897808,645.6500000000001,405.498266897808,0.6280465684160271
14857.0,2.0,192.0,451.0,817.63,0.7456496364872338,675.5409562350718,503.7168684489196,1173.12,669.4031315510803,0.5706177812594452
14858.0,0.0,0.0,322.0,0.0,0.31160804043627394,415.81364110364115,129.57087389097768,0.0,129.57087389097768,
14859.0,1.0,350.0,371.0,296.86,0.6476785226659881,359.01054689316413,232.52342063327302,1056.88,824.3565793667271,0.7799907079013011
14861.0,7.0,351.0,548.0,148.56285714285715,1.6725138704158735,184.68896948891154,308.89486318301863,125.79,183.1048631830186,1.455639265307406
14865.0,2.0,366.0,555.0,41.760000000000005,0.6999005743074876,174.03167835372972,121.8048716274714,15.0,106.8048716274714,7.12032477516476
14866.0,5.0,78.0,261.0,813.3599999999999,0.9456148019358678,741.9846415305813,701.6316598403964,14249.72,13548.088340159604,0.9507617230485654
14867.0,14.0,549.0,551.0,196.33857142857144,4.160666426891711,212.2478240523462,883.0923957154159,0.0,883.0923957154159,
14868.0,3.0,187.0,237.0,354.5,2.0090748017947084,370.88578912958604,745.1372932839971,2514.26,1769.122706716003,0.7036355455346713
14869.0,3.0,335.0,540.0,569.02,0.9502009477496379,528.0763038664763,501.7786044180516,725.7,223.92139558194845,0.308559178147924
14870.0,4.0,422.0,500.0,376.6,1.3945197722827802,385.022465493523,536.9214409037822,0.0,536.9214409037822,
14871.0,6.0,483.0,555.0,140.03166666666667,1.8263954382498713,182.56594539296793,333.43760984549175,273.78,59.65760984549178,0.21790346206988012
14872.0,2.0,150.0,450.0,256.31,0.6713410236963379,312.713178565675,209.93718542161594,0.0,209.93718542161594,
14873.0,1.0,423.0,450.0,519.68,0.5497727878247252,465.41221173124075,255.87096913115545,0.0,255.87096913115545,
14874.0,0.0,0.0,352.0,0.0,0.2895743337858696,415.81364110364115,120.40895810166357,0.0,120.40895810166357,
14875.0,1.0,179.0,258.0,362.0,0.8490889773342434,390.116392183319,331.24352848025893,1103.32,772.0764715197411,0.6997756512342214
14876.0,1.0,40.0,378.0,53.1,0.44120739726058705,242.6095513769198,107.04112871356946,0.0,107.04112871356946,
14877.0,1.0,224.0,459.0,230.3,0.504176046960851,327.2266190068775,164.979823231252,0.0,164.979823231252,
14878.0,15.0,455.0,473.0,201.36,5.047368561647134,215.93936490741345,1089.925561655727,633.8,456.1255616557271,0.719667973581141
14879.0,0.0,0.0,501.0,0.0,0.21432805502578683,415.81364110364115,89.12052895093397,0.0,89.12052895093397,
14880.0,1.0,103.0,105.0,234.07,1.6205996188071954,329.02688054731175,533.2208371922941,342.92,190.30083719229407,0.5549423690431997
14882.0,9.0,229.0,436.0,318.5055555555556,1.0200079386178083,329.0531290060378,335.6368038131883,589.7,254.06319618681175,0.43083465522606706
14883.0,0.0,0.0,28.0,0.0,1.2341615293905752,415.81364110364115,513.1811992459335,451.03,62.151199245933526,0.13779837094191857
14884.0,0.0,0.0,486.0,0.0,0.22008435928805245,415.81364110364115,91.51407878552706,0.0,91.51407878552706,
14885.0,1.0,38.0,282.0,591.6,0.6277968003530296,499.75566265644716,313.7450059740256,765.3199999999999,451.5749940259743,0.5900472926696995
14886.0,0.0,0.0,69.0,0.0,0.8722632972582496,415.81364110364115,362.6989776340205,0.0,362.6989776340205,
14888.0,0.0,0.0,24.0,0.0,1.286377417926047,415.81364110364115,534.8932779813299,0.0,534.8932779813299,
14889.0,0.0,0.0,153.0,0.0,0.5457088690294575,415.81364110364115,226.91319181368874,0.0,226.91319181368874,
14890.0,2.0,406.0,476.0,257.73,0.832965370342703,313.6310426080938,261.243797557019,0.0,261.243797557019,
14891.0,2.0,249.0,253.0,400.365,1.4205607511184417,405.82790013655244,576.5031866428009,105.0,471.50318664280087,4.490506539455247
14892.0,0.0,0.0,507.0,0.0,0.21210901682328914,415.81364110364115,88.19782259620533,0.0,88.19782259620533,
14893.0,0.0,0.0,434.0,0.0,0.24268104792729547,415.81364110364115,100.91009016549597,1237.85,1136.9399098345039,0.9184795490847065
14894.0,1.0,294.0,554.0,537.36,0.4317950152899865,473.85481757603566,204.60814820047807,655.75,451.14185179952193,0.6879784243988135
14895.0,15.0,525.0,546.0,1075.622,4.455081354759821,1030.7657467612748,4592.1452595212395,7218.93,2626.784740478761,0.36387452717767876
14896.0,7.0,529.0,550.0,255.7028571428571,2.158445570300068,277.34612450191895,598.6365138710581,0.0,598.6365138710581,
14897.0,4.0,428.0,541.0,412.125,1.2832385995786606,412.91726135444287,529.871368202331,1190.88,661.0086317976691,0.5550589747058218
14898.0,11.0,496.0,553.0,227.35,3.2190548673165247,244.40004544551022,786.7371558637496,692.59,94.14715586374962,0.13593490501414923
14899.0,0.0,0.0,212.0,0.0,0.43226434014170195,415.81364110364115,179.7414091935839,0.0,179.7414091935839,
14900.0,0.0,0.0,339.0,0.0,0.29872722064784546,415.81364110364115,124.21485331435143,0.0,124.21485331435143,
14901.0,5.0,138.0,315.0,238.41,1.5108646169370141,270.2609984916088,408.3277799590395,924.24,515.9122200409605,0.5582015710648321
14902.0,1.0,158.0,370.0,304.56,0.5966244663980355,362.6874736468361,216.38822043379514,332.66,116.27177956620488,0.3495213718697916
14903.0,2.0,78.0,95.0,633.5250000000001,2.723992818592905,556.5385903692123,1516.007123435553,1010.4,505.60712343555304,0.5004029329330494
14904.0,1.0,19.0,244.0,238.05,0.6756274019824334,330.92742190830063,223.58363430864975,1025.44,801.8563656913503,0.7819632213404493
14905.0,6.0,503.0,553.0,234.28166666666667,1.8493898376442615,262.27962271220457,485.0572688651222,307.6,177.45726886512216,0.5769091965706181
14907.0,7.0,242.0,419.0,475.8085714285715,1.8109771614065844,467.69864725551395,846.9915686004899,2540.41,1693.41843139951,0.6665925702542149
14908.0,0.0,0.0,280.0,0.0,0.3487682862081508,415.81364110364115,145.02261098968802,277.8,132.777389010312,0.4779603636080345
14909.0,2.0,226.0,480.0,526.0899999999999,0.7298298128720759,487.0944189626854,355.49602864256923,0.0,355.49602864256923,
14911.0,165.0,555.0,555.0,1075.541393939394,46.98950924659117,1071.1954571599847,50334.94883912556,98456.65,48121.701160874436,0.4887602936000203
14912.0,2.0,344.0,407.0,503.595,0.9517286147308048,472.5540304878883,449.7431928216965,385.06,64.68319282169648,0.16798211401261226
14913.0,5.0,212.0,302.0,562.014,2.450335374177457,535.7652297847363,1312.804494795853,611.6,701.2044947958531,1.146508330274449
14915.0,8.0,459.0,553.0,180.49875,2.333893067328406,208.8101097530923,487.3404675408258,165.20000000000002,322.14046754082574,1.9500028301502768
14916.0,4.0,293.0,434.0,342.13750000000005,1.481564780564353,357.9619615566629,530.3438350240826,973.93,443.5861649759173,0.45546000736800113
14917.0,0.0,0.0,413.0,0.0,0.2531798936657427,415.81364110364115,105.27565343938515,0.0,105.27565343938515,
14918.0,5.0,206.0,427.0,698.062,1.2564747394818232,647.38721115384,813.4256774783852,1610.15,796.7243225216149,0.49481372699538234
14919.0,0.0,0.0,356.0,0.0,0.286869948625145,415.81364110364115,119.28443786103601,0.0,119.28443786103601,
14920.0,1.0,353.0,382.0,977.77,0.6311209058419853,684.1607021974222,431.7881221123258,0.0,431.7881221123258,
14921.0,0.0,0.0,18.0,0.0,1.373629231958884,415.81364110364115,571.1737724672217,413.06,158.11377246722174,0.3827864534625036
14922.0,1.0,114.0,324.0,303.45,0.6496174127935707,362.1574231667613,235.2637682615778,0.0,235.2637682615778,
14924.0,2.0,394.0,456.0,310.435,0.8656988662052265,347.69866539378745,301.0023404124722,0.0,301.0023404124722,
14926.0,1.0,217.0,415.0,139.2,0.5558698420015503,283.7242778043428,157.71376947510402,0.0,157.71376947510402,
14927.0,0.0,0.0,213.0,0.0,0.4307473109530466,415.81364110364115,179.11060776298865,0.0,179.11060776298865,
14928.0,0.0,0.0,444.0,0.0,0.23798190784392334,415.81364110364115,98.95612361737294,0.0,98.95612361737294,
14929.0,0.0,0.0,238.0,0.0,0.39600787846254837,415.81364110364115,164.6654778492404,223.88,59.21452215075959,0.2644922375860264
14930.0,3.0,332.0,423.0,1017.0266666666666,1.2516463905669961,856.3552454052223,1071.8539519545607,1268.73,196.87604804543935,0.15517568595795744
14931.0,0.0,0.0,57.0,0.0,0.9540237257288542,415.81364110364115,396.69607909457636,621.68,224.9839209054236,0.3618966685520261
14932.0,1.0,20.0,202.0,627.06,0.8351997097894912,516.6886266415391,431.53819102254425,0.0,431.53819102254425,
14933.0,1.0,1.0,261.0,885.0,0.5420809089936112,639.8608976600002,346.8563770330009,0.0,346.8563770330009,
14934.0,2.0,159.0,258.0,705.5350000000001,1.3248654054670628,603.084639449903,799.005975375753,1062.1,263.0940246242469,0.2477111614953836
14935.0,1.0,322.0,436.0,1784.71,0.5538389310099489,1069.493075523145,592.3269016702811,0.0,592.3269016702811,
14936.0,3.0,308.0,400.0,1551.89,1.3082062642752004,1248.2788081525448,1633.0061563871402,6560.66,4927.653843612859,0.7510911773530193
14938.0,0.0,0.0,379.0,0.0,0.27225081994833067,415.81364110364115,113.20560473616719,0.0,113.20560473616719,
14940.0,1.0,316.0,550.0,349.48,0.4393725456814117,384.1378047864394,168.77960518148706,0.0,168.77960518148706,
14941.0,0.0,0.0,395.0,0.0,0.26293035686716626,415.81364110364115,109.33002904561616,0.0,109.33002904561616,
14942.0,3.0,328.0,546.0,212.40333333333336,0.929431234951524,266.7638043462108,247.93861211386542,0.0,247.93861211386542,
14943.0,0.0,0.0,480.0,0.0,0.22247444872777375,415.81364110364115,92.50791057802093,0.0,92.50791057802093,
14944.0,7.0,474.0,477.0,639.0642857142857,2.4535768491145586,608.8859724872731,1493.9485258453774,4068.22,2574.2714741546224,0.6327758759739204
14945.0,0.0,0.0,230.0,0.0,0.4064976854764754,415.81364110364115,169.02728269817595,0.0,169.02728269817595,
14947.0,3.0,236.0,441.0,145.45666666666668,1.073039242566374,217.70832703289568,233.6095783397708,290.82,57.2104216602292,0.19672107028481262
14948.0,0.0,0.0,36.0,0.0,1.1415710221851973,415.81364110364115,474.6808033132324,823.5699999999999,348.88919668676755,0.42363028848399964
14949.0,3.0,252.0,538.0,142.84666666666666,0.8256013873277489,215.79583755189958,178.16134286240182,0.0,178.16134286240182,
14952.0,19.0,530.0,553.0,669.8194736842105,5.528337603598786,655.9886761791552,3626.5268660562106,4564.88,938.3531339437895,0.20555921162085083
14953.0,1.0,17.0,252.0,419.47,0.6428835406131264,417.55963640845266,268.4422174713958,289.82,21.3777825286042,0.07376227495895453
14954.0,0.0,0.0,520.0,0.0,0.20745535440770652,415.81364110364115,86.26276628271475,336.17,249.90723371728527,0.7433954062447132
14955.0,0.0,0.0,549.0,0.0,0.197775959117483,415.81364110364115,82.23794168340548,0.0,82.23794168340548,
14956.0,0.0,0.0,238.0,0.0,0.39600787846254837,415.81364110364115,164.6654778492404,0.0,164.6654778492404,
14957.0,1.0,391.0,461.0,58.49,0.5342730677684759,245.18340010449018,130.99488733973163,0.0,130.99488733973163,
14958.0,4.0,551.0,553.0,166.045,1.307005335219044,219.69132566253077,287.1377347422722,107.4,179.73773474227218,1.6735357052353088
14959.0,1.0,81.0,113.0,243.72,1.5253449973041997,333.63497706327723,508.9084431891713,273.03999999999996,235.86844318917133,0.8638603984367542
14961.0,14.0,503.0,552.0,820.4807142857143,4.0662239676038086,791.1473111556528,3216.9821585264235,3865.02,648.0378414735765,0.16766739666898917
14962.0,3.0,314.0,401.0,81.73333333333333,1.3094241847585952,171.01476201603427,223.93086533453084,0.0,223.93086533453084,
14963.0,6.0,342.0,342.0,296.87,2.821227145232423,315.2148609857553,889.2927223936774,1193.6,304.3072776063225,0.25494912668090025
14964.0,0.0,0.0,64.0,0.0,0.904554768759943,415.81364110364115,376.12621197573407,0.0,376.12621197573407,
14966.0,3.0,337.0,541.0,258.94666666666666,0.9500144721462601,300.8686454996572,285.8295674397171,191.32,94.5095674397171,0.4939868672366564
14967.0,2.0,295.0,553.0,641.28,0.6671952773052986,561.5512915304504,374.6643696738074,463.8,89.1356303261926,0.19218549013840577
14968.0,0.0,0.0,275.0,0.0,0.35379177565347336,415.81364110364115,147.1114464269933,147.59,0.47855357300670676,0.0032424525578068075
14969.0,0.0,0.0,520.0,0.0,0.20745535440770652,415.81364110364115,86.26276628271475,0.0,86.26276628271475,
14970.0,7.0,411.0,480.0,530.5342857142857,2.371746205259535,515.0267132604512,1221.5126527827656,809.81,411.70265278276565,0.5083941329234829
14972.0,0.0,0.0,198.0,0.0,0.45468523386735527,415.81364110364115,189.0643226504456,114.77,74.29432265044561,0.647332252770285
14973.0,0.0,0.0,42.0,0.0,1.0808140353092883,415.81364110364115,449.4172193778745,659.85,210.4327806221255,0.31891002594851176
14975.0,0.0,0.0,238.0,0.0,0.39600787846254837,415.81364110364115,164.6654778492404,279.94,115.2745221507596,0.4117829611729642
14976.0,2.0,130.0,143.0,147.155,2.130555246539638,242.15722817819005,515.9293529825391,324.6,191.32935298253904,0.5894311552142298
14977.0,0.0,0.0,542.0,0.0,0.20002868383366348,415.81364110364115,83.17465535004465,0.0,83.17465535004465,
14978.0,8.0,355.0,407.0,312.245,3.1010311859621806,324.7056183810639,1006.9222488568139,394.14,612.7822488568139,1.5547324525722177
14979.0,0.0,0.0,552.0,0.0,0.19682597116316142,415.81364110364115,81.84292373311442,0.0,81.84292373311442,
14980.0,0.0,0.0,554.0,0.0,0.1961977022028778,415.81364110364115,81.58168092914649,0.0,81.58168092914649,
14981.0,1.0,177.0,240.0,102.12,0.9028464119816892,266.01772663211466,240.1731500133306,0.0,240.1731500133306,
14982.0,0.0,0.0,389.0,0.0,0.266349711625845,415.81364110364115,110.75184339804743,0.0,110.75184339804743,
14983.0,0.0,0.0,506.0,0.0,0.21247565833634888,415.81364110364115,88.35027713873045,0.0,88.35027713873045,
14984.0,2.0,309.0,514.0,470.57,0.7348423960693418,451.2072276703657,331.5662003050965,213.27,118.2962003050965,0.5546781089937474
14985.0,1.0,160.0,175.0,172.24,1.1576265765193214,299.50163623828075,346.7110538204561,0.0,346.7110538204561,
14986.0,1.0,308.0,501.0,243.52,0.4813136979734379,333.5394724722728,160.53711691573932,0.0,160.53711691573932,
14987.0,5.0,372.0,554.0,268.76,1.4082657144499708,295.1619682563411,415.6664801049758,163.2,252.4664801049758,1.5469759810353911
14988.0,6.0,391.0,419.0,280.66,2.361258124203544,301.50495425530625,711.9310227229598,0.0,711.9310227229598,
14989.0,0.0,0.0,478.0,0.0,0.22328273002933852,415.81364110364115,92.84400496906056,0.0,92.84400496906056,
14990.0,1.0,118.0,547.0,105.18,0.3602190489229216,267.478946874483,96.35101185003094,0.0,96.35101185003094,
14991.0,0.0,0.0,247.0,0.0,0.38483663688187575,415.81364110364115,160.02032321193255,0.0,160.02032321193255,
14992.0,0.0,0.0,259.0,0.0,0.37088783672585224,415.81364110364115,154.22022183002937,0.0,154.22022183002937,
14993.0,0.0,0.0,380.0,0.0,0.2716489585719736,415.81364110364115,112.95534256582451,0.0,112.95534256582451,
14994.0,4.0,241.0,440.0,193.745,1.3030513682721472,241.44180688272732,314.61107681663736,0.0,314.61107681663736,
14995.0,0.0,0.0,97.0,0.0,0.7270657174884144,415.81364110364115,302.3238433104889,113.92,188.40384331048887,1.653825871756398
14996.0,0.0,0.0,298.0,0.0,0.3318087726950839,415.81364110364115,137.97061392447327,0.0,137.97061392447327,
14997.0,0.0,0.0,472.0,0.0,0.22574322303908761,415.81364110364115,93.8671115263544,546.1999999999999,452.33288847364554,0.8281451638111417
14998.0,2.0,364.0,422.0,205.505,0.9249647272778885,279.87368372406286,258.87328553808584,246.23,12.643285538085848,0.051347461877455425
14999.0,0.0,0.0,409.0,0.0,0.255283600861516,415.81364110364115,106.1504035882756,0.0,106.1504035882756,
15001.0,0.0,0.0,211.0,0.0,0.4337921118973573,415.81364110364115,180.37667753007827,0.0,180.37667753007827,
15002.0,7.0,400.0,513.0,518.9414285714286,2.1546588703505316,505.00094173413646,1088.104758642829,494.17,593.9347586428289,1.201883478646678
15003.0,5.0,209.0,499.0,137.75799999999998,0.7873712998249013,187.68002950446441,147.77386878210595,0.0,147.77386878210595,
15005.0,40.0,551.0,555.0,260.4105,11.500935217313527,264.5481414696209,3042.5510369028034,3365.45,322.89896309719643,0.09594525638390006
15006.0,0.0,0.0,270.0,0.0,0.3589622872802103,415.81364110364115,149.2614156928755,497.14,347.87858430712447,0.6997597946395874
15008.0,1.0,157.0,454.0,240.0,0.48027844244710205,331.8585916705942,159.38452752024182,0.0,159.38452752024182,
15011.0,1.0,21.0,233.0,193.6,0.7197649847927263,309.7015265575578,222.91231455298475,0.0,222.91231455298475,
15012.0,1.0,203.0,393.0,382.12,0.581683652240196,399.7241540383684,232.51300580966085,231.98,0.5330058096608639,0.002297636906892249
15013.0,9.0,190.0,494.0,157.2711111111111,0.11126366117858597,185.29546602273,20.616651949481223,0.0,20.616651949481223,
15015.0,10.0,224.0,542.0,222.492,0.08933615660196169,241.55800865090575,21.57986408929533,0.0,21.57986408929533,
15016.0,2.0,150.0,360.0,159.23,0.9090292597157933,249.96230445439252,227.22304857503016,170.04,57.18304857503017,0.3362917465010008
15018.0,1.0,115.0,184.0,180.09,1.0877472167579996,303.2501914352061,329.85955171497596,204.87,124.98955171497596,0.6100920179380873
15019.0,0.0,0.0,83.0,0.0,0.7930446360746147,415.81364110364115,329.75877768389756,0.0,329.75877768389756,
15020.0,0.0,0.0,196.0,0.0,0.4580798812899504,415.81364110364115,190.475863355498,0.0,190.475863355498,
15021.0,5.0,280.0,315.0,261.60600000000005,2.5222415594387577,289.2923953503479,729.665302382235,1229.73,500.064697617765,0.40664592847028613
15022.0,0.0,0.0,494.0,0.0,0.21697637420978858,415.81364110364115,90.22173619363836,905.04,814.8182638063616,0.9003118799239389
15023.0,11.0,456.0,491.0,683.22,3.609011373817688,659.0281158524681,2378.4399657771983,3945.03,1566.590034222802,0.39710472017267345
15024.0,6.0,128.0,241.0,389.9533333333334,2.71480054347176,393.9418084354346,1069.4734356367658,973.24,96.23343563676576,0.098879449711033
15025.0,0.0,0.0,385.0,0.0,0.2686791632695821,415.81364110364115,111.7204611678046,377.01,265.2895388321954,0.7036671144855452
15026.0,3.0,208.0,265.0,146.57666666666668,1.8401723349931673,218.52901217416604,402.13104259628545,233.42,168.71104259628547,0.7227788646914809
15027.0,6.0,405.0,441.0,376.3716666666666,2.254761483628192,382.4548631396882,862.3444946336605,412.03,450.3144946336605,1.0929167648803741
15028.0,2.0,26.0,211.0,277.67,1.0036055215534632,326.5199221896654,327.69719680675536,441.16,113.46280319324467,0.2571919557377021
15029.0,0.0,0.0,436.0,0.0,0.2417264221199805,415.81364110364115,100.51314373266483,0.0,100.51314373266483,
15030.0,6.0,377.0,462.0,203.62,2.1063417501611483,236.34695212613923,497.82745278662526,365.52,132.30745278662528,0.3619704880351972
15031.0,8.0,449.0,548.0,298.65625,2.338667045767451,312.75176699729894,731.4222509821234,517.31,214.11225098212344,0.41389544177016385
15032.0,6.0,473.0,546.0,2045.875,1.8508912906664265,1794.4681257043917,3321.365425244765,0.0,3321.365425244765,
15033.0,2.0,121.0,146.0,297.885,2.08622390361059,339.58655713156463,708.4535928326934,1417.53,709.0764071673066,0.5002196829466089
15034.0,9.0,345.0,394.0,662.3,3.55455292823783,635.5824568445902,2259.2114831135323,1643.78,615.4314831135323,0.3744001527659007
15037.0,0.0,0.0,193.0,0.0,0.46326816183060787,415.81364110364115,192.63322117817592,0.0,192.63322117817592,
15038.0,6.0,238.0,242.0,184.02,3.7037940405788903,219.76989031757648,813.982410056916,188.04,625.9424100569161,3.3287726550569885
15039.0,64.0,545.0,546.0,531.34265625,18.584098090076765,529.4007773740134,9838.435975681556,5821.650000000001,4016.785975681555,0.6899738005001254
15040.0,0.0,0.0,358.0,0.0,0.2855366275793172,415.81364110364115,118.73002478221022,0.0,118.73002478221022,
15041.0,0.0,0.0,261.0,0.0,0.36866088965189153,415.81364110364115,153.2942268586607,180.35,27.0557731413393,0.15001814882916165
15042.0,1.0,396.0,412.0,135.93,0.5937251912944921,282.1627777414198,167.52714919070974,0.0,167.52714919070974,
15043.0,4.0,70.0,350.0,479.785,0.35669740344889717,466.0449710785764,166.23703107414457,537.0,370.76296892585543,0.6904338341263602
15044.0,21.0,516.0,540.0,555.4995238095238,6.2136305619404055,548.5820364730556,3408.6861075604847,3194.9,213.78610756048465,0.06691480408165659
15045.0,0.0,0.0,74.0,0.0,0.8422082613733894,415.81364110364115,350.20168372923615,346.76,3.4416837292361606,0.009925261648506635
15046.0,17.0,500.0,511.0,260.0735294117647,5.343051078454561,269.4910264580127,1439.9043195503116,2896.31,1456.4056804496884,0.5028486869325757
15047.0,0.0,0.0,86.0,0.0,0.7779131738024048,415.81364110364115,323.4669092612676,0.0,323.4669092612676,
15048.0,1.0,148.0,185.0,157.75,1.1032632267080316,292.58232862000716,322.7953239510588,127.6,195.19532395105878,1.529743918111746
15049.0,0.0,0.0,90.0,0.0,0.7586173883989055,415.81364110364115,315.443458474684,0.0,315.443458474684,
15050.0,1.0,59.0,297.0,1070.21,0.6377187449694106,728.3029241596869,464.4524267526673,1782.09,1317.6375732473325,0.739377681961816
15051.0,5.0,359.0,555.0,392.706,1.3703778671313533,396.85473921052574,543.8409510802898,1391.61,847.7690489197101,0.6092001702486403
15052.0,0.0,0.0,136.0,0.0,0.5903872372602638,415.81364110364115,245.49106678630955,0.0,245.49106678630955,
15053.0,0.0,0.0,98.0,0.0,0.722772131345609,415.81364110364115,300.5385116230569,475.14,174.6014883769431,0.36747377273423226
15055.0,2.0,249.0,540.0,152.35,0.6502759190605133,245.5151885305604,159.65261486502536,0.0,159.65261486502536,
15056.0,0.0,0.0,337.0,0.0,0.3001870150285089,415.81364110364115,124.82185573103774,0.0,124.82185573103774,
15057.0,4.0,459.0,551.0,737.965,1.2772353044200206,668.7720195056646,854.1792339209095,0.0,854.1792339209095,
15058.0,7.0,410.0,470.0,246.02142857142857,2.4279639687354253,268.973400702309,653.057725453442,1384.23,731.172274546558,0.5282158850382942
15059.0,12.0,518.0,550.0,206.09416666666667,3.5608918580128703,223.61822686034515,796.2803233302781,768.7,27.58032333027802,0.03587917696146484
15061.0,55.0,554.0,555.0,2023.432909090909,15.76640430305114,1992.0756085502971,31407.86944665062,23253.52,8154.34944665062,0.3506716164542237
15062.0,6.0,393.0,427.0,304.345,2.3185108679959607,321.53698022141896,745.4869831059622,173.82,571.6669831059621,3.288844684765632
15063.0,0.0,0.0,30.0,0.0,1.2096231944162108,415.81364110364115,502.9778248336222,0.0,502.9778248336222,
15064.0,3.0,307.0,534.0,293.14000000000004,0.9313497781226975,325.92396746141713,303.54921478006014,0.0,303.54921478006014,
15065.0,2.0,183.0,227.0,703.2,1.5164456345145472,601.5753348449396,912.2562903572355,1751.73,839.4737096427646,0.47922551400202346
15067.0,2.0,325.0,424.0,1108.265,0.9080000777743754,863.4025167761985,783.9695523833798,896.7099999999999,112.74044761662014,0.1257267651934518
15068.0,2.0,365.0,438.0,264.28999999999996,0.8925143722059136,317.87131593081745,283.70471798026114,313.4,29.69528201973884,0.09475201665519732
15070.0,2.0,352.0,541.0,259.225,0.7141093806162354,314.59738538514745,224.6569440208748,0.0,224.6569440208748,
15071.0,2.0,295.0,387.0,447.96,0.9805896746222977,436.59250513579525,428.11810255364327,393.4,34.71810255364329,0.0882514045593373
15072.0,0.0,0.0,296.0,0.0,0.3336111741893442,415.81364110364115,138.72007705253228,0.0,138.72007705253228,
15073.0,6.0,496.0,498.0,354.6116666666667,2.0534931029828125,364.05094145834516,747.5760974191114,181.45,566.1260974191114,3.120011559212518
15074.0,1.0,38.0,284.0,457.7999999999999,0.6227024021914673,435.86309127445867,271.4129939632042,748.87,477.4570060367958,0.6375699467688595
15076.0,1.0,30.0,339.0,10.95,0.4810217559164271,222.48195882272836,107.01866249263503,880.85,773.831337507365,0.8785052364277288
15077.0,1.0,236.0,547.0,1554.6,0.42260975273728574,959.6102683429556,405.5406582285769,0.0,405.5406582285769,
15078.0,23.0,545.0,552.0,512.3013043478261,6.708749303774323,507.9196984015723,3407.505923024813,5558.950000000001,2151.4440769751877,0.3870234625199341
15079.0,7.0,519.0,548.0,432.6885714285714,2.1602928356008615,430.40747193200366,929.8061780037864,0.0,929.8061780037864,
15080.0,1.0,74.0,318.0,184.9,0.6157958527432728,305.5470768488635,188.1546227413602,0.0,188.1546227413602,
15081.0,8.0,327.0,352.0,179.15875,3.552360127364591,207.6313287133171,737.5812533129183,256.75,480.8312533129183,1.872760480284005
15082.0,0.0,0.0,485.0,0.0,0.220479132778765,415.81364110364115,91.67823098811144,0.0,91.67823098811144,
15083.0,0.0,0.0,73.0,0.0,0.8480516249589071,415.81364110364115,352.6314340180227,0.0,352.6314340180227,
15084.0,1.0,266.0,462.0,615.8,0.5126513050976708,511.3117181679876,262.12461963055125,0.0,262.12461963055125,
15085.0,0.0,0.0,546.0,0.0,0.19873516630766946,415.81364110364115,82.63679311772971,0.0,82.63679311772971,
15086.0,1.0,61.0,442.0,108.5,0.39643477410371053,269.0643230851571,106.66645414163206,0.0,106.66645414163206,
15087.0,0.0,0.0,98.0,0.0,0.722772131345609,415.81364110364115,300.5385116230569,0.0,300.5385116230569,
15090.0,0.0,0.0,125.0,0.0,0.6234265191147551,415.81364110364115,259.2292508736751,0.0,259.2292508736751,
15091.0,0.0,0.0,491.0,0.0,0.21813152117344764,415.81364110364115,90.70206205860725,480.71,390.0079379413927,0.8113164651065979
15092.0,2.0,247.0,279.0,228.90500000000003,1.304053008730541,294.9990489301198,384.6943973299708,0.0,384.6943973299708,
15093.0,17.0,525.0,548.0,757.419411764706,5.00487739628188,736.762746624086,3687.4072170014415,1200.34,2487.0672170014413,2.0719689562969172
15094.0,1.0,181.0,461.0,33.0,0.4849244571816747,233.01133998097086,112.99289755744695,0.0,112.99289755744695,
15095.0,5.0,484.0,504.0,453.33,1.7174384165085017,446.5943237580423,766.9982482166973,600.0999999999999,166.89824821669743,0.2781173941288076
15097.0,0.0,0.0,400.0,0.0,0.26014730082413035,415.81364110364115,108.17279637896591,248.08,139.9072036210341,0.5639600274953004
15100.0,6.0,368.0,518.0,446.25,1.7821130291914198,441.55575348387276,786.9022613980444,0.0,786.9022613980444,
15101.0,4.0,231.0,407.0,284.935,1.4352292668932924,313.0456474051,449.29227502935777,215.25,234.04227502935777,1.0873044136090952
15102.0,1.0,16.0,363.0,198.77999999999997,0.3954614913536249,312.17509546457353,123.45322881588048,0.0,123.45322881588048,
15104.0,1.0,86.0,99.0,652.8,1.6678329322670762,528.980067503814,882.250377095722,0.0,882.250377095722,
15105.0,1.0,196.0,443.0,465.6,0.512518750189041,439.5877703236329,225.29697464465556,2298.93,2073.633025355344,0.9019992019571472
15106.0,1.0,58.0,86.0,367.75,1.7842826639022915,392.8621491746975,700.9771220758087,644.0699999999999,56.90712207580873,0.08835549253312332
15107.0,8.0,140.0,268.0,108.4375,2.283067276796558,145.41874019898793,332.0007671812895,0.0,332.0007671812895,
15108.0,1.0,40.0,44.0,387.05,2.4681210676785263,402.0783422066285,992.378027257436,616.8,375.578027257436,0.6089137925704216
15109.0,2.0,490.0,552.0,375.95,0.7349855202478616,390.0464560551046,286.67849742449573,0.0,286.67849742449573,
15110.0,2.0,167.0,302.0,188.875,1.1419529470416436,269.124332297707,307.32732438798104,826.45,519.1226756120191,0.6281356108802941
15111.0,2.0,220.0,409.0,582.54,0.8753731736170547,523.5827465644766,458.3302905112798,1278.98,820.6497094887202,0.6416438955173029
15112.0,0.0,0.0,428.0,0.0,0.245590739957625,415.81364110364115,102.11997980311753,0.0,102.11997980311753,
15114.0,4.0,204.0,238.0,235.1975,2.5768149241404905,273.99097015999075,706.0240209879959,2042.65,1336.6259790120043,0.6543587883445545
15115.0,0.0,0.0,549.0,0.0,0.197775959117483,415.81364110364115,82.23794168340548,340.11,257.8720583165945,0.7582019297186043
15116.0,0.0,0.0,21.0,0.0,1.3285601613459879,415.81364110364115,552.4334381145162,873.1,320.6665618854838,0.3672735790693893
15117.0,2.0,419.0,451.0,443.45,0.8804488460325016,433.6773172264227,381.830693502475,1239.38,857.5493064975251,0.6919179803591514
15119.0,0.0,0.0,62.0,0.0,0.918154561185795,415.81364110364115,381.7811911825812,0.0,381.7811911825812,
15121.0,0.0,0.0,105.0,0.0,0.6940854396944081,415.81364110364115,288.6101939163535,162.57,126.04019391635353,0.7752979880442489
15122.0,8.0,415.0,436.0,388.7725,2.981008302100931,392.02589153135926,1168.632437293501,703.17,465.462437293501,0.661948657214473
15123.0,3.0,427.0,450.0,1023.2233333333334,1.219017800176896,860.8958813505246,1049.4474034652667,1129.84,80.39259653473323,0.07115396563649122
15124.0,2.0,460.0,468.0,111.675,0.8571559587492782,219.22355478028834,187.90877627812296,93.44,94.46877627812296,1.011010020099775
15125.0,7.0,411.0,435.0,1392.9600000000005,2.6373673030558753,1260.8724580408802,3325.383794160709,4217.76,892.3762058392913,0.2115758615566773
15126.0,1.0,151.0,504.0,257.04,0.4234534243158619,339.9955828241748,143.97229379916405,0.0,143.97229379916405,
15127.0,0.0,0.0,336.0,0.0,0.3009222808308605,415.81364110364115,125.12758928149255,406.53,281.40241071850744,0.692205767639553
15128.0,1.0,211.0,247.0,483.7,0.8926912226251434,448.2309358095372,400.13182210622796,987.3,587.168177893772,0.5947211363251008
15129.0,14.0,400.0,427.0,302.31857142857143,5.125088162049053,310.54557296312754,1591.5734397700658,2327.02,735.4465602299342,0.31604651452498655
15131.0,0.0,0.0,211.0,0.0,0.4337921118973573,415.81364110364115,180.37667753007827,0.0,180.37667753007827,
15132.0,1.0,63.0,79.0,176.1,1.8826602115536166,301.34487484466695,567.3300058256588,488.06000000000006,79.2700058256587,0.16241856703204255
15133.0,3.0,263.0,337.0,321.2,1.5139459606746306,346.48506126860127,524.5596589417008,324.52,200.03965894170085,0.616417043454027
15134.0,3.0,209.0,239.0,121.34999999999998,2.0228432230682856,200.04405637317177,404.65776374956056,1148.54,743.8822362504394,0.647676385890295
15135.0,1.0,317.0,373.0,139.05,0.6398892609866985,283.65264936108946,181.50628417658663,0.0,181.50628417658663,
15137.0,1.0,160.0,497.0,430.58,0.4357651831445645,422.86491643875075,184.2698077573432,0.0,184.2698077573432,
15138.0,0.0,0.0,210.0,0.0,0.4353307409106088,415.81364110364115,181.01646046238608,0.0,181.01646046238608,
15139.0,1.0,97.0,153.0,56.86,1.241254932972795,244.40503768780377,303.3689586733883,0.0,303.3689586733883,
15140.0,3.0,244.0,259.0,375.81666666666666,1.9161393039926837,386.5056744820382,740.5987140912355,1226.8,486.2012859087645,0.3963166660488788
15141.0,5.0,164.0,438.0,220.766,0.7073353371353052,255.78479715622376,180.9256257305832,0.0,180.9256257305832,
15142.0,3.0,90.0,317.0,561.72,0.943528757968725,522.7271953564107,493.2081413911093,498.74,5.53185860889073,0.011091668221700143
15143.0,1.0,207.0,249.0,259.45,0.885429603039765,341.1464131457786,302.0611331701064,0.0,302.0611331701064,
15144.0,13.0,509.0,543.0,531.13,3.881069012092526,522.1778923501068,2026.6084367997867,4885.42,2858.8115632002136,0.5851721168702412
15145.0,1.0,21.0,65.0,301.8,2.0067130757299223,361.3695102909745,725.1649214710174,470.7,254.46492147101736,0.5406095633546152
15146.0,0.0,0.0,108.0,0.0,0.6824789715380593,415.81364110364115,283.78406613190873,492.94,209.15593386809127,0.42430302646993806
15147.0,0.0,0.0,57.0,0.0,0.9540237257288542,415.81364110364115,396.69607909457636,0.0,396.69607909457636,
15149.0,1.0,72.0,466.0,679.98,0.3863098396095157,541.9591414213211,209.36414899738142,520.8000000000001,311.4358510026186,0.5979951056117868
15150.0,3.0,357.0,360.0,993.54,1.4777187508187946,839.1452825915587,1240.0207187466826,3996.4,2756.3792812533175,0.6897155643212185
15151.0,1.0,86.0,326.0,1116.26,0.6157400191849274,750.2928562384653,461.98533769458663,0.0,461.98533769458663,
15152.0,1.0,514.0,518.0,756.1,0.48840827588500574,578.3081887576212,282.45050540129023,3989.59,3707.13949459871,0.9292031247819224
15154.0,0.0,0.0,295.0,0.0,0.3345197466824068,415.81364110364115,139.09787388907927,296.42,157.32212611092075,0.5307405914274366
15155.0,0.0,0.0,200.0,0.0,0.4513406242773273,415.81364110364115,187.67358835874592,0.0,187.67358835874592,
15157.0,2.0,371.0,546.0,677.65,0.7142326394787617,585.060245912685,417.8691236923105,850.6100000000001,432.74087630768963,0.5087418162350426
15158.0,0.0,0.0,218.0,0.0,0.4233194006052526,415.81364110364115,176.02198131548099,401.4,225.378018684519,0.5614798671761809
15159.0,11.0,247.0,248.0,703.9154545454545,6.39228252060551,677.8512811942908,4333.016896348316,12965.14,8632.123103651684,0.6657948239395551
15160.0,3.0,64.0,238.0,162.65333333333334,1.274843264811917,230.30926347281763,293.6082133621148,0.0,293.6082133621148,
15161.0,0.0,0.0,205.0,0.0,0.44319087552676806,415.81364110364115,184.284811656696,0.0,184.284811656696,
15162.0,0.0,0.0,548.0,0.0,0.19809466387912433,415.81364110364115,82.37046347078063,0.0,82.37046347078063,
15163.0,0.0,0.0,9.0,0.0,1.5294814884506012,415.81364110364115,635.9792667132612,149.47,486.5092667132611,3.2548957430471743
15164.0,7.0,482.0,507.0,198.23857142857145,2.313655205773133,227.6496784580482,526.702863657043,474.87,51.83286365704305,0.10915169131982026
15165.0,0.0,0.0,190.0,0.0,0.4685755574138184,415.81364110364115,194.84010866040808,0.0,194.84010866040808,
15166.0,0.0,0.0,284.0,0.0,0.34485117952308836,415.81364110364115,143.3938245963808,0.0,143.3938245963808,
15167.0,3.0,353.0,490.0,324.5466666666667,1.0825424220512705,348.93734663120676,377.73948036629025,0.0,377.73948036629025,
15169.0,1.0,344.0,543.0,213.05,0.4498505269125117,318.98934803274227,143.49752629200768,0.0,143.49752629200768,
15170.0,0.0,0.0,223.0,0.0,0.4161437454026572,415.81364110364115,173.03824599838552,0.0,173.03824599838552,
15171.0,0.0,0.0,148.0,0.0,0.5581297374072299,415.81364110364115,232.0779583195194,0.0,232.0779583195194,
15172.0,1.0,40.0,53.0,179.8,2.2747599116438986,303.11170977824963,689.5063661534022,1097.85,408.34363384659775,0.3719484755172362
15173.0,6.0,237.0,434.0,183.09,1.543978769405019,218.9833256501294,338.10560565750535,0.0,338.10560565750535,
15174.0,1.0,88.0,227.0,135.75,0.8849027050777525,282.07682360951577,249.61054425180052,0.0,249.61054425180052,
15176.0,0.0,0.0,484.0,0.0,0.22087532587978534,415.81364110364115,91.84297348402684,0.0,91.84297348402684,
15177.0,0.0,0.0,242.0,0.0,0.39096371144385983,415.81364110364115,162.56804439486464,0.0,162.56804439486464,
15178.0,0.0,0.0,77.0,0.0,0.8251537126581708,415.81364110364115,343.1101697305817,0.0,343.1101697305817,
15179.0,10.0,503.0,553.0,597.674,2.958291994970803,579.738340256061,1715.035291157165,751.8299999999999,963.205291157165,1.2811477211033946
15180.0,2.0,222.0,406.0,225.795,0.8846366464101539,292.9887974005968,259.18862716820803,0.0,259.18862716820803,
15181.0,2.0,462.0,548.0,324.0,0.7354015449700191,356.46685253140123,262.1462740821924,389.48,127.33372591780761,0.3269326433136685
15182.0,5.0,388.0,473.0,436.338,1.7627763867788437,432.6530625309474,762.6706022971047,252.37,510.30060229710466,2.022033531311585
15183.0,2.0,37.0,401.0,173.95,0.3323774349011245,259.47706410538217,86.24432098302157,0.0,86.24432098302157,
15184.0,2.0,533.0,540.0,197.615,0.7570065770034319,274.7737208404821,208.00551386394991,171.53,36.475513863949914,0.2126480141313468
15186.0,2.0,222.0,513.0,414.1950000000001,0.6658504960672276,414.76737880320934,276.1730649286206,411.41,135.23693507137943,0.32871572171648583
15187.0,0.0,0.0,29.0,0.0,1.2217682172631852,415.81364110364115,508.02789100490946,4330.58,3822.5521089950903,0.8826882563063355
15188.0,0.0,0.0,542.0,0.0,0.20002868383366348,415.81364110364115,83.17465535004465,0.0,83.17465535004465,
15189.0,20.0,325.0,326.0,331.338,9.151823820470602,335.71969990350567,3072.4475465781447,10695.18,7622.732453421855,0.712725961921338
15190.0,0.0,0.0,251.0,0.0,0.3800717340346132,415.81364110364115,158.0390116095072,0.0,158.0390116095072,
15191.0,1.0,225.0,505.0,245.3,0.45664640864199985,334.3894633322126,152.6977475183806,0.0,152.6977475183806,
15192.0,3.0,488.0,496.0,454.60666666666674,1.1249084579797957,444.2394086612271,499.7286681709573,306.33,193.3986681709573,0.6313409335388546
15194.0,20.0,538.0,553.0,406.817,5.830399402030914,407.2836502785973,2374.6263510413014,3955.35,1580.7236489586985,0.39964191511717007
15196.0,1.0,294.0,543.0,164.0,0.4408610877997808,295.56684708889674,130.30392172516247,0.0,130.30392172516247,
15197.0,4.0,476.0,545.0,363.2975,1.300978771494897,374.5771306042932,487.316895203657,306.36,180.95689520365698,0.5906674996855235
15198.0,2.0,281.0,506.0,148.455,0.7308821482118529,242.99752624519323,177.60255399225292,193.64,16.037446007747064,0.08282093579708255
15199.0,7.0,340.0,392.0,315.70714285714286,2.8309335408230707,329.2392214113213,932.0543548477827,611.55,320.5043548477828,0.5240852830476377
15200.0,0.0,0.0,311.0,0.0,0.3205522769564939,415.81364110364115,133.29000944534255,0.0,133.29000944534255,
15201.0,3.0,407.0,428.0,305.2066666666667,1.2726585437899163,334.7658728524847,426.0426482550034,634.27,208.22735174499655,0.32829449878600053
15203.0,9.0,533.0,548.0,334.4,2.7391088329454356,343.22471743817744,940.1298552201131,1134.9,194.770144779887,0.1716187723851326
15204.0,0.0,0.0,174.0,0.0,0.49907413194659794,415.81364110364115,207.52183198535394,0.0,207.52183198535394,
15206.0,0.0,0.0,92.0,0.0,0.7493254911821967,415.81364110364115,311.5797608602436,402.6,91.02023913975643,0.22608107088861507
15207.0,2.0,131.0,364.0,137.96,0.8525366207519881,236.21373531196383,201.38085967806623,0.0,201.38085967806623,
15208.0,1.0,70.0,240.0,65.4,0.8160293429412601,248.4830837236945,202.76948754306454,804.72,601.9505124569355,0.7480247942848884
15209.0,0.0,0.0,547.0,0.0,0.19841439794361443,415.81364110364115,82.50341325632112,0.0,82.50341325632112,
15210.0,2.0,350.0,392.0,437.135,0.9881511702652294,429.59540777017276,424.5052049286646,0.0,424.5052049286646,
15211.0,0.0,0.0,182.0,0.0,0.4833431924600322,415.81364110364115,200.98069275946398,511.34,310.359307240536,0.6069529222054524
15212.0,1.0,135.0,193.0,101.8,1.0596261399853235,265.8649192865075,281.7174181810715,0.0,281.7174181810715,
15213.0,1.0,11.0,146.0,15.15,1.0984821567201937,224.48755523382218,246.59557383009258,0.0,246.59557383009258,
15214.0,1.0,59.0,59.0,136.7,2.1911760801566404,282.53047041678695,619.0740086926669,1009.81,390.73599130733305,0.38694010883961644
15215.0,3.0,219.0,429.0,430.34,1.075177318254941,426.45789726703595,458.5178583322128,734.94,276.42214166778723,0.376115249772481
15216.0,0.0,0.0,435.0,0.0,0.24220279373679504,415.81364110364115,100.7112255491709,96.6,4.111225549170911,0.042559270695351044
15217.0,0.0,0.0,380.0,0.0,0.2716489585719736,415.81364110364115,112.95534256582451,0.0,112.95534256582451,
15218.0,13.0,465.0,499.0,548.2761538461539,4.171650196322494,537.9929755963786,2244.318502266756,3999.63,1755.3114977332443,0.43886846976676447
15219.0,0.0,0.0,465.0,0.0,0.22868327133665153,415.81364110364115,95.089623713985,305.75,210.66037628601498,0.6889955070679149
15220.0,2.0,77.0,97.0,271.03999999999996,2.685350649927814,322.23440204794923,865.312360968561,920.77,55.45763903143893,0.060229632841468476
15221.0,3.0,271.0,454.0,714.0333333333333,1.0944216499599229,634.3354895385764,694.2304930889443,0.0,694.2304930889443,
15222.0,10.0,405.0,540.0,311.43500000000006,2.6289497824023442,321.729160875579,845.8098074763423,0.0,845.8098074763423,
15223.0,4.0,509.0,551.0,296.9375,1.2995293982141323,322.47020158724473,419.0595070106621,0.0,419.0595070106621,
15224.0,4.0,335.0,510.0,196.99,1.268885272801016,243.9898325707973,309.59510526227035,0.0,309.59510526227035,
15225.0,0.0,0.0,51.0,0.0,1.0009720988863924,415.81364110364115,416.21785308110475,0.0,416.21785308110475,
15226.0,0.0,0.0,127.0,0.0,0.6171462552017364,415.81364110364115,256.61783146891094,0.0,256.61783146891094,
15227.0,6.0,418.0,450.0,301.9716666666667,2.2202554694201933,319.52968974391945,709.4375412960746,342.58,366.85754129607466,1.0708667794269213
15228.0,2.0,205.0,316.0,1069.0,1.1333489172412585,838.0222832370606,949.7716473307698,2481.8599999999997,1532.0883526692298,0.617314575628452
15229.0,0.0,0.0,403.0,0.0,0.258505589828402,415.81364110364115,107.4901505521922,0.0,107.4901505521922,
15230.0,1.0,1.0,57.0,59.400000000000006,2.062402228054435,245.6179459935605,506.5629990672731,0.0,506.5629990672731,
15231.0,0.0,0.0,438.0,0.0,0.2407792822917987,415.81364110364115,100.11931007207428,0.0,100.11931007207428,
15233.0,0.0,0.0,218.0,0.0,0.4233194006052526,415.81364110364115,176.02198131548099,0.0,176.02198131548099,
15234.0,0.0,0.0,93.0,0.0,0.7447647215513438,415.81364110364115,309.6833306338037,0.0,309.6833306338037,
15235.0,11.0,171.0,205.0,231.1027272727273,7.069673298935394,247.81326866233627,1751.9588485840218,0.0,1751.9588485840218,
15236.0,0.0,0.0,115.0,0.0,0.6568548655318376,415.81364110364115,273.12921331343597,0.0,273.12921331343597,
15237.0,1.0,24.0,44.0,154.73,2.431745107072768,291.14020929583967,707.9787794272996,318.66999999999996,389.30877942729967,1.2216674912206977
15238.0,0.0,0.0,1.0,0.0,1.7014463505269495,415.81364110364115,707.484602155113,771.85,64.36539784488707,0.08339107060295015
15240.0,9.0,543.0,551.0,361.0022222222222,2.730983312671992,366.9434290944017,1002.1163815514494,661.19,340.92638155144937,0.5156254352779827
15241.0,6.0,471.0,471.0,343.9066666666667,2.1557702824060945,354.9969900981072,765.2919615971101,691.08,74.21196159711008,0.10738548590193621
15242.0,0.0,0.0,239.0,0.0,0.39473465476981506,415.81364110364115,164.13605406962557,0.0,164.13605406962557,
15243.0,0.0,0.0,252.0,0.0,0.3788989145915911,415.81364110364115,157.55133728654704,316.68,159.12866271345297,0.5024904089726315
15244.0,1.0,418.0,483.0,297.94,0.5139528220073252,359.52627168458827,184.77954191806646,333.63,148.85045808193354,0.44615429692154046
15245.0,6.0,408.0,412.0,553.41,2.4138565092933937,532.1883016168106,1284.6261960275342,778.12,506.5061960275342,0.6509358402656842
15246.0,2.0,317.0,372.0,257.07500000000005,1.027534186883864,313.2076616589499,321.83157994852553,0.0,321.83157994852553,
15247.0,1.0,60.0,354.0,308.5,0.522813048566832,364.5689140896241,190.60138538789585,356.0,165.39861461210415,0.4646028500340004
15248.0,2.0,123.0,351.0,335.51,0.8728756997202801,363.9067223400216,317.64533489546005,0.0,317.64533489546005,
15249.0,9.0,427.0,440.0,515.3322222222222,3.3110124780986583,504.5450452047759,1670.5549404358646,3847.09,2176.5350595641357,0.5657614091596858
15250.0,0.0,0.0,457.0,0.0,0.2321385773347827,415.81364110364115,96.52638708219519,0.0,96.52638708219519,
15251.0,10.0,469.0,496.0,1306.539,3.2831897875758673,1218.6927697417195,4001.1996558085616,6389.2699999999995,2388.070344191438,0.373762627685391
15252.0,2.0,190.0,428.0,382.295,0.7941136284301756,394.1477570052085,312.9981054530213,740.78,427.78189454697866,0.5774749514659935
15253.0,2.0,183.0,403.0,362.715,0.8448691113510023,381.4915753498839,322.3104482537503,918.2,595.8895517462497,0.6489757697083965
15254.0,1.0,14.0,377.0,337.65,0.3673958131629798,378.4887082285252,139.0551667326248,300.36,161.30483326737522,0.5370383315600453
15255.0,6.0,340.0,553.0,429.68833333333333,1.4577057215448186,427.54841817845704,623.2397754161736,890.85,267.6102245838264,0.3003987479192079
15256.0,0.0,0.0,378.0,0.0,0.2728553564381152,415.81364110364115,113.45697925516451,98.45,15.00697925516451,0.15243249624341806
15257.0,1.0,131.0,231.0,317.15,0.9088682532971943,368.69948765056733,335.09925933254164,0.0,335.09925933254164,
15258.0,0.0,0.0,34.0,0.0,1.1633817784337297,415.81364110364115,483.7500132841586,307.5,176.25001328415863,0.573170774907833
15259.0,2.0,170.0,499.0,439.915,0.6129834038018355,431.39235286730263,264.43635283468166,0.0,264.43635283468166,
15260.0,17.0,547.0,550.0,493.7876470588235,5.023337656903865,489.0726127443505,2456.776872559057,540.29,1916.4868725590572,3.5471448158564054
15261.0,2.0,53.0,251.0,192.425,0.9922189912502207,271.4189924037541,269.3070788490042,254.82,14.487078849004206,0.05685220488581825
15262.0,2.0,165.0,305.0,145.875,1.127294578142466,241.32985777375617,272.0498402122478,0.0,272.0498402122478,
15264.0,0.0,0.0,347.0,0.0,0.2930274433269843,415.81364110364115,121.84480815308422,393.74,271.8951918469158,0.6905450090082689
15265.0,2.0,503.0,555.0,1128.81,0.7330773158397713,876.6824581504907,642.6760232647745,793.88,151.20397673522552,0.1904620052592653
15266.0,4.0,363.0,518.0,160.0525,1.2853280155954958,214.98591921083306,276.3274249202336,0.0,276.3274249202336,
15268.0,1.0,127.0,422.0,414.30000000000007,0.49946087239996834,415.0908427309872,207.32163443565696,0.0,207.32163443565696,
15269.0,1.0,10.0,207.0,335.26,0.7706796608826317,377.3474283660218,290.81398812805884,408.8,117.98601187194117,0.28861548892353517
15270.0,11.0,484.0,539.0,631.2654545454545,3.2939242006131613,611.7738264044044,2015.1366120951827,1065.74,949.3966120951827,0.8908332352123245
15271.0,13.0,287.0,308.0,178.8230769230769,6.251350465753017,197.22085728015605,1232.8966980145128,1771.46,538.5633019854872,0.3040222765320624
15272.0,3.0,213.0,480.0,299.6566666666667,0.8876182207851419,330.6990848756539,293.53453333260256,721.94,428.4054666673975,0.5934086858567159
15273.0,0.0,0.0,416.0,0.0,0.25162474340337293,415.81364110364115,104.62900074632591,0.0,104.62900074632591,
15276.0,1.0,40.0,251.0,112.72,0.7203024709317339,271.0794699553514,195.25921202770434,135.31,59.949212027704334,0.44305086119063136
15277.0,0.0,0.0,242.0,0.0,0.39096371144385983,415.81364110364115,162.56804439486464,255.9,93.33195560513536,0.3647204204968166
15278.0,1.0,104.0,482.0,238.44,0.40811477427566617,331.1136558607593,135.1323749212044,0.0,135.1323749212044,
15279.0,4.0,321.0,492.0,307.10249999999996,1.3063866699516253,330.45192150072114,431.697985308443,0.0,431.697985308443,
15280.0,1.0,83.0,388.0,151.5,0.5026368648511396,289.5978101511175,145.56253536211324,113.12,32.44253536211323,0.286797519113448
15281.0,11.0,230.0,244.0,397.38272727272727,6.422566940953471,399.0501466040059,2562.9262793615244,404.74,2158.1862793615246,5.332278201713506
15282.0,0.0,0.0,387.0,0.0,0.2675093622625873,415.81364110364115,111.2340419517194,0.0,111.2340419517194,
15283.0,2.0,128.0,335.0,24.375,0.9417334175963759,162.79430766538354,153.30883972295752,0.0,153.30883972295752,
15284.0,0.0,0.0,317.0,0.0,0.31561086433740115,415.81364110364115,131.2353026720021,0.0,131.2353026720021,
15285.0,0.0,0.0,224.0,0.0,0.4147377563909118,415.81364110364115,172.45361658805996,0.0,172.45361658805996,
15287.0,2.0,358.0,554.0,155.57,0.6981788587749793,247.5965422042144,172.86667127276942,486.69000000000005,313.82332872723066,0.6448115406670173
15288.0,6.0,465.0,482.0,476.21,2.1043058825582808,466.89497653410433,982.4898456576261,682.52,299.96984565762614,0.4395033781539386
15289.0,2.0,372.0,438.0,294.57,0.8944704002466084,337.4437970607065,301.8334882176255,564.33,262.49651178237457,0.4651471865439983
15290.0,14.0,450.0,470.0,307.7507142857143,4.745714679542402,315.5839520404905,1497.6713938265611,5910.650000000001,4412.978606173439,0.7466147726854812
15291.0,31.0,489.0,553.0,367.15967741935486,7.877748335085752,368.81836824569535,2905.45828639657,1988.71,916.7482863965702,0.4609763547206833
15292.0,0.0,0.0,18.0,0.0,1.373629231958884,415.81364110364115,571.1737724672217,0.0,571.1737724672217,
15293.0,0.0,0.0,482.0,0.0,0.22167200166939174,415.81364110364115,92.1742421448822,0.0,92.1742421448822,
15294.0,0.0,0.0,227.0,0.0,0.4105763134877654,415.81364110364115,170.72323186225776,0.0,170.72323186225776,
15295.0,0.0,0.0,471.0,0.0,0.22615859022638943,415.81364110364115,94.03982686890134,0.0,94.03982686890134,
15296.0,6.0,504.0,504.0,1256.1883333333333,2.0331451257041038,1126.57605005484,2290.4926049039805,1595.27,695.2226049039805,0.435802469114307
15298.0,15.0,544.0,548.0,408.8813333333334,4.465092437196903,409.3526176823129,1827.7972773600504,3022.7,1194.9027226399494,0.3953097305852216
15299.0,4.0,433.0,513.0,1297.005,1.3635972466325137,1107.7391321893715,1510.510030640517,1472.0,38.510030640517016,0.02616170559817732
15301.0,8.0,263.0,267.0,598.2675,4.4719602496362425,576.3159914774064,2577.262205116661,2294.44,282.8222051166608,0.12326415383128816
15302.0,0.0,0.0,547.0,0.0,0.19841439794361443,415.81364110364115,82.50341325632112,0.0,82.50341325632112,
15303.0,2.0,393.0,500.0,460.99,0.7899624353208566,445.01487729968085,351.54503622566807,0.0,351.54503622566807,
15304.0,5.0,203.0,238.0,100.95,3.1249585132670377,157.48052719473577,492.12011413097076,312.8,179.32011413097075,0.5732740221578349
15305.0,0.0,0.0,372.0,0.0,0.2765397658143237,415.81364110364115,114.98900693320218,0.0,114.98900693320218,
15306.0,5.0,159.0,476.0,384.574,0.4516085506043804,390.18275614209733,176.20986897215496,1174.35,998.140131027845,0.8499511483185124
15308.0,0.0,0.0,91.0,0.0,0.7539426943197899,415.81364110364115,313.49965690860137,0.0,313.49965690860137,
15309.0,3.0,125.0,552.0,174.73666666666668,0.33161367299009953,239.1633814403922,79.30984736418065,0.0,79.30984736418065,
15310.0,0.0,0.0,295.0,0.0,0.3345197466824068,415.81364110364115,139.09787388907927,0.0,139.09787388907927,
15311.0,149.0,553.0,555.0,594.7070469798658,42.421793312576426,593.4029690160363,25173.21810266748,27041.79,1868.5718973325202,0.06909941602728666
15312.0,9.0,508.0,540.0,254.62111111111113,2.7591272452647746,272.0933493140209,750.7401733476604,316.95000000000005,433.79017334766036,1.3686391334521542
15314.0,2.0,229.0,245.0,173.88500000000002,1.4502890751065283,259.435049202032,376.25581755743167,0.0,376.25581755743167,
15316.0,0.0,0.0,143.0,0.0,0.5711308022008791,415.81364110364115,237.48397840959097,0.0,237.48397840959097,
15317.0,0.0,0.0,494.0,0.0,0.21697637420978858,415.81364110364115,90.22173619363836,0.0,90.22173619363836,
15319.0,0.0,0.0,100.0,0.0,0.7143358819505127,415.81364110364115,297.03060404482346,0.0,297.03060404482346,
15321.0,5.0,383.0,491.0,941.846,1.6815865925483227,847.4023021958659,1424.9803498671502,1588.84,163.85965013284977,0.10313162441331397
15322.0,0.0,0.0,293.0,0.0,0.33635183747630104,415.81364110364115,139.85968223292087,679.68,539.8203177670791,0.794227162439794
15323.0,2.0,99.0,478.0,163.2,0.4652856470814054,252.5284454743945,117.49786115901506,0.0,117.49786115901506,
15324.0,0.0,0.0,518.0,0.0,0.2081579592017375,415.81364110364115,86.55491894037766,0.0,86.55491894037766,
15325.0,5.0,266.0,478.0,244.844,1.3682098229285633,275.5398399896743,376.996315682037,162.29,214.706315682037,1.3229793313330274
15326.0,4.0,405.0,555.0,348.18,1.2258980328061058,362.706628804787,444.6413427375228,0.0,444.6413427375228,
15328.0,0.0,0.0,224.0,0.0,0.4147377563909118,415.81364110364115,172.45361658805996,0.0,172.45361658805996,
15329.0,7.0,351.0,542.0,230.8957142857143,1.719195236729708,255.89233244345246,439.92887905243845,1049.7,609.7711209475616,0.5809003724374218
15331.0,1.0,110.0,426.0,402.32,0.47944503557716217,409.3701177298196,196.2704706592004,0.0,196.2704706592004,
15332.0,3.0,147.0,330.0,1615.8366666666668,1.2726114880280701,1295.1360216946,1648.20497976752,0.0,1648.20497976752,
15333.0,0.0,0.0,25.0,0.0,1.2729102238644605,415.81364110364115,529.2934349831323,0.0,529.2934349831323,
15336.0,0.0,0.0,218.0,0.0,0.4233194006052526,415.81364110364115,176.02198131548099,0.0,176.02198131548099,
15337.0,0.0,0.0,228.0,0.0,0.40920769222991166,415.81364110364115,170.15414047373773,0.0,170.15414047373773,
15338.0,0.0,0.0,494.0,0.0,0.21697637420978858,415.81364110364115,90.22173619363836,0.0,90.22173619363836,
15339.0,4.0,351.0,486.0,344.0675,1.3743925016863283,359.47742829871993,494.06308197924545,316.17,177.89308197924544,0.5626500995643022
15340.0,0.0,0.0,378.0,0.0,0.2728553564381152,415.81364110364115,113.45697925516451,0.0,113.45697925516451,
15341.0,0.0,0.0,266.0,0.0,0.36320894647815605,415.81364110364115,151.02723451649956,2020.52,1869.4927654835005,0.9252532840474237
15346.0,2.0,99.0,248.0,166.82,1.2458318546809928,254.86835239943406,317.5231121692758,0.0,317.5231121692758,
15347.0,3.0,71.0,254.0,269.25,1.2145977166039936,308.4184602962842,374.60435763438625,0.0,374.60435763438625,
15349.0,0.0,0.0,4.0,0.0,1.6325641684099237,415.81364110364115,678.8424512018684,107.7,571.1424512018683,5.303086826386893
15350.0,1.0,10.0,200.0,231.3,0.8001975718512384,327.70414196189984,262.22805868350576,0.0,262.22805868350576,
15351.0,3.0,63.0,249.0,457.68666666666667,1.1525095272661783,446.49629279972055,514.591231340707,1685.44,1170.848768659293,0.6946843368255725
15352.0,0.0,0.0,365.0,0.0,0.28096612925881287,415.81364110364115,116.82954923390326,0.0,116.82954923390326,
15353.0,6.0,483.0,554.0,481.7266666666667,1.8300871996782897,471.560799203011,862.9973824914947,0.0,862.9973824914947,
15356.0,7.0,204.0,239.0,242.6428571428571,4.205595480587742,266.05153383111553,1118.9051282835762,1564.69,445.7848717164238,0.28490299785671525
15358.0,21.0,525.0,549.0,600.9466666666666,6.125605731343464,591.7785579423886,3625.002126218066,3984.13,359.1278737819339,0.09013959729776234
15359.0,3.0,31.0,510.0,58.083333333333336,0.05320139477275148,153.68511595260216,8.176262524490474,0.0,8.176262524490474,
15361.0,3.0,182.0,360.0,205.89,1.2548880648333145,261.9911294472754,328.7695414355858,0.0,328.7695414355858,
15362.0,1.0,290.0,555.0,302.33,0.43013154820528,361.6225974571363,155.5452877102528,0.0,155.5452877102528,
15363.0,1.0,120.0,309.0,652.0,0.6865515836477302,528.5980491397961,362.9098277500277,0.0,362.9098277500277,
15364.0,0.0,0.0,71.0,0.0,0.8599862476946469,415.81364110364115,357.594012952969,581.39,223.79598704703096,0.384932639101173
15365.0,3.0,358.0,490.0,708.7666666666665,1.0860719052087122,630.4763153623645,684.7426130145722,2105.71,1420.9673869854278,0.6748162790628471
15366.0,5.0,293.0,468.0,315.104,1.564020586982683,333.1853798799572,521.108793413899,496.97,24.138793413898952,0.048571932740203536
15367.0,7.0,484.0,546.0,547.7571428571429,2.1388581773923874,529.9214392643022,1133.426803745996,461.41,672.016803745996,1.4564417844129862
15368.0,0.0,0.0,211.0,0.0,0.4337921118973573,415.81364110364115,180.37667753007827,446.94000000000005,266.5633224699218,0.596418585201418
15369.0,7.0,239.0,548.0,848.3285714285714,0.48548351896282316,789.862576557787,383.46526316431675,0.0,383.46526316431675,
15370.0,3.0,207.0,227.0,375.98,2.1132037332693927,386.62535773180684,817.0181493354688,1258.11,441.0918506645311,0.35059879554612167
15371.0,0.0,0.0,479.0,0.0,0.2228778561265152,415.81364110364115,92.67565287733976,0.0,92.67565287733976,
15372.0,4.0,213.0,480.0,894.3549999999999,0.9681137173619571,791.5719385679944,766.3316520064718,2007.4,1241.0683479935283,0.6182466613497699
15373.0,10.0,376.0,403.0,207.823,3.9106523439183327,228.3357131134972,892.941591687562,1224.16,331.2184083124381,0.27056790641128453
15374.0,0.0,0.0,441.0,0.0,0.23937241714944937,415.81364110364115,99.53431635469221,168.0,68.46568364530779,0.4075338312220702
15375.0,0.0,0.0,507.0,0.0,0.21210901682328914,415.81364110364115,88.19782259620533,0.0,88.19782259620533,
15376.0,0.0,0.0,39.0,0.0,1.1103563408508081,415.81364110364115,461.70131301169016,579.19,117.4886869883099,0.20284999221034528
15377.0,2.0,33.0,232.0,453.7250000000001,0.9347124836678422,440.31890387139015,411.57157624352897,0.0,411.57157624352897,
15378.0,1.0,39.0,318.0,136.5,0.5469325534351566,282.4349658257825,154.4728770384664,0.0,154.4728770384664,
15379.0,6.0,214.0,217.0,595.4150000000001,4.022037680957807,567.7148057631719,2283.370340817119,130.8,2152.570340817119,16.456959792179806
15380.0,6.0,373.0,555.0,292.58,1.6023188508814186,311.5865142939831,499.2609455336817,1460.1600000000003,960.8990544663186,0.6580779191775685
15381.0,4.0,370.0,400.0,385.2675,1.7131934698906337,391.82832455403025,671.2777269441524,0.0,671.2777269441524,
15382.0,7.0,551.0,552.0,1197.3942857142858,2.1618260897592427,1091.7426960117502,2360.1578435422957,3828.59,1468.4321564577044,0.3835438520337002
15384.0,2.0,233.0,409.0,706.225,0.8875879608892477,603.530643808543,535.6865334721996,338.84,196.8465334721996,0.5809424314490604
15385.0,1.0,285.0,494.0,317.4,0.4835172401166267,368.8188683893229,178.3302813465428,316.88,138.5497186534572,0.437230871792026
15386.0,0.0,0.0,3.0,0.0,1.6548898806648453,415.81364110364115,688.1257869048195,0.0,688.1257869048195,
15387.0,0.0,0.0,309.0,0.0,0.3222340182283804,415.81364110364115,133.98930040699992,0.0,133.98930040699992,
15388.0,0.0,0.0,87.0,0.0,0.7729973955873023,415.81364110364115,321.4228616227879,0.0,321.4228616227879,
15389.0,3.0,281.0,498.0,459.6666666666667,0.9843655530097881,447.94714688875206,440.9437409663032,500.0,59.05625903369679,0.11811251806739358
15390.0,1.0,13.0,226.0,381.77,0.7116695441003059,399.5570210041106,284.35256298007175,0.0,284.35256298007175,
15391.0,0.0,0.0,401.0,0.0,0.25959775002070706,415.81364110364115,107.94428565842304,0.0,107.94428565842304,
15392.0,3.0,71.0,248.0,441.22,1.2710902894171154,434.4302672108052,552.2000940805372,1196.55,644.3499059194628,0.5385064610082845
15393.0,3.0,443.0,541.0,198.58,1.0181303750475634,256.63469339130546,261.28757663270625,107.76,153.52757663270626,1.424717674765277
15394.0,7.0,520.0,541.0,606.0428571428572,2.1897200754668162,580.3282757736853,1270.7564758226813,747.0999999999999,523.6564758226814,0.7009188539990382
15395.0,0.0,0.0,142.0,0.0,0.5738042412738722,415.81364110364115,238.595630844801,0.0,238.595630844801,
15396.0,0.0,0.0,400.0,0.0,0.26014730082413035,415.81364110364115,108.17279637896591,288.18,180.00720362103408,0.6246346159380737
15397.0,0.0,0.0,106.0,0.0,0.6901728433446446,415.81364110364115,286.9832829819896,0.0,286.9832829819896,
15400.0,4.0,376.0,377.0,212.725,1.815535630333858,256.3452052061689,465.40385371704394,257.4,208.00385371704397,0.8080957797864957
15401.0,1.0,116.0,385.0,80.75,0.5430591734245308,255.81306108328735,138.92162950308904,0.0,138.92162950308904,
15402.0,4.0,395.0,408.0,265.175,1.6939116565704286,297.52978065740746,503.9891636324254,185.36,318.6291636324254,1.7189747714308663
15403.0,1.0,239.0,547.0,75.12,0.4235403312028201,253.1246068465116,107.20847981935515,0.0,107.20847981935515,
15404.0,0.0,0.0,192.0,0.0,0.46502385731198637,415.81364110364115,193.36326330895716,0.0,193.36326330895716,
15405.0,1.0,387.0,393.0,349.1,0.6189060341109592,383.95634606353093,237.63289941391494,0.0,237.63289941391494,
15406.0,1.0,152.0,270.0,252.29,0.8030031956083814,337.72734878781864,271.1961403209648,258.42,12.776140320964771,0.04943944091387962
15407.0,2.0,122.0,122.0,287.865,2.3750646206475654,333.1097981843556,791.1572964587136,315.71,475.44729645871365,1.5059621059159154
15408.0,0.0,0.0,81.0,0.0,0.8034651011198121,415.81364110364115,334.0917491963343,0.0,334.0917491963343,
15409.0,0.0,0.0,538.0,0.0,0.20133915842766117,415.81364110364115,83.71956856254864,0.0,83.71956856254864,
15410.0,5.0,396.0,416.0,430.858,2.0227619839499127,428.1569401483862,866.0595816964737,1649.95,783.8904183035263,0.475099498956651
15413.0,4.0,47.0,555.0,1557.12,0.01871383868112734,1311.985573438159,24.552286373288055,0.0,24.552286373288055,
15414.0,0.0,0.0,59.0,0.0,0.9393430948097811,415.81364110364115,390.59167249841784,738.7,348.1083275015822,0.47124452078189005
15415.0,0.0,0.0,130.0,0.0,0.60796027331741,415.81364110364115,252.7981748944771,0.0,252.7981748944771,
15416.0,3.0,437.0,493.0,824.6333333333333,1.1175856814951053,715.3781472390243,799.4963742088307,1709.89,910.3936257911694,0.5324281829773666
15418.0,1.0,161.0,403.0,245.83,0.5480664679609603,334.64255049837436,183.40636068109131,0.0,183.40636068109131,
15420.0,5.0,300.0,551.0,129.178,1.156493714969073,180.64048022665875,208.90958005112597,0.0,208.90958005112597,
15421.0,7.0,517.0,549.0,479.0414285714286,2.154841763358184,470.4944970354339,1013.8411916421562,211.0,802.8411916421562,3.804934557545764
15422.0,5.0,347.0,487.0,264.196,1.6341711449443965,291.4173874983102,476.22588578481844,0.0,476.22588578481844,
15423.0,1.0,40.0,438.0,69.84,0.3602423557480806,250.60328564399367,90.27791797860144,43.5,46.77791797860144,1.0753544362896883
15424.0,1.0,209.0,280.0,383.34,0.8006946427616211,400.3067320434957,320.52345580863874,0.0,320.52345580863874,
15425.0,3.0,263.0,480.0,393.96,1.0044507195223549,399.80028526755774,401.57968420224114,0.0,401.57968420224114,
15426.0,4.0,329.0,403.0,355.8525,1.6681938173758155,368.7311980164101,615.1151048045529,784.41,169.2948951954471,0.21582449891695302
15428.0,2.0,335.0,539.0,242.265,0.7096353460929175,303.6347275263985,215.46993495402447,93.78,121.68993495402447,1.2976107374069574
15430.0,1.0,61.0,345.0,118.0,0.5409024227990443,273.6007911578693,147.99133081702686,0.0,147.99133081702686,
15431.0,0.0,0.0,319.0,0.0,0.3139974442403301,415.81364110364115,130.56442058680918,0.0,130.56442058680918,
15432.0,0.0,0.0,358.0,0.0,0.2855366275793172,415.81364110364115,118.73002478221022,171.19,52.459975217789776,0.3064429885962368
15433.0,1.0,54.0,84.0,160.66,1.8034228623983328,293.9719204191221,530.1556821869881,0.0,530.1556821869881,
15434.0,6.0,484.0,501.0,257.865,2.0353567558842287,282.2256622182558,574.4299082798273,734.52,160.09009172017272,0.21795198458881002
15436.0,0.0,0.0,51.0,0.0,1.0009720988863924,415.81364110364115,416.21785308110475,633.48,217.26214691889527,0.3429660714132968
15437.0,1.0,378.0,457.0,200.16,0.5372029990481586,312.8340771425044,168.05540444541634,0.0,168.05540444541634,
15439.0,2.0,249.0,470.0,260.1,0.7709551648201847,315.1629706225534,242.97651996152968,0.0,242.97651996152968,
15440.0,0.0,0.0,25.0,0.0,1.2729102238644605,415.81364110364115,529.2934349831323,257.88,271.41343498313233,1.052479583461813
15441.0,2.0,334.0,547.0,476.3200000000001,0.6975930857110416,454.92393065903354,317.35178855223114,0.0,317.35178855223114,
15442.0,0.0,0.0,65.0,0.0,0.8979056175777492,415.81364110364115,373.3614042124175,0.0,373.3614042124175,
15443.0,7.0,322.0,459.0,281.4942857142857,2.207672629973051,299.65114965732096,661.531641638426,2799.2,2137.668358361574,0.7636711768939605
15445.0,1.0,326.0,407.0,113.5,0.5916578873394034,271.4519378602688,160.60668006859365,0.0,160.60668006859365,
15446.0,2.0,350.0,543.0,140.26,0.71041430922979,237.700416507431,168.86577719675992,0.0,168.86577719675992,
15447.0,3.0,295.0,442.0,130.52666666666667,1.1617181913307983,206.76830099792562,240.20649665985223,0.0,240.20649665985223,
15448.0,1.0,362.0,491.0,494.64,0.4995718572486283,453.4550369374815,226.533374981603,0.0,226.533374981603,
15449.0,1.0,76.0,78.0,301.78,1.9115334706580092,361.359959831874,690.7516581742609,326.82,363.9316581742609,1.1135538160891651
15451.0,1.0,165.0,416.0,122.95,0.532295642189369,275.9645297852299,146.8947166035162,0.0,146.8947166035162,
15452.0,3.0,247.0,328.0,210.7266666666667,1.538395153385501,265.53521914960663,408.4980941929117,291.48,117.01809419291169,0.4014618299468632
15453.0,0.0,0.0,4.0,0.0,1.6325641684099237,415.81364110364115,678.8424512018684,1191.28,512.4375487981316,0.43015709891724163
15454.0,1.0,256.0,435.0,179.1,0.5416736391805017,302.777443709734,164.00655979602112,0.0,164.00655979602112,
15455.0,0.0,0.0,414.0,0.0,0.2526593771802303,415.81364110364115,105.05921558428977,0.0,105.05921558428977,
15456.0,8.0,448.0,548.0,238.4825,2.336113322136646,259.8176807344838,606.9635452904735,0.0,606.9635452904735,
15457.0,0.0,0.0,79.0,0.0,0.8141643333766614,415.81364110364115,338.5406359180683,0.0,338.5406359180683,
15458.0,0.0,0.0,219.0,0.0,0.42186450663291003,415.81364110364115,175.4170165554215,161.64,13.777016555421511,0.08523271811074927
15459.0,1.0,80.0,314.0,105.0,0.6329837768204634,267.39299274257894,169.25542644152438,0.0,169.25542644152438,
15460.0,0.0,0.0,171.0,0.0,0.5052411001715751,415.81364110364115,210.08614149755212,0.0,210.08614149755212,
15461.0,1.0,171.0,448.0,219.7,0.495033467223711,322.1648756836408,159.48239542736852,0.0,159.48239542736852,
15462.0,1.0,258.0,262.0,105.0,0.8606401944530063,267.39299274257894,230.12915726934446,129.6,100.52915726934447,0.7756879418930901
15464.0,0.0,0.0,155.0,0.0,0.5408943359223716,415.81364110364115,224.91124327221738,0.0,224.91124327221738,
15465.0,25.0,496.0,546.0,401.1076000000001,7.049285267616115,401.7242315557114,2831.8687071500817,2191.16,640.7087071500819,0.29240617168535477
15466.0,2.0,347.0,553.0,246.135,0.6949974582512077,306.136230233554,212.76390189092658,334.53,121.7660981090734,0.3639915646102694
15468.0,0.0,0.0,209.0,0.0,0.43688034351271215,415.81364110364115,181.66080636263035,467.51,285.84919363736964,0.6114290467313419
15469.0,0.0,0.0,255.0,0.0,0.3754235478867482,415.81364110364115,156.10623240283596,538.55,382.44376759716397,0.7101360460443116
15470.0,0.0,0.0,392.0,0.0,0.2646289802825371,415.81364110364115,110.03633983282542,0.0,110.03633983282542,
15471.0,1.0,170.0,367.0,577.83,0.6078887004292918,493.1801715657896,299.798653570623,469.48,169.68134642937702,0.36142401471708485
15473.0,0.0,0.0,261.0,0.0,0.36866088965189153,415.81364110364115,153.2942268586607,1771.2,1617.9057731413393,0.9134517689370705
15474.0,0.0,0.0,412.0,0.0,0.253702560854775,415.81364110364115,105.49298558634207,0.0,105.49298558634207,
15476.0,2.0,62.0,259.0,686.2749999999999,1.0084782768919613,590.6353003956867,595.6428700146081,0.0,595.6428700146081,
15477.0,0.0,0.0,466.0,0.0,0.2282585815920507,415.81364110364115,94.91303192494316,0.0,94.91303192494316,
15478.0,0.0,0.0,392.0,0.0,0.2646289802825371,415.81364110364115,110.03633983282542,1441.42,1331.3836601671746,0.9236611537006386
15479.0,0.0,0.0,550.0,0.0,0.19745827869412447,415.81364110364115,82.10584582986142,0.0,82.10584582986142,
15480.0,1.0,207.0,493.0,1868.56,0.46196336160762413,1109.5333753017678,512.5637678702583,905.5,392.9362321297417,0.433943933881548
15481.0,0.0,0.0,218.0,0.0,0.4233194006052526,415.81364110364115,176.02198131548099,0.0,176.02198131548099,
15482.0,8.0,487.0,554.0,599.245,2.3796420910401284,577.1758858553021,1373.4720319146495,9577.52,8204.047968085351,0.8565941880659451
15483.0,4.0,418.0,501.0,140.21,1.3889983257234468,199.40527214903702,276.97358915544066,118.96,158.01358915544068,1.3282917716496359
15484.0,1.0,194.0,551.0,372.19,0.40373729202062814,394.9823510949966,159.46910482703493,3594.31,3434.8408951729652,0.9556329017733488
15485.0,4.0,402.0,555.0,893.325,1.2228598981488468,790.7631661616117,966.992564832248,1296.37,329.37743516775186,0.2540767181960026
15486.0,0.0,0.0,344.0,0.0,0.2951391626025476,415.81364110364115,122.7228898340449,0.0,122.7228898340449,
15487.0,0.0,0.0,496.0,0.0,0.2162130530552025,415.81364110364115,89.90433684501849,0.0,89.90433684501849,
15488.0,3.0,127.0,400.0,100.87333333333332,0.7992058879662983,185.03968487667234,147.88480566086494,91.32,56.56480566086495,0.6194131149897607
15489.0,5.0,482.0,510.0,283.918,1.6962865234557722,307.5985053137978,521.7751991989339,786.02,264.24480080106605,0.3361807597784612
15490.0,0.0,0.0,247.0,0.0,0.38483663688187575,415.81364110364115,160.02032321193255,0.0,160.02032321193255,
15491.0,1.0,17.0,52.0,622.47,2.234853173973533,514.4967962779866,1149.8247981610727,1455.17,305.3452018389273,0.20983472847772242
15493.0,5.0,405.0,471.0,563.884,1.7886666826868336,537.2994905247709,961.0496973262677,1050.55,89.50030267373222,0.08519375819687995
15494.0,2.0,251.0,546.0,781.53,0.6429417392564175,652.2065252975225,419.33079772917387,1299.23,879.8992022708262,0.6772466786256677
15495.0,0.0,0.0,196.0,0.0,0.4580798812899504,415.81364110364115,190.475863355498,0.0,190.475863355498,
15496.0,0.0,0.0,448.0,0.0,0.2361528483727743,415.81364110364115,98.19557573887937,0.0,98.19557573887937,
15497.0,7.0,402.0,538.0,1156.2557142857142,2.0120844538763647,1056.165106037223,2125.093390584179,291.6,1833.493390584179,6.287700242058227
15498.0,22.0,534.0,540.0,747.6959090909091,6.550860025634075,731.9721922960963,4795.047374388236,6173.549999999999,1378.5026256117635,0.22329172447161902
15499.0,0.0,0.0,540.0,0.0,0.20068178071568532,415.81364110364115,83.44622194255159,0.0,83.44622194255159,
15501.0,1.0,11.0,232.0,166.1,0.6815346242556707,296.5696452944436,202.12248177138616,0.0,202.12248177138616,
15502.0,4.0,279.0,371.0,1140.6475,1.7556882610285829,984.9647326447185,1729.291018631489,4283.5199999999995,2554.2289813685106,0.5962920638560135
15503.0,1.0,364.0,543.0,147.09,0.45275765740310014,287.49193391946903,130.16417452366568,0.0,130.16417452366568,
15504.0,2.0,145.0,482.0,106.03,0.5925678877727854,215.57472202010922,127.74265768466147,52.83,74.91265768466147,1.4179946561548642
15506.0,2.0,96.0,294.0,432.195,1.0036476852475735,426.40227511556077,427.9576564040316,979.26,551.3023435959684,0.5629785180605441
15508.0,3.0,46.0,52.0,229.61666666666665,5.075548875287882,279.3769533626397,1417.9913814211009,0.0,1417.9913814211009,
15509.0,0.0,0.0,197.0,0.0,0.4563762328134426,415.81364110364115,189.76746307932058,0.0,189.76746307932058,
15510.0,0.0,0.0,147.0,0.0,0.5606822547952832,415.81364110364115,233.13932986862616,0.0,233.13932986862616,
15512.0,2.0,317.0,493.0,136.39,0.7735538570586603,235.1989138002754,181.9390269462104,19.799999999999997,162.13902694621038,8.1888397447581
15513.0,20.0,496.0,512.0,889.4145000000001,6.230608467691556,864.849112740253,5388.536205114949,8688.76,3300.2237948850516,0.3798267871232548
15514.0,10.0,510.0,552.0,448.497,2.9751866527279316,445.2736609061395,1324.7722527392493,1577.52,252.74774726075066,0.1602184107084225
15515.0,0.0,0.0,204.0,0.0,0.44479715056484703,415.81364110364115,184.95272272889355,0.0,184.95272272889355,
15517.0,0.0,0.0,50.0,0.0,1.009252569703382,415.81364110364115,419.66098580156967,0.0,419.66098580156967,
15518.0,9.0,504.0,536.0,335.6011111111111,2.7769147400582215,344.29563579505566,956.079625977007,954.88,1.199625977007031,0.001256310716537189
15519.0,1.0,63.0,263.0,197.5,0.7336711245872521,311.56386608214495,228.5854120092393,0.0,228.5854120092393,
15521.0,8.0,491.0,520.0,653.99375,2.5572794627065245,625.3376682817141,1599.1631763536125,1332.42,266.7431763536124,0.2001945155083325
15523.0,13.0,349.0,554.0,1234.6292307692308,1.1359997900488534,1171.063875651792,1330.3283168742323,412.0100000000001,918.3183168742322,2.2288738546982647
15524.0,0.0,0.0,423.0,0.0,0.24806935857108983,415.81364110364115,103.1506232336896,440.0,336.8493767663104,0.7655667653779782
15525.0,1.0,9.0,199.0,627.86,0.799607842917312,517.070645005557,413.45374308875665,509.49,96.03625691124336,0.1884948809814586
15527.0,13.0,505.0,541.0,288.24538461538464,3.889282710506813,298.14861756274496,1159.584263448292,1529.74,370.15573655170806,0.24197297354564049
15528.0,0.0,0.0,71.0,0.0,0.8599862476946469,415.81364110364115,357.594012952969,0.0,357.594012952969,
15529.0,7.0,184.0,211.0,317.90285714285716,4.64287971943567,331.1381260121772,1537.434489593871,2063.02,525.5855104061291,0.25476510669122404
15530.0,1.0,266.0,329.0,553.13,0.7072866756536684,481.3853545767379,340.4774471469434,949.22,608.7425528530566,0.6413081823529388
15532.0,6.0,191.0,366.0,356.1716666666666,1.7049707260461238,365.3703402553531,622.9457343008886,1214.68,591.7342656991115,0.48715239050541
15534.0,0.0,0.0,542.0,0.0,0.20002868383366348,415.81364110364115,83.17465535004465,0.0,83.17465535004465,
15535.0,3.0,213.0,266.0,245.94333333333336,1.8402298425102324,291.3403933088963,536.1332860956993,125.01,411.1232860956993,3.2887231909103214
15536.0,0.0,0.0,226.0,0.0,0.41195413557072036,415.81364110364115,171.29614907936426,0.0,171.29614907936426,
15538.0,5.0,126.0,480.0,562.5,0.20551510332808917,536.1639734850875,110.18979441158662,0.0,110.18979441158662,
15540.0,0.0,0.0,192.0,0.0,0.46502385731198637,415.81364110364115,193.36326330895716,213.3,19.936736691042853,0.093468057623267
15542.0,1.0,225.0,554.0,377.72,0.4132220370447355,397.6230530362701,164.30660795159443,0.0,164.30660795159443,
15543.0,1.0,171.0,276.0,127.86,0.7965743718255135,278.30916749438956,221.69395027012501,0.0,221.69395027012501,
15544.0,14.0,469.0,497.0,422.28357142857146,4.507150282544133,421.81458077669504,1901.1817069289161,1787.24,113.94170692891612,0.06375288541489454
15545.0,0.0,0.0,188.0,0.0,0.47218204106924716,415.81364110364115,196.3397337607527,157.39,38.94973376075271,0.24747273499429895
15546.0,0.0,0.0,423.0,0.0,0.24806935857108983,415.81364110364115,103.1506232336896,0.0,103.1506232336896,
15547.0,16.0,539.0,550.0,429.8825,4.727187261543024,428.98199822275024,2027.878237429857,2550.31,522.4317625701428,0.20485029763838233
15548.0,0.0,0.0,412.0,0.0,0.253702560854775,415.81364110364115,105.49298558634207,0.0,105.49298558634207,
15549.0,5.0,381.0,514.0,264.71999999999997,1.5851909678146092,291.8473086896353,462.63371771581205,747.4100000000001,284.776282284188,0.3810174901114355
15550.0,6.0,435.0,553.0,270.12000000000006,1.7744554567897055,292.5905546909057,519.1889063764045,437.73,81.45890637640446,0.18609395375323706
15551.0,3.0,156.0,367.0,328.9666666666667,1.1182345197417591,352.176121920863,393.8154965606915,436.06,42.24450343930852,0.09687773113633105
15552.0,1.0,406.0,440.0,90.12,0.5597387444052911,260.2874511718466,145.69297110338294,0.0,145.69297110338294,
15554.0,0.0,0.0,94.0,0.0,0.740259353832389,415.81364110364115,307.8099372780743,0.0,307.8099372780743,
15555.0,21.0,543.0,550.0,387.2190476190476,6.159393611019883,388.6351015143265,2393.7565612854064,3019.93,626.1734387145934,0.20734700430625658
15558.0,0.0,0.0,456.0,0.0,0.23257785094327815,415.81364110364115,96.70904304078441,0.0,96.70904304078441,
15559.0,0.0,0.0,385.0,0.0,0.2686791632695821,415.81364110364115,111.7204611678046,0.0,111.7204611678046,
15560.0,0.0,0.0,214.0,0.0,0.42924091125260816,415.81364110364115,178.48422621859189,0.0,178.48422621859189,
15561.0,4.0,448.0,480.0,265.82,1.467807687711356,298.03624493130735,437.45989152679755,534.84,97.38010847320248,0.18207334618428403
15562.0,2.0,375.0,543.0,156.435,0.7198606455732145,248.15566361033572,178.63749620918574,0.0,178.63749620918574,
15563.0,4.0,480.0,497.0,443.345,1.430067103470015,437.43170264305434,625.5566879647097,625.8199999999999,0.26331203529025515,0.00042074723609065735
15564.0,1.0,213.0,493.0,35.7,0.46421226352838,234.30065195953117,108.76523599230914,0.0,108.76523599230914,
15566.0,1.0,332.0,541.0,89.65,0.44961014686249257,260.0630153829861,116.92697053984706,0.0,116.92697053984706,
15569.0,5.0,317.0,466.0,447.988,1.6592228842668242,442.21142489533395,733.727315870578,1087.21,353.48268412942207,0.32512824949128694
15570.0,18.0,415.0,438.0,384.9183333333333,6.400788175957273,386.688708791997,2475.112515011999,1640.1,835.0125150119993,0.509122928487287
15571.0,8.0,347.0,550.0,410.3675,1.6839868301349719,411.02273970594524,692.1568805508064,650.4300000000001,41.7268805508063,0.06415276132836169
15572.0,4.0,356.0,421.0,508.18499999999995,1.6181478450946238,488.3451034487417,790.2145768080926,1676.82,886.6054231919073,0.528742156696549
15573.0,2.0,111.0,546.0,160.825,0.3894854328713415,250.99328554429255,97.75822846801901,599.5,501.741771531981,0.8369337306621868
15574.0,3.0,106.0,281.0,417.8766666666666,1.3439366733768405,417.3253325551018,560.8588191499872,112.1,448.7588191499872,4.00320088447803
15575.0,0.0,0.0,436.0,0.0,0.2417264221199805,415.81364110364115,100.51314373266483,0.0,100.51314373266483,
15577.0,2.0,421.0,543.0,21.924999999999997,0.7333090977813894,161.21066900064682,118.21725023759853,229.23,111.01274976240146,0.4842854328072306
15579.0,3.0,119.0,249.0,162.6233333333333,1.6949875987294116,230.287280835105,390.3340851606203,149.0,241.3340851606203,1.6196918467155725
15580.0,7.0,294.0,487.0,183.07142857142856,1.6950159697519427,214.5327818104962,363.6364912041002,0.0,363.6364912041002,
15581.0,23.0,511.0,554.0,181.62608695652176,6.523476416707865,192.2607893141985,1254.2087249488134,86.67,1167.5387249488133,13.471082553926541
15582.0,0.0,0.0,37.0,0.0,1.1309715792570132,415.81364110364115,470.2734103555939,379.3,90.9734103555939,0.23984553217926152
15583.0,0.0,0.0,193.0,0.0,0.46326816183060787,415.81364110364115,192.63322117817592,0.0,192.63322117817592,
15584.0,1.0,271.0,487.0,195.35,0.4873562837009776,310.5371917288469,151.34225171190877,725.11,573.7677482880913,0.7912837338998101
15586.0,2.0,108.0,517.0,229.44,0.4257720599516713,295.344863903848,125.74959110048736,0.0,125.74959110048736,
15587.0,3.0,140.0,308.0,257.04,1.3711911884963237,299.4715267472565,410.6327186813793,568.8,158.16728131862067,0.27807187292303215
15588.0,0.0,0.0,494.0,0.0,0.21697637420978858,415.81364110364115,90.22173619363836,0.0,90.22173619363836,
15589.0,1.0,55.0,127.0,293.58,1.3703039831160841,357.44427160069085,489.80730911645406,0.0,489.80730911645406,
15590.0,3.0,224.0,423.0,371.8666666666666,1.1088747128449852,383.61129384987936,425.3768633118782,0.0,425.3768633118782,
15591.0,2.0,91.0,490.0,88.3,0.4145369316402536,204.11434915244297,84.61293600140111,0.0,84.61293600140111,
15594.0,0.0,0.0,51.0,0.0,1.0009720988863924,415.81364110364115,416.21785308110475,1503.87,1087.6521469188951,0.7232354837312369
15595.0,0.0,0.0,304.0,0.0,0.3265166882478718,415.81364110364115,135.77009302145007,0.0,135.77009302145007,
15596.0,7.0,285.0,316.0,360.6557142857143,3.412848441810258,368.11178768414544,1256.3097410098244,16.9,1239.4097410098243,73.33785449762274
15597.0,0.0,0.0,392.0,0.0,0.2646289802825371,415.81364110364115,110.03633983282542,324.57,214.53366016717456,0.6609780946087888
15598.0,0.0,0.0,244.0,0.0,0.3884895825784751,415.81364110364115,161.53926786278942,240.68,79.14073213721059,0.3288213899668048
15599.0,1.0,241.0,262.0,448.83,0.8569357477905082,431.5797103679083,369.8360818353345,312.90999999999997,56.926081835334514,0.18192477656621558
15600.0,3.0,165.0,410.0,290.2766666666667,0.9643029557293622,323.8258468175147,312.2662212276931,0.0,312.2662212276931,
15601.0,21.0,535.0,555.0,615.6761904761905,6.080792677597115,605.7786501697739,3683.6143801970256,2027.97,1655.6443801970256,0.8164047693984752
15602.0,11.0,537.0,554.0,201.2990909090909,3.276357891238839,220.70592613800872,723.1116027454412,754.9200000000001,31.808397254558827,0.04213479210321468
15603.0,0.0,0.0,465.0,0.0,0.22868327133665153,415.81364110364115,95.089623713985,48.48,46.60962371398501,0.9614196310640473
15605.0,6.0,442.0,511.0,216.84166666666667,1.9610224731602959,247.52942077642223,485.41075691091504,508.05,22.63924308908497,0.0445610532213069
15606.0,13.0,425.0,464.0,295.02153846153846,4.419547295005052,304.3987327855537,1345.3045960853594,1093.81,251.4945960853595,0.22992530337568637
15607.0,8.0,364.0,517.0,168.15375,2.1742291921601273,197.9503695023276,430.38947197084445,0.0,430.38947197084445,
15608.0,0.0,0.0,232.0,0.0,0.4038233939983716,415.81364110364115,167.91527582129314,1093.68,925.764724178707,0.8464676360349526
15609.0,0.0,0.0,1.0,0.0,1.7014463505269495,415.81364110364115,707.484602155113,0.0,707.484602155113,
15611.0,15.0,492.0,500.0,110.49866666666668,4.830376661015901,131.25512666942797,634.0117005026906,1138.35,504.3382994973093,0.4430432639322786
15613.0,0.0,0.0,427.0,0.0,0.2460824904882045,415.81364110364115,102.32445638175244,0.0,102.32445638175244,
15614.0,2.0,189.0,443.0,909.69,0.7586594020689619,735.0469870414652,557.6503076814699,0.0,557.6503076814699,
15615.0,29.0,554.0,554.0,536.3134482758621,8.405194294853885,531.9324067102167,4470.99523012861,5177.78,706.7847698713895,0.13650343774192597
15616.0,0.0,0.0,255.0,0.0,0.3754235478867482,415.81364110364115,156.10623240283596,0.0,156.10623240283596,
15617.0,2.0,111.0,324.0,311.70000000000005,0.9328688004564701,348.5163400512944,325.1200200831302,0.0,325.1200200831302,
15620.0,2.0,189.0,226.0,437.505,1.5271477254435837,429.8345695277044,656.4208851712557,678.17,21.74911482874427,0.032070299229904405
15622.0,7.0,448.0,462.0,756.472857142857,2.5143525063618024,710.4236260500218,1786.2554247375122,1107.56,678.6954247375122,0.6127843410176534
15623.0,6.0,336.0,546.0,304.80333333333334,1.4775325117098768,321.92462409874497,475.65409842587655,301.03,174.62409842587658,0.5800886902497312
15624.0,1.0,50.0,73.0,127.5,1.9486473103987425,278.1372592305815,541.9914221213504,276.73,265.2614221213504,0.9585567958708864
15625.0,5.0,307.0,359.0,377.868,2.249865881792666,384.68074944548135,865.4800935598215,838.93,26.550093559821562,0.03164756721040082
15626.0,1.0,92.0,238.0,281.88,0.851653296367025,351.8572530269296,299.66038939103095,393.92,94.25961060896907,0.23928617640375982
15627.0,1.0,65.0,339.0,286.74,0.5591672388246974,354.1780145883381,198.0447424697744,0.0,198.0447424697744,
15628.0,9.0,471.0,543.0,354.0833333333333,2.6854270950838406,360.7745034623197,968.8336268131321,2179.23,1210.396373186868,0.5554238759501604
15629.0,2.0,82.0,349.0,532.3499999999999,0.72667100731103,491.14077734686975,356.89776340617215,0.0,356.89776340617215,
15630.0,1.0,440.0,461.0,396.86,0.5390358276873765,406.7628423953976,219.259745423073,789.49,570.230254576927,0.7222767287450468
15631.0,0.0,0.0,459.0,0.0,0.2312649924872878,415.81364110364115,96.16313858594536,0.0,96.16313858594536,
15632.0,2.0,49.0,91.0,423.935,2.702553999460788,421.0631504744483,1137.9459013402798,2042.81,904.8640986597202,0.44295068981438324
15633.0,12.0,222.0,548.0,346.71416666666664,0.02302876131114258,352.4880861018357,8.117363999860647,0.0,8.117363999860647,
15634.0,0.0,0.0,200.0,0.0,0.4513406242773273,415.81364110364115,187.67358835874592,243.55,55.876411641254094,0.22942480657464212
15635.0,0.0,0.0,212.0,0.0,0.43226434014170195,415.81364110364115,179.7414091935839,0.0,179.7414091935839,
15636.0,2.0,287.0,386.0,318.78999999999996,0.9793507160064285,353.0991964321039,345.8079508470756,418.06,72.25204915292443,0.1728269845307478
15637.0,3.0,311.0,541.0,95.11666666666667,0.9203158395971519,180.8214609511548,166.41285465244565,223.36,56.94714534755437,0.25495677537407935
15638.0,4.0,232.0,427.0,509.45,1.332052033200487,489.33840159832835,651.8242127721296,0.0,651.8242127721296,
15639.0,1.0,154.0,422.0,245.52,0.5180726334793933,334.49451838231744,173.29245602274852,425.32,252.02754397725147,0.5925598231384639
15640.0,17.0,540.0,542.0,984.1847058823528,5.089436029883015,949.8156999430464,4834.026245038695,5735.4400000000005,901.4137549613051,0.15716558014054807
15641.0,10.0,473.0,550.0,461.333,2.9122830608393677,456.8437328618404,1330.458264664163,581.82,748.6382646641629,1.286717996397791
15642.0,0.0,0.0,546.0,0.0,0.19873516630766946,415.81364110364115,82.63679311772971,0.0,82.63679311772971,
15643.0,1.0,91.0,99.0,326.9,1.6723390997909413,373.3553364620351,624.3767272810637,0.0,624.3767272810637,
15644.0,1.0,5.0,78.0,184.57,1.737280009019499,305.38949427370613,530.5470633662844,389.81,140.73706336628442,0.3610401564000011
15645.0,1.0,11.0,242.0,17.700000000000003,0.6483789574504862,225.70523876912912,146.342527404241,611.59,465.24747259575906,0.7607179198413301
15646.0,3.0,164.0,227.0,258.53333333333336,2.0478633046601282,300.5657736022836,615.5176183969005,107.6,507.9176183969005,4.720423962796473
15647.0,0.0,0.0,232.0,0.0,0.4038233939983716,415.81364110364115,167.91527582129314,0.0,167.91527582129314,
15648.0,1.0,63.0,84.0,340.5,1.8166410233032861,379.84964865033885,690.0504544255452,0.0,690.0504544255452,
15649.0,3.0,51.0,204.0,544.0,1.458608464085663,509.7427840141689,743.5151392696567,0.0,743.5151392696567,
15650.0,1.0,107.0,445.0,194.8,0.4527307278047822,310.27455410358465,140.47082469862013,0.0,140.47082469862013,
15651.0,2.0,336.0,413.0,274.40999999999997,0.9357830873685736,324.41271319087286,303.5799303313706,418.98,115.40006966862944,0.2754309744346495
15652.0,3.0,98.0,302.0,322.71999999999997,1.1202916498452133,347.5988482460396,389.4120871858516,337.74,51.67208718585158,0.15299368504130864
15655.0,0.0,0.0,60.0,0.0,0.9321718284938417,415.81364110364115,387.60976214026323,0.0,387.60976214026323,
15656.0,1.0,64.0,101.0,63.91,1.6216047100382687,247.77157452071123,401.7875522563832,441.64,39.85244774361678,0.09023740545153695
15658.0,7.0,546.0,553.0,300.26000000000005,2.1556288709408085,315.8801742746557,680.9204234242618,0.0,680.9204234242618,
15659.0,1.0,267.0,470.0,117.6,0.5041548610810991,273.40978197586037,137.84087065025346,306.45,168.60912934974652,0.5502011073576326
15660.0,8.0,468.0,489.0,230.26875,2.703610890816942,252.5921488199663,682.9108844845147,861.84,178.92911551548536,0.20761291598844955
15661.0,7.0,261.0,395.0,127.85714285714286,2.380572878912156,166.78218791128907,397.03715322724554,0.0,397.03715322724554,
15662.0,1.0,77.0,555.0,177.88000000000002,0.3102125234914298,302.19486570460674,93.74463187637978,0.0,93.74463187637978,
15664.0,2.0,200.0,466.0,228.56,0.7256554186645171,294.77604675079976,213.90583561722283,386.43,172.52416438277717,0.4464564458835421
15665.0,3.0,392.0,452.0,885.9666666666667,1.201209946234645,760.320428784782,913.3044613816703,765.79,147.51446138167034,0.19263043573521507
15666.0,1.0,23.0,312.0,226.68,0.5127939525461502,325.4979859096967,166.9133987404445,0.0,166.9133987404445,
15668.0,0.0,0.0,34.0,0.0,1.1633817784337297,415.81364110364115,483.7500132841586,0.0,483.7500132841586,
15669.0,0.0,0.0,80.0,0.0,0.8087791743752968,415.81364110364115,336.30141334578883,485.54,149.2385866542112,0.30736620392596115
15670.0,1.0,260.0,373.0,173.05,0.6290102189504088,299.88842983184884,188.63288690922553,0.0,188.63288690922553,
15671.0,2.0,28.0,87.0,338.47,2.6492465189114562,365.82001640027494,969.1474049965602,1624.0,654.8525950034398,0.4032343565292117
15672.0,0.0,0.0,542.0,0.0,0.20002868383366348,415.81364110364115,83.17465535004465,0.0,83.17465535004465,
15673.0,6.0,441.0,472.0,763.6566666666666,2.132946051992447,710.008301023832,1514.4094025506472,1095.29,419.11940255064724,0.38265610253964455
15674.0,10.0,516.0,548.0,508.412,3.007024386859588,499.2796488483192,1501.3460799495874,1066.94,434.40607994958737,0.4071513674148381
15675.0,1.0,124.0,221.0,45.0,0.9395093532057202,238.74161544123888,224.29998070648708,278.69,54.39001929351292,0.19516315366002698
15676.0,0.0,0.0,100.0,0.0,0.7143358819505127,415.81364110364115,297.03060404482346,2537.96,2240.9293959551765,0.8829648205468866
15677.0,1.0,42.0,280.0,307.75,0.6432173111610366,364.2107718733574,234.26667338026664,657.23,422.9633266197334,0.6435545039327684
15678.0,1.0,127.0,339.0,809.71,0.6308200369513381,603.9081943763686,380.9573894917167,352.7,28.257389491716708,0.0801173504159816
15680.0,7.0,371.0,554.0,477.32714285714286,1.7632238556030193,469.011943020452,826.9730464963851,854.7900000000001,27.816953503614968,0.032542441422589136
15681.0,6.0,284.0,381.0,248.78666666666663,2.4002732606157915,274.5474942190006,658.9890091429357,1080.48,421.4909908570643,0.3900960599521178
15682.0,1.0,88.0,504.0,190.76,0.36844464169783436,308.34536136529437,113.60819618742514,0.0,113.60819618742514,
15683.0,0.0,0.0,290.0,0.0,0.33913795858367984,415.81364110364115,141.01818939513575,193.75,52.73181060486425,0.27216418376704127
15684.0,2.0,188.0,552.0,32.275,0.5544514391153081,167.90073438024893,93.09280380564613,0.0,93.09280380564613,
15685.0,0.0,0.0,267.0,0.0,0.3621378769035189,415.81364110364115,150.58186917679438,0.0,150.58186917679438,
15686.0,0.0,0.0,237.0,0.0,0.3972893552292657,415.81364110364115,165.19833336959886,0.0,165.19833336959886,
15687.0,4.0,144.0,147.0,331.4875,3.69427452620408,349.59941191785083,1291.5162018240433,1313.65,22.133798175956827,0.016849083223047862
15688.0,0.0,0.0,235.0,0.0,0.3998773915018872,415.81364110364115,166.27447415542593,0.0,166.27447415542593,
15689.0,1.0,256.0,434.0,103.5,0.5429036036515703,266.67670831004546,144.77974595146236,150.6,5.820254048537635,0.03864710523597367
15691.0,3.0,481.0,550.0,136.5,1.0136237184504129,211.14528841803423,214.02187237957276,0.0,214.02187237957276,
15693.0,0.0,0.0,476.0,0.0,0.22409690946851346,415.81364110364115,93.18255188617562,0.0,93.18255188617562,
15694.0,16.0,545.0,549.0,435.015,4.744017941339519,433.78598363561974,2057.888489068991,3477.7,1419.8115109310088,0.4082616415823702
15695.0,2.0,415.0,498.0,391.215,0.7986904842720328,399.91349451110716,319.40710259799715,0.0,319.40710259799715,
15696.0,10.0,464.0,501.0,264.536,3.2403380954468832,279.4554927039977,905.5302789906423,1098.56,193.02972100935767,0.17571158699511877
15697.0,0.0,0.0,506.0,0.0,0.21247565833634888,415.81364110364115,88.35027713873045,0.0,88.35027713873045,
15698.0,0.0,0.0,441.0,0.0,0.23937241714944937,415.81364110364115,99.53431635469221,0.0,99.53431635469221,
15702.0,0.0,0.0,293.0,0.0,0.33635183747630104,415.81364110364115,139.85968223292087,0.0,139.85968223292087,
15703.0,0.0,0.0,81.0,0.0,0.8034651011198121,415.81364110364115,334.0917491963343,0.0,334.0917491963343,
15704.0,3.0,396.0,400.0,730.1633333333334,1.3530409484528836,646.1548210820505,874.2739319642608,786.3,87.97393196426083,0.11188341849708869
15705.0,0.0,0.0,18.0,0.0,1.373629231958884,415.81364110364115,571.1737724672217,0.0,571.1737724672217,
15708.0,6.0,203.0,242.0,454.40166666666664,3.613338373949472,448.45017604387954,1620.4022299037463,1295.94,324.4622299037462,0.2503682499990325
15709.0,1.0,306.0,406.0,133.25,0.589756085255271,280.8830162219599,165.65246806175585,0.0,165.65246806175585,
15710.0,0.0,0.0,234.0,0.0,0.4011841154202834,415.81364110364115,166.81782778585148,0.0,166.81782778585148,
15711.0,1.0,128.0,501.0,313.6,0.4102159215957958,367.00428116023807,150.55099942574964,0.0,150.55099942574964,
15712.0,7.0,451.0,555.0,349.1928571428571,2.0490908234013054,358.1984431706334,733.981142857579,772.5600000000001,38.57885714242104,0.04993638959099751
15713.0,2.0,357.0,540.0,290.69,0.7175433070241847,334.9358305222663,240.33096347383884,185.55,54.780963473838824,0.29523558864909094
15714.0,2.0,102.0,372.0,92.465,0.7363549150881036,206.8065348824954,152.28300843306485,330.88,178.59699156693515,0.5397636350548088
15715.0,2.0,64.0,436.0,149.03500000000005,0.4043251363074497,243.37242845970235,98.4015903104442,0.0,98.4015903104442,
15716.0,9.0,531.0,549.0,291.52777777777777,2.7324414250170457,304.9995696119553,833.3934586200767,216.37,617.0234586200767,2.851705220779575
15717.0,4.0,358.0,409.0,133.375,1.6680971890621554,194.0383212775553,323.6747782934294,0.0,323.6747782934294,
15718.0,0.0,0.0,357.0,0.0,0.286201733821896,415.81364110364115,119.0065850306577,0.0,119.0065850306577,
15719.0,24.0,539.0,555.0,301.13,6.936710480453455,306.1303696965035,2123.537743858827,2614.6400000000003,491.10225614117326,0.18782786775279703
15720.0,0.0,0.0,367.0,0.0,0.27968704815074447,415.81364110364115,116.29768986109048,598.73,482.43231013890954,0.8057593742403246
15722.0,6.0,453.0,457.0,553.015,2.2102677484961277,531.8542230752605,1175.5402361647134,1451.91,276.3697638352867,0.19034910141488567
15723.0,3.0,210.0,391.0,235.58,1.1979052870815894,283.7466132368441,339.90156818791047,0.0,339.90156818791047,
15724.0,2.0,199.0,217.0,109.125,1.587678164180109,217.57527780270522,345.4395176327763,0.0,345.4395176327763,
15726.0,0.0,0.0,207.0,0.0,0.4400129431893274,415.81364110364115,182.9633840402838,0.0,182.9633840402838,
15727.0,10.0,486.0,501.0,656.67,3.269196202835945,632.9159629655132,2069.1264628411113,1928.09,141.03646284111142,0.0731482777469472
15728.0,1.0,65.0,261.0,297.0,0.7429002513117969,359.07740010686723,266.7586907797783,0.0,266.7586907797783,
15729.0,2.0,191.0,220.0,58.85,1.5639820582174064,185.078366019179,289.45924381819003,0.0,289.45924381819003,
15730.0,2.0,225.0,248.0,392.465,1.4331197956130421,400.72147342168705,574.2818760878451,653.45,79.1681239121549,0.12115406521104123
15731.0,0.0,0.0,370.0,0.0,0.2777901331110426,415.81364110364115,115.50892671156778,0.0,115.50892671156778,
15732.0,8.0,461.0,490.0,181.33375,2.6911899658727494,209.544648684594,563.9244559423098,0.0,563.9244559423098,
15733.0,0.0,0.0,99.0,0.0,0.7185291502011065,415.81364110364115,298.7742221842272,0.0,298.7742221842272,
15734.0,2.0,347.0,364.0,595.9250000000001,1.0577848284068743,532.234584738967,562.9896688903121,760.8000000000001,197.81033110968792,0.2600030640243006
15735.0,0.0,0.0,238.0,0.0,0.39600787846254837,415.81364110364115,164.6654778492404,0.0,164.6654778492404,
15736.0,0.0,0.0,252.0,0.0,0.3788989145915911,415.81364110364115,157.55133728654704,0.0,157.55133728654704,
15737.0,2.0,56.0,59.0,126.925,3.502898961795687,229.0808974893639,802.4472379827172,475.39,327.0572379827172,0.6879766885772044
15738.0,30.0,546.0,546.0,373.586,8.800863679139129,375.07190563928543,3300.956711406286,1883.36,1417.5967114062862,0.7526955608095565
15741.0,1.0,160.0,435.0,145.47,0.5049093347172915,286.71834673233286,144.7667696998639,0.0,144.7667696998639,
15742.0,0.0,0.0,436.0,0.0,0.2417264221199805,415.81364110364115,100.51314373266483,0.0,100.51314373266483,
15743.0,0.0,0.0,1.0,0.0,1.7014463505269495,415.81364110364115,707.484602155113,461.91,245.57460215511293,0.531650326156855
15745.0,0.0,0.0,53.0,0.0,0.9848145342100548,415.81364110364115,409.4993172816693,791.74,382.24068271833073,0.48278561487146127
15747.0,5.0,315.0,507.0,272.498,1.4437477798292493,298.22884881583263,430.56723835889125,974.04,543.4727616411087,0.557957334032595
15748.0,0.0,0.0,266.0,0.0,0.36320894647815605,415.81364110364115,151.02723451649956,149.31,1.717234516499559,0.011501135332526682
15749.0,1.0,97.0,149.0,21535.9,1.2664003268416173,10501.139689530735,13298.646735031203,0.0,13298.646735031203,
15750.0,11.0,455.0,555.0,429.2872727272727,3.049568120437091,428.0683318739935,1305.4235382516151,1852.91,547.486461748385,0.29547385558304773
15751.0,6.0,273.0,550.0,183.58333333333337,0.9592632954160548,219.4005714235422,210.4629151599126,0.0,210.4629151599126,
15752.0,4.0,208.0,274.0,499.6525,2.2578038644747984,481.6452485385855,1087.4605034563433,1592.2,504.73949654365674,0.3170075973769983
15753.0,0.0,0.0,121.0,0.0,0.6363797431883061,415.81364110364115,264.61537813972967,0.0,264.61537813972967,
15754.0,6.0,409.0,472.0,208.415,2.1021795647633854,240.40241189001975,505.36903759502985,366.77,138.59903759502987,0.37789087873880056
15755.0,12.0,500.0,552.0,328.40416666666664,3.5096317676935933,335.7080610505507,1178.211675733833,1743.52,565.3083242661669,0.32423392003886786
15756.0,1.0,36.0,66.0,125.53,2.0308507483781972,277.1965390091875,562.9447986946547,283.84000000000003,279.1047986946546,0.9833173572951472
15757.0,4.0,330.0,364.0,489.5575,1.8489869405144173,473.71849374010606,875.8993084056168,453.06,422.8393084056168,0.9332964914263382
15759.0,6.0,519.0,554.0,117.53333333333336,1.8558205356082895,163.53756466560503,303.4963708497984,0.0,303.4963708497984,
15761.0,0.0,0.0,259.0,0.0,0.37088783672585224,415.81364110364115,154.22022183002937,0.0,154.22022183002937,
15764.0,3.0,294.0,295.0,684.2400000000001,1.7382658642696465,612.5042877746645,1064.6952951574915,1585.45,520.7547048425085,0.3284586110205358
15765.0,0.0,0.0,483.0,0.0,0.22127294626640845,415.81364110364115,92.00830946476563,0.0,92.00830946476563,
15766.0,1.0,226.0,499.0,314.4,0.46279513071910816,367.3862995242559,170.02459051273743,315.06,145.03540948726257,0.46034218716200903
15768.0,31.0,533.0,553.0,482.40258064516127,8.912942588617183,480.13245803254193,4279.393033375695,142.68,4136.713033375695,28.992942482307924
15769.0,29.0,531.0,545.0,2012.4593103448276,8.485664681872253,1954.4096652316532,16584.465070166014,28363.0,11778.534929833986,0.41527817684426843
15770.0,0.0,0.0,429.0,0.0,0.24510095221974643,415.81364110364115,101.91631938046234,0.0,101.91631938046234,
15771.0,2.0,89.0,510.0,345.145,0.3738424689311754,370.1346237827719,138.3720415918632,0.0,138.3720415918632,
15772.0,0.0,0.0,235.0,0.0,0.3998773915018872,415.81364110364115,166.27447415542593,0.0,166.27447415542593,
15773.0,0.0,0.0,226.0,0.0,0.41195413557072036,415.81364110364115,171.29614907936426,635.6800000000001,464.38385092063584,0.7305308503030389
15774.0,4.0,238.0,473.0,207.71499999999995,1.1315773957327004,252.4112734042488,285.6228914123545,270.8,14.822891412354466,0.05473741289643451
15775.0,1.0,386.0,448.0,104.9,0.5482993542669542,267.3452404470767,146.58522270347578,0.0,146.58522270347578,
15777.0,5.0,327.0,385.0,350.662,2.119138836293799,362.35930682870026,767.8896797931994,0.0,767.8896797931994,
15778.0,0.0,0.0,248.0,0.0,0.38363422900782196,415.81364110364115,159.52034561573055,0.0,159.52034561573055,
15779.0,1.0,69.0,349.0,56.7,0.5471555304225009,244.3286340150002,133.6857633418825,0.0,133.6857633418825,
15780.0,2.0,174.0,174.0,149.065,1.8757343731991138,243.39181995355625,456.5384028423754,0.0,456.5384028423754,
15781.0,0.0,0.0,122.0,0.0,0.6330910745427552,415.81364110364115,263.2479048558397,262.11,1.137904855839679,0.004341325610772878
15782.0,0.0,0.0,247.0,0.0,0.38483663688187575,415.81364110364115,160.02032321193255,2614.74,2454.7196767880673,0.9388006749382606
15784.0,1.0,205.0,489.0,382.14,0.4652289993658122,399.7337044974688,185.96771135614668,0.0,185.96771135614668,
15785.0,9.0,527.0,541.0,516.4933333333333,2.7707802867591753,505.58029930555085,1400.851926689624,998.57,402.2819266896239,0.40285801364914214
15786.0,1.0,119.0,353.0,1795.91,0.5986608661501209,1074.8413326193954,643.4654431598775,4932.2,4288.734556840122,0.8695378445399867
15788.0,0.0,0.0,325.0,0.0,0.30925476421899684,415.81364110364115,128.59234953854912,0.0,128.59234953854912,
15789.0,4.0,265.0,440.0,394.565,1.3861560014155703,399.1288696495096,553.2548780028806,0.0,553.2548780028806,
15791.0,3.0,437.0,458.0,970.52,1.2014102206620199,822.2772719200912,987.8923187028804,389.4500000000001,598.4423187028804,1.5366345325532935
15792.0,1.0,219.0,435.0,457.0,0.5308450857793721,435.48107291044084,231.17298750443595,0.0,231.17298750443595,
15793.0,5.0,470.0,555.0,289.804,1.5442640637356697,312.42773457360715,482.4709230163678,658.97,176.49907698363222,0.2678408379495762
15794.0,1.0,1.0,554.0,102.0,0.1628967909506323,265.96042387751197,43.32409956951662,0.0,43.32409956951662,
15795.0,5.0,260.0,507.0,251.382,1.154247082626835,280.90400935777376,324.2326332993915,610.01,285.77736670060847,0.46847980639761394
15796.0,12.0,431.0,435.0,295.2825,4.400694533769374,305.354025200907,1343.7697895661072,1461.64,117.87021043389291,0.08064243619078083
15797.0,3.0,467.0,498.0,712.7333333333332,1.1154097234227642,633.3829085710304,706.481454869919,367.2,339.28145486991906,0.9239691036762502
15798.0,2.0,189.0,498.0,584.5450000000001,0.6476289745480662,524.878744737047,339.92668321612996,0.0,339.92668321612996,
15799.0,2.0,233.0,235.0,240.62,1.5041773746964693,302.5714272800752,455.1210951443072,402.9,52.22109514430724,0.12961304329686582
15800.0,2.0,372.0,435.0,210.21,0.900446602904494,282.91491634348586,254.74977533250095,454.58,199.83022466749904,0.4395930851940232
15803.0,2.0,231.0,493.0,455.02,0.711082325045741,441.1559700227509,313.6982128715869,415.8200000000001,102.12178712841319,0.24559133069215805
15804.0,0.0,0.0,15.0,0.0,1.4218934781312962,415.81364110364115,591.2427044032949,3681.03,3089.7872955967055,0.8393811774412883
15805.0,14.0,544.0,546.0,479.04785714285714,4.19403227699461,474.46415149044014,1989.9179656277665,2824.0600000000004,834.1420343722339,0.2953697989321168
15806.0,0.0,0.0,93.0,0.0,0.7447647215513438,415.81364110364115,309.6833306338037,484.22,174.53666936619635,0.3604491127301564
15807.0,1.0,258.0,483.0,511.68,0.4882294422159694,461.59202809106216,225.3628184062374,903.9,678.5371815937626,0.7506772669474087
15808.0,20.0,432.0,555.0,875.6695,3.540742434464034,851.8170574943483,3016.0648018705288,0.0,3016.0648018705288,
15809.0,5.0,351.0,352.0,197.666,2.33790722019749,236.8321644852084,553.6916273249683,116.56,437.1316273249683,3.7502713394386435
15810.0,5.0,441.0,490.0,429.50200000000007,1.743299932733329,427.044395996789,744.4664668153473,537.86,206.6064668153473,0.38412684865085206
15811.0,4.0,183.0,205.0,396.1725,2.8982875407147497,400.3911042546167,1160.4485488741761,923.78,236.66854887417617,0.2561957921520017
15812.0,9.0,535.0,541.0,462.6477777777778,2.7764464860481644,457.5712572216697,1270.4221092297455,746.9200000000001,523.5021092297454,0.7008810973460952
15813.0,1.0,32.0,56.0,533.26,2.1989934279928485,471.8969734604441,1037.698343329232,0.0,1037.698343329232,
15814.0,1.0,210.0,420.0,395.03,0.5468070884062287,405.88897538770675,221.94296884793937,1945.33,1723.3870311520604,0.8859098616440709
15815.0,2.0,47.0,76.0,483.54,3.020951898106487,459.59081684654336,1388.401750504876,706.52,681.881750504876,0.965127314874138
15816.0,0.0,0.0,359.0,0.0,0.28487460823856375,415.81364110364115,118.45474810965052,0.0,118.45474810965052,
15817.0,2.0,123.0,360.0,930.075,0.8433611132447448,748.2235071152032,631.022609916565,0.0,631.022609916565,
15818.0,0.0,0.0,405.0,0.0,0.2574225877780788,415.81364110364115,107.03982352632462,0.0,107.03982352632462,
15819.0,5.0,432.0,448.0,536.232,1.9021251096755953,514.61212261919,978.8566401774177,728.31,250.54664017741777,0.34401098457719625
15820.0,0.0,0.0,136.0,0.0,0.5903872372602638,415.81364110364115,245.49106678630955,0.0,245.49106678630955,
15822.0,4.0,374.0,550.0,230.1175,1.203758503685441,270.0020732430738,325.0172916790494,445.27,120.2527083209506,0.2700669443729661
15823.0,1.0,2.0,548.0,70.80000000000001,0.16897661824871127,251.06170768081512,42.42355833565064,0.0,42.42355833565064,
15824.0,1.0,79.0,349.0,496.14,0.5621347581939419,454.171321370015,255.3054859169564,0.0,255.3054859169564,
15826.0,1.0,358.0,385.0,720.0,0.6272638167326123,561.0696100813149,351.93866507228415,934.31,582.3713349277158,0.6233170306725988
15827.0,17.0,485.0,517.0,155.37470588235294,5.23521035216566,171.1232685135841,895.8663068187394,924.4,28.53369318126056,0.030867257876742278
15828.0,0.0,0.0,192.0,0.0,0.46502385731198637,415.81364110364115,193.36326330895716,0.0,193.36326330895716,
15831.0,0.0,0.0,141.0,0.0,0.5765028966514499,415.81364110364115,239.7177685634355,491.81999999999994,252.10223143656444,0.5125904425126356
15832.0,0.0,0.0,71.0,0.0,0.8599862476946469,415.81364110364115,357.594012952969,0.0,357.594012952969,
15833.0,0.0,0.0,554.0,0.0,0.1961977022028778,415.81364110364115,81.58168092914649,0.0,81.58168092914649,
15834.0,2.0,147.0,241.0,840.7049999999999,1.396086522277335,690.456246924378,963.9366605533157,952.38,11.556660553315737,0.01213450571548724
15835.0,1.0,70.0,147.0,187.2,1.2490054066421512,306.6453796454149,383.0017370989582,465.78,82.77826290104178,0.17771965928344238
15837.0,0.0,0.0,302.0,0.0,0.32826183803936726,415.81364110364115,136.49575011052303,391.98,255.48424988947698,0.6517787894522092
15838.0,20.0,534.0,541.0,2411.6899999999996,5.959349385478165,2308.1651124119207,13755.16234423412,25434.2,11679.03765576588,0.4591863575723191
15841.0,6.0,511.0,546.0,306.9483333333333,1.8794168995964242,323.738797444631,608.4401669724632,610.8,2.3598330275367516,0.003863511832902344
15842.0,1.0,134.0,344.0,376.25,0.6266350471905849,396.9210942923873,248.72466865284872,0.0,248.72466865284872,
15843.0,0.0,0.0,120.0,0.0,0.6397028686481296,415.81364110364115,265.9971790370231,0.0,265.9971790370231,
15845.0,5.0,472.0,499.0,407.126,1.7289710825442755,408.6857765748565,706.6058895450775,2174.61,1468.0041104549227,0.6750654648212427
15846.0,0.0,0.0,202.0,0.0,0.44804495249921666,415.81364110364115,186.30320307680722,0.0,186.30320307680722,
15847.0,3.0,353.0,458.0,177.78666666666666,1.164886678844039,241.39828294117308,281.2016440939967,208.59,72.61164409399672,0.3481070237978653
15848.0,0.0,0.0,438.0,0.0,0.2407792822917987,415.81364110364115,100.11931007207428,0.0,100.11931007207428,
15850.0,3.0,350.0,543.0,237.74,0.9579929586550904,285.3293631521512,273.34352079730206,238.85,34.49352079730207,0.14441499182458475
15851.0,0.0,0.0,343.0,0.0,0.2958498554955092,415.81364110364115,123.01840563357375,0.0,123.01840563357375,
15852.0,2.0,340.0,343.0,80.355,1.114633747531016,198.97883519679672,221.78852475476197,0.0,221.78852475476197,
15854.0,14.0,525.0,546.0,257.23928571428576,4.169876607073851,268.7339829629367,1120.5875490829328,1390.26,269.6724509170672,0.19397267483569058
15855.0,4.0,293.0,293.0,118.6725,2.230332716364567,182.4936840883878,407.0216341522312,237.55,169.47163415223116,0.7134145828340609
15856.0,30.0,533.0,553.0,793.9876666666667,8.632134811147097,780.6804843915259,6738.939185699268,9446.84,2707.9008143007322,0.2866462027832304
15857.0,0.0,0.0,247.0,0.0,0.38483663688187575,415.81364110364115,160.02032321193255,297.0,136.97967678806745,0.46121103295645605
15858.0,9.0,440.0,546.0,343.25,2.5746277348943005,351.11543410102206,903.9915347859435,622.63,281.3615347859435,0.45189203023616514
15859.0,0.0,0.0,249.0,0.0,0.38243932247498824,415.81364110364115,159.02348717953447,0.0,159.02348717953447,
15860.0,11.0,501.0,550.0,158.28272727272727,3.251052179076736,181.58119353777295,590.3299349303313,556.95,33.379934930331274,0.05993344991530886
15861.0,4.0,413.0,497.0,384.215,1.3976387583376733,391.00188478925566,546.4793887645452,2442.88,1896.400611235455,0.7762970801821846
15862.0,7.0,518.0,539.0,285.70714285714286,2.196793443301578,303.29452614913885,666.2754264336872,341.87,324.40542643368724,0.9489145769844889
15863.0,3.0,530.0,539.0,52.71999999999999,1.0460877159125777,149.75510883264977,156.65697974498607,59.64,97.01697974498607,1.6267099219481234
15864.0,1.0,65.0,198.0,242.42,0.9677210161019003,333.0141972217482,322.26483731178877,1693.9,1371.6351626882113,0.8097497861079233
15865.0,2.0,490.0,520.0,476.835,0.7792383627697657,455.2568179701924,354.753577474866,581.2,226.44642252513404,0.3896187586461356
15867.0,23.0,529.0,542.0,275.30304347826086,6.802335533226322,281.6837770287145,1916.1075656158248,2052.55,136.44243438417539,0.06647459715192096
15868.0,0.0,0.0,400.0,0.0,0.26014730082413035,415.81364110364115,108.17279637896591,0.0,108.17279637896591,
15869.0,1.0,349.0,443.0,149.64,0.5495137415418989,288.709617454776,158.64990210670427,0.0,158.64990210670427,
15870.0,1.0,50.0,263.0,138.28,0.7082658751144003,283.28495668572225,200.64106775375805,354.09000000000003,153.44893224624198,0.43336138339473573
15871.0,0.0,0.0,254.0,0.0,0.37657488777227377,415.81364110364115,156.5849752327842,0.0,156.5849752327842,
15872.0,1.0,172.0,367.0,313.21,0.6088733118335777,366.8180472077793,223.3457192437262,360.93,137.5842807562738,0.3811938069882631
15873.0,1.0,1.0,317.0,138.24,0.41384921542611575,283.2658557675214,117.22935216639598,0.0,117.22935216639598,
15874.0,13.0,484.0,518.0,648.2446153846154,4.041043815171986,630.20079989437,2546.6690447295828,2243.08,303.58904472958284,0.1353447245437447
15875.0,0.0,0.0,463.0,0.0,0.2295374124713844,415.81364110364115,95.44478724923468,0.0,95.44478724923468,
15876.0,1.0,39.0,265.0,718.34,0.6762562279804167,560.2769219759779,378.890757879953,0.0,378.890757879953,
15878.0,1.0,172.0,550.0,118.64,0.3940706583611028,273.9064058490836,107.9384776822718,0.0,107.9384776822718,
15879.0,3.0,318.0,539.0,341.32,0.933604118965889,361.2280836278509,337.24402676111623,0.0,337.24402676111623,
15880.0,0.0,0.0,186.0,0.0,0.4758445879152876,415.81364110364115,197.8626707005174,0.0,197.8626707005174,
15881.0,2.0,52.0,181.0,193.47000000000003,1.500937014281659,272.09446277299895,408.396650557077,0.0,408.396650557077,
15882.0,5.0,531.0,546.0,261.958,1.6038935497565463,289.58119737200144,464.45741459573037,0.0,464.45741459573037,
15884.0,1.0,304.0,553.0,7.9,0.43464676034907573,221.02551380991025,96.0680235319674,0.0,96.0680235319674,
15885.0,11.0,304.0,504.0,130.84727272727272,1.2942075103775297,156.62778669169927,202.70885787020688,349.35,146.64114212979314,0.41975423537939927
15886.0,1.0,182.0,415.0,577.41,0.5420764438046044,492.97961192468017,267.2326349003046,181.09,86.14263490030461,0.4756896289154819
15887.0,2.0,149.0,372.0,292.5,0.8702782080726286,336.1057839847861,292.5055394091256,0.0,292.5055394091256,
15888.0,1.0,126.0,343.0,179.1,0.6225360801524839,302.777443709734,188.48988296564713,162.64,25.84988296564714,0.1589392705708752
15889.0,6.0,360.0,546.0,226.79833333333332,1.5980043687544057,255.95045540604414,409.0099459235382,133.05,275.9599459235382,2.0741070719544394
15890.0,2.0,210.0,421.0,136.22500000000002,0.8361227477414914,235.09226058407887,196.56598689231873,0.0,196.56598689231873,
15891.0,0.0,0.0,43.0,0.0,1.0713151053928944,415.81364110364115,445.46743474275047,0.0,445.46743474275047,
15892.0,0.0,0.0,486.0,0.0,0.22008435928805245,415.81364110364115,91.51407878552706,0.0,91.51407878552706,
15893.0,0.0,0.0,298.0,0.0,0.3318087726950839,415.81364110364115,137.97061392447327,0.0,137.97061392447327,
15894.0,1.0,116.0,186.0,106.81,1.0790129034765443,268.2573092911694,289.4530981770701,0.0,289.4530981770701,
15897.0,0.0,0.0,11.0,0.0,1.4918369907048916,415.81364110364115,620.3261710380998,0.0,620.3261710380998,
15898.0,22.0,502.0,545.0,218.2068181818182,6.34001552785993,227.5689143829466,1442.7904508461081,385.89,1056.900450846108,2.7388645749983365
15899.0,0.0,0.0,185.0,0.0,0.4776972958779436,415.81364110364115,198.63305194437112,0.0,198.63305194437112,
15900.0,2.0,149.0,379.0,206.535,0.8496693994754871,280.53945834638074,238.36579310234777,351.11,112.74420689765225,0.32110793454373915
15901.0,2.0,92.0,360.0,58.900000000000006,0.7347311730012658,185.11068517560219,136.0065908541382,361.9,225.89340914586177,0.624187369842116
15902.0,0.0,0.0,197.0,0.0,0.4563762328134426,415.81364110364115,189.76746307932058,0.0,189.76746307932058,
15903.0,6.0,467.0,511.0,735.82,1.9836759023021187,686.4649263361948,1361.7239321487086,4485.12,3123.3960678512913,0.6963907471486362
15905.0,0.0,0.0,360.0,0.0,0.2842156543416828,415.81364110364115,118.18074609046901,0.0,118.18074609046901,
15906.0,4.0,231.0,267.0,387.99,2.3600573999140737,393.96607491944496,929.7825504287384,884.53,45.25255042873846,0.05115999505809691
15907.0,0.0,0.0,27.0,0.0,1.2468108681455448,415.81364110364115,518.4409668511909,715.42,196.9790331488091,0.2753334169422285
15908.0,1.0,22.0,329.0,575.2,0.4751085738254705,491.9242861940809,233.71744604378236,0.0,233.71744604378236,
15910.0,10.0,480.0,504.0,189.585,3.2422774714982485,211.89640395736814,687.026936842467,681.5699999999999,5.45693684246703,0.008006421706452794
15911.0,6.0,107.0,547.0,236.43833333333336,0.022151111004132886,264.1036633567862,5.850189563614315,0.0,5.850189563614315,
15912.0,4.0,496.0,546.0,128.945,1.306912367768827,190.5598147141809,249.04497864969912,123.13,125.91497864969912,1.0226181974311632
15913.0,0.0,0.0,351.0,0.0,0.2902584234732097,415.81364110364115,120.6934119253979,0.0,120.6934119253979,
15914.0,0.0,0.0,195.0,0.0,0.45979632200667614,415.81364110364115,191.18958281965826,0.0,191.18958281965826,
15915.0,0.0,0.0,218.0,0.0,0.4233194006052526,415.81364110364115,176.02198131548099,0.0,176.02198131548099,
15916.0,8.0,538.0,546.0,292.84875,2.466056079270621,307.64298275215384,758.6648478608959,679.56,79.10484786089592,0.11640598013552288
15917.0,3.0,490.0,554.0,151.32,1.0087280539724564,222.00471144805806,223.9423805517163,0.0,223.9423805517163,
15918.0,2.0,441.0,448.0,167.115,0.8900781573620987,255.05903542233096,227.0224762672626,0.0,227.0224762672626,
15919.0,0.0,0.0,185.0,0.0,0.4776972958779436,415.81364110364115,198.63305194437112,369.17,170.5369480556289,0.4619469297495162
15920.0,3.0,301.0,542.0,94.18333333333334,0.9044443685640834,180.1375566667628,162.92439869414707,163.55,0.625601305852939,0.0038251379141115193
15921.0,2.0,244.0,457.0,178.125,0.7921406416158001,262.1757136667193,207.6800380400353,336.03000000000003,128.34996195996473,0.3819598308483312
15922.0,0.0,0.0,190.0,0.0,0.4685755574138184,415.81364110364115,194.84010866040808,0.0,194.84010866040808,
15923.0,0.0,0.0,189.0,0.0,0.4703718722446599,415.81364110364115,195.58704087078877,0.0,195.58704087078877,
15924.0,0.0,0.0,548.0,0.0,0.19809466387912433,415.81364110364115,82.37046347078063,0.0,82.37046347078063,
15925.0,0.0,0.0,11.0,0.0,1.4918369907048916,415.81364110364115,620.3261710380998,0.0,620.3261710380998,
15926.0,0.0,0.0,359.0,0.0,0.28487460823856375,415.81364110364115,118.45474810965052,0.0,118.45474810965052,
15927.0,0.0,0.0,464.0,0.0,0.22910954533429412,415.81364110364115,95.26687425705256,0.0,95.26687425705256,
15928.0,0.0,0.0,473.0,0.0,0.22532937971421466,415.81364110364115,93.69502982659253,0.0,93.69502982659253,
15929.0,0.0,0.0,461.0,0.0,0.23039796204326937,415.81364110364115,95.80261550007035,0.0,95.80261550007035,
15931.0,0.0,0.0,245.0,0.0,0.3872642413601149,415.81364110364115,161.0297542691887,0.0,161.0297542691887,
15932.0,3.0,75.0,106.0,318.50666666666666,3.459763871133522,344.5115089050702,1191.9284716994564,1222.62,30.691528300543496,0.025103080516058546
15934.0,1.0,12.0,246.0,579.9,0.6402346425107034,494.1686440826858,316.38388518427735,0.0,316.38388518427735,
15935.0,0.0,0.0,56.0,0.0,0.9615384693228901,415.81364110364115,399.8208119903727,0.0,399.8208119903727,
15936.0,1.0,88.0,284.0,111.17,0.7136177770534442,270.33930937506676,192.91893700639847,0.0,192.91893700639847,
15938.0,7.0,355.0,373.0,79.04142857142857,3.0052937648407037,124.56522687300168,374.3550996373996,69.28,305.0750996373996,4.4035089439578465
15939.0,8.0,178.0,191.0,577.16875,5.709439643320871,557.7556881468417,3184.4724371932907,1482.66,1701.8124371932906,1.1478103120022733
15940.0,0.0,0.0,128.0,0.0,0.6140534785564227,415.81364110364115,255.33181275090274,0.0,255.33181275090274,
15941.0,0.0,0.0,454.0,0.0,0.2334614077169195,415.81364110364115,97.07643799995401,0.0,97.07643799995401,
15943.0,1.0,28.0,494.0,145.59,0.2752094761286038,286.77564948693555,78.92337626173965,0.0,78.92337626173965,
15944.0,3.0,450.0,543.0,525.2800000000001,1.0168421988393452,496.0256180815073,504.37978017064506,0.0,504.37978017064506,
15945.0,3.0,373.0,555.0,234.14666666666668,0.9516833635627635,282.6963316572421,269.0373957784187,0.0,269.0373957784187,
15946.0,1.0,131.0,450.0,1149.16,0.46755391691655673,766.0033614587002,358.1478720212643,0.0,358.1478720212643,
15948.0,0.0,0.0,241.0,0.0,0.3922126493151948,415.81364110364115,163.08736979865665,955.24,792.1526302013433,0.8292707907974366
15950.0,6.0,323.0,499.0,881.2266666666666,1.7063055965071436,809.4452988214198,1381.1610434453858,1336.69,44.4710434453857,0.03326952655094727
15951.0,1.0,96.0,198.0,375.17,1.0075222777338106,396.40536950096316,399.3872407855232,333.05,66.33724078552319,0.1991810262288641
15952.0,0.0,0.0,42.0,0.0,1.0808140353092883,415.81364110364115,449.4172193778745,573.9200000000001,124.50278062212556,0.21693403370177994
15953.0,13.0,525.0,553.0,189.54692307692304,3.8311744943512336,207.11220207765598,793.4829860688342,833.24,39.75701393116583,0.04771376065859276
15954.0,0.0,0.0,406.0,0.0,0.25688448510966255,415.81364110364115,106.81607309648288,0.0,106.81607309648288,
15955.0,10.0,451.0,471.0,529.844,3.441137466601365,518.5979553421321,1784.566854230672,2970.6400000000003,1186.0731457693282,0.3992651905883339
15956.0,1.0,175.0,543.0,291.2,0.4015209238005342,356.30776696773773,143.06502375019153,0.0,143.06502375019153,
15957.0,0.0,0.0,237.0,0.0,0.3972893552292657,415.81364110364115,165.19833336959886,428.89,263.69166663040113,0.614823536642032
15958.0,2.0,147.0,367.0,153.595,0.881119016153389,246.31993552549804,217.03717924919303,104.35,112.68717924919304,1.0798963032984479
15959.0,0.0,0.0,499.0,0.0,0.21507809410886555,415.81364110364115,89.43240543303898,0.0,89.43240543303898,
15960.0,3.0,61.0,252.0,83.35000000000001,1.0957636042442807,172.19938193721322,188.68981540015827,0.0,188.68981540015827,
15961.0,0.0,0.0,196.0,0.0,0.4580798812899504,415.81364110364115,190.475863355498,0.0,190.475863355498,
15962.0,0.0,0.0,266.0,0.0,0.36320894647815605,415.81364110364115,151.02723451649956,0.0,151.02723451649956,
15964.0,0.0,0.0,480.0,0.0,0.22247444872777375,415.81364110364115,92.50791057802093,0.0,92.50791057802093,
15965.0,8.0,369.0,553.0,269.26750000000004,1.8800849053378084,286.89885559230413,539.3942077577826,689.45,150.05579224221742,0.2176456483315939
15966.0,0.0,0.0,267.0,0.0,0.3621378769035189,415.81364110364115,150.58186917679438,0.0,150.58186917679438,
15967.0,9.0,420.0,555.0,293.3177777777778,2.404731080275527,306.5955450725759,737.2798363100395,245.03,492.24983631003954,2.0089370130597866
15968.0,0.0,0.0,205.0,0.0,0.44319087552676806,415.81364110364115,184.284811656696,0.0,184.284811656696,
15969.0,2.0,337.0,339.0,332.945,1.1256770420934246,362.24874961551143,407.7751009692305,357.4,50.375100969230516,0.14094879957814918
15970.0,1.0,295.0,415.0,314.1,0.575674724593989,367.2430426377492,211.4125374295449,0.0,211.4125374295449,
15971.0,9.0,489.0,548.0,289.03333333333336,2.68916134724,302.7755069744052,814.2121902465655,3113.7,2299.4878097534342,0.7385065387652743
15972.0,3.0,144.0,417.0,357.74666666666667,0.8293874281970975,373.26479903314953,309.58113170661034,0.0,309.58113170661034,
15973.0,1.0,62.0,245.0,615.64,0.7864917252490401,511.23531449518407,402.0823445055529,0.0,402.0823445055529,
15974.0,3.0,104.0,105.0,428.5366666666667,3.5826284486791438,425.13649648897865,1523.1061068931958,1387.3,135.80610689319587,0.0978923858525163
15976.0,4.0,331.0,368.0,327.8075,1.8302686675871214,346.7098173008717,634.5721153506406,220.95,413.6221153506406,1.8720168153457373
15978.0,1.0,212.0,461.0,1581.52,0.49777785252508516,972.4651862921569,484.0716320879168,1098.78,614.7083679120832,0.5594462657784846
15979.0,0.0,0.0,419.0,0.0,0.25008859511934317,415.81364110364115,103.99024933506838,0.0,103.99024933506838,
15980.0,2.0,302.0,373.0,1388.6799999999998,1.019266444615129,1044.6580417444231,1064.7848880474412,1638.6799999999998,573.8951119525586,0.3502179265949171
15981.0,16.0,410.0,437.0,449.718125,5.711184812352578,447.54800955351493,2556.029394960661,1786.28,769.7493949606612,0.4309231447257212
15982.0,0.0,0.0,422.0,0.0,0.24857110243450453,415.81364110364115,103.35925517643749,0.0,103.35925517643749,
15983.0,6.0,373.0,550.0,557.1283333333333,1.628656439756123,535.3331506724998,871.8737832577015,326.75,545.1237832577015,1.6683206832676403
15984.0,19.0,505.0,555.0,336.0036842105263,5.391744417684874,340.34939289548623,1835.0769392066738,2055.59,220.5130607933263,0.10727482659155098
15985.0,4.0,325.0,378.0,496.13,1.7775183006552209,478.87932543034935,851.2167647578731,242.84,608.376764757873,2.505257637777438
15986.0,0.0,0.0,198.0,0.0,0.45468523386735527,415.81364110364115,189.0643226504456,168.12,20.9443226504456,0.12457960177519391
15987.0,3.0,180.0,196.0,209.85333333333332,2.358007464129199,264.89528014063984,624.6250477842239,935.2,310.5749522157762,0.3320946879980498
15988.0,1.0,105.0,473.0,340.76,0.41871529479358394,379.97380461864464,159.10084361473545,158.03,1.0708436147354519,0.006776204611374118
15989.0,1.0,362.0,554.0,229.4,0.443496600389924,326.7968483473574,144.93329126019455,0.0,144.93329126019455,
15990.0,5.0,362.0,466.0,284.142,1.7578439876680836,307.7822884184864,541.0332452071603,390.74,150.29324520716034,0.3846374704590273
15991.0,0.0,0.0,351.0,0.0,0.2902584234732097,415.81364110364115,120.6934119253979,0.0,120.6934119253979,
15992.0,1.0,57.0,270.0,533.86,0.7029133201596119,472.1834872334575,331.90406273581334,41.989999999999995,289.91406273581333,6.904359674584743
15994.0,1.0,224.0,452.0,370.9500000000001,0.5121760879046544,394.390222630769,201.997241334873,427.07,225.072758665127,0.5270160832302129
15995.0,0.0,0.0,231.0,0.0,0.40515611966293186,415.81364110364115,168.46944133246623,0.0,168.46944133246623,
15996.0,3.0,134.0,214.0,306.17333333333335,2.0830937095783972,335.4742022898906,698.8242005159019,405.41,293.4142005159019,0.7237468254752025
15998.0,11.0,476.0,555.0,572.7527272727273,3.1453749263192496,558.5546647939902,1756.86383762167,1307.75,449.11383762167,0.34342484237940735
15999.0,0.0,0.0,552.0,0.0,0.19682597116316142,415.81364110364115,81.84292373311442,0.0,81.84292373311442,
16001.0,0.0,0.0,198.0,0.0,0.45468523386735527,415.81364110364115,189.0643226504456,0.0,189.0643226504456,
16002.0,0.0,0.0,442.0,0.0,0.23890711088085909,415.81364110364115,99.34083566092134,0.0,99.34083566092134,
16003.0,4.0,377.0,553.0,917.8975,1.1991560940936616,810.0578845653403,971.3858488451476,1554.37,582.9841511548523,0.3750613760911831
16004.0,3.0,209.0,500.0,563.8833333333333,0.8142922404624716,524.3123877870191,426.9435089533201,0.0,426.9435089533201,
16005.0,6.0,180.0,267.0,288.73333333333335,3.072843587618858,308.3331249526428,947.4594658612124,437.8,509.65946586121237,1.1641376561471273
16006.0,1.0,176.0,204.0,101.4,1.0323812659424583,265.67391010449853,274.276767641565,0.0,274.276767641565,
16007.0,3.0,328.0,360.0,460.79,1.4650390452921391,448.77027454532384,657.4659745753723,1332.19,674.7240254246277,0.5064773233732633
16008.0,12.0,426.0,447.0,396.0875,4.273002525337167,397.73580703022327,1699.52610785716,339.63,1359.8961078571601,4.004051785346289
16010.0,9.0,166.0,228.0,179.14,5.0411143073196065,204.79390737340267,1032.3894965119464,0.0,1032.3894965119464,
16011.0,19.0,554.0,555.0,186.9321052631579,5.553260262544146,199.39486701431443,1107.2915915458668,2134.3,1027.0084084541334,0.48119215126933107
16012.0,1.0,128.0,346.0,599.17,0.6185355597666785,503.37051142596613,311.3525610548992,1415.29,1103.937438945101,0.7800079410898832
16013.0,35.0,547.0,548.0,910.7474285714286,10.20494725438585,895.7442470691767,9141.022794760514,24329.28,15188.257205239484,0.624278943118723
16014.0,2.0,386.0,494.0,236.555,0.7976975647676944,299.94387986286915,239.2645025335846,399.4500000000001,160.1854974664155,0.4010151394828276
16016.0,5.0,206.0,219.0,313.418,3.3746756887909415,331.8020838330598,1119.7244258016008,691.19,428.5344258016007,0.6199951182765965
16017.0,3.0,286.0,520.0,252.03333333333333,0.9352214039593625,295.80286876455386,276.6411742211931,211.88,64.76117422119313,0.3056502464658917
16018.0,1.0,336.0,549.0,93.45,0.4436345126507089,261.877602612071,116.17794260894212,408.9,292.7220573910579,0.7158768828345754
16019.0,19.0,493.0,542.0,806.2252631578948,5.5045789120517545,784.9670737950981,4320.91320106747,1296.74,3024.1732010674705,2.3321353556360336
16021.0,1.0,149.0,361.0,380.86,0.6063657557681371,399.1224751150403,242.0142012671809,0.0,242.0142012671809,
16022.0,0.0,0.0,77.0,0.0,0.8251537126581708,415.81364110364115,343.1101697305817,0.0,343.1101697305817,
16023.0,1.0,74.0,83.0,322.85,1.8428042903006978,371.42136849419467,684.4568913704584,219.12,465.3368913704584,2.1236623373971266
16024.0,0.0,0.0,228.0,0.0,0.40920769222991166,415.81364110364115,170.15414047373773,245.96,75.80585952626228,0.308204014987243
16027.0,11.0,482.0,517.0,137.80090909090907,3.4538517393758164,162.95233717268331,562.8132131792268,417.95,144.86321317922676,0.34660417078412914
16028.0,0.0,0.0,412.0,0.0,0.253702560854775,415.81364110364115,105.49298558634207,0.0,105.49298558634207,
16029.0,51.0,545.0,548.0,1297.6276470588234,14.786603452584185,1279.1067900249727,18913.644877607137,44636.58,25722.935122392864,0.5762747755852456
16030.0,0.0,0.0,126.0,0.0,0.6202704413358637,415.81364110364115,257.9169106808279,0.0,257.9169106808279,
16031.0,0.0,0.0,64.0,0.0,0.904554768759943,415.81364110364115,376.12621197573407,243.31,132.81621197573406,0.5458723931434551
16032.0,5.0,67.0,340.0,311.252,0.19148469743763788,330.0249668475438,63.19473092366839,0.0,63.19473092366839,
16033.0,15.0,285.0,302.0,331.1406666666666,7.301227294633386,336.8970538548708,2459.7619650867564,5538.73,3078.968034913243,0.5558978384779982
16034.0,5.0,213.0,226.0,140.73,3.296736926536267,190.11843748274399,626.7704732647388,0.0,626.7704732647388,
16035.0,0.0,0.0,377.0,0.0,0.27346258592984746,415.81364110364115,113.70947356110722,0.0,113.70947356110722,
16036.0,2.0,357.0,437.0,568.985,0.8921395106018295,514.8210232581475,459.2921757370568,570.19,110.89782426294323,0.1944927555077136
16037.0,4.0,379.0,465.0,288.90500000000003,1.4750253895673637,316.16295464135203,466.348385336629,0.0,466.348385336629,
16038.0,0.0,0.0,18.0,0.0,1.373629231958884,415.81364110364115,571.1737724672217,154.82999999999998,416.34377246722175,2.689038122245184
16039.0,1.0,205.0,445.0,312.92,0.5136850140344336,366.6795655508229,188.35779777611447,0.0,188.35779777611447,
16040.0,4.0,341.0,426.0,287.7075,1.5844861801603973,315.22265856694094,499.4659461727374,891.12,391.6540538272626,0.43950764636329853
16042.0,2.0,121.0,270.0,224.325,1.194603505781293,292.0386142017548,348.87035234892676,1172.3200000000002,823.4496476510734,0.7024103040561223
16043.0,6.0,270.0,298.0,205.77333333333337,3.113445574568336,238.16817354252217,741.523645918989,97.5,644.023645918989,6.605370727374246
16044.0,0.0,0.0,252.0,0.0,0.3788989145915911,415.81364110364115,157.55133728654704,0.0,157.55133728654704,
16045.0,4.0,253.0,315.0,496.665,2.0414355159006994,479.2994159521113,978.458850475102,479.45,499.00885047510207,1.040794348680993
16046.0,0.0,0.0,379.0,0.0,0.27225081994833067,415.81364110364115,113.20560473616719,0.0,113.20560473616719,
16048.0,2.0,176.0,366.0,437.11500000000007,0.9363859003240932,429.5824801076035,402.2549773990151,0.0,402.2549773990151,
16049.0,2.0,141.0,333.0,279.125,0.9798834919021969,327.46040964158044,320.87304965931565,1111.79,790.9169503406843,0.711390595652672
16050.0,1.0,18.0,218.0,72.2,0.7624992378787238,251.73023981784638,191.94411601213625,137.9,54.04411601213624,0.39190802039257605
16051.0,0.0,0.0,498.0,0.0,0.21545508676595726,415.81364110364115,89.58916412245361,0.0,89.58916412245361,
16053.0,2.0,197.0,427.0,745.115,0.8061059285902125,628.6684836745069,506.7733918078392,1511.95,1005.1766081921609,0.6648213288747384
16054.0,2.0,199.0,434.0,437.75,0.7927433221849663,429.99293339417807,340.87402653495974,783.9,443.02597346504024,0.5651562360824598
16055.0,0.0,0.0,37.0,0.0,1.1309715792570132,415.81364110364115,470.2734103555939,0.0,470.2734103555939,
16057.0,4.0,490.0,518.0,552.9975,1.376068695183903,523.5325922458558,720.4168110980011,1203.58,483.16318890199886,0.4014383662922273
16058.0,0.0,0.0,223.0,0.0,0.4161437454026572,415.81364110364115,173.03824599838552,0.0,173.03824599838552,
16059.0,8.0,315.0,386.0,273.58875,3.1666363925565775,290.7002045237433,920.5418469685256,812.1600000000001,108.38184696852556,0.13344888564879526
16060.0,2.0,94.0,311.0,98.175,0.922771827307224,210.4973825460247,194.24105433538296,0.0,194.24105433538296,
16061.0,0.0,0.0,248.0,0.0,0.38363422900782196,415.81364110364115,159.52034561573055,0.0,159.52034561573055,
16062.0,4.0,295.0,353.0,436.1725,1.8727167748925486,431.7997413956947,808.6386191059819,575.44,233.19861910598183,0.4052527094153723
16063.0,0.0,0.0,77.0,0.0,0.8251537126581708,415.81364110364115,343.1101697305817,0.0,343.1101697305817,
16064.0,0.0,0.0,542.0,0.0,0.20002868383366348,415.81364110364115,83.17465535004465,0.0,83.17465535004465,
16065.0,5.0,98.0,280.0,389.528,1.1690807151766074,394.24731641275577,460.9069346282828,0.0,460.9069346282828,
16067.0,2.0,113.0,492.0,712.265,0.48532977867382077,607.4347979044654,294.80619602575126,0.0,294.80619602575126,
16068.0,0.0,0.0,410.0,0.0,0.2547544009192903,415.81364110364115,105.93035503342689,0.0,105.93035503342689,
16069.0,0.0,0.0,234.0,0.0,0.4011841154202834,415.81364110364115,166.81782778585148,0.0,166.81782778585148,
16071.0,2.0,128.0,472.0,243.13,0.568878744879151,304.1938489325198,173.04941498068996,326.24,153.19058501931005,0.46956407865163696
16072.0,2.0,261.0,366.0,1234.625,1.0180428558631582,945.079488888906,962.1314218861557,0.0,962.1314218861557,
16073.0,0.0,0.0,114.0,0.0,0.6603966120630489,415.81364110364115,274.60191983444514,0.0,274.60191983444514,
16074.0,0.0,0.0,207.0,0.0,0.4400129431893274,415.81364110364115,182.9633840402838,0.0,182.9633840402838,
16075.0,1.0,62.0,381.0,267.23,0.481511060198494,344.86154173585237,166.05464658291746,0.0,166.05464658291746,
16076.0,0.0,0.0,25.0,0.0,1.2729102238644605,415.81364110364115,529.2934349831323,1929.2799999999995,1399.9865650168672,0.7256523495899339
16077.0,0.0,0.0,442.0,0.0,0.23890711088085909,415.81364110364115,99.34083566092134,0.0,99.34083566092134,
16078.0,1.0,386.0,486.0,79.2,0.5075291071313194,255.07290050300273,129.45692144568486,0.0,129.45692144568486,
16080.0,2.0,176.0,267.0,104.505,1.3028810837427736,214.58898774920164,279.5839329179446,86.9,192.6839329179446,2.217306477766911
16081.0,5.0,489.0,491.0,507.954,1.7642298806552532,491.41114657282765,866.9622284708408,1814.53,947.5677715291591,0.5222111354065014
16082.0,0.0,0.0,487.0,0.0,0.21969099778730414,415.81364110364115,91.35051370763091,0.0,91.35051370763091,
16083.0,2.0,28.0,205.0,330.84000000000003,1.0729886307432288,360.88811313009484,387.22884235896794,979.64,592.4111576410321,0.6047233245284309
16084.0,0.0,0.0,116.0,0.0,0.6533510314368189,415.81364110364115,271.67227130056324,0.0,271.67227130056324,
16085.0,8.0,452.0,505.0,176.8875,2.5938789159349547,205.6333388352653,533.3879820181032,656.47,123.0820179818968,0.18749069718630978
16086.0,7.0,537.0,554.0,292.3014285714286,2.1470885935873825,308.9974172601024,663.4448300471269,534.3299999999999,129.11483004712693,0.2416387439356333
16087.0,4.0,300.0,506.0,348.39,1.2089058704838342,362.87152414977766,438.6775157760826,0.0,438.6775157760826,
16088.0,1.0,16.0,408.0,712.28,0.3324430179329738,557.3831328685425,185.298130835754,0.0,185.298130835754,
16089.0,1.0,123.0,326.0,116.79,0.6531269919371044,273.0229883822923,178.31868313180559,0.0,178.31868313180559,
16090.0,0.0,0.0,441.0,0.0,0.23937241714944937,415.81364110364115,99.53431635469221,0.0,99.53431635469221,
16091.0,0.0,0.0,15.0,0.0,1.4218934781312962,415.81364110364115,591.2427044032949,157.81,433.43270440329485,2.7465477751935548
16092.0,3.0,382.0,396.0,296.7966666666667,1.3611628961443654,328.6034067470528,447.2827648107233,224.13,223.15276481072328,0.9956398733356681
16094.0,7.0,383.0,419.0,362.1614285714286,2.7072732595552025,369.41396429397116,1000.1045472393484,826.13,173.97454723934845,0.21058979487410995
16095.0,0.0,0.0,273.0,0.0,0.35584197893429065,415.81364110364115,147.96394891819256,0.0,147.96394891819256,
16096.0,3.0,381.0,462.0,336.02333333333337,1.1699773379340788,357.34692681392653,418.0878061526819,0.0,418.0878061526819,
16097.0,0.0,0.0,57.0,0.0,0.9540237257288542,415.81364110364115,396.69607909457636,0.0,396.69607909457636,
16098.0,10.0,539.0,541.0,351.0,3.0686910145787865,357.39213196683056,1096.7260240477688,783.41,313.3160240477688,0.39993876009722723
16099.0,4.0,421.0,463.0,255.775,1.5089178249597075,290.1487509292541,437.810622166946,413.6,24.210622166945996,0.058536320519695345
16100.0,0.0,0.0,279.0,0.0,0.3497615245151526,415.81364110364115,145.43561302660603,0.0,145.43561302660603,
16101.0,2.0,127.0,378.0,557.475,0.7989739210977036,507.38115344952723,405.38430966264445,1290.7,885.3156903373556,0.6859190286955571
16103.0,17.0,514.0,517.0,315.69882352941175,5.302042730524891,321.752697438635,1705.9465504812893,624.38,1081.5665504812891,1.7322248478190991
16104.0,6.0,315.0,550.0,297.72499999999997,1.3153853158831206,315.9379930187308,415.5801967464224,302.36,113.2201967464224,0.3744549435984336
16105.0,4.0,356.0,421.0,447.66,1.6181478450946238,440.8199093746481,713.3117864293941,0.0,713.3117864293941,
16108.0,2.0,197.0,448.0,533.115,0.7591658330961077,491.63526044014486,373.2326920714645,842.5,469.2673079285355,0.5569938373038997
16109.0,2.0,480.0,515.0,305.93999999999994,0.7850353288333514,344.7931732313418,270.67482212716106,0.0,270.67482212716106,
16110.0,2.0,260.0,339.0,346.96500000000003,1.0962559114896397,371.3110410765764,407.0519237815693,643.55,236.49807621843064,0.3674898239739424
16111.0,0.0,0.0,245.0,0.0,0.3872642413601149,415.81364110364115,161.0297542691887,0.0,161.0297542691887,
16112.0,1.0,5.0,155.0,64.14,1.008218466829285,247.88140480036637,249.91860990331475,59.6,190.31860990331475,3.19326526683414
16115.0,6.0,362.0,391.0,204.00666666666663,2.5000706744404804,236.67398259719246,591.7016832942775,1157.07,565.3683167057225,0.48862066833097606
16116.0,0.0,0.0,28.0,0.0,1.2341615293905752,415.81364110364115,513.1811992459335,0.0,513.1811992459335,
16117.0,2.0,402.0,408.0,260.45,0.9639519155082421,315.3892047175158,304.02002801807043,0.0,304.02002801807043,
16118.0,0.0,0.0,469.0,0.0,0.226993929998763,415.81364110364115,94.38717254121067,0.0,94.38717254121067,
16119.0,5.0,329.0,540.0,222.81,1.3381440538970364,257.4618179865075,344.5210008441661,423.36,78.8389991558339,0.18622212574601735
16120.0,0.0,0.0,239.0,0.0,0.39473465476981506,415.81364110364115,164.13605406962557,1309.14,1145.0039459303746,0.8746229936678847
16121.0,2.0,350.0,382.0,371.1,1.012380804016504,386.91149788205433,391.7017733090641,579.22,187.51822669093593,0.32374266546551556
16122.0,3.0,93.0,242.0,150.82000000000002,1.5701448088629046,221.63833415284807,348.0042798151162,434.58,86.57572018488378,0.19921699154329187
16124.0,3.0,415.0,549.0,436.4966666666666,0.9898464768238713,430.9692230287215,426.59336703450117,0.0,426.59336703450117,
16125.0,13.0,358.0,542.0,299.84153846153845,1.6638380309108203,308.84455205971875,513.8673113565767,0.0,513.8673113565767,
16126.0,12.0,553.0,554.0,835.7441666666667,3.5739223720868005,800.6549703634354,2861.478710904376,4443.77,1582.2912890956245,0.3560695736043099
16127.0,0.0,0.0,543.0,0.0,0.19970372765207714,415.81364110364115,83.0395341369801,656.25,573.2104658630199,0.8734635670293636
16128.0,5.0,229.0,328.0,396.93,2.28124821731184,400.32036347036853,913.2301155204059,1491.92,578.6898844795942,0.38788265086572615
16129.0,2.0,100.0,324.0,474.5549999999999,0.8944376987876349,453.78306443729457,405.8806799040948,0.0,405.8806799040948,
16130.0,3.0,195.0,434.0,259.8433333333333,0.9869138625402741,301.52568211573373,297.57987559192964,0.0,297.57987559192964,
16131.0,5.0,530.0,554.0,1359.486,1.5802736498147452,1190.059337205513,1880.6194123018727,1842.02,38.59941230187269,0.02095493659236745
16132.0,1.0,83.0,444.0,310.8,0.42676194915892823,365.6672168861755,156.0528542218648,0.0,156.0528542218648,
16133.0,30.0,433.0,435.0,483.07866666666666,10.700325649576728,480.7117458963241,5143.772224667247,7797.67,2653.8977753327526,0.3403449716816373
16134.0,3.0,181.0,357.0,301.37000000000006,1.26606679051305,331.95453774057347,420.27661619345105,334.56,85.71661619345105,0.25620700679534625
16135.0,1.0,321.0,400.0,517.55,0.6005274251251429,464.3950878370432,278.88198633954414,0.0,278.88198633954414,
16136.0,1.0,386.0,480.0,159.3,0.5136024915593157,293.3224892002918,150.65116128365034,550.08,399.4288387163497,0.7261286335012174
16137.0,0.0,0.0,497.0,0.0,0.21583340408217794,415.81364110364115,89.74647362320388,0.0,89.74647362320388,
16138.0,2.0,212.0,407.0,197.07,0.8718671584548466,274.4214420354692,239.25904288654598,0.0,239.25904288654598,
16139.0,2.0,530.0,553.0,129.975,0.7394061232041376,231.05236603117902,170.84153422425743,495.61,324.7684657757426,0.6552903810975214
16140.0,1.0,70.0,258.0,248.28,0.7598525010730217,335.8124817381791,255.1679541402938,601.04,345.8720458597062,0.575455952781356
16141.0,0.0,0.0,234.0,0.0,0.4011841154202834,415.81364110364115,166.81782778585148,620.4,453.5821722141485,0.7311124632723219
16142.0,0.0,0.0,66.0,0.0,0.8913540027642574,415.81364110364115,370.6371534017109,0.0,370.6371534017109,
16143.0,9.0,517.0,546.0,417.74555555555554,2.7358501409267646,417.5361483982074,1142.3163304372542,850.77,291.54633043725426,0.34268525034645586
16144.0,0.0,0.0,63.0,0.0,0.9113036597761627,415.81364110364115,378.9324929226,0.0,378.9324929226,
16145.0,11.0,358.0,401.0,315.3527272727273,4.243247167503937,324.4412874654735,1376.6845740592014,2483.21,1106.5254259407986,0.4456028390433345
16146.0,2.0,245.0,265.0,329.565,1.3633289302811256,360.0639746413033,490.8856333804983,75.0,415.8856333804983,5.545141778406644
16147.0,3.0,272.0,489.0,449.75666666666666,0.9944494900804154,440.68554889769024,438.23951938711605,375.0,63.23951938711605,0.1686387183656428
16148.0,1.0,140.0,253.0,76.32000000000001,0.8442540794519078,253.69763439253842,214.1852627831992,0.0,214.1852627831992,
16149.0,0.0,0.0,246.0,0.0,0.38604661704910276,415.81364110364115,160.52344947093042,280.52,119.99655052906957,0.42776468889587044
16150.0,6.0,452.0,539.0,493.14166666666665,1.855958542002637,481.2152461695796,893.115546670333,1088.54,195.42445332966702,0.17952895927542123
16152.0,0.0,0.0,85.0,0.0,0.7828921474116051,415.81364110364115,325.5372344066681,0.0,325.5372344066681,
16153.0,8.0,377.0,379.0,326.6725,3.3744284558405804,337.3973075238673,1138.523075432533,1124.13,14.393075432532896,0.012803746392795223
16155.0,3.0,158.0,356.0,189.4333333333333,1.1826907024264326,249.9324314042642,295.5927628566554,0.0,295.5927628566554,
16156.0,11.0,531.0,554.0,350.6009090909091,3.2699793986793355,356.5006149330111,1165.749666447461,2061.4700000000003,895.7203335525392,0.434505636052205
16158.0,7.0,212.0,551.0,68.81428571428572,0.25847040957745754,115.72055671195577,29.91033968987061,0.0,29.91033968987061,
16159.0,3.0,455.0,553.0,305.08,0.9994017707091112,334.67305727103144,334.4728460453006,0.0,334.4728460453006,
16161.0,32.0,471.0,486.0,291.454375,10.307643303169595,295.56587230134716,3046.5875842724604,3287.46,240.87241572753965,0.07327006738562283
16162.0,0.0,0.0,69.0,0.0,0.8722632972582496,415.81364110364115,362.6989776340205,0.0,362.6989776340205,
16163.0,5.0,505.0,554.0,410.7200000000001,1.569154241149291,411.6345108527626,645.9180385080263,0.0,645.9180385080263,
16165.0,0.0,0.0,322.0,0.0,0.31160804043627394,415.81364110364115,129.57087389097768,0.0,129.57087389097768,
16166.0,1.0,263.0,508.0,195.99,0.4648630380817319,310.8428064200612,144.49933135828132,0.0,144.49933135828132,
16167.0,3.0,324.0,555.0,300.10999999999996,0.9050731097835808,331.03126695664423,299.60749822004874,0.0,299.60749822004874,
16168.0,40.0,550.0,553.0,201.37575,11.540824547111022,207.08520416281348,2389.9340075456953,2392.29,2.355992454304669,0.0009848272802647961
16170.0,16.0,476.0,476.0,350.55875,5.375174189762067,354.735502773338,1906.7651186995165,940.18,966.5851186995166,1.0280851737959928
16172.0,3.0,272.0,330.0,310.92333333333335,1.5536877049347377,338.95478659438544,526.6298844604745,940.83,414.20011553952554,0.4402496896777585
16174.0,3.0,112.0,420.0,344.4666666666667,0.6166534386181634,363.5338180723724,224.1743789683183,1009.55,785.3756210316817,0.7779462344922805
16175.0,4.0,359.0,380.0,244.045,1.7931964822991928,280.93816808763296,503.77733475832275,570.6099999999999,66.83266524167715,0.11712494565758953
16176.0,3.0,199.0,437.0,441.43333333333334,0.9890852337046299,434.58658819009474,429.8431771448976,0.0,429.8431771448976,
16177.0,5.0,211.0,464.0,314.726,1.0289763141536639,332.8752458907952,342.520743589705,331.95,10.570743589704989,0.03184438496672688
16178.0,0.0,0.0,218.0,0.0,0.4233194006052526,415.81364110364115,176.02198131548099,197.9,21.87801868451902,0.11055087763779191
16180.0,6.0,324.0,351.0,1120.6,2.733673334877565,1011.8997142289891,2766.2032663580158,7508.75,4742.546733641984,0.6316026946751435
16182.0,6.0,437.0,457.0,896.0,2.200466804180517,821.9401181982141,1808.6519451193806,4100.65,2291.998054880619,0.558935304129984
16183.0,2.0,13.0,224.0,142.5,0.7477429701644397,239.14831471519028,178.82147115495653,338.71000000000004,159.8885288450435,0.47205139749355934
16184.0,0.0,0.0,28.0,0.0,1.2341615293905752,415.81364110364115,513.1811992459335,1010.57,497.38880075406655,0.4921863906053678
16185.0,1.0,332.0,381.0,335.0,0.62980717719798,377.22327239771596,237.57792436219017,194.41,43.16792436219018,0.22204580197618526
16186.0,16.0,541.0,547.0,373.57375,4.756709934280486,376.27738767878213,1789.8423880167725,2659.59,869.7476119832277,0.3270231922902506
16187.0,3.0,81.0,101.0,629.58,3.6062000351985866,572.4519218623093,2064.3761407693582,4346.8,2282.423859230642,0.5250814068350607
16188.0,2.0,182.0,225.0,282.885,1.5271992148864462,329.89081020460503,503.80898634272637,416.09,87.7189863427264,0.21081733841891515
16190.0,6.0,331.0,542.0,385.2583333333334,1.4730592760456822,389.9709255175162,574.4502892216971,215.08,359.370289221697,1.6708679989850148
16191.0,11.0,466.0,545.0,1161.3254545454545,3.1911132471050947,1093.8800299271456,3490.6950542442323,2564.84,925.8550542442322,0.3609796534069307
16192.0,0.0,0.0,552.0,0.0,0.19682597116316142,415.81364110364115,81.84292373311442,0.0,81.84292373311442,
16193.0,1.0,174.0,227.0,314.45,0.9450386814504833,367.410175672007,347.2168279685639,0.0,347.2168279685639,
16194.0,0.0,0.0,192.0,0.0,0.46502385731198637,415.81364110364115,193.36326330895716,0.0,193.36326330895716,
16195.0,0.0,0.0,540.0,0.0,0.20068178071568532,415.81364110364115,83.44622194255159,0.0,83.44622194255159,
16196.0,0.0,0.0,305.0,0.0,0.3256510610766383,415.81364110364115,135.41015343554122,0.0,135.41015343554122,
16197.0,8.0,254.0,540.0,237.42625,0.5272987345265246,258.88851097831775,136.51158422232322,0.0,136.51158422232322,
16198.0,0.0,0.0,254.0,0.0,0.37657488777227377,415.81364110364115,156.5849752327842,400.68,244.09502476721582,0.6092019186563238
16199.0,6.0,239.0,448.0,146.125,1.4285213954728335,187.71949454025582,268.16131429810116,0.0,268.16131429810116,
16200.0,6.0,355.0,554.0,586.5033333333333,1.5302019057106995,560.1775991738533,857.1848297922746,1080.62,223.43517020772526,0.20676571802088178
16201.0,0.0,0.0,232.0,0.0,0.4038233939983716,415.81364110364115,167.91527582129314,1863.47,1695.554724178707,0.9098910764212501
16202.0,6.0,377.0,554.0,365.84,1.6225352323138178,373.5475116457844,606.0939985884414,0.0,606.0939985884414,
16203.0,3.0,277.0,321.0,185.93666666666664,1.5992636124275117,247.37023285309573,395.61021219967665,274.6,121.01021219967663,0.4406781216302863
16204.0,1.0,351.0,548.0,325.26,0.4467782267597191,372.5721988157984,166.45714632689192,405.71,239.25285367310806,0.5897139672995688
16205.0,2.0,146.0,359.0,424.56,0.9038032931805684,421.4671399297383,380.9233890358929,754.78,373.85661096410706,0.4953186504201318
16206.0,9.0,476.0,501.0,222.34333333333336,2.951025646969874,243.3142759862574,718.0266687093517,248.31,469.7166687093517,1.8916542576189108
16208.0,8.0,364.0,470.0,368.77875,2.5938833283153966,374.4376427149375,971.2475589319935,166.67,804.5775589319935,4.827368806215837
16209.0,5.0,360.0,363.0,338.992,2.277996649998549,352.78453525853797,803.6419894902446,1694.56,890.9180105097554,0.5257518237830207
16210.0,20.0,524.0,554.0,1367.1065,5.776780434671683,1317.7635204904657,7612.430522693399,10493.09,2880.659477306601,0.27452918799958836
16211.0,1.0,17.0,255.0,300.0,0.6338990186265533,360.50996897193426,228.5269155363983,547.02,318.4930844636017,0.5822329795320129
16212.0,2.0,387.0,487.0,420.26,0.8095240242655567,418.68769247734315,338.9377457247187,192.19,146.7477457247187,0.7635555737796904
16214.0,2.0,183.0,252.0,374.835,1.382307834623301,389.32573886686725,538.168019056176,313.08000000000004,225.088019056176,0.7189472948006131
16216.0,0.0,0.0,84.0,0.0,0.7879355471660167,415.81364110364115,327.63434882209117,0.0,327.63434882209117,
16217.0,1.0,47.0,99.0,121.25,1.614805608959673,275.1527407616919,444.31818910260694,0.0,444.31818910260694,
16218.0,8.0,355.0,378.0,371.35625,3.354884179584629,376.70503684181847,1263.8017684704619,1355.92,92.1182315295382,0.06793780719329916
16219.0,0.0,0.0,317.0,0.0,0.31561086433740115,415.81364110364115,131.2353026720021,0.0,131.2353026720021,
16221.0,7.0,211.0,303.0,198.53285714285715,3.168435212098754,227.90418356395338,722.0996401886479,549.49,172.60964018864786,0.31412699082539786
16222.0,1.0,403.0,538.0,846.72,0.46174441035605085,621.5813189417452,287.0116996030925,0.0,287.0116996030925,
16223.0,1.0,21.0,212.0,505.56,0.7976624438829443,458.6695876063254,365.86350418484375,0.0,365.86350418484375,
16224.0,2.0,147.0,204.0,271.605,1.6231942850211758,322.59960851553143,523.6418408924792,752.09,228.44815910752084,0.30375109243244935
16225.0,9.0,393.0,487.0,222.9,2.8524610495299525,243.81060355036098,695.4602500897938,679.71,15.75025008979378,0.02317201466771679
16226.0,4.0,210.0,230.0,85.83,2.666624616216444,156.7052299557414,417.8740236898385,0.0,417.8740236898385,
16227.0,2.0,310.0,352.0,353.51,1.0795874861686674,375.541618652373,405.4300320326277,0.0,405.4300320326277,
16228.0,1.0,15.0,217.0,437.37,0.7538260563809124,426.1072973033524,321.21078352131514,0.0,321.21078352131514,
16229.0,4.0,352.0,381.0,448.775,1.784376465972183,441.6954251349556,788.1509217383931,652.4,135.75092173839312,0.20807927918208632
16230.0,1.0,31.0,37.0,266.1,2.622399608986466,344.32194079667715,902.9497229106672,0.0,902.9497229106672,
16231.0,3.0,218.0,414.0,262.2233333333333,1.1276803566015805,303.2696380409333,341.9912135724319,0.0,341.9912135724319,
16232.0,3.0,335.0,367.0,469.93666666666667,1.4420907923048443,455.4725365323651,656.8327510810556,624.41,32.422751081055594,0.051925419325532254
16233.0,7.0,408.0,554.0,208.74714285714285,1.9389458080611408,236.7377345698869,459.0216380541732,210.18,248.8416380541732,1.1839453708924406
16234.0,2.0,85.0,378.0,120.91,0.6482099512612053,225.1929029716531,145.9722806596246,0.0,145.9722806596246,
16235.0,6.0,284.0,287.0,196.03833333333333,3.245719064587264,229.93461758811608,746.3031719143303,192.02,554.2831719143303,2.886590833841945
16237.0,0.0,0.0,254.0,0.0,0.37657488777227377,415.81364110364115,156.5849752327842,0.0,156.5849752327842,
16238.0,0.0,0.0,239.0,0.0,0.39473465476981506,415.81364110364115,164.13605406962557,0.0,164.13605406962557,
16239.0,4.0,274.0,280.0,290.825,2.30731575602701,317.6705692241237,732.9663095968896,66.3,666.6663095968896,10.055298787283403
16241.0,6.0,198.0,227.0,361.465,3.824150313102561,369.8472746349446,1414.3515710953525,1773.91,359.5584289046476,0.20269259934531492
16242.0,7.0,420.0,451.0,533.8014285714286,2.551150612409664,517.8522141206707,1321.1189931916497,3210.31,1889.1910068083503,0.5884761928936303
16244.0,1.0,161.0,189.0,466.12,1.0908145429754363,439.83608226024455,479.77959505481505,0.0,479.77959505481505,
16245.0,0.0,0.0,73.0,0.0,0.8480516249589071,415.81364110364115,352.6314340180227,959.68,607.0485659819773,0.632553107266982
16246.0,1.0,210.0,486.0,660.35,0.4702025250502463,532.5853658142327,250.42298381066132,0.0,250.42298381066132,
16249.0,1.0,38.0,56.0,205.7,2.212260656374757,315.4795543133281,697.923005898019,779.54,81.61699410198094,0.10469891744103053
16250.0,2.0,125.0,203.0,307.78999999999996,1.5961031961078196,345.9889820190002,552.2341200186171,0.0,552.2341200186171,
16251.0,0.0,0.0,329.0,0.0,0.30617185773939815,415.81364110364115,127.31043497008518,0.0,127.31043497008518,
16252.0,0.0,0.0,199.0,0.0,0.45300674385974105,415.81364110364115,188.36638360882347,0.0,188.36638360882347,
16253.0,5.0,476.0,548.0,989.512,1.5703161381745572,886.5103623212606,1392.1015286120494,1983.46,591.3584713879507,0.2981448939670831
16254.0,2.0,254.0,449.0,403.85,0.8165748502707657,408.0805453392494,333.22831020880994,0.0,333.22831020880994,
16255.0,10.0,438.0,501.0,305.09299999999996,3.1836261303691016,316.0126295306852,1006.0660649005398,1558.24,552.1739350994602,0.35435743858421054
16256.0,2.0,331.0,414.0,529.7650000000001,0.9318492820482636,489.46987695979055,456.1121534292327,0.0,456.1121534292327,
16258.0,8.0,420.0,456.0,877.065,2.8519158157384306,821.5706235197372,2343.0502549620223,4171.05,1827.9997450379778,0.4382588904563546
16259.0,1.0,195.0,422.0,202.12,0.5384304021482524,313.7700221343481,168.94331919986314,0.0,168.94331919986314,
16261.0,2.0,196.0,259.0,207.945,1.35984048665895,281.45085855751495,382.7282724714304,491.87,109.14172752856962,0.2218914093735532
16262.0,0.0,0.0,195.0,0.0,0.45979632200667614,415.81364110364115,191.18958281965826,0.0,191.18958281965826,
16263.0,0.0,0.0,240.0,0.0,0.39346960457304525,415.81364110364115,163.61002894112784,0.0,163.61002894112784,
16264.0,1.0,8.0,263.0,280.05,0.5719417404196573,350.98338601923865,200.74204865822776,0.0,200.74204865822776,
16265.0,6.0,147.0,224.0,670.9516666666667,3.497781371255437,631.6013359747092,2209.203387032384,2521.86,312.6566129676162,0.12397857651400798
16266.0,7.0,473.0,490.0,159.39,2.3884812750306836,194.05253355520108,463.49084276886117,490.05,26.55915723113884,0.054196831407282604
16267.0,0.0,0.0,408.0,0.0,0.25581500564307313,415.81364110364115,106.37136894539475,0.0,106.37136894539475,
16269.0,0.0,0.0,254.0,0.0,0.37657488777227377,415.81364110364115,156.5849752327842,0.0,156.5849752327842,
16270.0,0.0,0.0,170.0,0.0,0.507330843015847,415.81364110364115,210.95508507859907,0.0,210.95508507859907,
16271.0,4.0,284.0,459.0,368.24,1.3542339655500235,378.4580603310377,512.5207598364713,1281.02,768.4992401635287,0.5999119765214663
16273.0,1.0,8.0,473.0,76.5,0.23948116634118072,253.78358852444242,60.77638977808376,0.0,60.77638977808376,
16274.0,0.0,0.0,190.0,0.0,0.4685755574138184,415.81364110364115,194.84010866040808,0.0,194.84010866040808,
16275.0,2.0,445.0,458.0,727.635,0.8723936151093177,617.3697065889567,538.5893901901186,0.0,538.5893901901186,
16276.0,1.0,128.0,424.0,761.4300000000001,0.49761677196344895,580.8533861078903,289.04238697904725,810.6000000000001,521.5576130209529,0.643421679029056
16277.0,0.0,0.0,550.0,0.0,0.19745827869412447,415.81364110364115,82.10584582986142,0.0,82.10584582986142,
16278.0,1.0,19.0,316.0,291.15999999999997,0.49063916539256386,356.2886660495368,174.80917374937462,566.38,391.5708262506254,0.6913570857915629
16279.0,5.0,211.0,413.0,742.1360000000001,1.4193271549297872,683.5481779219062,970.1784906273392,1509.58,539.4015093726607,0.3573189293529728
16280.0,0.0,0.0,542.0,0.0,0.20002868383366348,415.81364110364115,83.17465535004465,0.0,83.17465535004465,
16281.0,1.0,259.0,499.0,580.44,0.4724685460913691,494.42650647839787,233.60097266488353,2062.06,1828.4590273351164,0.8867147548253282
16282.0,2.0,379.0,535.0,518.79,0.7326374022559023,482.3758221248984,353.4065692326408,0.0,353.4065692326408,
16283.0,3.0,441.0,466.0,745.9000000000001,1.1826066414240624,657.6859358199594,777.7837556718835,1291.3,513.5162443281165,0.3976738514118458
16284.0,0.0,0.0,210.0,0.0,0.4353307409106088,415.81364110364115,181.01646046238608,823.97,642.953539537614,0.7803118311802784
16285.0,0.0,0.0,463.0,0.0,0.2295374124713844,415.81364110364115,95.44478724923468,0.0,95.44478724923468,
16286.0,1.0,146.0,440.0,56.0,0.4901897253299901,243.99436794648454,119.60353220575179,0.0,119.60353220575179,
16287.0,3.0,313.0,506.0,212.62000000000003,1.006360103348946,266.9225678408018,268.6202229584353,142.5,126.1202229584353,0.8850541961995461
16288.0,0.0,0.0,287.0,0.0,0.34197067917963425,415.81364110364115,142.19607326036885,0.0,142.19607326036885,
16289.0,0.0,0.0,279.0,0.0,0.3497615245151526,415.81364110364115,145.43561302660603,0.0,145.43561302660603,
16290.0,3.0,101.0,382.0,370.6233333333334,0.6914669166580787,382.70023564245724,264.6245519440101,0.0,264.6245519440101,
16292.0,3.0,224.0,421.0,213.08333333333337,1.11611559493498,267.2620774676964,298.2953725964166,302.25,3.9546274035834017,0.013083961633030279
16293.0,6.0,521.0,545.0,535.5100000000001,1.8884081132445993,517.0490461896029,976.3996137698279,1119.25,142.85038623017215,0.12763045452773925
16294.0,0.0,0.0,293.0,0.0,0.33635183747630104,415.81364110364115,139.85968223292087,0.0,139.85968223292087,
16296.0,3.0,95.0,538.0,312.5566666666667,0.22686265836920222,340.15161909207137,77.16770055581559,0.0,77.16770055581559,
16297.0,0.0,0.0,85.0,0.0,0.7828921474116051,415.81364110364115,325.5372344066681,0.0,325.5372344066681,
16298.0,4.0,256.0,259.0,104.55,2.4548239612561273,171.40447213776594,420.7678052702461,483.9,63.132194729753905,0.13046537451902027
16299.0,0.0,0.0,294.0,0.0,0.33543328747586587,415.81364110364115,139.47773661270418,0.0,139.47773661270418,
16300.0,2.0,245.0,492.0,486.085,0.7266278185777718,461.23586190848414,335.1468081884002,0.0,335.1468081884002,
16301.0,0.0,0.0,553.0,0.0,0.19651133428484613,415.81364110364115,81.71209342711667,0.0,81.71209342711667,
16303.0,4.0,298.0,448.0,694.115,1.4320846055881524,634.3403010397577,908.4289798231913,4533.45,3625.0210201768086,0.7996164113813561
16304.0,0.0,0.0,511.0,0.0,0.21065502405919076,415.81364110364115,87.59323257082723,0.0,87.59323257082723,
16306.0,6.0,221.0,251.0,116.72833333333334,3.546780727248515,162.85672105561045,577.6170795429266,0.0,577.6170795429266,
16307.0,2.0,148.0,394.0,379.535,0.8051831961034303,392.36373957064797,315.9246898625883,0.0,315.9246898625883,
16308.0,4.0,507.0,541.0,640.0,1.3231421013058589,591.8483410675218,783.0994576544674,1600.0,816.9005423455326,0.5105628389659579
16309.0,0.0,0.0,57.0,0.0,0.9540237257288542,415.81364110364115,396.69607909457636,372.37,24.326079094576357,0.06532770925309868
16310.0,1.0,228.0,459.0,269.7,0.5054717941483144,346.0410234347575,174.9139769644858,0.0,174.9139769644858,
16312.0,0.0,0.0,249.0,0.0,0.38243932247498824,415.81364110364115,159.02348717953447,0.0,159.02348717953447,
16314.0,2.0,83.0,289.0,545.1,0.9710575892125449,499.3821622347855,484.92883855545875,0.0,484.92883855545875,
16315.0,1.0,206.0,353.0,226.37,0.6467524048806429,325.34995379363977,210.42086504384258,0.0,210.42086504384258,
16316.0,8.0,287.0,310.0,455.17,3.9376906342734594,450.43493189589145,1773.6734126760555,1109.8,663.8734126760555,0.5981919378951663
16317.0,2.0,287.0,401.0,523.56,0.9428437748285483,485.4590696476715,457.7120617513658,770.89,313.1779382486342,0.4062550276286295
16319.0,0.0,0.0,34.0,0.0,1.1633817784337297,415.81364110364115,483.7500132841586,0.0,483.7500132841586,
16320.0,4.0,468.0,498.0,1155.015,1.4229318261512,996.2463224978295,1417.590598968254,185.78,1231.810598968254,6.630480132243805
16321.0,3.0,433.0,555.0,86.14999999999999,0.9866858921433777,174.25109479038912,171.93109692021537,150.0,21.931096920215367,0.14620731280143578
16323.0,1.0,381.0,394.0,207.50000000000003,0.6168384709537891,316.3390956323683,195.1301240527745,0.0,195.1301240527745,
16325.0,9.0,490.0,552.0,336.6722222222222,2.667724169934147,345.25064531959833,921.0334912044541,403.42,517.613491204454,1.2830635347886916
16326.0,12.0,466.0,497.0,156.47,3.886265650086694,178.14063211344143,692.301819467198,2575.28,1882.978180532802,0.7311741560268405
16327.0,13.0,526.0,542.0,661.3038461538462,3.916366801000128,642.2462314005143,2515.27181872442,1374.58,1140.69181872442,0.8298475306816774
16328.0,0.0,0.0,380.0,0.0,0.2716489585719736,415.81364110364115,112.95534256582451,0.0,112.95534256582451,
16329.0,3.0,311.0,555.0,473.53666666666663,0.8886959628455577,458.1104530578769,407.1209101698846,0.0,407.1209101698846,
16330.0,2.0,238.0,479.0,165.495,0.7439299063009092,254.01189475421933,188.96704506382278,251.91,62.942954936177216,0.24986286743748648
16331.0,3.0,210.0,459.0,520.1999999999999,0.9465623423633226,492.3032247621737,465.99569358390045,0.0,465.99569358390045,
16332.0,4.0,284.0,406.0,107.31,1.5907433731205467,173.57166810050032,276.10798079234985,1470.9,1194.7920192076504,0.8122863683511118
16333.0,7.0,117.0,126.0,1728.24,6.68909893502802,1550.8303722910305,10373.657791701038,13539.6,3165.942208298962,0.23382834118430101
16334.0,0.0,0.0,309.0,0.0,0.3222340182283804,415.81364110364115,133.98930040699992,0.0,133.98930040699992,
16335.0,6.0,184.0,552.0,413.92,0.2173778525612081,414.21205918434043,90.04052793044795,0.0,90.04052793044795,
16336.0,2.0,211.0,448.0,864.895,0.7770748676534923,706.0922548019215,548.6865454513592,0.0,548.6865454513592,
16339.0,0.0,0.0,101.0,0.0,0.7101914553863702,415.81364110364115,295.3072949449007,0.0,295.3072949449007,
16340.0,1.0,112.0,368.0,603.46,0.566664084403269,505.41908490301205,286.40284298650334,549.07,262.6671570134967,0.47838555560037277
16341.0,3.0,408.0,426.0,638.0966666666667,1.2786852374281485,578.6925484573859,739.9656187221328,1174.22,434.2543812778672,0.3698236968182003
16343.0,0.0,0.0,224.0,0.0,0.4147377563909118,415.81364110364115,172.45361658805996,370.48,198.02638341194006,0.534513019358508
16344.0,2.0,159.0,485.0,266.11,0.6178566537271672,319.0477332246219,197.12576482940284,101.1,96.02576482940285,0.9498097411414723
16345.0,0.0,0.0,300.0,0.0,0.3300257645246681,415.81364110364115,137.22921480501512,575.41,438.1807851949849,0.7615105493387061
16346.0,0.0,0.0,202.0,0.0,0.44804495249921666,415.81364110364115,186.30320307680722,0.0,186.30320307680722,
16347.0,7.0,249.0,454.0,342.86,1.4668216240232044,352.7216415469547,517.3797310820347,887.6500000000001,370.2702689179654,0.4171354350453054
16348.0,2.0,239.0,247.0,290.49,1.4452434640836356,334.8065538965735,483.87698375138837,886.13,402.25301624861163,0.4539435706370528
16349.0,0.0,0.0,107.0,0.0,0.6863042675803085,415.81364110364115,285.37467640753573,0.0,285.37467640753573,
16350.0,4.0,95.0,245.0,300.53,1.7169385574359417,325.29108981047773,558.504814485967,739.77,181.26518551403296,0.24502911109403325
16351.0,12.0,403.0,552.0,259.45250000000004,2.6752269972292217,272.5179630716039,729.0474120390708,0.0,729.0474120390708,
16353.0,21.0,515.0,549.0,236.4347619047619,6.083707233084081,245.31791531476546,1492.4423758055466,4520.43,3027.987624194454,0.669845042218208
16354.0,2.0,212.0,408.0,261.44,0.8694199010639138,316.0291240146951,274.76200973417156,395.8,121.03799026582845,0.30580593801371514
16355.0,0.0,0.0,192.0,0.0,0.46502385731198637,415.81364110364115,193.36326330895716,0.0,193.36326330895716,
16356.0,4.0,354.0,368.0,79.3925,1.8455606295815774,151.65040241584916,279.88001215889415,0.0,279.88001215889415,
16357.0,1.0,168.0,198.0,137.9,1.0541747518038969,283.1034979628138,298.4405596997642,520.98,222.5394403002358,0.42715543840499787
16358.0,1.0,210.0,211.0,462.15,1.0157558283499537,437.9403161288059,444.8404285772558,1565.35,1120.509571422744,0.7158204691747815
16359.0,11.0,447.0,478.0,162.2418181818182,3.6998204534591905,185.18211095765602,685.140561735885,734.66,49.519438264115024,0.06740456573668775
16362.0,0.0,0.0,254.0,0.0,0.37657488777227377,415.81364110364115,156.5849752327842,734.77,578.1850247672157,0.7868925306792817
16365.0,8.0,475.0,545.0,257.17125,2.4079817685401195,276.2579375681394,665.2240770785743,1051.06,385.83592292142566,0.3670921954231211
16366.0,2.0,141.0,540.0,488.59,0.4792670966664223,462.8550516452864,221.83119677942335,327.3,105.46880322057666,0.3222389343738975
16367.0,1.0,21.0,200.0,170.91,0.8477031977096501,298.86653070810104,253.35011376964658,633.58,380.2298862303535,0.6001292437109023
16368.0,0.0,0.0,252.0,0.0,0.3788989145915911,415.81364110364115,157.55133728654704,497.43000000000006,339.878662713453,0.6832693297819854
16369.0,4.0,415.0,428.0,310.8375,1.6268527938595347,333.38470299376934,542.3678354954448,1197.13,654.7621645045554,0.546943243009995
16370.0,0.0,0.0,42.0,0.0,1.0808140353092883,415.81364110364115,449.4172193778745,1045.02,595.6027806221255,0.5699439059751253
16371.0,0.0,0.0,265.0,0.0,0.3642863791329752,415.81364110364115,151.4752457117439,0.0,151.4752457117439,
16372.0,2.0,198.0,424.0,423.615,0.8144092218020136,420.8563078733398,342.7492581855953,367.93,25.180741814404712,0.06843894712147612
16373.0,1.0,29.0,228.0,114.75,0.7651008797611666,272.0488415540467,208.14480801100734,0.0,208.14480801100734,
16374.0,3.0,326.0,405.0,324.9766666666667,1.3045872161093948,349.25243110508734,455.63025681482407,308.78000000000003,146.85025681482404,0.47558215174177093
16375.0,0.0,0.0,287.0,0.0,0.34197067917963425,415.81364110364115,142.19607326036885,0.0,142.19607326036885,
16377.0,1.0,350.0,434.0,676.2,0.5604148814934146,540.1541046513366,302.71039854636024,0.0,302.71039854636024,
16378.0,2.0,63.0,127.0,109.375,2.170071356665884,217.73687358482118,472.504552656401,0.0,472.504552656401,
16381.0,1.0,23.0,235.0,43.5,0.7202631908176369,238.02533100870536,171.44088440775434,0.0,171.44088440775434,
16382.0,1.0,142.0,367.0,157.33,0.5918221384677398,292.38176897889775,173.03800376607194,0.0,173.03800376607194,
16383.0,5.0,405.0,490.0,429.37,1.7127103301006736,426.9360952386688,731.2178606081131,358.90000000000003,372.3178606081131,1.0373860702371498
16384.0,2.0,327.0,407.0,431.9,0.9460445810239255,426.21159209266386,403.21516706884444,175.4,227.81516706884443,1.2988321953753958
16385.0,2.0,265.0,448.0,256.345,0.8267299852107527,312.73580197517117,258.54806494180616,407.66,149.11193505819386,0.365775241765672
16386.0,1.0,134.0,204.0,61.10000000000001,1.0120431131558585,246.42973501709847,249.39751620087765,256.1,6.702483799122376,0.026171354155104944
16387.0,4.0,316.0,455.0,194.59,1.4367661832299885,242.1053143423326,347.8487284273298,0.0,347.8487284273298,
16388.0,0.0,0.0,470.0,0.0,0.22657548971313257,415.81364110364115,94.21317936245823,0.0,94.21317936245823,
16389.0,1.0,78.0,100.0,550.52,1.649233444087755,480.1390196641296,791.8613290415907,711.9,79.96132904159072,0.11232101284111634
16390.0,2.0,143.0,496.0,136.85000000000002,0.560714837499187,235.49625003936885,132.04624157249262,0.0,132.04624157249262,
16391.0,3.0,161.0,378.0,311.57666666666665,1.0881839160476185,339.43351959345983,369.36609658903717,0.0,369.36609658903717,
16392.0,2.0,292.0,378.0,284.755,1.002013366248837,331.09954665483264,331.7661713070728,0.0,331.7661713070728,
16393.0,15.0,553.0,555.0,208.05866666666668,4.4178357968885305,222.18263102585968,981.5663807929192,2073.37,1091.8036192070808,0.526584072889586
16394.0,1.0,41.0,106.0,306.89,1.5297162778627722,363.80010213203815,556.5109381195178,936.04,379.5290618804821,0.40546243951164707
16395.0,8.0,410.0,550.0,282.21250000000003,2.1855371551796354,298.2864082489383,651.9160281131359,1036.34,384.423971886864,0.37094387159316833
16396.0,0.0,0.0,293.0,0.0,0.33635183747630104,415.81364110364115,139.85968223292087,0.0,139.85968223292087,
16397.0,0.0,0.0,445.0,0.0,0.23752199014052341,415.81364110364115,98.7648835625142,0.0,98.7648835625142,
16398.0,0.0,0.0,70.0,0.0,0.8660810510693226,415.81364110364115,360.12831533600365,535.85,175.72168466399637,0.32793073558644464
16399.0,1.0,154.0,206.0,176.61,1.0148074542759542,301.58841155172837,306.0541681659382,230.16,75.89416816593823,0.32974525619542155
16400.0,7.0,336.0,548.0,327.30428571428575,1.5497780735032072,339.26869932267357,525.7911912362318,303.93,221.86119123623183,0.7299746363841405
16401.0,13.0,345.0,372.0,332.2246153846154,5.349526200397807,338.71370300191467,1811.957828642504,2436.43,624.4721713574959,0.25630622318617646
16402.0,1.0,105.0,186.0,87.8,1.0701819936392856,259.1795979161948,277.36933880858174,0.0,277.36933880858174,
16403.0,0.0,0.0,129.0,0.0,0.6109916389342958,415.81364110364115,254.05865806915074,0.0,254.05865806915074,
16405.0,1.0,8.0,127.0,160.4,1.2247686217051224,293.8477644508163,359.8955214575578,0.0,359.8955214575578,
16406.0,1.0,203.0,470.0,176.76,0.4844336625010882,301.66003999498173,146.13427800499375,163.07,16.935721995006247,0.10385553440244219
16407.0,7.0,238.0,249.0,170.1557142857143,4.157410217254006,203.36297276928715,845.4633008021826,1332.19,486.7266991978174,0.3653583191570402
16408.0,0.0,0.0,408.0,0.0,0.25581500564307313,415.81364110364115,106.37136894539475,0.0,106.37136894539475,
16409.0,8.0,484.0,543.0,494.6575,2.4315419515284655,485.1715858571771,1179.715064701321,1225.3200000000002,45.604935298679266,0.03721879615013161
16410.0,0.0,0.0,551.0,0.0,0.19714161767636504,415.81364110364115,81.97417385907129,0.0,81.97417385907129,
16411.0,2.0,59.0,245.0,241.21,1.0699537159047343,302.952793325869,324.1454669627325,83.15,240.99546696273248,2.8983219117586585
16412.0,3.0,280.0,490.0,133.61666666666667,1.0044061511334523,209.03251268232333,209.95354152500695,151.83,58.12354152500694,0.382819874366113
16413.0,0.0,0.0,192.0,0.0,0.46502385731198637,415.81364110364115,193.36326330895716,262.2,68.83673669104283,0.2625352276546256
16414.0,3.0,414.0,511.0,118.39,1.0685533986641649,197.8751027855287,211.44011359249765,75.45,135.99011359249766,1.8023871914181266
16415.0,1.0,93.0,493.0,320.44,0.38505270572945316,370.2705381725908,142.57367257525686,210.35,67.77632742474313,0.32220740396835335
16416.0,4.0,264.0,471.0,321.01,1.2436861655638436,341.3723120267098,424.5600217741627,1051.4,626.8399782258374,0.5961955280824018
16417.0,0.0,0.0,309.0,0.0,0.3222340182283804,415.81364110364115,133.98930040699992,0.0,133.98930040699992,
16418.0,2.0,196.0,239.0,234.015,1.4604645122309232,298.3020667165707,435.65958236469277,529.36,93.70041763530725,0.17700698510523508
16419.0,3.0,393.0,485.0,269.24666666666667,1.1184509885543048,308.4160177809828,344.9481999731223,455.3,110.3518000268777,0.24237162316467756
16420.0,0.0,0.0,213.0,0.0,0.4307473109530466,415.81364110364115,179.11060776298865,0.0,179.11060776298865,
16421.0,2.0,93.0,286.0,107.835,1.0283802754423017,216.74144356698667,222.8926254351798,0.0,222.8926254351798,
16422.0,67.0,511.0,513.0,709.6920895522388,20.52692948154117,704.9700354459048,14470.870204197668,15391.55,920.6797958023308,0.059817224113382396
16424.0,1.0,191.0,199.0,133.56,1.0583472953741424,281.03104833801683,297.4284499247,0.0,297.4284499247,
16425.0,0.0,0.0,119.0,0.0,0.6430609967568797,415.81364110364115,267.39353451321495,0.0,267.39353451321495,
16426.0,0.0,0.0,93.0,0.0,0.7447647215513438,415.81364110364115,309.6833306338037,1579.88,1270.1966693661964,0.8039830046371853
16427.0,1.0,21.0,101.0,131.26,1.5242640951225004,279.93274554146547,426.691433077919,0.0,426.691433077919,
16428.0,1.0,84.0,314.0,238.97,0.6383396005351386,331.3667430269212,211.5245143744348,0.0,211.5245143744348,
16430.0,4.0,300.0,498.0,174.285,1.2387978679926865,226.16150491359286,280.1683901089763,300.85,20.681609891023697,0.06874392518206314
16431.0,1.0,84.0,114.0,298.88,1.5194170757751422,359.97514326230925,546.9523795273558,0.0,546.9523795273558,
16433.0,0.0,0.0,225.0,0.0,0.4133412517071749,415.81364110364115,171.872930890697,184.26,12.387069109302985,0.06722603445839023
16434.0,7.0,499.0,508.0,207.86142857142855,2.3201832273734273,235.97174832881294,547.4976926064954,798.03,250.53230739350454,0.31393845769395207
16435.0,1.0,2.0,331.0,599.4,0.3928943532259586,503.4803417056213,197.81458321641472,0.0,197.81458321641472,
16436.0,2.0,65.0,550.0,81.195,0.23641906975037133,199.52179702470644,47.17075764750351,0.0,47.17075764750351,
16437.0,1.0,48.0,246.0,183.9,0.7553163081305124,305.0695538938412,230.4240091701185,0.0,230.4240091701185,
16439.0,0.0,0.0,539.0,0.0,0.20100993184046914,415.81364110364115,83.5826716565802,0.0,83.5826716565802,
16440.0,1.0,279.0,310.0,272.46,0.7483801368212996,347.35898679061916,259.9565660604716,3368.21,3108.2534339395283,0.9228205586764271
16441.0,3.0,336.0,444.0,210.84666666666664,1.1922921404762392,265.623149700457,316.7003937163984,170.2,146.50039371639843,0.8607543696615655
16442.0,3.0,499.0,543.0,188.21666666666667,1.0317184456955486,249.04091331925326,256.9401040043398,179.76,77.1801040043398,0.4293508233441244
16443.0,0.0,0.0,337.0,0.0,0.3001870150285089,415.81364110364115,124.82185573103774,0.0,124.82185573103774,
16444.0,13.0,431.0,442.0,222.09230769230768,4.67522402953287,237.13106062707328,1108.6408327923089,414.59,694.0508327923089,1.674065541359678
16445.0,1.0,25.0,228.0,204.15,0.7517566210209866,314.73939373304347,236.60742313494666,230.51,6.097423134946666,0.026451881197981288
16446.0,0.0,0.0,22.0,0.0,1.3141926187157273,415.81364110364115,546.4592178997158,168469.6,167923.1407821003,0.9967563333806235
16447.0,1.0,70.0,477.0,309.3,0.3715792318139494,364.950932453642,135.60818713090885,259.01,123.40181286909115,0.4764364807115214
16448.0,1.0,273.0,288.0,188.89,0.7967690780025963,307.4523934394026,244.96856005040434,0.0,244.96856005040434,
16449.0,1.0,83.0,97.0,291.0,1.6864114779169217,356.2122623767333,600.720447846877,0.0,600.720447846877,
16450.0,1.0,72.0,473.0,785.52,0.378744896215915,592.3569140943783,224.35215795145498,311.92,87.56784204854503,0.28073814455163193
16451.0,1.0,174.0,552.0,438.53,0.3934452799888296,426.6612239311783,167.86784470997918,266.97,99.10215529002085,0.3712108300184322
16452.0,1.0,63.0,510.0,138.49,0.3285800831706645,283.38523650627695,93.11474458057091,0.0,93.11474458057091,
16453.0,1.0,18.0,365.0,102.25,0.3991418343702452,266.07980461626755,106.20358130341347,0.0,106.20358130341347,
16454.0,1.0,5.0,428.0,22.5,0.2724733802354501,227.99734895323633,62.12320835400976,5.9,56.22320835400976,9.529357348137248
16455.0,7.0,415.0,436.0,395.9728571428571,2.635174646798425,398.65487131612986,1050.5252097149541,707.4,343.12520971495417,0.4850511870440404
16456.0,9.0,393.0,437.0,614.6522222222222,3.280392309653845,593.099393109152,1945.5986880156247,581.76,1363.8386880156247,2.3443321782446795
16457.0,0.0,0.0,35.0,0.0,1.1523724680002014,415.81364110364115,479.17219182675296,0.0,479.17219182675296,
16458.0,18.0,375.0,379.0,190.1277777777778,7.294590715794731,203.06012066848163,1481.240470976464,2177.04,695.799529023536,0.3196080591185904
16459.0,0.0,0.0,546.0,0.0,0.19873516630766946,415.81364110364115,82.63679311772971,0.0,82.63679311772971,
16461.0,1.0,56.0,463.0,687.15,0.3637956683848824,545.3829810088312,198.40796610184736,151.42,46.98796610184738,0.3103154543775418
16462.0,1.0,98.0,100.0,34.0,1.6675681216829366,233.48886293599318,389.3585846000588,68.0,321.3585846000588,4.725861538236159
16463.0,0.0,0.0,21.0,0.0,1.3285601613459879,415.81364110364115,552.4334381145162,1103.03,550.5965618854838,0.49916734983226546
16465.0,1.0,24.0,261.0,289.6,0.642378951891305,355.543730239702,228.39380878290464,0.0,228.39380878290464,
16466.0,9.0,434.0,459.0,231.03222222222223,3.1800496919931764,251.06134495090836,798.3875526825286,1279.39,481.0024473174715,0.3759623315153874
16467.0,6.0,229.0,554.0,456.34,0.5236087254822666,450.089557241444,235.67081942007013,0.0,235.67081942007013,
16468.0,1.0,11.0,298.0,611.02,0.4982755476702848,509.0291584429808,253.63678270332045,74.9,178.73678270332044,2.386338887894799
16469.0,1.0,268.0,331.0,276.88,0.703856232091381,349.46963825181786,245.97638281026246,373.55,127.57361718973755,0.341516844303942
16470.0,7.0,536.0,545.0,263.17,2.182333175001554,283.8038826988441,619.3546284079371,416.73,202.62462840793705,0.4862252019483528
16471.0,3.0,378.0,469.0,288.8666666666667,1.1504731767830365,322.7926628450225,371.36430026556866,0.0,371.36430026556866,
16472.0,1.0,163.0,414.0,232.56,0.5339121438778349,328.305820885228,175.2864646764046,0.0,175.2864646764046,
16473.0,2.0,87.0,191.0,108.905,1.5896259062496885,217.43307351444312,345.63724653405177,98.3,247.33724653405176,2.5161469637238225
16475.0,0.0,0.0,90.0,0.0,0.7586173883989055,415.81364110364115,315.443458474684,234.3,81.143458474684,0.3463229128240887
16476.0,0.0,0.0,248.0,0.0,0.38363422900782196,415.81364110364115,159.52034561573055,0.0,159.52034561573055,
16477.0,8.0,270.0,301.0,357.88,4.007164025652698,364.85015028415404,1462.0143969726425,941.95,520.0643969726425,0.5521146525533653
16481.0,0.0,0.0,499.0,0.0,0.21507809410886555,415.81364110364115,89.43240543303898,0.0,89.43240543303898,
16483.0,0.0,0.0,9.0,0.0,1.5294814884506012,415.81364110364115,635.9792667132612,0.0,635.9792667132612,
16484.0,0.0,0.0,7.0,0.0,1.5690955291872308,415.81364110364115,652.451325230787,118.6,533.851325230787,4.50127592943328
16485.0,3.0,301.0,550.0,437.2633333333333,0.88601347780465,431.5310015480435,382.3422834621058,363.65,18.69228346210582,0.051401851951342836
16486.0,0.0,0.0,354.0,0.0,0.2882157915676694,415.81364110364115,119.84405771532074,0.0,119.84405771532074,
16487.0,1.0,82.0,476.0,107.2,0.3892712730061566,268.4435432436281,104.49735980873035,0.0,104.49735980873035,
16489.0,1.0,56.0,253.0,193.05,0.7502815883274275,309.4388889322955,232.1663010783971,0.0,232.1663010783971,
16490.0,0.0,0.0,253.0,0.0,0.37773332139207594,415.81364110364115,157.066667734211,0.0,157.066667734211,
16491.0,0.0,0.0,230.0,0.0,0.4064976854764754,415.81364110364115,169.02728269817595,731.5,562.4727173018241,0.7689305773093973
16492.0,0.0,0.0,357.0,0.0,0.286201733821896,415.81364110364115,119.0065850306577,0.0,119.0065850306577,
16493.0,4.0,338.0,440.0,170.6875,1.5260155477285398,223.33669061071717,340.815262250193,983.83,643.0147377498071,0.653583177733762
16494.0,0.0,0.0,113.0,0.0,0.6639768914352124,415.81364110364115,276.09064883635267,0.0,276.09064883635267,
16495.0,0.0,0.0,93.0,0.0,0.7447647215513438,415.81364110364115,309.6833306338037,437.9,128.2166693661963,0.29279897092074975
16496.0,3.0,302.0,326.0,487.7633333333333,1.5924811705138844,468.5351083642516,746.1333377947531,414.48,331.65333779475304,0.8001672886381804
16497.0,15.0,533.0,553.0,332.36266666666666,4.407731884662945,338.03597769992575,1489.971957071175,1414.99,74.98195707117497,0.05299115687826414
16499.0,7.0,186.0,363.0,336.34714285714284,1.5871293262304174,347.0891717517028,550.8754033041537,0.0,550.8754033041537,
16500.0,3.0,213.0,360.0,153.5,1.337338233324547,223.6021164551736,299.0316593877915,235.86,63.171659387791465,0.26783540824129337
16501.0,0.0,0.0,200.0,0.0,0.4513406242773273,415.81364110364115,187.67358835874592,0.0,187.67358835874592,
16502.0,0.0,0.0,437.0,0.0,0.24125192197616263,415.81364110364115,100.31584010015973,0.0,100.31584010015973,
16503.0,8.0,322.0,353.0,375.39,3.531705277026557,380.2534756621119,1342.94320660357,338.54,1004.40320660357,2.9668671548519225
16507.0,0.0,0.0,389.0,0.0,0.266349711625845,415.81364110364115,110.75184339804743,0.0,110.75184339804743,
16508.0,0.0,0.0,447.0,0.0,0.23660747063185494,415.81364110364115,98.38461387575444,0.0,98.38461387575444,
16509.0,0.0,0.0,113.0,0.0,0.6639768914352124,415.81364110364115,276.09064883635267,0.0,276.09064883635267,
16510.0,5.0,319.0,508.0,278.77,1.4536232640550644,303.37477574711437,440.9926317534936,0.0,440.9926317534936,
16511.0,3.0,382.0,465.0,302.4533333333333,1.162726675503398,332.7483552135284,386.8953888366497,609.51,222.61461116335028,0.36523537130375267
16515.0,6.0,294.0,357.0,251.15166666666664,2.6307461093374496,276.5477366260032,727.5268821749356,1004.8,277.27311782506433,0.2759485647144351
16517.0,0.0,0.0,94.0,0.0,0.740259353832389,415.81364110364115,307.8099372780743,0.0,307.8099372780743,
16518.0,2.0,272.0,373.0,255.375,1.0052641660853627,312.10881034056115,313.75180295489884,293.62,20.13180295489883,0.0685641405725047
16519.0,2.0,283.0,465.0,133.625,0.8051595129940656,233.41166445007252,187.93362207575464,109.28,78.65362207575464,0.7197439794633477
16520.0,5.0,461.0,464.0,440.152,1.8519961540267118,435.7822980723869,807.0671400229826,0.0,807.0671400229826,
16521.0,1.0,233.0,465.0,1052.89,0.5003501668375923,720.0322265787,360.26824469709555,0.0,360.26824469709555,
16522.0,1.0,15.0,267.0,304.56,0.5916358254466115,362.6874736468361,214.57890285019204,0.0,214.57890285019204,
16523.0,11.0,485.0,501.0,447.59363636363634,3.5762846186222,444.7185440632438,1590.4400887494378,6582.87,4992.429911250562,0.7583971597875337
16524.0,1.0,245.0,508.0,206.84,0.4600000077570097,316.0239304820536,145.37101047314536,0.0,145.37101047314536,
16525.0,37.0,553.0,554.0,520.8062162162163,10.676363281213247,517.7906187254227,5528.120749116792,4840.34,687.7807491167914,0.14209347878801726
16526.0,0.0,0.0,401.0,0.0,0.25959775002070706,415.81364110364115,107.94428565842304,290.36,182.41571434157697,0.6282398207107623
16527.0,0.0,0.0,241.0,0.0,0.3922126493151948,415.81364110364115,163.08736979865665,228.06,64.97263020134335,0.2848927045573242
16529.0,3.0,340.0,347.0,539.1666666666666,1.5215975539976647,506.20113682713907,770.2344116270119,0.0,770.2344116270119,
16530.0,0.0,0.0,485.0,0.0,0.220479132778765,415.81364110364115,91.67823098811144,0.0,91.67823098811144,
16531.0,6.0,147.0,258.0,191.46,2.757522367770495,226.06240765715336,623.3721456266525,759.76,136.38785437334752,0.17951439187815563
16532.0,2.0,282.0,437.0,1528.3200000000002,0.8602251263215778,1134.9189818031325,976.285824486356,4838.4,3862.1141755136437,0.7982213491058292
16534.0,0.0,0.0,459.0,0.0,0.2312649924872878,415.81364110364115,96.16313858594536,0.0,96.16313858594536,
16535.0,0.0,0.0,202.0,0.0,0.44804495249921666,415.81364110364115,186.30320307680722,593.75,407.4467969231928,0.6862261842916931
16537.0,0.0,0.0,458.0,0.0,0.23170096097149712,415.81364110364115,96.34442022877087,0.0,96.34442022877087,
16538.0,1.0,54.0,412.0,169.51,0.4219140886254279,298.1979985710698,125.81393679703956,0.0,125.81393679703956,
16539.0,8.0,313.0,349.0,401.90125,3.5520934376215867,403.575086737291,1433.536417187094,335.2,1098.336417187094,3.276659955808753
16540.0,0.0,0.0,231.0,0.0,0.40515611966293186,415.81364110364115,168.46944133246623,0.0,168.46944133246623,
16541.0,0.0,0.0,552.0,0.0,0.19682597116316142,415.81364110364115,81.84292373311442,0.0,81.84292373311442,
16542.0,0.0,0.0,218.0,0.0,0.4233194006052526,415.81364110364115,176.02198131548099,119.62,56.40198131548098,0.4715096247741262
16543.0,0.0,0.0,408.0,0.0,0.25581500564307313,415.81364110364115,106.37136894539475,0.0,106.37136894539475,
16544.0,1.0,143.0,479.0,110.3,0.4436459682492336,269.92386440419733,119.75063417717496,0.0,119.75063417717496,
16545.0,0.0,0.0,192.0,0.0,0.46502385731198637,415.81364110364115,193.36326330895716,339.3,145.93673669104285,0.430111219248579
16546.0,3.0,152.0,259.0,1087.256666666667,1.7601850917959598,907.8166002904163,1597.9252459160828,0.0,1597.9252459160828,
16547.0,0.0,0.0,363.0,0.0,0.28225697369943104,415.81364110364115,117.3662999608551,0.0,117.3662999608551,
16548.0,0.0,0.0,416.0,0.0,0.25162474340337293,415.81364110364115,104.62900074632591,0.0,104.62900074632591,
16549.0,23.0,287.0,438.0,389.60043478260866,0.28773094877960836,390.79080396375406,112.44260879883689,4035.15,3922.7073912011633,0.9721342183564832
16550.0,15.0,552.0,554.0,534.5213333333334,4.42483084649784,526.4511380527729,2329.457234829802,872.6400000000001,1456.817234829802,1.6694366919116723
16551.0,4.0,390.0,543.0,333.2725,1.2433674741889373,351.00102235027146,436.42325459739175,611.05,174.6267454026082,0.2857814342567846
16552.0,1.0,131.0,190.0,284.44000000000005,1.0706913114070018,353.07971179178674,378.03937964955435,0.0,378.03937964955435,
16553.0,14.0,461.0,483.0,1077.2521428571429,4.632314866980289,1029.305958194499,4768.06929281577,988.64,3779.4292928157697,3.82285694774212
16554.0,6.0,502.0,541.0,317.20666666666665,1.8920347507876083,332.41497222623855,628.9406791341411,522.99,105.95067913414107,0.20258643403151316
16555.0,0.0,0.0,322.0,0.0,0.31160804043627394,415.81364110364115,129.57087389097768,285.89,156.3191261090223,0.5467806712687479
16556.0,13.0,531.0,549.0,473.1092307692307,3.870240034525324,468.66132509947704,1813.831823033684,1674.97,138.861823033684,0.08290406576457131
16558.0,25.0,544.0,553.0,347.542,7.261351027723216,350.4046635794103,2544.4112640013586,4887.91,2343.498735998641,0.4794480127495476
16559.0,0.0,0.0,214.0,0.0,0.42924091125260816,415.81364110364115,178.48422621859189,0.0,178.48422621859189,
16560.0,6.0,373.0,548.0,342.01,1.6391983888718051,353.39284925302684,579.2809891343784,509.23,70.05098913437837,0.13756257316807408
16562.0,0.0,0.0,293.0,0.0,0.33635183747630104,415.81364110364115,139.85968223292087,0.0,139.85968223292087,
16563.0,4.0,338.0,555.0,701.64,1.1288571652102668,640.249050901923,722.7497286297087,1077.74,354.99027137029134,0.32938396215255195
16564.0,0.0,0.0,386.0,0.0,0.26809298565260653,415.81364110364115,111.47672051855653,0.0,111.47672051855653,
16565.0,3.0,191.0,372.0,152.6833333333333,1.227314709698599,223.0037002063306,273.695721580446,0.0,273.695721580446,
16566.0,1.0,100.0,109.0,185.22000000000003,1.5797318177378021,305.69988419447066,482.9238337407667,334.53999999999996,148.38383374076676,0.4435458651903114
16567.0,1.0,142.0,153.0,308.03999999999996,1.2717351393154384,364.34925353031383,463.35574869784966,0.0,463.35574869784966,
16568.0,1.0,214.0,458.0,543.6,0.5018822262475452,476.8345608153751,239.31479093379093,0.0,239.31479093379093,
16569.0,3.0,92.0,540.0,302.96,0.21195417885973117,333.11961753934116,70.60609499761875,124.2,53.59390500238125,0.4315129227244867
16570.0,10.0,414.0,436.0,453.879,3.67094984810767,450.1248705715791,1652.385825254223,2265.17,612.7841747457771,0.2705245852389786
16571.0,7.0,350.0,448.0,407.9742857142857,2.4300176880494986,409.03398488268203,993.9598182782886,985.01,8.949818278288603,0.009086017683362204
16572.0,0.0,0.0,92.0,0.0,0.7493254911821967,415.81364110364115,311.5797608602436,667.02,355.4402391397564,0.53287793340493
16573.0,0.0,0.0,107.0,0.0,0.6863042675803085,415.81364110364115,285.37467640753573,370.98,85.60532359246429,0.23075455170754294
16574.0,1.0,235.0,475.0,259.43,0.4901398813722554,341.1368626866781,167.2047814089518,451.44,284.23521859104824,0.6296190381690773
16576.0,1.0,101.0,338.0,313.47,0.6093674561074658,366.9422031760852,223.6026368878799,0.0,223.6026368878799,
16577.0,0.0,0.0,483.0,0.0,0.22127294626640845,415.81364110364115,92.00830946476563,0.0,92.00830946476563,
16578.0,0.0,0.0,443.0,0.0,0.2384436112817556,415.81364110364115,99.14810620496806,0.0,99.14810620496806,
16579.0,0.0,0.0,242.0,0.0,0.39096371144385983,415.81364110364115,162.56804439486464,0.0,162.56804439486464,
16583.0,1.0,300.0,490.0,466.9,0.4905597094244842,440.2085501651619,215.94857845519527,0.0,215.94857845519527,
16584.0,3.0,407.0,478.0,635.9366666666666,1.1415745702648485,577.1097985420788,658.8138702663069,324.14,334.67387026630695,1.0324979029626302
16585.0,1.0,102.0,512.0,252.27,0.3762984238748925,337.71779832871823,127.08267522559547,0.0,127.08267522559547,
16586.0,2.0,387.0,452.0,567.365,0.871410407120516,513.7738825900359,447.70790819567134,0.0,447.70790819567134,
16587.0,0.0,0.0,49.0,0.0,1.0176720339314351,415.81364110364115,423.1619138783783,0.0,423.1619138783783,
16588.0,3.0,188.0,391.0,381.49333333333334,1.1343907739403314,390.6652780403222,443.16708710777584,0.0,443.16708710777584,
16589.0,0.0,0.0,267.0,0.0,0.3621378769035189,415.81364110364115,150.58186917679438,459.24,308.6581308232056,0.6721063731887589
16590.0,1.0,14.0,231.0,289.15,0.6984203533291629,355.32884490994195,248.16889741004496,0.0,248.16889741004496,
16592.0,12.0,538.0,538.0,408.5508333333333,3.6677017463578907,409.15771011901893,1500.6684479393211,2592.7000000000003,1092.0315520606791,0.42119472058498053
16593.0,6.0,545.0,551.0,152.835,1.8784901488159484,193.3946009043097,363.28985263293765,74.53,288.7598526329376,3.874411010773348
16595.0,3.0,315.0,508.0,310.28,1.0036706569516303,338.48338114121526,339.7258375172126,360.16,20.43416248278743,0.05673634629827695
16596.0,2.0,363.0,546.0,177.29000000000002,0.7112968680509169,261.6359837544519,186.1008558139622,129.5,56.6008558139622,0.4370722456676618
16598.0,0.0,0.0,102.0,0.0,0.7060950195886804,415.81364110364115,293.603941060316,0.0,293.603941060316,
16599.0,0.0,0.0,202.0,0.0,0.44804495249921666,415.81364110364115,186.30320307680722,0.0,186.30320307680722,
16600.0,8.0,468.0,538.0,158.41750000000002,2.434094293194622,189.38551360791627,460.98219788676147,576.06,115.07780211323848,0.19976704182418237
16601.0,1.0,233.0,440.0,372.2,0.5292090805813218,394.9871263245468,209.0307739636718,243.63,34.59922603632819,0.14201545801554896
16602.0,0.0,0.0,205.0,0.0,0.44319087552676806,415.81364110364115,184.284811656696,528.08,343.79518834330406,0.6510286099517195
16604.0,1.0,6.0,385.0,125.75,0.3270374090334308,277.3015940592924,90.6879948419912,0.0,90.6879948419912,
16605.0,0.0,0.0,541.0,0.0,0.20035469978981296,415.81364110364115,83.31021723182906,0.0,83.31021723182906,
16606.0,1.0,30.0,251.0,119.7,0.6918822545597583,274.4125801814073,189.86119465547253,0.0,189.86119465547253,
16607.0,16.0,382.0,406.0,236.8075,6.0838990603190295,248.26509932556928,1510.4198044968416,1630.65,120.23019550315848,0.07373145402333946
16608.0,1.0,210.0,480.0,601.32,0.4764288717140053,504.3971857792642,240.30938211653438,0.0,240.30938211653438,
16609.0,2.0,55.0,69.0,715.0450000000001,3.224788849040257,609.2317430015953,1964.6437313129043,3505.84,1541.1962686870959,0.43960827324894913
16610.0,0.0,0.0,36.0,0.0,1.1415710221851973,415.81364110364115,474.6808033132324,0.0,474.6808033132324,
16611.0,5.0,453.0,456.0,299.61800000000005,1.879833962013152,320.47973184777794,602.4486840643209,0.0,602.4486840643209,
16612.0,6.0,550.0,553.0,375.9666666666667,1.8736944366901203,382.1123269135419,715.9617411286199,478.76,237.20174112861991,0.4954502070528447
16614.0,1.0,176.0,395.0,380.45,0.5673178792503525,398.9266907034811,226.3182441462602,506.19,279.8717558537398,0.5528986267088243
16615.0,0.0,0.0,443.0,0.0,0.2384436112817556,415.81364110364115,99.14810620496806,0.0,99.14810620496806,
16617.0,0.0,0.0,52.0,0.0,0.9928271926006632,415.81364110364115,412.8310899419878,0.0,412.8310899419878,
16618.0,2.0,112.0,139.0,356.56499999999994,2.1505844369834075,377.5163191098304,811.8807205848632,1206.3,394.41927941513677,0.32696616050330496
16619.0,3.0,392.0,472.0,314.37333333333333,1.1497779188780732,341.4827899313343,392.62937153992783,0.0,392.62937153992783,
16620.0,4.0,478.0,555.0,213.34,1.2771779799074392,256.82811300221294,328.0152105476059,83.2,244.8152105476059,2.9424905113894937
16621.0,1.0,62.0,94.0,327.85,1.6949141048558627,373.8089832693063,633.5741182649764,322.78000000000003,310.79411826497636,0.9628667149915618
16622.0,0.0,0.0,360.0,0.0,0.2842156543416828,415.81364110364115,118.18074609046901,0.0,118.18074609046901,
16623.0,3.0,347.0,409.0,262.33,1.3042837996022958,303.3477985305781,395.65161926845406,0.0,395.65161926845406,
16624.0,0.0,0.0,14.0,0.0,1.438751436300432,415.81364110364115,598.2524733711759,384.14,214.11247337117595,0.5573813541187482
16625.0,4.0,269.0,360.0,346.0075,1.7977715261933034,361.00074720006216,648.9968642507786,0.0,648.9968642507786,
16626.0,1.0,82.0,83.0,596.13,1.850941935040458,501.91884164269834,929.0226319834012,3021.2200000000003,2092.1973680165993,0.6925008334436417
16628.0,3.0,423.0,458.0,254.98666666666668,1.1971251272421173,297.9669373215942,356.7037077550574,1475.14,1118.4362922449427,0.7581899292575232
16630.0,0.0,0.0,224.0,0.0,0.4147377563909118,415.81364110364115,172.45361658805996,0.0,172.45361658805996,
16631.0,5.0,170.0,468.0,305.438,0.5920671169716434,325.2548107285272,192.57267806919666,0.0,192.57267806919666,
16632.0,1.0,96.0,398.0,202.0,0.5035551464382457,313.71271937974547,157.971654346808,0.0,157.971654346808,
16633.0,0.0,0.0,51.0,0.0,1.0009720988863924,415.81364110364115,416.21785308110475,2435.58,2019.3621469188952,0.8291093484586404
16634.0,5.0,465.0,504.0,302.162,1.7079321604696538,322.56698282245594,550.9225238681348,0.0,550.9225238681348,
16635.0,0.0,0.0,223.0,0.0,0.4161437454026572,415.81364110364115,173.03824599838552,0.0,173.03824599838552,
16636.0,3.0,208.0,463.0,830.1966666666667,0.9272056993129333,719.4547052770607,667.0825031303974,0.0,667.0825031303974,
16637.0,0.0,0.0,42.0,0.0,1.0808140353092883,415.81364110364115,449.4172193778745,850.85,401.4327806221255,0.4718020574979438
16638.0,9.0,221.0,295.0,203.75555555555556,4.163922895295083,226.74129430983206,944.1332666855503,469.28,474.85326668555035,1.011876207563822
16639.0,2.0,203.0,226.0,235.57500000000005,1.537202617454822,299.31042439697455,460.1007678145429,786.36,326.2592321854571,0.4148980520187409
16640.0,0.0,0.0,214.0,0.0,0.42924091125260816,415.81364110364115,178.48422621859189,0.0,178.48422621859189,
16641.0,0.0,0.0,518.0,0.0,0.2081579592017375,415.81364110364115,86.55491894037766,231.1,144.54508105962233,0.6254655173501615
16642.0,1.0,208.0,232.0,307.73,0.9397407910085359,364.2012214142569,342.25474389810876,380.6,38.345256101891266,0.10074949054621982
16643.0,1.0,177.0,239.0,487.51,0.9060587484521205,450.05029826817224,407.77200998936365,0.0,407.77200998936365,
16644.0,0.0,0.0,29.0,0.0,1.2217682172631852,415.81364110364115,508.02789100490946,111.37,396.65789100490946,3.56162243876187
16645.0,0.0,0.0,552.0,0.0,0.19682597116316142,415.81364110364115,81.84292373311442,0.0,81.84292373311442,
16646.0,0.0,0.0,266.0,0.0,0.36320894647815605,415.81364110364115,151.02723451649956,0.0,151.02723451649956,
16647.0,2.0,340.0,361.0,155.73000000000002,1.0639524181336903,247.69996350476862,263.54097514252544,86.31,177.23097514252544,2.0534234172462686
16648.0,1.0,135.0,407.0,129.3,0.525928944940105,278.9968005496217,146.73249295472746,290.65999999999997,143.9275070452725,0.4951747988896736
16649.0,0.0,0.0,337.0,0.0,0.3001870150285089,415.81364110364115,124.82185573103774,0.0,124.82185573103774,
16650.0,4.0,99.0,336.0,190.0725,0.7956932696440157,238.5581013852121,189.81907569126798,518.42,328.600924308732,0.633850785673261
16651.0,0.0,0.0,403.0,0.0,0.258505589828402,415.81364110364115,107.4901505521922,0.0,107.4901505521922,
16652.0,9.0,420.0,449.0,1375.8222222222223,3.2341527003168133,1271.7634385619708,4113.077158989394,3719.35,393.72715898939396,0.10585913102810812
16654.0,6.0,425.0,429.0,229.625,2.332679471812326,258.3411609185716,602.6271227989166,64.02,538.6071227989166,8.413107197733781
16655.0,8.0,492.0,494.0,458.695,2.6943471602316738,453.5358297803747,1221.9829750320682,2563.82,1341.837024967932,0.5233741155650287
16656.0,18.0,543.0,552.0,632.8394444444444,5.28345556693652,620.4033438239937,3277.8735006729116,5068.32,1790.446499327088,0.35326232347742215
16657.0,0.0,0.0,71.0,0.0,0.8599862476946469,415.81364110364115,357.594012952969,691.07,333.475987047031,0.4825502294225346
16658.0,4.0,251.0,436.0,168.395,1.3601200342688207,221.53658309456912,301.31634499038285,0.0,301.31634499038285,
16659.0,0.0,0.0,6.0,0.0,1.5896904369640144,415.81364110364115,661.0149688216452,0.0,661.0149688216452,
16660.0,4.0,484.0,511.0,213.665,1.3927223291834432,257.0833081789842,358.0456637612198,883.29,525.2443362387801,0.5946454009881014
16661.0,3.0,182.0,539.0,234.77666666666667,0.6079909310739566,283.1579670492067,172.1574760272559,0.0,172.1574760272559,
16662.0,0.0,0.0,211.0,0.0,0.4337921118973573,415.81364110364115,180.37667753007827,0.0,180.37667753007827,
16663.0,0.0,0.0,546.0,0.0,0.19873516630766946,415.81364110364115,82.63679311772971,0.0,82.63679311772971,
16664.0,0.0,0.0,386.0,0.0,0.26809298565260653,415.81364110364115,111.47672051855653,0.0,111.47672051855653,
16665.0,0.0,0.0,179.0,0.0,0.4891244369767065,415.81364110364115,203.38461309205275,0.0,203.38461309205275,
16666.0,0.0,0.0,438.0,0.0,0.2407792822917987,415.81364110364115,100.11931007207428,118.98,18.86068992792572,0.1585198346606633
16667.0,0.0,0.0,101.0,0.0,0.7101914553863702,415.81364110364115,295.3072949449007,366.78,71.47270505509925,0.1948653281397548
16668.0,7.0,417.0,448.0,77.10571428571428,2.5655597244148463,122.89117629775131,315.2846523954752,184.14,131.1446523954752,0.7122007841613729
16670.0,12.0,482.0,546.0,433.21333333333337,3.5065981937333626,431.7594232717943,1514.0068137722321,2147.68,633.6731862277677,0.29505009416103317
16672.0,8.0,82.0,83.0,372.3625,9.698139843160483,377.5902222308288,3661.9227786046217,3980.6,318.6772213953782,0.080057584634321
16673.0,0.0,0.0,496.0,0.0,0.2162130530552025,415.81364110364115,89.90433684501849,0.0,89.90433684501849,
16675.0,1.0,37.0,295.0,301.79999999999995,0.5930502257224559,361.36951029097446,214.31026964727576,0.0,214.31026964727576,
16676.0,4.0,205.0,235.0,362.725,2.6083440370267423,374.1275944852115,975.8534801626605,493.62,482.2334801626605,0.976932620563714
16677.0,1.0,241.0,469.0,617.39,0.4983679339864332,512.0709796664731,255.19975619078906,0.0,255.19975619078906,
16678.0,4.0,85.0,99.0,238.6175,4.671073903815109,276.67640863555295,1292.3759521788165,1843.34,550.9640478211834,0.29889442415462336
16679.0,2.0,181.0,364.0,302.955,0.9496020676533278,342.8637195928769,325.5840970487067,0.0,325.5840970487067,
16680.0,1.0,6.0,351.0,97.5,0.376684236213315,263.81157057991146,99.37365996812899,183.7,84.326340031871,0.4590437671849265
16681.0,3.0,436.0,458.0,291.94666666666666,1.2011215239077335,325.04954698351594,390.42400721835907,894.5,504.07599278164093,0.563528219990655
16682.0,0.0,0.0,4.0,0.0,1.6325641684099237,415.81364110364115,678.8424512018684,502.5,176.34245120186836,0.35093025114799675
16683.0,0.0,0.0,350.0,0.0,0.29094575602737277,415.81364110364115,120.97921417739352,0.0,120.97921417739352,
16684.0,26.0,527.0,549.0,4016.001153846154,7.54591340733817,3870.6151133029266,29207.326478118302,41577.62,12370.2935218817,0.2975228866366497
16686.0,10.0,539.0,550.0,307.052,3.0180646408568332,317.77842658282134,959.0758328967322,1833.26,874.1841671032678,0.4768468013829287
16687.0,0.0,0.0,207.0,0.0,0.4400129431893274,415.81364110364115,182.9633840402838,0.0,182.9633840402838,
16690.0,2.0,250.0,268.0,84.075,1.3523827380222435,201.3833804346827,272.34740742443125,139.07999999999998,133.26740742443127,0.9582068408429054
16691.0,1.0,143.0,378.0,142.95,0.5746487226752715,285.5149888856766,164.07082366779835,0.0,164.07082366779835,
16692.0,3.0,185.0,258.0,397.8333333333333,1.8507806044432902,402.6384880477844,745.1955042812108,0.0,745.1955042812108,
16693.0,3.0,385.0,473.0,218.15,1.1439330253749298,270.97470072582416,309.9769092013582,324.45,14.473090798641806,0.04460807766571677
16694.0,0.0,0.0,540.0,0.0,0.20068178071568532,415.81364110364115,83.44622194255159,0.0,83.44622194255159,
16695.0,0.0,0.0,378.0,0.0,0.2728553564381152,415.81364110364115,113.45697925516451,0.0,113.45697925516451,
16696.0,2.0,45.0,65.0,261.75,3.2941532346604783,316.22950278451896,1041.7084394926978,99.0,942.7084394926978,9.522307469623211
16697.0,0.0,0.0,58.0,0.0,0.9466261781423992,415.81364110364115,393.620077897415,0.0,393.620077897415,
16698.0,1.0,27.0,70.0,816.0,1.9439132038951044,606.9118137634591,1179.783888374715,0.0,1179.783888374715,
16699.0,6.0,355.0,552.0,142.86666666666667,1.5415689916257782,184.9636989759922,285.1343029177943,0.0,285.1343029177943,
16700.0,15.0,536.0,554.0,441.37933333333336,4.404081477808151,439.6412814438475,1936.2160244866893,2128.32,192.10397551331084,0.09026085152294337
16701.0,18.0,549.0,555.0,352.14444444444445,5.2629847178921185,355.792842579083,1872.53229322911,3200.01,1327.47770677089,0.4148354870050062
16702.0,3.0,317.0,549.0,296.00333333333333,0.9098103044854698,328.0220881053196,298.4378758570605,0.0,298.4378758570605,
16704.0,1.0,54.0,489.0,121.85,0.3334391347595948,275.4392545347053,91.84222671087994,0.0,91.84222671087994,
16705.0,17.0,523.0,547.0,1931.719411764706,5.010455917674121,1840.0536362460955,9219.507630567034,7426.5,1793.0076305670336,0.24143373467542364
16707.0,3.0,240.0,457.0,121.70666666666666,1.0292952692145307,200.30540551042156,206.1734062899751,0.0,206.1734062899751,
16709.0,10.0,531.0,547.0,676.868,3.0283184175990505,651.1219705505279,1971.80465552155,1045.28,926.5246555215501,0.8863889632649148
16710.0,17.0,528.0,552.0,301.454705882353,4.971107490999823,308.36991175294645,1532.9399783140263,845.4,687.5399783140264,0.8132717983369132
16711.0,5.0,435.0,554.0,295.21000000000004,1.5148009770212523,316.86314289479805,479.9845984390647,1052.23,572.2454015609353,0.5438406066743348
16712.0,3.0,189.0,218.0,401.45666666666665,2.1667887821544003,405.29350218040605,878.1854140045739,2433.41,1555.224585995426,0.6391132550599472
16713.0,23.0,489.0,541.0,421.0552173913044,6.550881613452739,420.81719191677666,2756.7236051524246,4311.5,1554.7763948475754,0.36061147972807034
16714.0,1.0,353.0,487.0,1146.53,0.5023196267673548,764.7474760869914,384.14766675929405,0.0,384.14766675929405,
16715.0,0.0,0.0,379.0,0.0,0.27225081994833067,415.81364110364115,113.20560473616719,301.71999999999997,188.5143952638328,0.6247991358339945
16716.0,2.0,364.0,447.0,450.6,0.8746180438390404,438.29895659494014,383.344176033759,0.0,383.344176033759,
16717.0,6.0,366.0,549.0,508.11833333333334,1.6066625469486484,493.8820384664966,793.5017738147719,3551.13,2757.6282261852284,0.7765495000704644
16718.0,4.0,364.0,550.0,749.9275,1.1894961123374772,678.1651650506682,806.6748273504734,0.0,806.6748273504734,
16719.0,10.0,491.0,543.0,281.146,3.001081658644024,294.4273605120526,883.6005514356928,812.19,71.4105514356927,0.08792345563931185
16720.0,1.0,346.0,539.0,275.02,0.45350835727399824,348.5814455554763,158.0845987500597,155.24,2.8445987500597028,0.01832387754483189
16721.0,0.0,0.0,79.0,0.0,0.8141643333766614,415.81364110364115,338.5406359180683,0.0,338.5406359180683,
16722.0,14.0,553.0,553.0,440.8535714285714,4.149353991500399,439.0384833741021,1821.7260834106119,2477.35,655.623916589388,0.2646472709102017
16723.0,1.0,292.0,552.0,251.93,0.43299644629503226,337.55544052401063,146.1603061744507,589.15,442.98969382554924,0.7519132543928528
16724.0,0.0,0.0,221.0,0.0,0.41898456610036205,415.81364110364115,174.21949799642076,0.0,174.21949799642076,
16725.0,11.0,424.0,543.0,151.52545454545455,2.955256956808419,175.43524194604143,518.4562192304072,0.0,518.4562192304072,
16726.0,4.0,215.0,228.0,294.83750000000003,2.6938956132073297,320.82124813733816,864.2589529808755,586.83,277.42895298087547,0.47275864045954613
16727.0,3.0,324.0,505.0,294.16,1.020693720650867,326.6713771436455,333.43142336689016,0.0,333.43142336689016,
16728.0,1.0,28.0,81.0,102.44,1.786898151093615,266.1705339777218,475.61963504039124,727.74,252.12036495960876,0.3464429122483425
16729.0,7.0,51.0,58.0,374.4614285714286,10.122081800597089,380.051289351466,3846.910239237932,4111.1,264.18976076206854,0.06426254792198402
16730.0,1.0,85.0,136.0,293.92,1.3430675586677876,357.6066294053985,480.28986271892484,262.17,218.11986271892482,0.8319787264710867
16731.0,0.0,0.0,465.0,0.0,0.22868327133665153,415.81364110364115,95.089623713985,0.0,95.089623713985,
16732.0,2.0,328.0,548.0,1495.525,0.6932511004792892,1113.7208471051565,772.088202882376,603.75,168.33820288237598,0.2788210399708091
16733.0,0.0,0.0,346.0,0.0,0.2937279808988106,415.81364110364115,122.13610123155517,0.0,122.13610123155517,
16735.0,9.0,492.0,548.0,525.5088888888889,2.6939438017136546,513.6186263617118,1383.659714931815,1202.64,181.01971493181486,0.15051862147593198
16736.0,4.0,231.0,553.0,432.645,0.7613843104776019,429.0298922078159,326.6566286529278,0.0,326.6566286529278,
16737.0,0.0,0.0,394.0,0.0,0.26349413461126553,415.81364110364115,109.56445552216329,417.6,308.03554447783677,0.7376330088070804
16738.0,0.0,0.0,114.0,0.0,0.6603966120630489,415.81364110364115,274.60191983444514,0.0,274.60191983444514,
16739.0,0.0,0.0,353.0,0.0,0.2888934640504674,415.81364110364115,120.12584317786872,323.0,202.87415682213128,0.6280933647744003
16740.0,0.0,0.0,212.0,0.0,0.43226434014170195,415.81364110364115,179.7414091935839,0.0,179.7414091935839,
16741.0,0.0,0.0,442.0,0.0,0.23890711088085909,415.81364110364115,99.34083566092134,0.0,99.34083566092134,
16742.0,12.0,231.0,540.0,180.63666666666663,0.04048072310278739,200.28794353194058,8.107800782943205,0.0,8.107800782943205,
16743.0,9.0,385.0,413.0,307.6066666666667,3.4702319331517426,319.3356098916821,1108.168630838603,1176.34,68.17136916139702,0.05795209646989563
16745.0,9.0,128.0,128.0,431.52666666666664,8.420771420642089,429.8234752995585,3619.445236723582,3071.26,548.185236723582,0.1784887104066676
16746.0,30.0,541.0,552.0,462.9706666666667,8.686782640839064,461.3113059165824,4007.311044258967,3808.48,198.8310442589668,0.05220745396036393
16748.0,11.0,512.0,546.0,266.7390909090909,3.297201831776965,280.2256596748313,923.9605583907621,605.7,318.26055839076207,0.5254425596677597
16749.0,1.0,133.0,541.0,2043.36,0.37730897452373185,1193.004387839672,450.13126217809906,0.0,450.13126217809906,
16750.0,0.0,0.0,49.0,0.0,1.0176720339314351,415.81364110364115,423.1619138783783,505.23,82.06808612162172,0.1624370803824431
16752.0,0.0,0.0,189.0,0.0,0.4703718722446599,415.81364110364115,195.58704087078877,0.0,195.58704087078877,
16754.0,18.0,269.0,458.0,3617.137222222222,0.19002435114752855,3433.6936797467956,652.4854135332546,0.0,652.4854135332546,
16755.0,5.0,504.0,547.0,419.928,1.5895319141509676,419.1893091919274,666.3147850314663,588.36,77.95478503146626,0.13249504560382463
16756.0,6.0,426.0,457.0,173.13833333333332,2.192269795609218,210.56651986280554,461.618621461777,0.0,461.618621461777,
16757.0,1.0,91.0,226.0,106.83,0.8919024144681346,268.2668597502698,239.26785993305006,0.0,239.26785993305006,
16760.0,0.0,0.0,247.0,0.0,0.38483663688187575,415.81364110364115,160.02032321193255,0.0,160.02032321193255,
16763.0,1.0,540.0,555.0,611.85,0.4590512817854246,509.4255024956494,233.8524298948119,0.0,233.8524298948119,
16765.0,1.0,88.0,199.0,34.0,0.994679105751782,233.48886293599318,232.24649338817412,0.0,232.24649338817412,
16766.0,0.0,0.0,90.0,0.0,0.7586173883989055,415.81364110364115,315.443458474684,0.0,315.443458474684,
16767.0,6.0,371.0,407.0,724.1833333333334,2.410832534267728,676.6230006944104,1631.22474350794,2931.54,1300.31525649206,0.44356046872703764
16768.0,6.0,461.0,549.0,198.05,1.8267776313209916,231.63602180605278,423.14750324347864,294.84000000000003,128.3075032434786,0.4351767170108486
16769.0,2.0,465.0,542.0,373.645,0.7440996948003248,388.55654294399517,289.1248050172961,0.0,289.1248050172961,
16770.0,7.0,238.0,291.0,234.8642857142857,3.5588927910760004,259.3244449881354,922.9078978180598,113.62,809.2878978180598,7.1227591781205755
16771.0,7.0,455.0,547.0,449.2771428571429,2.0948506725232274,444.7536529503115,931.692488990122,590.86,340.832488990122,0.5768413651120773
16772.0,2.0,298.0,538.0,1413.35,0.6912170676663382,1060.6043135236293,733.1078035480726,0.0,733.1078035480726,
16773.0,1.0,297.0,550.0,111.9,0.43568054975110965,270.6879011322331,117.93345357626535,171.59,53.65654642373465,0.31270205969890236
16774.0,3.0,238.0,478.0,192.74333333333337,0.9596824661121057,252.3578490985543,242.18340296564725,661.52,419.33659703435274,0.6338985926870734
16775.0,8.0,237.0,259.0,243.11,4.530538962614157,263.8884339147522,1195.5568316340161,1003.86,191.69683163401612,0.19095972708745854
16776.0,0.0,0.0,232.0,0.0,0.4038233939983716,415.81364110364115,167.91527582129314,388.28,220.36472417870684,0.5675407545552356
16777.0,3.0,375.0,449.0,349.5933333333334,1.2015141027784217,367.29040660592545,441.3046033522402,49.1,392.20460335224016,7.987873795361306
16778.0,0.0,0.0,91.0,0.0,0.7539426943197899,415.81364110364115,313.49965690860137,152.76,160.73965690860138,1.0522365600196477
16779.0,39.0,517.0,553.0,648.0146153846154,10.871716496636083,641.6780182821033,6976.141496886292,6848.96,127.18149688629182,0.0185694611862665
16780.0,1.0,148.0,224.0,161.89,0.9434759572288771,294.5592736537996,277.90959267116136,263.3,14.609592671161352,0.05548648944611223
16781.0,1.0,297.0,486.0,622.5,0.49399245460169505,514.5111219666372,254.16461206017124,0.0,254.16461206017124,
16782.0,29.0,526.0,547.0,321.4106896551724,8.424755272799688,324.84292132359525,2736.722114252613,931.6,1805.1221142526133,1.9376579156855016
16783.0,0.0,0.0,253.0,0.0,0.37773332139207594,415.81364110364115,157.066667734211,0.0,157.066667734211,
16784.0,3.0,245.0,438.0,192.82,1.1012513258971148,252.41402695048652,277.97128185425333,107.6,170.37128185425334,1.5833762254112764
16785.0,0.0,0.0,226.0,0.0,0.41195413557072036,415.81364110364115,171.29614907936426,0.0,171.29614907936426,
16786.0,0.0,0.0,210.0,0.0,0.4353307409106088,415.81364110364115,181.01646046238608,0.0,181.01646046238608,
16787.0,3.0,301.0,515.0,264.63,0.9692542017993996,305.033134088544,295.6546469033609,0.0,295.6546469033609,
16788.0,3.0,416.0,487.0,409.8966666666667,1.1237652977737709,411.47795092355057,462.4046420469449,300.31,162.0946420469449,0.5397577238418464
16791.0,9.0,523.0,553.0,284.49333333333334,2.704804069973904,298.7276139066861,807.9996659083977,1145.63,337.63033409160244,0.2947114985567787
16792.0,3.0,422.0,521.0,137.39,1.0504951311514095,211.79744000350797,222.4921795140179,0.0,222.4921795140179,
16794.0,4.0,244.0,441.0,156.2925,1.3099478775824753,212.0335073195717,277.7528428896412,1220.69,942.9371571103588,0.7724624246207954
16795.0,2.0,318.0,500.0,937.21,0.7622986186222819,752.8354507367936,573.8854241465407,0.0,573.8854241465407,
16797.0,4.0,344.0,554.0,412.7225,1.1436677821212533,413.38642787173774,472.77673912309774,0.0,472.77673912309774,
16798.0,2.0,175.0,546.0,319.905,0.5414163555966618,353.81991362034125,191.56388816985083,0.0,191.56388816985083,
16799.0,1.0,21.0,270.0,247.19,0.6065853876088801,335.29198171720475,203.3832166920802,0.0,203.3832166920802,
16801.0,2.0,81.0,90.0,363.49,2.824616234118,381.9925222744435,1078.982279728075,140.85,938.1322797280749,6.6605060683569395
16802.0,1.0,51.0,547.0,323.5,0.2776754059087035,371.73175841495913,103.22076690702987,0.0,103.22076690702987,
16804.0,0.0,0.0,87.0,0.0,0.7729973955873023,415.81364110364115,321.4228616227879,418.94,97.51713837721212,0.2327711328047265
16805.0,2.0,365.0,542.0,281.21,0.7177174534949177,328.8081184644278,235.99132547274434,245.82,9.828674527255657,0.03998321750571824
16806.0,1.0,19.0,56.0,147.13,2.1621682949269365,287.5110348376699,621.6472439676438,387.12,234.5272439676438,0.6058256973745707
16807.0,4.0,408.0,440.0,345.01750000000004,1.580532674338323,360.2233834308206,569.344827573114,469.76,99.58482757311401,0.21199086251088645
16808.0,0.0,0.0,91.0,0.0,0.7539426943197899,415.81364110364115,313.49965690860137,121.92,191.57965690860135,1.5713554536466645
16809.0,5.0,397.0,422.0,178.882,1.9952663226755423,221.42063842060446,441.79314298595034,571.61,129.81685701404967,0.22710739317725315
16810.0,1.0,228.0,237.0,309.54,0.9286987432336589,365.0655379628473,339.0359063040159,0.0,339.0359063040159,
16812.0,3.0,22.0,199.0,427.4166666666667,0.9071224901950984,424.3158113477083,384.9064154188868,0.0,384.9064154188868,
16813.0,1.0,13.0,21.0,110.55,3.067357457473427,270.0432451429529,828.3191618295615,1376.18,547.8608381704386,0.39810260152773513
16814.0,26.0,415.0,424.0,357.59000000000003,9.477891745858953,359.94123993295005,3411.484106954744,2336.24,1075.2441069547444,0.4602455685009864
16815.0,1.0,83.0,353.0,177.85,0.5603686192782524,302.18054001595607,169.33249198149804,0.0,169.33249198149804,
16816.0,1.0,45.0,175.0,249.67,1.0393047622260452,336.47623864566015,349.7013572003419,91.61,258.09135720034186,2.8172836720919316
16817.0,10.0,246.0,248.0,211.425,5.838931142090361,231.58247216494897,1352.1941086861948,425.3200000000001,926.8741086861946,2.179239416642045
16818.0,2.0,14.0,22.0,296.775,4.845103798088351,338.8690718589696,1641.855827118568,2201.6,559.744172881432,0.2542442645718714
16819.0,0.0,0.0,282.0,0.0,0.3467986583959542,415.81364110364115,144.20361287747954,0.0,144.20361287747954,
16821.0,0.0,0.0,198.0,0.0,0.45468523386735527,415.81364110364115,189.0643226504456,0.0,189.0643226504456,
16822.0,0.0,0.0,503.0,0.0,0.21358323182320355,415.81364110364115,88.81082130308934,0.0,88.81082130308934,
16823.0,6.0,510.0,554.0,345.13166666666666,1.8504474925774586,356.03305646114234,658.8204766032096,0.0,658.8204766032096,
16824.0,0.0,0.0,210.0,0.0,0.4353307409106088,415.81364110364115,181.01646046238608,460.64,279.6235395376139,0.6070326926398357
16825.0,3.0,349.0,351.0,335.7033333333333,1.5093093496349623,357.1124453449921,538.9931526302012,456.48,82.51315263020115,0.18075962283167094
16827.0,4.0,196.0,406.0,84.6825,1.2635034027498857,155.80419467775675,196.8591301380513,0.0,196.8591301380513,
16829.0,0.0,0.0,205.0,0.0,0.44319087552676806,415.81364110364115,184.284811656696,197.22,12.935188343303992,0.06558760948840885
16830.0,2.0,284.0,543.0,290.58500000000004,0.67442812895302,334.8679602937776,225.84437190724663,325.91,100.0656280927534,0.3070345435634175
16831.0,0.0,0.0,381.0,0.0,0.27104975457871133,415.81364110364115,112.70618537162228,0.0,112.70618537162228,
16832.0,4.0,274.0,275.0,76.6525,2.3442719702708605,149.49891077168533,350.4661061080863,0.0,350.4661061080863,
16833.0,3.0,364.0,440.0,553.64,1.220806051360439,516.8065382658173,630.9205492975501,435.24,195.6805492975501,0.4495922922928731
16834.0,1.0,447.0,491.0,413.46,0.5086450396514036,414.6897234487684,210.92987082662842,0.0,210.92987082662842,
16835.0,4.0,196.0,386.0,284.42,1.3888990303615578,312.6412612019086,434.2271445343454,99.1,335.12714453434546,3.381706806602881
16836.0,1.0,168.0,391.0,309.75,0.5692487425153332,365.165817783402,207.87018258278488,251.87,43.99981741721513,0.17469256925086404
16837.0,5.0,48.0,62.0,333.2,7.180870783698739,348.0324292658747,2499.175903095018,1356.24,1142.935903095018,0.8427239302004202
16838.0,3.0,466.0,480.0,272.79333333333335,1.1558214070631307,311.0148540616723,359.4776262390963,0.0,359.4776262390963,
16839.0,23.0,481.0,483.0,540.6343478260869,7.5446516631530445,534.966108670926,4036.1329415146147,9551.08,5514.947058485385,0.5774160679719346
16840.0,1.0,71.0,491.0,32.1,0.3587673315400421,232.58156932145076,83.4426689908522,0.0,83.4426689908522,
16841.0,8.0,511.0,513.0,348.25875,2.607551045624371,356.386458434201,929.2958823364673,926.64,2.655882336467357,0.0028661425542469104
16842.0,0.0,0.0,119.0,0.0,0.6430609967568797,415.81364110364115,267.39353451321495,743.62,476.22646548678506,0.640416429744742
16843.0,19.0,532.0,546.0,657.1668421052632,5.611541810311266,644.0249893519745,3613.9731546338726,6354.67,2740.6968453661275,0.43128861850672456
16844.0,1.0,20.0,399.0,311.99,0.35655849902077297,366.2354692026521,130.58436918706616,0.0,130.58436918706616,
16845.0,0.0,0.0,435.0,0.0,0.24220279373679504,415.81364110364115,100.7112255491709,0.0,100.7112255491709,
16846.0,1.0,62.0,456.0,272.23,0.3818562290188425,347.24915651096404,132.59925343525057,214.32,81.72074656474942,0.381302475572739
16847.0,0.0,0.0,435.0,0.0,0.24220279373679504,415.81364110364115,100.7112255491709,193.44,92.72877445082909,0.47936711357955486
16848.0,1.0,56.0,249.0,378.25,0.7626402467204514,397.876140202432,303.43635772816367,281.42,22.016357728163655,0.0782330954735401
16849.0,0.0,0.0,3.0,0.0,1.6548898806648453,415.81364110364115,688.1257869048195,0.0,688.1257869048195,
16850.0,0.0,0.0,150.0,0.0,0.5530939757223023,415.81364110364115,229.98401991757945,0.0,229.98401991757945,
16854.0,1.0,223.0,457.0,118.15,0.5061107672360794,273.67241960112267,138.50855825567845,0.0,138.50855825567845,
16856.0,1.0,25.0,259.0,139.31,0.6516086681410417,283.7768053293953,184.9114261700069,35.400000000000006,149.5114261700069,4.223486614971946
16857.0,0.0,0.0,259.0,0.0,0.37088783672585224,415.81364110364115,154.22022183002937,0.0,154.22022183002937,
16858.0,9.0,356.0,541.0,485.6022222222222,1.9319518266170121,478.0375868560334,923.5455891181023,0.0,923.5455891181023,
16859.0,4.0,384.0,462.0,296.6675,1.4892300318798464,322.25819328654245,479.91657946165924,487.97,8.053420538340788,0.016503925524808467
16860.0,2.0,210.0,479.0,546.75,0.7130882479953415,500.4486943967511,356.8640826989353,0.0,356.8640826989353,
16861.0,2.0,118.0,325.0,317.71500000000003,0.9506796555551145,352.4043345690052,335.0236314041912,173.76,161.2636314041912,0.9280825932561648
16862.0,3.0,154.0,518.0,165.57666666666668,0.5432826659748351,232.45134939214535,126.28678880721257,0.0,126.28678880721257,
16863.0,1.0,43.0,226.0,328.5,0.8116391947541545,374.1193731900708,303.64994679791806,338.55,34.90005320208195,0.10308685039752459
16864.0,1.0,164.0,415.0,297.53,0.5331035317990097,359.3304872730291,191.56035184831094,0.0,191.56035184831094,
16865.0,0.0,0.0,218.0,0.0,0.4233194006052526,415.81364110364115,176.02198131548099,0.0,176.02198131548099,
16867.0,0.0,0.0,506.0,0.0,0.21247565833634888,415.81364110364115,88.35027713873045,0.0,88.35027713873045,
16868.0,2.0,199.0,410.0,104.745,0.8492502726291589,214.744119700033,182.37150220076177,0.0,182.37150220076177,
16870.0,0.0,0.0,286.0,0.0,0.3429254776727283,415.81364110364115,142.59309149830256,0.0,142.59309149830256,
16871.0,2.0,60.0,87.0,751.4,2.8281555729002217,632.731001636903,1789.4617084261465,774.52,1014.9417084261465,1.3104138155582123
16872.0,3.0,279.0,280.0,268.67333333333335,1.8117677327989767,307.99590514914206,558.0170427834298,291.66,266.3570427834298,0.9132450208579502
16873.0,8.0,471.0,485.0,1158.315,2.7287534097506567,1068.9826887710597,2916.990156948454,3890.17,973.179843051546,0.2501638342415745
16874.0,0.0,0.0,196.0,0.0,0.4580798812899504,415.81364110364115,190.475863355498,0.0,190.475863355498,
16875.0,6.0,407.0,520.0,383.2516666666667,1.87024208639528,388.2737501418776,726.1659085578649,1290.44,564.2740914421352,0.4372726290584104
16876.0,0.0,0.0,220.0,0.0,0.4204195959828954,415.81364110364115,174.81620299696948,0.0,174.81620299696948,
16877.0,0.0,0.0,25.0,0.0,1.2729102238644605,415.81364110364115,529.2934349831323,775.97,246.6765650168677,0.317894461147812
16880.0,1.0,304.0,310.0,269.88,0.7526645138698279,346.12697756666154,260.5174933074441,1249.2,988.682506692556,0.7914525349764296
16882.0,1.0,78.0,134.0,205.8,1.3498531475915951,315.5273066088303,425.91552797702786,489.42,63.50447202297215,0.12975455033094715
16883.0,17.0,548.0,552.0,134.5670588235294,5.006128832995603,151.57384550884066,758.7981983298282,0.0,758.7981983298282,
16884.0,1.0,14.0,387.0,223.23,0.35329963504237366,323.8505317148696,114.41627466314208,429.84,315.4237253368579,0.7338165953304903
16885.0,1.0,28.0,202.0,190.65,0.8638446460723613,308.29283384024194,266.31711393536915,280.86,14.542886064630864,0.05177984072004153
16886.0,0.0,0.0,273.0,0.0,0.35584197893429065,415.81364110364115,147.96394891819256,0.0,147.96394891819256,
16887.0,1.0,338.0,555.0,246.02,0.4390948045366534,334.73327985982866,146.97964409196436,194.88,47.900355908035635,0.24579410872349977
16888.0,2.0,301.0,518.0,118.53,0.7239482850280612,223.65451112590887,161.91429976839117,0.0,161.91429976839117,
16889.0,5.0,371.0,382.0,434.78,2.178420980228605,431.37478540101483,939.7158828591829,0.0,939.7158828591829,
16890.0,2.0,106.0,399.0,58.56,0.6724611891195955,184.89091491192443,124.33196449908266,0.0,124.33196449908266,
16891.0,6.0,364.0,552.0,193.59166666666667,1.5819892977827348,227.86530409024448,360.48047240677516,577.44,216.9595275932249,0.37572653019053903
16892.0,2.0,548.0,548.0,120.995,0.7481006829398172,225.24784553757254,168.50806707738047,422.56,254.05193292261953,0.6012209696199818
16893.0,1.0,10.0,193.0,291.86,0.8313371503140229,356.62293211805246,296.47389212365294,0.0,296.47389212365294,
16894.0,1.0,33.0,352.0,17.0,0.4660752426256893,225.3709727006135,105.03983078222603,0.0,105.03983078222603,
16895.0,3.0,227.0,482.0,250.63,0.9205760296350662,294.7745698226645,271.3624031247331,219.14,52.22240312473309,0.23830611994493517
16896.0,0.0,0.0,372.0,0.0,0.2765397658143237,415.81364110364115,114.98900693320218,0.0,114.98900693320218,
16897.0,1.0,14.0,130.0,76.75,1.229733970196162,253.902969263198,312.23310643662654,0.0,312.23310643662654,
16898.0,2.0,208.0,393.0,215.5,0.9027623454018123,286.3342830930602,258.49180897403755,392.73,134.23819102596246,0.34180783496540235
16899.0,3.0,190.0,214.0,168.86666666666667,2.2027295768503237,234.862111994627,517.3377205720981,934.01,416.6722794279019,0.4461111545143006
16901.0,0.0,0.0,546.0,0.0,0.19873516630766946,415.81364110364115,82.63679311772971,0.0,82.63679311772971,
16903.0,1.0,35.0,232.0,246.99,0.7691037072056484,335.1964771262003,257.800853200034,373.24,115.43914679996601,0.30928932268772374
16904.0,8.0,186.0,228.0,308.44875,4.854315437619155,321.36610530476054,1560.012446108442,2451.1,891.087553891558,0.36354598094388557
16905.0,11.0,493.0,546.0,232.10454545454547,3.2628663740594757,248.72445373620792,811.5546565021846,2248.5,1436.9453434978154,0.6390684205015857
16906.0,4.0,389.0,392.0,229.1025,1.756400517824735,269.205079075619,472.8319402894659,184.83,288.0019402894659,1.5581991034435203
16907.0,6.0,292.0,343.0,200.9333333333333,2.7429145428107358,234.07465419795867,642.0467731029748,397.65,244.39677310297486,0.6146027237595244
16908.0,0.0,0.0,539.0,0.0,0.20100993184046914,415.81364110364115,83.5826716565802,0.0,83.5826716565802,
16911.0,1.0,26.0,478.0,115.9,0.2849330016389902,272.59799295232244,77.67216437266953,0.0,77.67216437266953,
16912.0,6.0,523.0,547.0,447.79833333333335,1.8823881212438287,442.86528498218524,833.6443517617284,1409.72,576.0756482382716,0.40864543897956446
16913.0,1.0,361.0,468.0,113.44,0.5230806974726222,271.42328648296746,141.97628200382198,0.0,141.97628200382198,
16915.0,6.0,321.0,386.0,131.42333333333332,2.4705502281567098,175.2852885697344,433.051109668472,454.89,21.838890331527978,0.04800916778018417
16916.0,2.0,43.0,232.0,310.865,1.029533118074456,347.976610139027,358.2534444534119,378.18,19.926555546588133,0.05269066462157738
16917.0,1.0,356.0,449.0,391.52,0.5434886017259506,404.21286981557836,219.68508741570236,0.0,219.68508741570236,
16918.0,9.0,419.0,553.0,244.28444444444443,2.4158205397448635,262.87711113267204,635.0639245031023,793.0400000000001,157.9760754968978,0.19920316187947365
16919.0,19.0,285.0,294.0,233.05,9.419253923990597,243.00160971584884,2288.8938658520406,541.1,1747.7938658520407,3.2300755236592877
16920.0,0.0,0.0,228.0,0.0,0.40920769222991166,415.81364110364115,170.15414047373773,0.0,170.15414047373773,
16921.0,1.0,158.0,417.0,113.47,0.5270621477812623,271.4376121716181,143.06449085979034,169.79,26.725509140209653,0.15740331668655194
16922.0,0.0,0.0,389.0,0.0,0.266349711625845,415.81364110364115,110.75184339804743,0.0,110.75184339804743,
16923.0,21.0,490.0,494.0,448.5385714285714,6.768024167216975,446.9179760847588,3024.7516629053453,3415.12,390.36833709465463,0.1143058917679773
16925.0,0.0,0.0,357.0,0.0,0.286201733821896,415.81364110364115,119.0065850306577,0.0,119.0065850306577,
16926.0,4.0,155.0,343.0,249.825,1.401927607622713,285.4767161545187,400.21768971049266,0.0,400.21768971049266,
16927.0,1.0,85.0,178.0,123.35,1.089304075624007,276.1555389672388,300.8173541031575,201.6,99.21735410315753,0.4921495739243925
16928.0,15.0,484.0,491.0,144.01933333333332,4.908225048952992,162.49693237221425,797.5715138473222,1741.29,943.7184861526778,0.5419651443198306
16931.0,10.0,203.0,214.0,231.556,6.487353137126118,249.72808750775158,1620.074291921918,2701.11,1081.035708078082,0.4002190610815857
16932.0,1.0,148.0,388.0,157.29,0.562381239421891,292.3626680606968,164.4192796246656,161.94,2.479279624665594,0.015309865534553501
16933.0,6.0,491.0,547.0,376.99333333333334,1.8624741513287244,382.9806491987523,713.29155959177,338.5,374.79155959177,1.107212879148508
16934.0,3.0,238.0,438.0,259.2866666666667,1.0873302415831845,301.11778206040003,327.41447071272745,950.93,623.5155292872726,0.6556902498472785
16935.0,2.0,40.0,238.0,133.425,0.9641737071593925,233.28238782437973,224.92474468362732,0.0,224.92474468362732,
16936.0,0.0,0.0,202.0,0.0,0.44804495249921666,415.81364110364115,186.30320307680722,262.68,76.37679692319279,0.29075984819245004
16937.0,0.0,0.0,316.0,0.0,0.31642381481928666,415.81364110364115,131.57333857191188,0.0,131.57333857191188,
16938.0,5.0,352.0,477.0,740.9159999999999,1.6903345423520193,682.5472163695841,1153.7331366157257,2468.78,1315.0468633842745,0.5326707375239084
16939.0,2.0,161.0,466.0,139.325,0.6603610961473472,237.09604828231716,156.56900633591533,0.0,156.56900633591533,
16940.0,5.0,442.0,548.0,695.722,1.5421474830361663,645.4673340780747,995.4058246305672,2292.2,1296.7941753694327,0.5657421583498092
16941.0,0.0,0.0,428.0,0.0,0.245590739957625,415.81364110364115,102.11997980311753,0.0,102.11997980311753,
16942.0,2.0,38.0,44.0,311.6,3.9421746109396256,348.45170173844804,1373.6574517320169,1012.35,361.30745173201683,0.356899739943712
16943.0,2.0,107.0,135.0,182.85,2.189299160418237,265.22987394871154,580.667540353749,0.0,580.667540353749,
16944.0,0.0,0.0,426.0,0.0,0.24657621564138762,415.81364110364115,102.52975403540196,0.0,102.52975403540196,
16945.0,14.0,529.0,547.0,404.8850000000001,4.167867054581315,405.6771925365365,1690.8086055680715,2571.82,881.0113944319287,0.34256339651761347
16946.0,4.0,264.0,464.0,140.675,1.2744386684121045,199.77039755580205,254.59511944917307,0.0,254.59511944917307,
16947.0,3.0,411.0,463.0,146.1266666666667,1.180254890644682,218.1992726084771,257.53075863126725,0.0,257.53075863126725,
16948.0,5.0,395.0,473.0,112.678,1.7705758740897874,167.10288546164782,295.86833748918275,194.48,101.38833748918276,0.521330406670006
16949.0,3.0,131.0,133.0,273.10999999999996,3.0954098930696152,311.24689301530526,963.436711826756,392.52,570.916711826756,1.4544907567175074
16950.0,7.0,317.0,501.0,339.3157142857143,1.790222443365063,349.6564611209797,625.9628441663815,1006.56,380.59715583361844,0.37811671021461063
16951.0,0.0,0.0,121.0,0.0,0.6363797431883061,415.81364110364115,264.61537813972967,223.96,40.65537813972966,0.18152963984519407
16952.0,2.0,287.0,545.0,189.565,0.6735388845319379,269.57033665634714,181.56610385441502,167.61,13.956103854415005,0.08326534129476167
16954.0,13.0,436.0,507.0,345.7807692307692,3.967737339493897,351.217481021163,1393.5387137306577,1143.6,249.9387137306578,0.21855431421008906
16955.0,5.0,493.0,494.0,199.804,1.7553215103865636,238.58630858263837,418.7956795388315,0.0,418.7956795388315,
16957.0,1.0,42.0,98.0,301.8,1.6153921216584182,361.3695102909745,583.7534599316009,0.0,583.7534599316009,
16958.0,0.0,0.0,252.0,0.0,0.3788989145915911,415.81364110364115,157.55133728654704,0.0,157.55133728654704,
16960.0,5.0,395.0,464.0,258.396,1.8081308830579812,286.65871782333664,518.3164805941783,305.52,212.79648059417832,0.6965058935394682
16961.0,1.0,144.0,349.0,398.34,0.624259690616047,407.46957636883064,254.36683167945796,234.17,20.196831679457972,0.08624858726334703
16962.0,0.0,0.0,226.0,0.0,0.41195413557072036,415.81364110364115,171.29614907936426,0.0,171.29614907936426,
16963.0,0.0,0.0,4.0,0.0,1.6325641684099237,415.81364110364115,678.8424512018684,0.0,678.8424512018684,
16964.0,0.0,0.0,550.0,0.0,0.19745827869412447,415.81364110364115,82.10584582986142,0.0,82.10584582986142,
16965.0,0.0,0.0,43.0,0.0,1.0713151053928944,415.81364110364115,445.46743474275047,0.0,445.46743474275047,
16966.0,2.0,43.0,57.0,372.6,3.5188858728138395,387.8810725747503,1364.9092266151686,1000.57,364.3392266151685,0.3641316715623779
16967.0,0.0,0.0,6.0,0.0,1.5896904369640144,415.81364110364115,661.0149688216452,0.0,661.0149688216452,
16969.0,0.0,0.0,8.0,0.0,1.5490327120042413,415.81364110364115,644.1089321671316,253.05,391.05893216713156,1.5453820674456888
16970.0,0.0,0.0,443.0,0.0,0.2384436112817556,415.81364110364115,99.14810620496806,0.0,99.14810620496806,
16972.0,1.0,74.0,273.0,493.45,0.7235702957728543,452.88678462100495,327.6954246998375,0.0,327.6954246998375,
16973.0,0.0,0.0,203.0,0.0,0.44641513332960087,415.81364110364115,185.62550203354877,0.0,185.62550203354877,
16974.0,1.0,42.0,381.0,276.25,0.44128105125978395,349.1687987901538,154.08157459723506,0.0,154.08157459723506,
16975.0,2.0,82.0,322.0,305.56,0.8254859604037802,344.5475476425256,284.4191632704575,0.0,284.4191632704575,
16976.0,0.0,0.0,84.0,0.0,0.7879355471660167,415.81364110364115,327.63434882209117,0.0,327.63434882209117,
16977.0,2.0,236.0,448.0,177.89999999999998,0.803351864114122,262.03027746281487,210.50251185409292,0.0,210.50251185409292,
16978.0,0.0,0.0,483.0,0.0,0.22127294626640845,415.81364110364115,92.00830946476563,344.33,252.32169053523435,0.7327903189824714
16979.0,3.0,153.0,267.0,349.74666666666667,1.7045590098260401,367.4027623097898,626.2596887301274,1504.85,878.5903112698725,0.5838391276671246
16980.0,2.0,173.0,245.0,539.48,1.4079660180498539,495.74948905281803,697.9984340519459,0.0,697.9984340519459,
16983.0,6.0,175.0,263.0,371.9483333333333,3.0872166795523963,378.7137473199666,1169.1713975019927,1308.91,139.73860249800737,0.10675951936955738
16984.0,6.0,238.0,459.0,742.745,1.3114947208823498,692.321872919067,907.9764814847374,4481.35,3573.3735185152627,0.7973877332757455
16985.0,13.0,518.0,546.0,599.5576923076923,3.8736773553540216,585.2934843310557,2267.238116489464,2548.76,281.5218835105361,0.11045444981502224
16986.0,3.0,228.0,490.0,141.23333333333332,0.8991033092925068,214.61366014602203,192.9598520566658,1873.2,1680.2401479433343,0.8969891885240947
16987.0,4.0,532.0,554.0,236.01,1.2996902422810683,274.6289581019189,356.93257709288036,1412.0,1055.0674229071196,0.747214888744419
16988.0,0.0,0.0,196.0,0.0,0.4580798812899504,415.81364110364115,190.475863355498,126.12,64.355863355498,0.5102748442395972
16990.0,1.0,204.0,239.0,179.0,0.915589249652211,302.72969141423175,277.1760510094018,0.0,277.1760510094018,
16991.0,0.0,0.0,238.0,0.0,0.39600787846254837,415.81364110364115,164.6654778492404,0.0,164.6654778492404,
16992.0,9.0,467.0,483.0,490.94,3.0547291621832238,482.7967836982564,1474.8134145713298,943.16,531.6534145713298,0.5636937683652082
16993.0,1.0,113.0,393.0,1231.15,0.5282195091614741,805.1554685409814,425.2988263913939,0.0,425.2988263913939,
16996.0,5.0,172.0,234.0,193.366,3.0590747009955024,233.3041852434177,713.6949307145073,756.08,42.385069285492705,0.056058974295699796
16997.0,2.0,37.0,142.0,156.0,1.8069510123868875,247.8744869494539,447.89705513819604,0.0,447.89705513819604,
16998.0,2.0,240.0,261.0,143.55,1.378994278720493,239.82701700007743,330.7200843257092,7.9,322.8200843257092,40.863301813380914
17000.0,1.0,12.0,225.0,214.58,0.7107639801325132,319.7199581539264,227.24542998528528,0.0,227.24542998528528,
17001.0,11.0,417.0,441.0,352.35727272727274,3.9742160976342644,358.09808277576974,1423.1591650994314,2187.63,764.4708349005687,0.3494516142586126
17002.0,4.0,426.0,458.0,463.745,1.5277371288563324,453.45010758500405,692.7525654415091,500.21,192.5425654415091,0.38492346302854624
17003.0,2.0,176.0,395.0,342.9,0.854968550867806,368.6834936593703,315.21279230283176,0.0,315.21279230283176,
17004.0,1.0,32.0,241.0,442.59,0.7298285410630254,428.599967128569,312.80448870910413,1412.94,1100.135511290896,0.7786144572953528
17005.0,1.0,118.0,405.0,288.61,0.5152501961800423,355.07098251422985,182.95039339829728,0.0,182.95039339829728,
17006.0,3.0,252.0,461.0,224.57666666666668,1.0409082106985645,275.6838702269231,286.9616040763618,781.78,494.81839592363815,0.6329381615334726
17007.0,3.0,236.0,254.0,154.24333333333334,1.9427123083488953,224.14679736738574,435.45274212260597,427.2,8.25274212260598,0.019318216579133848
17008.0,0.0,0.0,246.0,0.0,0.38604661704910276,415.81364110364115,160.52344947093042,0.0,160.52344947093042,
17009.0,0.0,0.0,368.0,0.0,0.27905186867243065,415.81364110364115,116.03357356945847,0.0,116.03357356945847,
17011.0,1.0,4.0,468.0,68.28,0.23115466263858636,249.85834983415884,57.755922563348875,270.9,213.14407743665112,0.7867998428816948
17012.0,0.0,0.0,542.0,0.0,0.20002868383366348,415.81364110364115,83.17465535004465,0.0,83.17465535004465,
17015.0,0.0,0.0,2.0,0.0,1.6778416355263202,415.81364110364115,697.6694396634877,1318.06,620.3905603365123,0.4706846124884393
17016.0,0.0,0.0,393.0,0.0,0.2640603371867461,415.81364110364115,109.79989027667612,0.0,109.79989027667612,
17017.0,14.0,532.0,553.0,688.0478571428572,4.123934543416418,668.3142130336869,2756.08406898578,4200.44,1444.3559310142195,0.34385824604427623
17018.0,4.0,409.0,551.0,355.25,1.2405700408830636,368.2581054194726,456.8499728957546,515.1,58.25002710424542,0.11308489051493965
17019.0,8.0,476.0,554.0,437.92,2.362213187977779,435.2603252271437,1028.177680455056,276.68,751.4976804550558,2.716125778715685
17020.0,1.0,104.0,463.0,618.76,0.4287531355032707,512.7251861148537,219.83253119824158,0.0,219.83253119824158,
17021.0,5.0,147.0,406.0,176.098,0.7239737670216494,219.1364769766172,158.64906072861447,0.0,158.64906072861447,
17022.0,0.0,0.0,249.0,0.0,0.38243932247498824,415.81364110364115,159.02348717953447,71.0,88.02348717953447,1.2397674250638657
17023.0,2.0,280.0,514.0,328.91499999999996,0.7169771108873488,359.64382560780166,257.85639103275514,0.0,257.85639103275514,
17025.0,2.0,268.0,458.0,232.57,0.8088522333922898,297.36804309594027,240.52680579764598,196.8,43.726805797645966,0.22218905384982704
17026.0,2.0,232.0,234.0,93.99,1.509059429184075,207.79226915340297,313.570883077498,0.0,313.570883077498,
17027.0,5.0,446.0,546.0,148.17000000000002,1.5526361742830304,196.22266203133074,304.66240328395736,446.41,141.74759671604266,0.3175278258014889
17028.0,2.0,140.0,538.0,642.96,0.48006297717978924,562.6372151862698,270.1012965944665,0.0,270.1012965944665,
17029.0,5.0,427.0,480.0,301.65999999999997,1.7711546680645929,322.15511175748406,570.5865300301385,358.0,212.58653003013853,0.5938171229892137
17031.0,3.0,203.0,398.0,178.83333333333334,1.1508992757356404,242.1652327458126,278.70779097550854,380.35,101.64220902449148,0.2672333614420704
17032.0,3.0,126.0,546.0,690.84,0.34759710541596794,617.3404680714361,214.58575975776995,0.0,214.58575975776995,
17033.0,2.0,183.0,214.0,304.04999999999995,1.5945293784802266,343.57150911854495,547.8348648983069,422.04,125.79486489830691,0.29806384441831796
17034.0,2.0,226.0,330.0,241.125,1.1030518458066005,302.8978507599495,334.11203337161453,603.72,269.6079666283855,0.4465778285105438
17035.0,3.0,491.0,553.0,186.33,1.0108583630698813,247.65844965866097,250.34761502237865,0.0,250.34761502237865,
17036.0,0.0,0.0,200.0,0.0,0.4513406242773273,415.81364110364115,187.67358835874592,0.0,187.67358835874592,
17038.0,0.0,0.0,232.0,0.0,0.4038233939983716,415.81364110364115,167.91527582129314,112.4,55.51527582129313,0.49390814787627335
17039.0,0.0,0.0,421.0,0.0,0.24907488151917082,415.81364110364115,103.56873339194443,0.0,103.56873339194443,
17040.0,0.0,0.0,367.0,0.0,0.27968704815074447,415.81364110364115,116.29768986109048,449.73,333.43231013890954,0.741405532517087
17041.0,2.0,240.0,417.0,344.4,0.8747895963995447,369.65306835206627,323.36865847155735,777.0699999999999,453.7013415284426,0.5838616103162426
17042.0,1.0,51.0,64.0,222.18,2.092468812820862,323.3491326120962,676.5979756434883,548.99,127.60797564348832,0.23244134800904992
17043.0,4.0,464.0,547.0,168.9025,1.2900396646408463,221.93508017829654,286.30505640524893,1560.58,1274.274943594751,0.816539327426182
17044.0,9.0,358.0,549.0,1113.7044444444446,1.8579873027105056,1038.057549664918,1928.6977467601978,948.48,980.2177467601978,1.0334616931935283
17045.0,2.0,182.0,246.0,83.775,1.4118278877692199,201.1894654961435,284.04489811283867,299.49,15.445101887161343,0.051571344242416585
17046.0,2.0,176.0,437.0,452.30500000000006,0.7515516609557551,439.4010398289712,330.2325813091492,642.02,311.78741869085076,0.48563505605876883
17047.0,3.0,526.0,548.0,538.37,1.0284581940427258,505.61737567010454,520.0063330582981,351.47,168.53633305829806,0.479518402874493
17048.0,5.0,408.0,507.0,338.64,1.650517115388623,352.4957332368844,581.80024080894,164.95000000000002,416.85024080893993,2.5271308930520755
17049.0,9.0,431.0,462.0,583.1955555555555,3.1542457188203374,565.0524277052857,1782.3142009984354,4078.18,2295.8657990015645,0.5629633314374463
17050.0,8.0,495.0,499.0,440.23375,2.6696795809413385,437.29570181727786,1167.4394059749989,568.25,599.1894059749989,1.0544468208974902
17051.0,3.0,434.0,445.0,182.24666666666667,1.2341827043965088,244.66636841444608,301.9630002446136,0.0,301.9630002446136,
17054.0,2.0,38.0,62.0,302.375,3.3466762999627813,342.4888173783678,1146.1992081224646,437.51,708.6892081224646,1.6198240225879743
17055.0,0.0,0.0,262.0,0.0,0.36755742840151334,415.81364110364115,152.83539261832414,0.0,152.83539261832414,
17056.0,0.0,0.0,555.0,0.0,0.1958850701096041,415.81364110364115,81.4516842401165,0.0,81.4516842401165,
17057.0,0.0,0.0,413.0,0.0,0.2531798936657427,415.81364110364115,105.27565343938515,0.0,105.27565343938515,
17058.0,1.0,40.0,56.0,236.94,2.216273369910901,330.3973714282258,732.2508957849377,360.23,372.0208957849377,1.0327315764509832
17059.0,6.0,485.0,499.0,597.9766666666667,2.044028607240613,569.8813826338998,1164.853848837525,1584.37,419.5161511624749,0.26478420518090784
17060.0,0.0,0.0,83.0,0.0,0.7930446360746147,415.81364110364115,329.75877768389756,0.0,329.75877768389756,
17061.0,4.0,40.0,49.0,327.87,6.5919434794158365,346.7588932964046,2285.815025594686,1982.0,303.8150255946862,0.15328709666734924
17062.0,5.0,126.0,256.0,200.494,2.2056916991501767,239.15242618190246,527.4965212610476,0.0,527.4965212610476,
17063.0,6.0,449.0,555.0,369.69166666666666,1.7878089329542195,376.805129829423,673.6555770920168,1141.77,468.1144229079832,0.4099901231491309
17064.0,0.0,0.0,144.0,0.0,0.5684822268537748,415.81364110364115,236.38266465077425,711.5,475.11733534922575,0.6677685668998253
17065.0,0.0,0.0,454.0,0.0,0.2334614077169195,415.81364110364115,97.07643799995401,0.0,97.07643799995401,
17066.0,0.0,0.0,543.0,0.0,0.19970372765207714,415.81364110364115,83.0395341369801,0.0,83.0395341369801,
17067.0,1.0,7.0,548.0,227.72,0.18229330105817748,325.9946097829199,59.42663354450091,0.0,59.42663354450091,
17068.0,36.0,432.0,438.0,194.18305555555557,12.705309561206638,200.7203394619155,2550.214048094117,1903.29,646.9240480941171,0.33989778125988007
17069.0,7.0,510.0,553.0,522.4428571428572,2.1331960967666137,508.0290583097369,1083.725604230349,1636.63,552.904395769651,0.33783102825296557
17070.0,0.0,0.0,227.0,0.0,0.4105763134877654,415.81364110364115,170.72323186225776,312.14,141.41676813774222,0.453055578066708
17071.0,7.0,497.0,501.0,301.1685714285714,2.3511067852638092,316.66592790259597,744.5154117536537,1385.0100000000002,640.4945882463466,0.46244762727081135
17072.0,0.0,0.0,442.0,0.0,0.23890711088085909,415.81364110364115,99.34083566092134,0.0,99.34083566092134,
17074.0,0.0,0.0,379.0,0.0,0.27225081994833067,415.81364110364115,113.20560473616719,0.0,113.20560473616719,
17075.0,8.0,472.0,542.0,239.4975,2.419106220144121,260.71056338774633,630.6865455485753,138.05,492.63654554857527,3.568537091985333
17076.0,4.0,462.0,552.0,167.0475,1.276394567169565,220.47850463087906,281.4175654885238,506.88,225.4624345114762,0.4448043610153808
17077.0,0.0,0.0,395.0,0.0,0.26293035686716626,415.81364110364115,109.33002904561616,0.0,109.33002904561616,
17080.0,5.0,257.0,343.0,92.636,2.2573934081662967,150.65922035374783,340.0971309060239,211.3,128.79713090602388,0.6095462891908371
17081.0,3.0,260.0,472.0,187.11666666666667,1.0224323447458405,248.23488326979134,253.80337374924278,290.15999999999997,36.35662625075719,0.1252985464942004
17082.0,3.0,406.0,541.0,818.9733333333334,1.0012492318486685,711.2307562572473,712.1192483697165,1366.91,654.7907516302836,0.47902989343137703
17083.0,7.0,373.0,485.0,441.59,2.2475200332649514,438.105633654797,984.6511883253918,409.76,574.8911883253918,1.402994895366536
17084.0,0.0,0.0,213.0,0.0,0.4307473109530466,415.81364110364115,179.11060776298865,2949.75,2770.639392237011,0.9392793939272858
17085.0,23.0,483.0,550.0,319.63739130434783,6.208070602240722,324.0048556395811,2011.4450192793324,347.75,1663.6950192793324,4.784169717553795
17087.0,0.0,0.0,554.0,0.0,0.1961977022028778,415.81364110364115,81.58168092914649,0.0,81.58168092914649,
17088.0,0.0,0.0,70.0,0.0,0.8660810510693226,415.81364110364115,360.12831533600365,975.18,615.0516846639963,0.6307058026866798
17089.0,0.0,0.0,203.0,0.0,0.44641513332960087,415.81364110364115,185.62550203354877,0.0,185.62550203354877,
17090.0,7.0,281.0,325.0,170.54571428571427,3.3051850904598443,203.70025380769547,673.2670418080811,1394.9,721.632958191919,0.5173366966749724
17091.0,13.0,538.0,540.0,438.5576923076923,3.9444524068018048,436.79205214421523,1722.9054613521491,1833.35,110.44453864785078,0.06024192797220977
17092.0,6.0,398.0,492.0,610.8033333333334,1.9881915576280609,580.7297727426327,1154.6020314301647,1642.88,488.27796856983537,0.2972085414454101
17093.0,0.0,0.0,409.0,0.0,0.255283600861516,415.81364110364115,106.1504035882756,0.0,106.1504035882756,
17094.0,1.0,101.0,240.0,302.0,0.85449761973251,361.46501488197896,308.87099483322737,0.0,308.87099483322737,
17095.0,5.0,425.0,541.0,298.03000000000003,1.5473131731099963,319.17684090918175,493.8665304904105,780.1999999999999,286.3334695095894,0.36700008909201415
17096.0,7.0,294.0,372.0,319.2342857142857,2.866991243252948,332.2895762971464,952.6713054681511,888.64,64.03130546815112,0.07205539416203538
17097.0,2.0,106.0,247.0,231.18,1.2737604644052434,296.4695705473753,377.6312178624479,666.78,289.1487821375521,0.43364945279935224
17098.0,2.0,159.0,357.0,145.8,0.935760182034643,241.2813790391214,225.78150717121792,0.0,225.78150717121792,
17099.0,0.0,0.0,350.0,0.0,0.29094575602737277,415.81364110364115,120.97921417739352,0.0,120.97921417739352,
17101.0,2.0,156.0,367.0,358.46,0.8993779363944409,378.7412151382697,340.63149249858,1621.73,1281.09850750142,0.7899579507694993
17102.0,0.0,0.0,78.0,0.0,0.8196220192999285,415.81364110364115,340.81001617382213,0.0,340.81001617382213,
17103.0,0.0,0.0,539.0,0.0,0.20100993184046914,415.81364110364115,83.5826716565802,0.0,83.5826716565802,
17104.0,0.0,0.0,240.0,0.0,0.39346960457304525,415.81364110364115,163.61002894112784,0.0,163.61002894112784,
17105.0,0.0,0.0,123.0,0.0,0.6298363281910561,415.81364110364115,261.8945369244709,346.38,84.48546307552908,0.24390976117422797
17106.0,0.0,0.0,206.0,0.0,0.4415961813981778,415.81364110364115,183.62171608464033,0.0,183.62171608464033,
17107.0,5.0,469.0,494.0,1552.882,1.7450167296427268,1348.7330752160617,2353.56178007451,6696.62,4343.0582199254895,0.648544821107587
17108.0,0.0,0.0,480.0,0.0,0.22247444872777375,415.81364110364115,92.50791057802093,0.0,92.50791057802093,
17109.0,2.0,265.0,314.0,345.15999999999997,1.1804132481600405,370.14431952969886,436.9232585040397,420.4500000000001,16.47325850403962,0.03918006541572034
17110.0,1.0,90.0,427.0,150.3,0.456723299884597,289.02478260509076,132.00435245982533,163.29999999999998,31.295647540174656,0.19164511659629307
17111.0,0.0,0.0,242.0,0.0,0.39096371144385983,415.81364110364115,162.56804439486464,248.61,86.04195560513537,0.34609209446577116
17112.0,0.0,0.0,319.0,0.0,0.3139974442403301,415.81364110364115,130.56442058680918,0.0,130.56442058680918,
17113.0,4.0,123.0,514.0,451.7425,0.25363289769265784,444.0255534028594,112.61948775915323,0.0,112.61948775915323,
17114.0,3.0,126.0,151.0,101.28333333333332,2.8054769021822183,185.3401142587445,519.967409600721,362.53,157.43740960072103,0.4342741555201529
17115.0,4.0,501.0,551.0,449.965,1.296639319453567,442.6298320899027,573.9312442508981,527.48,46.45124425089807,0.08806256967259056
17116.0,0.0,0.0,465.0,0.0,0.22868327133665153,415.81364110364115,95.089623713985,0.0,95.089623713985,
17117.0,0.0,0.0,105.0,0.0,0.6940854396944081,415.81364110364115,288.6101939163535,0.0,288.6101939163535,
17118.0,0.0,0.0,134.0,0.0,0.5961306082261377,415.81364110364115,247.87923877983854,0.0,247.87923877983854,
17120.0,0.0,0.0,50.0,0.0,1.009252569703382,415.81364110364115,419.66098580156967,0.0,419.66098580156967,
17121.0,0.0,0.0,219.0,0.0,0.42186450663291003,415.81364110364115,175.4170165554215,0.0,175.4170165554215,
17122.0,2.0,111.0,316.0,165.08,0.9639392898819772,253.74364575590675,244.59346970201278,138.32,106.27346970201279,0.7683160042077269
17123.0,1.0,133.0,389.0,414.51,0.5506792323274243,415.19112255154187,228.63712863584462,345.29999999999995,116.66287136415534,0.3378594594965403
17124.0,0.0,0.0,2.0,0.0,1.6778416355263202,415.81364110364115,697.6694396634877,0.0,697.6694396634877,
17126.0,5.0,166.0,282.0,258.28200000000004,2.3589458753969543,286.56518535041477,675.9917620147246,489.48,186.51176201472458,0.38104061864575584
17127.0,4.0,307.0,552.0,254.27000000000004,1.0650869658314417,288.96700095682104,307.7749862745118,0.0,307.7749862745118,
17128.0,0.0,0.0,151.0,0.0,0.5506101062379073,415.81364110364115,228.9511931032469,0.0,228.9511931032469,
17129.0,0.0,0.0,337.0,0.0,0.3001870150285089,415.81364110364115,124.82185573103774,0.0,124.82185573103774,
17132.0,1.0,36.0,305.0,596.63,0.5672580763574783,502.1576031202095,284.8529559742521,0.0,284.8529559742521,
17133.0,7.0,438.0,445.0,1370.7514285714285,2.601311091912672,1241.66597077679,3229.9594622321792,2413.4500000000003,816.509462232179,0.33831629502669575
17134.0,1.0,178.0,259.0,330.5,0.8458195836480481,375.0744191001155,317.24528900029327,94.5,222.74528900029327,2.3570930052941086
17135.0,4.0,290.0,396.0,285.32,1.6489330223499468,313.34795553758283,516.6897913717631,639.1800000000001,122.49020862823693,0.19163648522831897
17136.0,0.0,0.0,479.0,0.0,0.2228778561265152,415.81364110364115,92.67565287733976,0.0,92.67565287733976,
17137.0,4.0,261.0,494.0,183.3275,1.1344855523170783,233.2618199472978,264.63216463739695,0.0,264.63216463739695,
17138.0,6.0,398.0,490.0,448.115,1.9980448646077866,443.1331116610651,885.3998380920599,0.0,885.3998380920599,
17139.0,11.0,487.0,514.0,1184.2627272727273,3.4838080889680585,1114.7421992546012,3883.547890877223,5962.57,2079.022109122777,0.3486788598075623
17140.0,0.0,0.0,64.0,0.0,0.904554768759943,415.81364110364115,376.12621197573407,0.0,376.12621197573407,
17141.0,1.0,266.0,501.0,347.89,0.47229851645820164,383.3785432879539,181.06911723680707,0.0,181.06911723680707,
17142.0,3.0,445.0,501.0,352.75,1.1023307036472347,369.6034685963511,407.4252516082743,0.0,407.4252516082743,
17143.0,1.0,98.0,332.0,262.6,0.6178247027954822,342.65061045409897,211.69801156649424,0.0,211.69801156649424,
17145.0,2.0,146.0,475.0,1111.94,0.608983862106933,865.7779747733035,527.2448148045652,0.0,527.2448148045652,
17146.0,11.0,412.0,492.0,422.7945454545455,3.4486750642931816,422.16299267472726,1455.902985904717,185.9,1270.002985904717,6.831645970439575
17147.0,6.0,491.0,514.0,368.145,1.987466825755331,375.4970079452098,746.2878464614904,741.48,4.807846461490385,0.006484121569685474
17149.0,0.0,0.0,268.0,0.0,0.361073114140909,415.81364110364115,150.13912629556197,0.0,150.13912629556197,
17150.0,5.0,357.0,550.0,247.28000000000003,1.3853597099171076,277.5384812531632,384.4906298797167,0.0,384.4906298797167,
17151.0,0.0,0.0,552.0,0.0,0.19682597116316142,415.81364110364115,81.84292373311442,0.0,81.84292373311442,
17152.0,2.0,231.0,242.0,844.75,1.4665692833090258,693.0708666790148,1016.4364442278081,0.0,1016.4364442278081,
17155.0,4.0,209.0,553.0,124.425,0.6414798299511795,187.0106387172391,119.96355272339599,251.7,131.736447276604,0.5233867591442352
17156.0,0.0,0.0,308.0,0.0,0.3230815309651693,415.81364110364115,134.34170776396581,0.0,134.34170776396581,
17157.0,15.0,255.0,552.0,300.0493333333333,0.017528188119613576,307.91942627067715,5.397269629355911,319.0,313.6027303706441,0.9830806594691038
17158.0,3.0,410.0,459.0,371.02666666666664,1.1900651583187623,382.9957799939266,455.7899335538901,568.42,112.63006644610988,0.1981458542030715
17159.0,1.0,168.0,462.0,299.41,0.4772762074103519,360.2282304284711,171.92836362104302,1538.88,1366.9516363789571,0.8882769523152924
17160.0,12.0,510.0,552.0,589.1883333333334,3.531940860435396,574.701225968363,2029.810742539977,2312.96,283.14925746002314,0.12241857077512068
17161.0,0.0,0.0,261.0,0.0,0.36866088965189153,415.81364110364115,153.2942268586607,0.0,153.2942268586607,
17162.0,3.0,115.0,122.0,246.95666666666668,3.2592177003625302,292.08291796052185,951.9618161904696,550.1800000000001,401.7818161904695,0.7302733945081055
17163.0,1.0,230.0,492.0,265.44,0.4710316113570954,344.00677564636237,162.03806585046487,293.1,131.06193414953515,0.4471577418953775
17164.0,1.0,61.0,90.0,316.09,1.7399048286897776,368.1933133182436,640.6213237337003,1524.13,883.5086762662999,0.5796806547120651
17165.0,5.0,444.0,545.0,283.73199999999997,1.5540250874654467,307.4458997000831,477.7786411723145,0.0,477.7786411723145,
17166.0,0.0,0.0,20.0,0.0,1.3432480897557628,415.81364110364115,558.5408791068543,78.75,479.7908791068543,6.09258259183307
17167.0,2.0,66.0,262.0,304.71000000000004,1.0167298603441812,343.9981219833312,349.753162522773,0.0,349.753162522773,
17168.0,0.0,0.0,315.0,0.0,0.317240968652432,415.81364110364115,131.91312228261384,0.0,131.91312228261384,
17169.0,0.0,0.0,395.0,0.0,0.26293035686716626,415.81364110364115,109.33002904561616,835.78,726.4499709543838,0.869188029091847
17170.0,1.0,15.0,206.0,106.2,0.7977417414332595,267.96602028860576,213.76767966997252,0.0,213.76767966997252,
17171.0,1.0,372.0,478.0,224.91,0.5139784152974474,324.6527702793071,166.8645163900845,0.0,166.8645163900845,
17172.0,1.0,296.0,543.0,301.99,0.4412773244310851,361.46023965242875,159.50420744204257,317.76,158.25579255795742,0.49803560095026883
17174.0,0.0,0.0,34.0,0.0,1.1633817784337297,415.81364110364115,483.7500132841586,0.0,483.7500132841586,
17175.0,0.0,0.0,113.0,0.0,0.6639768914352124,415.81364110364115,276.09064883635267,924.61,648.5193511636473,0.7013977257045104
17176.0,2.0,476.0,494.0,307.99,0.8165455952475437,346.118258644693,282.6213395310741,0.0,282.6213395310741,
17177.0,0.0,0.0,322.0,0.0,0.31160804043627394,415.81364110364115,129.57087389097768,0.0,129.57087389097768,
17178.0,0.0,0.0,548.0,0.0,0.19809466387912433,415.81364110364115,82.37046347078063,0.0,82.37046347078063,
17179.0,4.0,330.0,379.0,272.65250000000003,1.7772065159883899,303.40123276296777,539.2066478252565,223.48,315.72664782525646,1.412773616544015
17180.0,8.0,446.0,504.0,231.51875,2.590537454216364,253.69175799886105,657.1980009220433,231.17,426.02800092204336,1.8429207982092979
17181.0,1.0,222.0,412.0,311.04,0.5615565475412967,365.78182239538086,205.40717733771388,84.39999999999999,121.00717733771388,1.4337343286458992
17182.0,1.0,296.0,535.0,142.8,0.44806940794471345,285.4433604424232,127.89843751518602,0.0,127.89843751518602,
17184.0,1.0,161.0,547.0,147.86,0.3905504214216413,287.85962659483624,112.4236984768896,0.0,112.4236984768896,
17185.0,1.0,7.0,415.0,105.71,0.29377886543225756,267.7320340406448,78.65401320033119,0.0,78.65401320033119,
17187.0,1.0,300.0,343.0,203.95,0.6875679343928043,314.64388914203903,216.33904892671026,0.0,216.33904892671026,
17188.0,8.0,416.0,548.0,401.89,2.2275142741614826,403.56519025468094,898.9472218469963,1049.79,150.84277815300368,0.14368852642243085
17189.0,3.0,378.0,554.0,189.99666666666667,0.9573961419969317,250.3452164902008,239.67954443510493,157.18,82.49954443510492,0.5248730400502921
17190.0,3.0,437.0,461.0,362.0133333333333,1.193858931815446,376.3912186189413,449.3580182051233,249.74,199.6180182051233,0.799303348302728
17191.0,9.0,547.0,555.0,406.09777777777776,2.7137261767354532,407.15091515569634,1104.8960963398088,919.43,185.46609633980881,0.20171856078201583
17192.0,0.0,0.0,353.0,0.0,0.2888934640504674,415.81364110364115,120.12584317786872,0.0,120.12584317786872,
17193.0,1.0,351.0,554.0,565.74,0.4419092360546753,487.4069190395695,215.38961924053913,1699.3,1483.9103807594608,0.8732480319893255
17194.0,1.0,170.0,347.0,226.78,0.6424367067040135,325.5457382051989,209.14253193407495,0.0,209.14253193407495,
17195.0,0.0,0.0,472.0,0.0,0.22574322303908761,415.81364110364115,93.8671115263544,0.0,93.8671115263544,
17196.0,0.0,0.0,244.0,0.0,0.3884895825784751,415.81364110364115,161.53926786278942,0.0,161.53926786278942,
17198.0,1.0,6.0,188.0,499.3,0.8339960403961871,455.6802939078856,380.03556080574737,170.56,209.47556080574736,1.22816346626259
17199.0,0.0,0.0,399.0,0.0,0.2606991850955331,415.81364110364115,108.40227738732571,0.0,108.40227738732571,
17200.0,1.0,265.0,469.0,191.65,0.5047498247024048,308.7703567952643,155.85178346570868,0.0,155.85178346570868,
17201.0,2.0,144.0,484.0,204.045,0.5862286521439702,278.9299643565054,163.51673704727983,342.63,179.11326295272016,0.52276001212013
17202.0,0.0,0.0,237.0,0.0,0.3972893552292657,415.81364110364115,165.19833336959886,0.0,165.19833336959886,
17203.0,0.0,0.0,205.0,0.0,0.44319087552676806,415.81364110364115,184.284811656696,3563.85,3379.565188343304,0.9482905252306646
17204.0,5.0,306.0,364.0,978.192,2.216283308625904,877.2227518521743,1944.1741428768573,314.4,1629.7741428768572,5.183759996427663
17205.0,1.0,148.0,381.0,340.32,0.5731406277939426,379.7636945184348,217.65800228964275,384.08,166.42199771035723,0.4333003481315279
17207.0,0.0,0.0,469.0,0.0,0.226993929998763,415.81364110364115,94.38717254121067,0.0,94.38717254121067,
17208.0,0.0,0.0,212.0,0.0,0.43226434014170195,415.81364110364115,179.7414091935839,0.0,179.7414091935839,
17209.0,2.0,87.0,553.0,145.6,0.3054853705442625,241.15210241342857,73.66843936329417,0.0,73.66843936329417,
17210.0,0.0,0.0,209.0,0.0,0.43688034351271215,415.81364110364115,181.66080636263035,0.0,181.66080636263035,
17211.0,9.0,493.0,543.0,288.5155555555555,2.7239959484248075,302.3138529926242,823.5017107046012,1063.28,239.77828929539874,0.22550813454160593
17212.0,2.0,233.0,303.0,172.945,1.2021522034882728,258.8274490612759,311.14998821226146,0.0,311.14998821226146,
17213.0,8.0,408.0,541.0,379.165,2.24136156645014,383.57429538237415,859.7286835482469,1844.28,984.5513164517531,0.5338404778296968
17214.0,3.0,110.0,176.0,147.54,2.4137133269697197,219.2348990962706,529.1701976855301,455.4500000000001,73.72019768552997,0.16186232887370722
17215.0,0.0,0.0,281.0,0.0,0.3477806801096304,415.81364110364115,144.6119509018861,0.0,144.6119509018861,
17216.0,0.0,0.0,371.0,0.0,0.2771635380613722,415.81364110364115,115.24837994246681,0.0,115.24837994246681,
17217.0,1.0,385.0,436.0,113.5,0.5622982598548423,271.4519378602688,152.63695229305395,0.0,152.63695229305395,
17218.0,12.0,469.0,500.0,232.5666666666667,3.8663829407934682,247.87869726832668,958.3939665043666,1012.14,53.746033495633355,0.05310138270953955
17219.0,0.0,0.0,233.0,0.0,0.40249942127263055,415.81364110364115,167.36474990148085,114.23,53.134749901480845,0.46515582510269493
17220.0,7.0,482.0,505.0,342.4685714285714,2.3230161100444486,352.3831250468671,818.5916763916798,1733.47,914.8783236083202,0.5277728046105904
17221.0,1.0,16.0,424.0,241.3,0.3132854388053585,332.4793715121232,104.16094579790531,335.13,230.9690542020947,0.6891924154868102
17222.0,4.0,221.0,515.0,260.1775,0.8575301712921218,293.605664054594,251.77571538907316,354.15,102.37428461092682,0.28907040692058966
17223.0,2.0,65.0,192.0,324.81500000000005,1.484633419031992,356.9936547810994,530.0047102703903,0.0,530.0047102703903,
17224.0,0.0,0.0,318.0,0.0,0.3148020848270052,415.81364110364115,130.89900111893434,0.0,130.89900111893434,
17225.0,0.0,0.0,398.0,0.0,0.26125341773935395,415.81364110364115,108.63273488097136,0.0,108.63273488097136,
17226.0,2.0,357.0,482.0,237.245,0.808736465355771,300.3898842215093,242.9362531939327,0.0,242.9362531939327,
17227.0,7.0,437.0,510.0,177.25142857142856,2.2500735070816913,209.49951092963283,471.38929928933806,573.1700000000001,101.78070071066202,0.17757506622932465
17228.0,8.0,430.0,454.0,228.83375,2.877398683886961,251.3297974825951,723.1760284979957,1218.51,495.33397150200426,0.4065079248442805
17230.0,13.0,467.0,548.0,740.0576923076923,3.678997971834208,714.8863490655343,2630.065428304062,0.0,2630.065428304062,
17231.0,17.0,542.0,549.0,321.8129411764706,5.026033298147052,327.4970986121657,1646.0113226712933,1440.87,205.14132267129344,0.1423732346924382
17233.0,1.0,276.0,541.0,190.62,0.43854505884505923,308.27850815159127,135.19401649800668,190.88,55.68598350199332,0.2917329395536113
17235.0,6.0,181.0,370.0,263.2316666666666,1.477311058508529,286.7646196182194,423.6405437509873,208.16,215.48054375098732,1.0351678696723066
17236.0,9.0,400.0,459.0,149.4622222222222,3.1150602232430797,178.33301069235057,555.518068098924,352.31,203.208068098924,0.5767876815841844
17237.0,1.0,6.0,198.0,105.29,0.7884558648225998,267.53147439953545,210.93676001495095,314.69,103.75323998504905,0.32969983153277527
17238.0,20.0,554.0,555.0,266.752,5.8368928123556385,274.4837362722218,1602.1321473558519,2196.46,594.3278526441482,0.2705844188576838
17239.0,3.0,214.0,343.0,293.6666666666667,1.4175918567288026,326.3098848790383,462.57423557463767,0.0,462.57423557463767,
17240.0,0.0,0.0,413.0,0.0,0.2531798936657427,415.81364110364115,105.27565343938515,0.0,105.27565343938515,
17241.0,10.0,277.0,479.0,220.234,1.2558146663681629,239.52269995068977,300.79611952617705,0.0,300.79611952617705,
17242.0,2.0,228.0,501.0,656.49,0.6935516607942739,571.3827789143874,396.2834752653208,1135.04,738.7565247346791,0.650863867999964
17243.0,50.0,502.0,555.0,290.61420000000004,11.339157143212478,293.29524594284993,3325.7208831031276,5804.35,2478.629116896873,0.42702957555917076
17244.0,1.0,350.0,550.0,610.49,0.4449961655134861,508.77607127681904,226.40340082320057,954.9,728.4965991767995,0.7629035492478788
17245.0,1.0,485.0,506.0,171.45,0.49733112603129037,299.12439310381313,148.76387124574575,0.0,148.76387124574575,
17246.0,1.0,192.0,555.0,15.44,0.3995619991704939,224.62603689077866,89.75202836582463,0.0,89.75202836582463,
17248.0,0.0,0.0,298.0,0.0,0.3318087726950839,415.81364110364115,137.97061392447327,318.65,180.6793860755267,0.5670151767629898
17249.0,0.0,0.0,245.0,0.0,0.3872642413601149,415.81364110364115,161.0297542691887,0.0,161.0297542691887,
17250.0,0.0,0.0,78.0,0.0,0.8196220192999285,415.81364110364115,340.81001617382213,221.87,118.94001617382213,0.5360797592005324
17251.0,2.0,362.0,541.0,253.015,0.7180266708236203,310.58334615738613,223.007126054648,0.0,223.007126054648,
17252.0,0.0,0.0,3.0,0.0,1.6548898806648453,415.81364110364115,688.1257869048195,11.9,676.2257869048195,56.82569637855626
17254.0,0.0,0.0,218.0,0.0,0.4233194006052526,415.81364110364115,176.02198131548099,272.44,96.41801868451901,0.3539055156530576
17255.0,2.0,147.0,263.0,116.015,1.2821710838202967,222.02885755782196,284.6789809342949,185.95,98.7289809342949,0.530943699565985
17256.0,2.0,288.0,417.0,116.6,0.9066314835080365,222.4069916879734,201.64118081662684,112.1,89.54118081662685,0.7987616486764215
17257.0,0.0,0.0,253.0,0.0,0.37773332139207594,415.81364110364115,157.066667734211,0.0,157.066667734211,
17258.0,1.0,269.0,482.0,133.45000000000002,0.49199159264569337,280.9785208129644,138.23906995400145,0.0,138.23906995400145,
17259.0,3.0,287.0,472.0,452.58,1.064343283545919,442.75435935797594,471.2426286433379,221.73,249.51262864333793,1.12529936699291
17260.0,0.0,0.0,228.0,0.0,0.40920769222991166,415.81364110364115,170.15414047373773,0.0,170.15414047373773,
17261.0,0.0,0.0,326.0,0.0,0.3084782257733,415.81364110364115,128.26945425998693,0.0,128.26945425998693,
17262.0,7.0,497.0,541.0,327.15999999999997,2.173117433325946,339.1439176930792,736.9995599452901,298.0,438.9995599452901,1.47315288572245
17263.0,0.0,0.0,25.0,0.0,1.2729102238644605,415.81364110364115,529.2934349831323,0.0,529.2934349831323,
17264.0,0.0,0.0,241.0,0.0,0.3922126493151948,415.81364110364115,163.08736979865665,0.0,163.08736979865665,
17266.0,1.0,141.0,457.0,90.41,0.46661921795754213,260.42593282880307,121.51974511243948,310.64,189.12025488756052,0.6088084434958811
17268.0,8.0,488.0,548.0,136.37875,2.411395234715907,169.99830417482264,409.9331005969526,487.16,77.22689940304741,0.1585247134474247
17269.0,0.0,0.0,202.0,0.0,0.44804495249921666,415.81364110364115,186.30320307680722,0.0,186.30320307680722,
17270.0,1.0,263.0,549.0,214.78,0.42864335798454073,319.81546274493087,137.08677388636696,0.0,137.08677388636696,
17271.0,0.0,0.0,553.0,0.0,0.19651133428484613,415.81364110364115,81.71209342711667,0.0,81.71209342711667,
17272.0,1.0,63.0,79.0,751.76,1.8826602115536166,576.2357391328243,1084.8560985405575,739.1899999999999,345.6660985405575,0.46762821269302557
17273.0,0.0,0.0,241.0,0.0,0.3922126493151948,415.81364110364115,163.08736979865665,0.0,163.08736979865665,
17274.0,0.0,0.0,212.0,0.0,0.43226434014170195,415.81364110364115,179.7414091935839,111.98,67.7614091935839,0.605120639342596
17275.0,0.0,0.0,200.0,0.0,0.4513406242773273,415.81364110364115,187.67358835874592,0.0,187.67358835874592,
17276.0,0.0,0.0,219.0,0.0,0.42186450663291003,415.81364110364115,175.4170165554215,0.0,175.4170165554215,
17277.0,1.0,95.0,139.0,348.33000000000004,1.331534009743507,383.5886533881637,510.76133773805395,0.0,510.76133773805395,
17278.0,1.0,324.0,382.0,246.04,0.6271212747666156,334.74283031892907,209.92435046859168,0.0,209.92435046859168,
17280.0,0.0,0.0,255.0,0.0,0.3754235478867482,415.81364110364115,156.10623240283596,0.0,156.10623240283596,
17281.0,5.0,299.0,490.0,137.07,1.4676614273483342,187.1155528257779,274.62227933935384,0.0,274.62227933935384,
17282.0,2.0,249.0,365.0,510.85,1.0133378071780952,477.24354008489445,483.6089223995383,961.56,477.95107760046164,0.49705798660558015
17283.0,0.0,0.0,195.0,0.0,0.45979632200667614,415.81364110364115,191.18958281965826,0.0,191.18958281965826,
17284.0,2.0,154.0,206.0,464.225,1.6182202568899746,447.1059267202618,723.5158675942922,724.1299999999999,0.6141324057076645,0.0008480968965623087
17285.0,1.0,35.0,480.0,207.94,0.304298745310567,316.5492057325781,96.32552613348007,0.0,96.32552613348007,
17286.0,0.0,0.0,217.0,0.0,0.42478438188081136,415.81364110364115,176.63114051381973,153.92,22.711140513819743,0.14755158857731124
17287.0,14.0,531.0,553.0,235.57,4.122354527738596,248.6354548801018,1024.963493181333,563.77,461.193493181333,0.8180525625367313
17288.0,6.0,187.0,211.0,250.5583333333333,4.050644951823967,276.0459140066283,1118.163988042582,756.03,362.13398804258213,0.4789942039900297
17289.0,5.0,265.0,458.0,217.438,1.4877105945451452,253.05430531513548,376.4715710125889,944.41,567.938428987411,0.6013685041321154
17290.0,4.0,345.0,543.0,214.8175,1.1795062651140125,257.9882695366115,304.2987802443558,525.24,220.94121975564423,0.42064812229770054
17291.0,0.0,0.0,125.0,0.0,0.6234265191147551,415.81364110364115,259.2292508736751,0.0,259.2292508736751,
17292.0,1.0,107.0,396.0,130.39999999999998,0.5180635073429554,279.52207580014624,144.8101869688072,0.0,144.8101869688072,
17293.0,9.0,428.0,553.0,250.32888888888888,2.466498195153469,268.2663764993858,661.6785334560959,1405.76,744.0814665439041,0.5293090332232415
17294.0,0.0,0.0,486.0,0.0,0.22008435928805245,415.81364110364115,91.51407878552706,0.0,91.51407878552706,
17296.0,0.0,0.0,547.0,0.0,0.19841439794361443,415.81364110364115,82.50341325632112,0.0,82.50341325632112,
17298.0,2.0,267.0,458.0,160.61,0.8081540238414558,250.8543131716728,202.72892258767206,498.42,295.69107741232796,0.5932568464594679
17299.0,1.0,42.0,298.0,119.25,0.5988044409310377,274.1976948516472,164.19079737021988,669.11,504.9192026297801,0.7546131467617881
17300.0,1.0,91.0,298.0,237.84,0.6830648322600558,330.8271420877459,225.97638631723981,0.0,225.97638631723981,
17301.0,0.0,0.0,441.0,0.0,0.23937241714944937,415.81364110364115,99.53431635469221,197.63,98.09568364530779,0.4963602876350139
17302.0,1.0,97.0,122.0,120.27,1.4625404955203236,274.68476826577,401.73759709130456,832.51,430.7724029086954,0.5174381123454318
17303.0,0.0,0.0,178.0,0.0,0.49108244195186285,415.81364110364115,204.19877827007159,0.0,204.19877827007159,
17304.0,0.0,0.0,351.0,0.0,0.2902584234732097,415.81364110364115,120.6934119253979,0.0,120.6934119253979,
17305.0,0.0,0.0,465.0,0.0,0.22868327133665153,415.81364110364115,95.089623713985,0.0,95.089623713985,
17306.0,8.0,199.0,220.0,444.4575,5.121039680731664,441.0112812327633,2258.436270843292,5435.65,3177.213729156708,0.5845140377244135
17307.0,10.0,294.0,506.0,384.725,1.1976028529680733,387.79106284140306,464.4196832143857,0.0,464.4196832143857,
17308.0,1.0,59.0,269.0,666.72,0.7094863545136456,535.627187037725,380.0201803097941,0.0,380.0201803097941,
17309.0,1.0,292.0,490.0,27.75,0.4889612848139671,230.5043444671036,112.70770042583622,82.75,29.957700425836222,0.3620265912487761
17310.0,1.0,147.0,351.0,260.09999999999997,0.6225651967685837,341.4568030665431,212.57912178909393,0.0,212.57912178909393,
17311.0,4.0,358.0,491.0,557.1775,1.3662523914230351,526.8147948270985,719.7619732695588,828.39,108.6280267304412,0.13113150415920183
17314.0,11.0,480.0,553.0,273.57363636363635,3.1751328050198455,286.44189323687056,909.4910519483799,1740.92,831.4289480516202,0.4775802150883557
17315.0,23.0,247.0,255.0,238.4817391304348,12.673016727354298,246.53456671503406,3124.336687850671,3359.8599999999997,235.52331214932883,0.07009914465166074
17316.0,0.0,0.0,237.0,0.0,0.3972893552292657,415.81364110364115,165.19833336959886,0.0,165.19833336959886,
17318.0,0.0,0.0,542.0,0.0,0.20002868383366348,415.81364110364115,83.17465535004465,0.0,83.17465535004465,
17319.0,0.0,0.0,486.0,0.0,0.22008435928805245,415.81364110364115,91.51407878552706,0.0,91.51407878552706,
17320.0,4.0,451.0,504.0,570.3975,1.3986747668358466,537.1953494022248,751.3615800704579,290.52,460.8415800704579,1.586264560341656
17321.0,2.0,183.0,394.0,312.33,0.8682930046153735,348.92356142222667,302.967887528402,700.86,397.892112471598,0.5677198191815741
17322.0,4.0,360.0,553.0,202.01,1.1744433443169162,247.93161653200258,291.18163688174434,0.0,291.18163688174434,
17323.0,6.0,483.0,515.0,131.815,1.9787444650181862,175.6165478830858,347.5002720892573,623.6999999999999,276.19972791074264,0.442840673257564
17324.0,8.0,390.0,538.0,239.10375,2.16872484219049,260.3641864963945,564.6582792714485,288.0,276.65827927144846,0.960619025248085
17325.0,2.0,361.0,458.0,253.835,0.8529053744603862,311.11338032272664,265.3502741437917,0.0,265.3502741437917,
17326.0,1.0,121.0,346.0,149.35,0.6129832477111427,288.5711357978195,176.88927201704058,0.0,176.88927201704058,
17327.0,1.0,153.0,379.0,148.1,0.5793178137477212,287.97423210404156,166.82860255819216,0.0,166.82860255819216,
17328.0,0.0,0.0,490.0,0.0,0.2185193098355942,415.81364110364115,90.86330987419313,0.0,90.86330987419313,
17329.0,2.0,421.0,553.0,222.63,0.7196580104982555,290.9429947990084,209.37945680545866,279.75,70.37054319454134,0.25154796494920945
17330.0,1.0,103.0,464.0,9.95,0.42660948086742717,222.00443586770604,94.7091971357881,363.9,269.1908028642119,0.7397383975383675
17332.0,4.0,128.0,473.0,139.7275,0.39268960302550454,199.02640546352274,78.15560015306386,0.0,78.15560015306386,
17334.0,2.0,104.0,223.0,153.51,1.4123555658024323,246.2649929595786,347.8137334687576,0.0,347.8137334687576,
17335.0,1.0,301.0,501.0,353.23,0.47998002156914765,385.92851586777317,185.23797737036293,0.0,185.23797737036293,
17336.0,0.0,0.0,289.0,0.0,0.3400769635864896,415.81364110364115,141.40864048436862,0.0,141.40864048436862,
17337.0,2.0,99.0,127.0,483.375,2.274678967478363,459.48416363034687,1045.1789628993365,32.95,1012.2289628993365,30.720150619099737
17338.0,13.0,434.0,456.0,682.286923076923,4.53203767985725,661.600374100909,2998.3978244329724,2991.8900000000003,6.507824432972029,0.0021751549799531493
17339.0,1.0,144.0,326.0,120.0,0.6680236710841214,274.555837067914,183.40979819568184,183.36,0.04979819568183075,0.00027158701833459177
17340.0,10.0,471.0,480.0,1498.735,3.398248361613444,1391.9337754754283,4730.13667198379,6550.48,1820.3433280162099,0.2778946471123047
17341.0,1.0,174.0,357.0,1027.2,0.6267068896395362,707.7646618641762,443.560989833676,267.76,175.800989833676,0.6565618084615925
17342.0,3.0,290.0,486.0,304.98333333333335,1.0296648198587735,334.6022243272909,344.52813903630494,0.0,344.52813903630494,
17343.0,5.0,381.0,553.0,212.52799999999996,1.4326264648045304,249.0258452971837,356.76101639306415,0.0,356.76101639306415,
17344.0,0.0,0.0,545.0,0.0,0.1990569740004124,415.81364110364115,82.77060514618431,160.57,77.79939485381568,0.4845201149269209
17345.0,4.0,542.0,555.0,216.34,1.3001057029609309,259.1837607877938,336.96628551507246,409.41,72.44371448492757,0.1769466170463046
17346.0,16.0,413.0,417.0,214.3375,6.00968540018286,227.23333074745375,1365.6008302278956,1711.79,346.1891697721044,0.202238107345004
17348.0,4.0,342.0,456.0,261.4075,1.46999515434675,294.5714796466822,433.0186476893751,999.37,566.3513523106249,0.566708378589136
17349.0,3.0,251.0,448.0,201.80000000000004,1.0798793602911592,258.9941631724578,279.6824512458178,110.75,168.9324512458178,1.5253494469148332
17350.0,2.0,282.0,493.0,138.86,0.7537025012788343,236.7954801275814,178.47334566368062,1286.07,1107.5966543363193,0.8612257920146799
17351.0,8.0,456.0,546.0,180.26,2.3667728770499314,208.6000843999234,493.7090219080652,388.5499999999999,105.15902190806531,0.27064476105537344
17352.0,0.0,0.0,513.0,0.0,0.2099354813681592,415.81364110364115,87.2940369045399,0.0,87.2940369045399,
17353.0,1.0,133.0,441.0,1160.0,0.47989774475462016,771.1797102911422,370.0874037692405,1740.0,1369.9125962307594,0.7873060897877927
17354.0,0.0,0.0,245.0,0.0,0.3872642413601149,415.81364110364115,161.0297542691887,1393.06,1232.0302457308112,0.8844057296389325
17355.0,0.0,0.0,203.0,0.0,0.44641513332960087,415.81364110364115,185.62550203354877,0.0,185.62550203354877,
17356.0,4.0,377.0,505.0,161.2225,1.342514311431996,215.90462184720957,289.855044734192,0.0,289.855044734192,
17358.0,4.0,350.0,470.0,187.2075,1.428825901278924,236.3084577499824,337.64364512445115,0.0,337.64364512445115,
17359.0,0.0,0.0,465.0,0.0,0.22868327133665153,415.81364110364115,95.089623713985,127.86,32.770376286014994,0.2562988916472313
17360.0,2.0,250.0,251.0,364.145,1.4305839238909503,382.4159032235874,547.0780433919015,254.84,292.23804339190144,1.146751072798232
17361.0,2.0,490.0,493.0,131.95999999999998,0.8201643158149772,232.33543654118,190.55323435037093,224.28,33.72676564962907,0.15037794564664292
17362.0,6.0,463.0,519.0,145.49,1.947918662792185,187.1824315683968,364.6161517989012,0.0,364.6161517989012,
17363.0,1.0,7.0,219.0,197.64,0.7086820022668099,311.63071929584805,220.8470821184278,0.0,220.8470821184278,
17364.0,19.0,528.0,549.0,467.50894736842105,5.568604895296712,464.69410132474525,2587.6978474524826,2379.33,208.3678474524827,0.08757416896877807
17365.0,9.0,477.0,493.0,540.8566666666667,3.0013783038712587,527.3028032937736,1582.6351933764265,2899.33,1316.6948066235734,0.45413761338777353
17366.0,1.0,24.0,273.0,610.25,0.6090977545809968,508.66146576761366,309.8245566409321,0.0,309.8245566409321,
17367.0,0.0,0.0,55.0,0.0,0.9691732286041986,415.81364110364115,402.9954490460834,0.0,402.9954490460834,
17368.0,7.0,465.0,541.0,228.15285714285713,2.1383734015828906,253.52024601948148,542.1209508508099,1023.75,481.6290491491901,0.47045572566465454
17369.0,0.0,0.0,272.0,0.0,0.3568760288202127,415.81364110364115,148.39392096634063,0.0,148.39392096634063,
17371.0,2.0,370.0,548.0,89.0,0.7110717587532212,204.56681734236776,145.4616865901864,326.26,180.7983134098136,0.554154090019658
17372.0,22.0,493.0,553.0,163.5309090909091,6.078782671128774,175.48340735014736,1066.7254956707077,597.38,469.3454956707077,0.7856732660462481
17373.0,3.0,337.0,466.0,167.3766666666667,1.1321829960938468,233.77030765490127,264.6707673185065,501.67,236.99923268149354,0.4724205806237039
17374.0,2.0,177.0,212.0,247.885,1.6021473095132803,307.267400708366,492.2876393460476,0.0,492.2876393460476,
17375.0,3.0,232.0,248.0,133.36666666666667,1.9802610752923218,208.84932403471834,413.57618698706585,0.0,413.57618698706585,
17376.0,2.0,211.0,339.0,107.52,1.0612482607574516,216.5378328815205,229.80039853370135,97.35,132.45039853370136,1.3605587933610823
17377.0,55.0,482.0,554.0,268.346,4.425208696427613,271.22241933272636,1200.2158086973175,2503.3,1303.0841913026827,0.5205465550683828
17378.0,0.0,0.0,191.0,0.0,0.4667929378667515,415.81364110364115,194.09887113583966,0.0,194.09887113583966,
17380.0,2.0,100.0,351.0,150.89999999999998,0.7967695300442234,244.5779329942876,194.8722447310461,0.0,194.8722447310461,
17381.0,19.0,345.0,365.0,1337.0394736842106,7.854538246136751,1286.8780745643444,10107.833054780463,6457.48,3650.353054780464,0.5652906481755211
17382.0,5.0,134.0,386.0,123.096,0.700999667696058,175.65044075024684,123.13090059658916,65.4,57.73090059658915,0.8827354831282744
17383.0,0.0,0.0,270.0,0.0,0.3589622872802103,415.81364110364115,149.2614156928755,199.29,50.028584307124504,0.25103409256422554
17384.0,1.0,248.0,284.0,227.65,0.8012371529619492,325.96118317606835,261.1722103841014,108.75,152.4222103841014,1.4015835437618518
17386.0,0.0,0.0,202.0,0.0,0.44804495249921666,415.81364110364115,186.30320307680722,2686.42,2500.116796923193,0.9306500089052318
17388.0,8.0,518.0,546.0,245.78125,2.4523469830287117,266.23829873005036,652.9086886573358,496.36,156.5486886573358,0.31539344156929605
17389.0,33.0,550.0,552.0,897.2878787878788,9.567584345153527,881.8365343783247,8437.0454213025,26706.14,18269.0945786975,0.6840784395909517
17390.0,0.0,0.0,237.0,0.0,0.3972893552292657,415.81364110364115,165.19833336959886,0.0,165.19833336959886,
17392.0,2.0,144.0,267.0,225.955,1.2576810449125473,293.09221870115107,368.6165278718005,0.0,368.6165278718005,
17393.0,1.0,78.0,305.0,186.55,0.6501288152361565,306.33498972465037,199.15720393506712,0.0,199.15720393506712,
17394.0,0.0,0.0,36.0,0.0,1.1415710221851973,415.81364110364115,474.6808033132324,0.0,474.6808033132324,
17395.0,0.0,0.0,325.0,0.0,0.30925476421899684,415.81364110364115,128.59234953854912,0.0,128.59234953854912,
17396.0,6.0,70.0,258.0,268.40000000000003,0.5097336963682868,291.13583294035834,148.4017442699489,6915.299999999999,6766.898255730051,0.9785400858574539
17397.0,0.0,0.0,233.0,0.0,0.40249942127263055,415.81364110364115,167.36474990148085,696.41,529.0452500985191,0.7596749760895437
17398.0,1.0,45.0,72.0,222.77,1.9547563200476112,323.63087115555936,632.6194907538438,124.93,507.6894907538438,4.063791649354389
17400.0,6.0,512.0,539.0,510.0516666666667,1.9051109887757047,495.51719082176305,944.0152453618085,817.44,126.57524536180847,0.15484346907639515
17401.0,0.0,0.0,358.0,0.0,0.2855366275793172,415.81364110364115,118.73002478221022,0.0,118.73002478221022,
17402.0,11.0,490.0,540.0,283.3636363636364,3.300008358362524,295.34620545150216,974.6449466006123,1814.48,839.8350533993877,0.46285164531953377
17403.0,0.0,0.0,267.0,0.0,0.3621378769035189,415.81364110364115,150.58186917679438,281.62,131.03813082320562,0.46530122442726235
17404.0,13.0,490.0,518.0,2284.7592307692307,4.053517685757914,2139.6713848590384,8673.195800236239,17928.2,9255.004199763762,0.5162260684153324
17406.0,10.0,400.0,550.0,449.835,2.4589690942075184,446.47970299687864,1097.8797908602764,0.0,1097.8797908602764,
17407.0,0.0,0.0,228.0,0.0,0.40920769222991166,415.81364110364115,170.15414047373773,0.0,170.15414047373773,
17408.0,1.0,14.0,331.0,12.75,0.4429414721423854,223.34150014176856,98.92721286328376,32.65,66.27721286328375,2.029929949870865
17409.0,7.0,544.0,545.0,984.8385714285714,2.186170817899862,907.919588232471,1984.867308793487,0.0,1984.867308793487,
17410.0,0.0,0.0,32.0,0.0,1.1860486013105702,415.81364110364115,493.175187436829,912.32,419.14481256317106,0.4594274076674533
17411.0,2.0,475.0,553.0,293.81,0.7311306184651318,336.9525458830739,246.35632326489252,493.36,247.0036767351075,0.5006560660270543
17412.0,12.0,541.0,554.0,285.29833333333335,3.563024449861431,296.2041307834919,1055.3825601315348,548.24,507.14256013153476,0.9250375020639405
17413.0,1.0,165.0,386.0,340.29999999999995,0.5752102475966183,379.75414405933435,218.43847523021157,0.0,218.43847523021157,
17414.0,4.0,552.0,553.0,457.46,1.30724444121986,448.51502547421217,586.3187738547479,180.0,406.31877385474786,2.257326521415266
17416.0,10.0,528.0,542.0,1319.364,3.0544347015164615,1230.2529265531766,3757.727230506205,3445.41,312.3172305062053,0.09064733384595892
17417.0,0.0,0.0,365.0,0.0,0.28096612925881287,415.81364110364115,116.82954923390326,0.0,116.82954923390326,
17418.0,1.0,64.0,204.0,167.39,0.9403295212669843,297.18564990642244,279.45243990392385,296.07,16.617560096076147,0.05612713242164403
17419.0,11.0,434.0,500.0,373.0954545454546,3.469713614979483,376.9601099129391,1307.9436256690872,2180.77,872.8263743309128,0.4002377024312114
17420.0,2.0,28.0,218.0,202.85,0.9757717747208371,278.157536517991,271.4182730601362,467.98,196.56172693986383,0.42002163968516565
17421.0,2.0,349.0,552.0,464.305,0.697252732829772,447.15763737053885,311.7818846623124,0.0,311.7818846623124,
17422.0,6.0,314.0,351.0,322.7033333333333,2.7191629747992545,337.06387952595276,916.5316213491674,1351.3,434.7683786508326,0.32174082635301754
17423.0,1.0,176.0,210.0,449.42,1.0084781385869726,431.86144891137155,435.5228301256129,248.99,186.53283012561292,0.749157918493164
17426.0,3.0,378.0,477.0,1237.4766666666667,1.1303401099315649,1017.8909948633029,1150.5630190321358,3843.38,2692.8169809678643,0.7006377149716823
17428.0,21.0,526.0,555.0,979.0109523809524,6.049826065328211,951.1204440974715,5754.113253967426,9968.03,4213.916746032574,0.4227431845643095
17429.0,3.0,244.0,246.0,226.56000000000003,2.0032088979134812,277.137166831256,555.1636385389049,148.78,406.38363853890496,2.731439968671226
17430.0,2.0,114.0,296.0,185.605,1.0559895219860211,267.0106594676298,281.9604586563947,153.16,128.80045865639468,0.8409536344763299
17431.0,0.0,0.0,130.0,0.0,0.60796027331741,415.81364110364115,252.7981748944771,0.0,252.7981748944771,
17432.0,4.0,351.0,553.0,302.695,1.1594380922014524,326.99108229573864,379.1259166238593,365.76,13.365916623859334,0.03654286041081402
17433.0,0.0,0.0,202.0,0.0,0.44804495249921666,415.81364110364115,186.30320307680722,303.15999999999997,116.85679692319275,0.3854624519171156
17435.0,0.0,0.0,228.0,0.0,0.40920769222991166,415.81364110364115,170.15414047373773,0.0,170.15414047373773,
17436.0,3.0,506.0,549.0,121.21999999999998,1.022149876033558,199.94879827641716,204.37763937129867,93.9,110.47763937129866,1.1765456802055234
17437.0,0.0,0.0,346.0,0.0,0.2937279808988106,415.81364110364115,122.13610123155517,0.0,122.13610123155517,
17438.0,4.0,388.0,458.0,289.76,1.5058761528043574,316.83431426024254,477.1132382346208,0.0,477.1132382346208,
17439.0,0.0,0.0,472.0,0.0,0.22574322303908761,415.81364110364115,93.8671115263544,0.0,93.8671115263544,
17440.0,1.0,302.0,366.0,124.62,0.6486016095859771,276.76199312011715,179.50827420993113,61.8,117.70827420993113,1.9046646312286593
17441.0,0.0,0.0,549.0,0.0,0.197775959117483,415.81364110364115,82.23794168340548,0.0,82.23794168340548,
17442.0,9.0,442.0,479.0,296.55555555555554,3.0504871483367593,309.482368469378,944.071987652659,1433.73,489.658012347341,0.3415273533701192
17443.0,0.0,0.0,36.0,0.0,1.1415710221851973,415.81364110364115,474.6808033132324,0.0,474.6808033132324,
17446.0,0.0,0.0,127.0,0.0,0.6171462552017364,415.81364110364115,256.61783146891094,52.8,203.81783146891092,3.860186202062707
17448.0,12.0,116.0,462.0,1170.865,0.0005456112104892722,1107.773265204551,0.6044135121759086,0.0,0.6044135121759086,
17449.0,8.0,496.0,547.0,431.4125,2.426305954528701,429.53575984181754,1042.1851717872119,1198.17,155.98482821278822,0.13018589032673844
17450.0,13.0,246.0,255.0,5303.473846153845,7.304212572107686,4924.040600684891,35966.23926109126,138790.53,102824.29073890875,0.7408595582055112
17454.0,9.0,501.0,510.0,154.33777777777777,2.9206488946154265,182.68008724182482,533.5443948710854,0.0,533.5443948710854,
17455.0,0.0,0.0,20.0,0.0,1.3432480897557628,415.81364110364115,558.5408791068543,0.0,558.5408791068543,
17456.0,1.0,91.0,273.0,499.72,0.7459210127221763,455.880853548995,340.05110795991646,0.0,340.05110795991646,
17457.0,12.0,528.0,549.0,440.7808333333333,3.582164912785165,438.6945865473594,1571.4763553587456,340.06,1231.4163553587457,3.621173779211744
17458.0,0.0,0.0,198.0,0.0,0.45468523386735527,415.81364110364115,189.0643226504456,316.5,127.4356773495544,0.4026403707726837
17460.0,14.0,461.0,503.0,130.68857142857144,4.420995784345493,151.3566444336182,669.1470869737058,159.85000000000002,509.29708697370575,3.1860937564823626
17462.0,0.0,0.0,101.0,0.0,0.7101914553863702,415.81364110364115,295.3072949449007,212.28,83.02729494490072,0.39112160799369095
17463.0,3.0,356.0,406.0,385.22,1.3183847072046344,393.3960101472873,518.6472836535028,952.65,434.0027163464972,0.4555741524657505
17464.0,1.0,97.0,436.0,384.69,0.4533497269933229,400.9513880327758,181.77120230225276,289.96000000000004,108.18879769774728,0.3731162839624337
17465.0,5.0,311.0,553.0,426.884,1.2013196640318553,424.89643096074053,510.4364376900913,0.0,510.4364376900913,
17467.0,0.0,0.0,212.0,0.0,0.43226434014170195,415.81364110364115,179.7414091935839,0.0,179.7414091935839,
17468.0,0.0,0.0,192.0,0.0,0.46502385731198637,415.81364110364115,193.36326330895716,137.0,56.36326330895716,0.4114106810872785
17469.0,9.0,519.0,540.0,349.7033333333333,2.769583922442886,356.86926741901345,988.3793854576704,1565.61,577.2306145423295,0.36869374527649257
17470.0,8.0,291.0,325.0,248.24375,3.7644599188722094,268.404528812473,1010.3980907583357,501.96,508.4380907583357,1.0129055915976088
17471.0,0.0,0.0,291.0,0.0,0.3382041309842908,415.81364110364115,140.62989114087074,0.0,140.62989114087074,
17472.0,3.0,437.0,445.0,236.76333333333332,1.235004047364365,284.613706168841,351.4990790538908,0.0,351.4990790538908,
17473.0,1.0,48.0,273.0,308.9,0.6759462576017106,364.75992327163306,246.55810505854745,0.0,246.55810505854745,
17474.0,0.0,0.0,416.0,0.0,0.25162474340337293,415.81364110364115,104.62900074632591,0.0,104.62900074632591,
17476.0,1.0,342.0,554.0,229.5,0.4405337314566046,326.84460064285963,143.9860715276427,0.0,143.9860715276427,
17477.0,1.0,35.0,464.0,412.58,0.32027929500763086,414.2695032483487,132.68194444354256,0.0,132.68194444354256,
17478.0,1.0,225.0,450.0,566.6,0.5148260849379904,487.81758878088874,251.1412193959555,0.0,251.1412193959555,
17479.0,0.0,0.0,449.0,0.0,0.23569997093897005,415.81364110364115,98.00726312415554,0.0,98.00726312415554,
17480.0,0.0,0.0,261.0,0.0,0.36866088965189153,415.81364110364115,153.2942268586607,511.82,358.5257731413393,0.700491917356374
17482.0,1.0,91.0,395.0,525.35,0.502175293793753,468.11976688621746,235.0781814667494,0.0,235.0781814667494,
17483.0,0.0,0.0,231.0,0.0,0.40515611966293186,415.81364110364115,168.46944133246623,414.04,245.5705586675338,0.5931082954968935
17484.0,1.0,48.0,441.0,75.72,0.37361683886824226,253.411120619525,94.67866181992578,0.0,94.67866181992578,
17486.0,0.0,0.0,78.0,0.0,0.8196220192999285,415.81364110364115,340.81001617382213,0.0,340.81001617382213,
17487.0,0.0,0.0,545.0,0.0,0.1990569740004124,415.81364110364115,82.77060514618431,0.0,82.77060514618431,
17488.0,0.0,0.0,458.0,0.0,0.23170096097149712,415.81364110364115,96.34442022877087,0.0,96.34442022877087,
17489.0,0.0,0.0,29.0,0.0,1.2217682172631852,415.81364110364115,508.02789100490946,168.07999999999998,339.9478910049095,2.0225362387250683
17490.0,1.0,181.0,386.0,305.04,0.5830489445537314,362.91668466524686,211.5981899550115,2092.3199999999997,1880.7218100449882,0.8988691070414604
17491.0,9.0,406.0,407.0,370.50666666666666,3.5496494109459165,375.4176526140468,1332.60104946015,2234.01,901.4089505398501,0.40349369543549496
17492.0,2.0,270.0,335.0,383.91,1.1138180437608618,395.1916657576778,440.17160806481303,0.0,440.17160806481303,
17493.0,0.0,0.0,202.0,0.0,0.44804495249921666,415.81364110364115,186.30320307680722,0.0,186.30320307680722,
17494.0,0.0,0.0,318.0,0.0,0.3148020848270052,415.81364110364115,130.89900111893434,0.0,130.89900111893434,
17495.0,0.0,0.0,207.0,0.0,0.4400129431893274,415.81364110364115,182.9633840402838,497.56000000000006,314.59661595971625,0.6322787522303164
17496.0,3.0,336.0,511.0,352.74333333333334,1.0178280097521932,369.5985835657483,376.18779071795524,0.0,376.18779071795524,
17497.0,1.0,220.0,427.0,82.65,0.5412172378376273,256.7203546978298,138.94148126625538,0.0,138.94148126625538,
17499.0,1.0,272.0,378.0,622.88,0.6238728122795868,514.6925806895457,321.10270777422505,0.0,321.10270777422505,
17501.0,0.0,0.0,37.0,0.0,1.1309715792570132,415.81364110364115,470.2734103555939,0.0,470.2734103555939,
17504.0,14.0,463.0,486.0,659.7407142857144,4.605710719180252,642.0589910960285,2957.137977637037,0.0,2957.137977637037,
17505.0,2.0,400.0,422.0,426.23,0.9336425297063295,422.5465997542732,394.50747631338754,658.85,264.3425236866125,0.40121806736982996
17507.0,1.0,48.0,126.0,265.02,1.3650936108238279,343.80621600525296,469.3276688302877,0.0,469.3276688302877,
17508.0,7.0,452.0,549.0,566.8971428571429,2.08000772510995,546.4741548415745,1136.670463643406,0.0,1136.670463643406,
17510.0,0.0,0.0,237.0,0.0,0.3972893552292657,415.81364110364115,165.19833336959886,308.48,143.28166663040116,0.46447635707469254
17511.0,36.0,531.0,554.0,3255.0813888888893,10.271644311994935,3171.333474278899,32574.809442515987,55311.98,22737.170557484016,0.41107135484001867
17512.0,12.0,529.0,546.0,248.36333333333337,3.6041470672822697,262.3554019320878,945.5674524591952,1622.57,677.0025475408047,0.4172408879375341
17513.0,1.0,71.0,296.0,258.6,0.6606382066272141,340.7405186340096,225.10620515559893,513.2,288.09379484440115,0.5613674880054581
17514.0,0.0,0.0,486.0,0.0,0.22008435928805245,415.81364110364115,91.51407878552706,208.65,117.13592121447294,0.5613990952047588
17515.0,7.0,344.0,367.0,198.05571428571423,3.0390484406041307,227.49153936311671,691.3578079521131,67.65,623.7078079521132,9.21962761200463
17516.0,2.0,161.0,195.0,227.605,1.7023756811043764,294.15875086311667,500.7687038534108,312.87,187.89870385341078,0.6005647836271
17517.0,0.0,0.0,125.0,0.0,0.6234265191147551,415.81364110364115,259.2292508736751,0.0,259.2292508736751,
17518.0,1.0,196.0,438.0,175.87,0.5185938505861691,301.23504456501183,156.21864169246575,0.0,156.21864169246575,
17519.0,11.0,532.0,555.0,355.6918181818182,3.264846990678993,361.13095650622466,1179.0373165903738,888.4200000000001,290.6173165903738,0.32711703540034415
17521.0,2.0,235.0,251.0,234.655,1.4236666498017072,298.71575191878765,425.2716537772183,563.65,138.37834622278166,0.2455040294913185
17522.0,1.0,12.0,35.0,100.98,2.620859537968547,265.4733504633892,695.7683626384402,817.7299999999999,121.96163736155972,0.14914658550078844
17524.0,1.0,77.0,255.0,145.0,0.7791912335707104,286.4939109434724,223.23354387854147,0.0,223.23354387854147,
17525.0,2.0,69.0,245.0,364.80000000000007,1.1312910602973876,382.83928417273137,433.1026597152621,0.0,433.1026597152621,
17526.0,9.0,432.0,539.0,345.97999999999996,2.5949189831527306,353.54951958006905,917.4323598428492,323.1,594.3323598428492,1.8394687707918576
17527.0,0.0,0.0,35.0,0.0,1.1523724680002014,415.81364110364115,479.17219182675296,647.26,168.08780817324703,0.2596913267825094
17529.0,1.0,87.0,514.0,381.98,0.35782314965944845,399.6573008246653,143.00663416547542,0.0,143.00663416547542,
17530.0,6.0,527.0,550.0,309.34999999999997,1.8739257794222295,325.7700513618197,610.4688974106177,1017.14,406.67110258938226,0.39981821832725317
17531.0,2.0,428.0,435.0,353.34000000000003,0.9127543385838145,375.4317335205342,342.67694361291007,0.0,342.67694361291007,
17532.0,0.0,0.0,202.0,0.0,0.44804495249921666,415.81364110364115,186.30320307680722,0.0,186.30320307680722,
17533.0,0.0,0.0,251.0,0.0,0.3800717340346132,415.81364110364115,158.0390116095072,0.0,158.0390116095072,
17534.0,3.0,201.0,469.0,314.42333333333335,0.8850376815415816,341.51942766085534,302.2575624583713,223.36,78.89756245837128,0.3532304909490118
17535.0,0.0,0.0,97.0,0.0,0.7270657174884144,415.81364110364115,302.3238433104889,0.0,302.3238433104889,
17536.0,1.0,262.0,499.0,253.55,0.4732374309849072,338.3290277111468,160.1099599016446,76.5,83.6099599016446,1.0929406523090797
17537.0,0.0,0.0,120.0,0.0,0.6397028686481296,415.81364110364115,265.9971790370231,266.92,0.922820962976914,0.003457294181690821
17539.0,2.0,98.0,543.0,425.01,0.35418817572070443,421.75801233754703,149.38170098542616,0.0,149.38170098542616,
17540.0,4.0,283.0,416.0,239.83750000000003,1.541983748522319,277.63437206835584,428.10768976060365,310.1,118.00768976060363,0.38054720980523576
17541.0,0.0,0.0,326.0,0.0,0.3084782257733,415.81364110364115,128.26945425998693,0.0,128.26945425998693,
17542.0,1.0,372.0,458.0,170.75,0.5353712590204396,298.7901270352975,159.9636464937643,0.0,159.9636464937643,
17543.0,0.0,0.0,366.0,0.0,0.2803251283689037,415.81364110364115,116.56301231991945,0.0,116.56301231991945,
17544.0,0.0,0.0,207.0,0.0,0.4400129431893274,415.81364110364115,182.9633840402838,0.0,182.9633840402838,
17545.0,1.0,187.0,394.0,462.78,0.5737818449340719,438.24115559046993,251.4548187807395,645.96,394.5051812192605,0.6107269509246092
17547.0,1.0,290.0,482.0,323.3,0.4966575791927209,371.6362538239547,184.5759621644569,0.0,184.5759621644569,
17548.0,3.0,163.0,213.0,182.45333333333335,2.169363708947199,244.8178043631329,531.0988600895157,0.0,531.0988600895157,
17550.0,6.0,473.0,487.0,374.34666666666664,2.087418325337714,380.74218200895655,794.7682079545633,0.0,794.7682079545633,
17551.0,0.0,0.0,176.0,0.0,0.4950459647471276,415.81364110364115,205.8468651151679,0.0,205.8468651151679,
17552.0,6.0,255.0,444.0,339.58,1.6405306782049558,351.3376318961489,576.3801635335122,631.89,55.50983646648774,0.08784730960529165
17553.0,2.0,138.0,427.0,727.0,0.6962469129976698,616.9592533023821,429.555975557131,1487.6,1058.044024442869,0.7112422858583416
17555.0,3.0,252.0,403.0,204.42666666666665,1.2349218151649883,260.91886522996083,322.2143986605722,287.81,34.40439866057221,0.11953857982895734
17556.0,1.0,174.0,196.0,157.9,1.065118427944229,292.65395706326046,311.71112267887787,0.0,311.71112267887787,
17557.0,0.0,0.0,549.0,0.0,0.197775959117483,415.81364110364115,82.23794168340548,541.46,459.22205831659454,0.8481181588974154
17558.0,0.0,0.0,210.0,0.0,0.4353307409106088,415.81364110364115,181.01646046238608,0.0,181.01646046238608,
17559.0,0.0,0.0,329.0,0.0,0.30617185773939815,415.81364110364115,127.31043497008518,0.0,127.31043497008518,
17560.0,5.0,456.0,477.0,260.74,1.8003354313383726,288.581876740257,519.5441775376077,368.9,150.64417753760767,0.4083604704191046
17561.0,2.0,343.0,550.0,181.225,0.6974550298245215,264.17950136495756,184.25332200352366,167.62,16.63332200352366,0.09923232313282221
17563.0,1.0,33.0,428.0,32.550000000000004,0.3557218736603561,232.7964546512108,82.81079103001683,0.0,82.81079103001683,
17565.0,0.0,0.0,403.0,0.0,0.258505589828402,415.81364110364115,107.4901505521922,0.0,107.4901505521922,
17567.0,4.0,208.0,258.0,597.98,2.39673772577143,558.8535677508194,1339.4254290103486,2457.51,1118.0845709896516,0.4549664379756955
17568.0,0.0,0.0,450.0,0.0,0.23524882829887922,415.81364110364115,97.81967186032227,0.0,97.81967186032227,
17569.0,0.0,0.0,149.0,0.0,0.5556004161981747,415.81364110364115,231.02623205806148,0.0,231.02623205806148,
17571.0,2.0,265.0,359.0,179.97500000000002,1.039864064299447,263.37152245437767,273.8705817601423,1137.31,863.4394182398577,0.7591944309289971
17572.0,7.0,486.0,541.0,83.7357142857143,2.1629819148734386,128.62495395069365,278.2134491967792,74.55,203.6634491967792,2.731904080439694
17574.0,0.0,0.0,59.0,0.0,0.9393430948097811,415.81364110364115,390.59167249841784,0.0,390.59167249841784,
17575.0,0.0,0.0,484.0,0.0,0.22087532587978534,415.81364110364115,91.84297348402684,0.0,91.84297348402684,
17576.0,28.0,522.0,553.0,233.80714285714288,7.99816171945299,240.6518414445045,1924.7723459573065,2182.65,257.8776540426936,0.1181488805088739
17577.0,1.0,23.0,485.0,236.35,0.2709374295759402,330.11563288476265,89.4406810366323,0.0,89.4406810366323,
17578.0,4.0,311.0,346.0,222.72499999999997,1.925962113676136,264.19736449143835,508.8341145435951,0.0,508.8341145435951,
17579.0,0.0,0.0,395.0,0.0,0.26293035686716626,415.81364110364115,109.33002904561616,448.9,339.56997095438385,0.7564490330906302
17580.0,4.0,170.0,239.0,96.2275,2.477038395722034,164.8695125726004,408.3881129263079,0.0,408.3881129263079,
17581.0,13.0,523.0,553.0,825.39,3.827800299549048,793.5942366687383,3037.720256840995,7625.48,4587.759743159005,0.601635535488783
17582.0,4.0,387.0,440.0,286.78749999999997,1.5686295289006182,314.50025991269615,493.3343945459746,0.0,493.3343945459746,
17583.0,0.0,0.0,377.0,0.0,0.27346258592984746,415.81364110364115,113.70947356110722,0.0,113.70947356110722,
17584.0,3.0,216.0,500.0,1201.6899999999998,0.835895977603591,991.6681505874737,828.9314181936616,1242.3000000000002,413.3685818063386,0.3327445720086441
17585.0,4.0,215.0,295.0,283.59,2.1063028287075967,311.9895319812312,657.1444337392265,611.54,45.60443373922658,0.07457310027018116
17586.0,0.0,0.0,436.0,0.0,0.2417264221199805,415.81364110364115,100.51314373266483,0.0,100.51314373266483,
17587.0,0.0,0.0,445.0,0.0,0.23752199014052341,415.81364110364115,98.7648835625142,0.0,98.7648835625142,
17588.0,4.0,405.0,454.0,423.5125,1.5303620087064265,421.8589077405435,645.5968454405171,843.0,197.4031545594829,0.23416744313105922
17589.0,13.0,455.0,459.0,939.0507692307692,4.537647967843298,898.4314230925096,4076.7655212422887,1191.5,2885.2655212422887,2.4215405130023404
17591.0,5.0,488.0,508.0,411.234,1.7057359120267348,412.05622744119984,702.8591049207107,576.4,126.45910492071073,0.21939469972364806
17592.0,0.0,0.0,555.0,0.0,0.1958850701096041,415.81364110364115,81.4516842401165,0.0,81.4516842401165,
17593.0,6.0,383.0,552.0,664.725,1.6536700504165764,626.3350176994719,1035.751460296753,3264.44,2228.688539703247,0.6827169559566869
17594.0,2.0,350.0,421.0,604.0,0.9229913330398752,537.4541285013134,496.0655025132117,678.18,182.11449748678825,0.2685341612651335
17596.0,8.0,533.0,541.0,363.03,2.4859814812157723,369.38054010120044,918.2731822130643,1539.0700000000002,620.7968177869359,0.403358403312998
17597.0,4.0,370.0,400.0,792.0675,1.7131934698906337,711.254164278794,1218.5159896749497,0.0,1218.5159896749497,
17598.0,0.0,0.0,198.0,0.0,0.45468523386735527,415.81364110364115,189.0643226504456,0.0,189.0643226504456,
17599.0,0.0,0.0,294.0,0.0,0.33543328747586587,415.81364110364115,139.47773661270418,0.0,139.47773661270418,
17601.0,1.0,141.0,197.0,116.01,1.0455619374233283,272.65052047737487,285.07300642980294,0.0,285.07300642980294,
17602.0,7.0,295.0,436.0,386.3742857142857,2.231718543614783,390.3538042939107,871.1598236132963,4335.92,3464.7601763867037,0.7990830495919444
17603.0,2.0,112.0,546.0,554.455,0.3924158228350032,505.429076401566,198.33836690085624,394.72,196.38163309914378,0.4975213647627274
17604.0,5.0,464.0,498.0,157.77,1.7283343344517792,204.09908080370076,352.75144898308406,0.0,352.75144898308406,
17605.0,0.0,0.0,407.0,0.0,0.2563486290813864,415.81364110364115,106.59325685025803,0.0,106.59325685025803,
17606.0,0.0,0.0,554.0,0.0,0.1961977022028778,415.81364110364115,81.58168092914649,0.0,81.58168092914649,
17607.0,0.0,0.0,193.0,0.0,0.46326816183060787,415.81364110364115,192.63322117817592,0.0,192.63322117817592,
17608.0,1.0,158.0,424.0,140.19,0.5178043787871589,284.19702552981494,147.15846425762416,193.42,46.26153574237583,0.23917658847262863
17609.0,5.0,307.0,426.0,188.408,1.8478837879126289,229.2363431316041,423.60212207326765,569.53,145.92787792673232,0.2562250942474186
17610.0,4.0,193.0,550.0,287.86,0.5590025920824558,315.3424039960413,176.27722122730006,0.0,176.27722122730006,
17611.0,17.0,537.0,555.0,344.24764705882353,4.960437884343421,348.5751933165422,1729.0855944697078,1962.28,233.19440553029222,0.11883849681507849
17612.0,12.0,508.0,539.0,314.8966666666667,3.625182664476025,323.3292413683972,1172.127560726898,1382.7,210.57243927310196,0.15229076392066387
17613.0,5.0,111.0,122.0,388.042,5.030426507252369,393.02811242361594,1977.099034831122,2032.14,55.040965168878074,0.027085223050025132
17615.0,4.0,282.0,302.0,138.29999999999998,2.1616793077465086,197.90550972555053,427.80824526274796,57.3,370.50824526274795,6.466112482770471
17616.0,2.0,197.0,268.0,367.2,1.3189090994944819,384.3906036810448,506.97626495510707,163.2,343.7762649551071,2.106472211734725
17617.0,0.0,0.0,375.0,0.0,0.2746851962748398,415.81364110364115,114.21785162030946,0.0,114.21785162030946,
17618.0,9.0,436.0,501.0,370.2322222222222,2.885561191535471,375.1729561902273,1082.5845224961574,304.8,777.7845224961575,2.5517864911291257
17619.0,0.0,0.0,129.0,0.0,0.6109916389342958,415.81364110364115,254.05865806915074,0.0,254.05865806915074,
17621.0,4.0,119.0,248.0,353.79499999999996,2.018166996559906,367.11561624346575,740.9006206243143,478.12,262.78062062431434,0.5496122743752915
17622.0,1.0,1.0,415.0,393.33,0.2717502999239014,405.07718636416877,110.07984688679295,0.0,110.07984688679295,
17623.0,5.0,316.0,542.0,331.91400000000004,1.276545031064553,346.9773173344927,442.93217033545517,527.0500000000001,84.1178296645449,0.15960123264309817
17624.0,2.0,501.0,536.0,404.31,0.758225252414291,408.3778815783429,309.6424223401525,443.18,133.5375776598475,0.30131679601933187
17625.0,4.0,467.0,541.0,973.84,1.3067985812237126,853.9848266469592,1115.9861598488244,1497.3200000000002,381.33384015117576,0.25467758405095486
17626.0,0.0,0.0,419.0,0.0,0.25008859511934317,415.81364110364115,103.99024933506838,0.0,103.99024933506838,
17627.0,0.0,0.0,295.0,0.0,0.3345197466824068,415.81364110364115,139.09787388907927,0.0,139.09787388907927,
17629.0,4.0,207.0,238.0,226.91,2.5821246649419693,267.48349315232366,690.6757251334512,1207.93,517.2542748665488,0.428215438698061
17630.0,0.0,0.0,49.0,0.0,1.0176720339314351,415.81364110364115,423.1619138783783,168.1,255.0619138783783,1.517322509686962
17631.0,4.0,498.0,547.0,177.3025,1.3052240550629148,228.53089397792294,298.2840201450177,225.78,72.50402014501768,0.32112684978748196
17633.0,2.0,10.0,206.0,184.075,0.8251659940420791,266.02169328107993,219.5120549730394,1324.84,1105.3279450269606,0.8343105167619944
17634.0,4.0,125.0,154.0,257.255,3.508390280685904,291.310870503474,1022.0322267325382,547.3,474.73222673253827,0.8674076863375448
17635.0,2.0,166.0,407.0,363.39,0.8066498911248652,381.9278839615971,308.0820860151725,0.0,308.0820860151725,
17638.0,1.0,74.0,538.0,234.0,0.3200890045326024,328.9934539404602,105.30718716954449,0.0,105.30718716954449,
17639.0,3.0,207.0,300.0,144.79666666666665,1.6264220538526963,217.2247090032185,353.2990573645689,0.0,353.2990573645689,
17640.0,4.0,247.0,443.0,518.3249999999999,1.311656771801815,496.307192964005,650.9846905451873,621.66,29.32469054518731,0.04717158984844981
17642.0,2.0,305.0,551.0,415.59,0.6763548321674544,415.66908326741645,281.13979305053306,712.29,431.1502069494669,0.6053015021261943
17643.0,1.0,132.0,322.0,203.1,0.6680886635222925,314.23799463027,209.93884186046242,0.0,209.93884186046242,
17644.0,10.0,458.0,478.0,343.08000000000004,3.398042867274742,350.25322811133424,1190.1754835236725,1973.87,783.6945164763274,0.3970345141657391
17646.0,11.0,504.0,540.0,337.6627272727273,3.3256861529165347,344.7329325633726,1146.4735402803178,0.0,1146.4735402803178,
17647.0,0.0,0.0,486.0,0.0,0.22008435928805245,415.81364110364115,91.51407878552706,133.06,41.54592121447294,0.312234489812663
17648.0,2.0,193.0,202.0,553.6949999999999,1.6796219452995,504.93782522393326,848.1046522579218,690.11,157.99465225792176,0.22894125901366702
17649.0,1.0,3.0,289.0,14.85,0.4822229323496436,224.3442983473155,108.18396540496578,868.49,760.3060345950342,0.8754344144377416
17651.0,4.0,28.0,343.0,361.4175,0.08204845123298862,373.1009246586625,30.612353021839233,3945.0,3914.387646978161,0.9922402146966187
17652.0,2.0,91.0,98.0,610.65,2.6968410021136875,541.7525763055988,1461.0205607816633,3424.12,1963.0994392183366,0.5733150237778865
17654.0,0.0,0.0,94.0,0.0,0.740259353832389,415.81364110364115,307.8099372780743,0.0,307.8099372780743,
17655.0,5.0,206.0,233.0,460.52,3.1945041370548353,452.4934332344319,1445.4921444575386,1036.24,409.25214445753863,0.3949395356843382
17657.0,0.0,0.0,247.0,0.0,0.38483663688187575,415.81364110364115,160.02032321193255,0.0,160.02032321193255,
17658.0,0.0,0.0,28.0,0.0,1.2341615293905752,415.81364110364115,513.1811992459335,277.82,235.3611992459335,0.8471715472101847
17659.0,6.0,202.0,203.0,233.0533333333333,4.228322079265919,261.24073712097066,1104.6099767723038,1871.44,766.8300232276963,0.40975399864686884
17660.0,0.0,0.0,554.0,0.0,0.1961977022028778,415.81364110364115,81.58168092914649,196.0,114.41831907085351,0.5837669340349669
17662.0,1.0,61.0,539.0,59.92,0.3003814157612069,245.8662579301721,73.85365464497517,0.0,73.85365464497517,
17663.0,12.0,447.0,462.0,301.3775,4.165377453167678,310.93972988073125,1295.181340139246,1012.1,283.081340139246,0.2796970063622626
17664.0,2.0,408.0,437.0,289.46500000000003,0.9049881950071014,334.144011189898,302.39638555917844,278.45,23.946385559178452,0.08599887074583751
17665.0,0.0,0.0,310.0,0.0,0.32139094516830047,415.81364110364115,133.6387391281717,0.0,133.6387391281717,
17666.0,2.0,50.0,344.0,504.11999999999995,0.561243829582432,472.8933816303319,265.408492490394,728.1600000000001,462.7515075096061,0.6355080030619726
17667.0,5.0,443.0,471.0,559.432,1.8161923243060734,533.6468013190843,969.2052244462091,698.84,270.365224446209,0.3868771456216144
17669.0,5.0,407.0,434.0,568.1479999999999,1.9473949487941193,540.7979331961651,1053.1471634245115,1795.72,742.5728365754885,0.41352373230541983
17670.0,0.0,0.0,44.0,0.0,1.0619827507158917,415.81364110364115,441.5869143644354,0.0,441.5869143644354,
17671.0,2.0,164.0,192.0,590.4549999999999,1.7270738254977682,528.6988690262689,913.1019782655417,785.98,127.12197826554166,0.1617369122185573
17672.0,3.0,332.0,458.0,776.3800000000001,1.1500122338939551,680.0202957359597,782.0316593925392,2000.33,1218.298340607461,0.6090486772719806
17673.0,8.0,444.0,447.0,384.73375,2.9353801098815113,388.47305427435026,1140.3160767418487,561.87,578.4460767418487,1.0295016226918126
17674.0,0.0,0.0,185.0,0.0,0.4776972958779436,415.81364110364115,198.63305194437112,250.38,51.74694805562888,0.20667364827713428
17675.0,45.0,542.0,546.0,562.2717777777777,13.104147260926402,558.7952896752557,7322.535764616577,12628.67,5306.134235383423,0.420165720965345
17676.0,4.0,253.0,436.0,327.39,1.3669968866687217,346.3819896507117,473.5031014506403,1086.98,613.4768985493597,0.5643865559158031
17677.0,23.0,511.0,540.0,1111.3895652173912,6.7623698814970155,1079.8027332567628,7302.025481333689,10100.3,2798.2745186663105,0.2770486538683317
17678.0,1.0,340.0,420.0,298.11,0.5765415697518136,359.60745058694204,207.32864405584328,0.0,207.32864405584328,
17679.0,3.0,215.0,553.0,373.5,0.6883491024723071,384.8081263475653,264.8823283953967,1992.11,1727.227671604603,0.8670342860608115
17680.0,1.0,128.0,328.0,87.0,0.6529870629747144,258.79757955217696,168.99147137674103,184.4,15.408528623258974,0.08356035045151287
17681.0,3.0,96.0,510.0,128.06666666666666,0.2769073048171764,204.96572470549253,56.75650640809729,0.0,56.75650640809729,
17682.0,7.0,449.0,458.0,388.0514285714286,2.5367521379064946,391.8042363052346,993.9102340881252,1366.92,373.00976591187487,0.27288339179460014
17683.0,2.0,169.0,371.0,156.41,0.9106114102954074,248.13950403212414,225.95866371669547,0.0,225.95866371669547,
17685.0,9.0,400.0,483.0,403.05111111111114,2.9161846248684,404.43448764916536,1179.4056346490247,1678.8100000000002,499.40436535097547,0.29747521479558464
17686.0,3.0,333.0,350.0,1433.0766666666666,1.5065607063382411,1161.2177927494477,1749.445098057141,2702.71,953.2649019428591,0.352707061409792
17687.0,0.0,0.0,237.0,0.0,0.3972893552292657,415.81364110364115,165.19833336959886,0.0,165.19833336959886,
17688.0,0.0,0.0,210.0,0.0,0.4353307409106088,415.81364110364115,181.01646046238608,0.0,181.01646046238608,
17689.0,1.0,86.0,291.0,151.08,0.6937357953677008,289.3972505100082,200.76523175978627,0.0,200.76523175978627,
17690.0,13.0,488.0,491.0,419.9561538461539,4.283408273325159,419.6345670360348,1797.4661762153721,1694.02,103.44617621537213,0.06106549876351645
17691.0,3.0,188.0,363.0,202.46666666666667,1.2595875184732988,259.48266623273776,326.8411276469294,0.0,326.8411276469294,
17692.0,9.0,314.0,357.0,277.7066666666667,3.86581829858255,292.6765784545009,1131.4344725559408,117.48,1013.9544725559408,8.630868850493197
17694.0,1.0,51.0,379.0,801.98,0.46389125168073947,600.216941934046,278.4353884737703,283.12,4.68461152622973,0.016546381485694157
17695.0,2.0,286.0,497.0,338.4,0.7494004643897046,365.7747695812824,274.11178218625025,765.34,491.2282178137498,0.6418431256876026
17696.0,19.0,544.0,546.0,305.4710526315789,5.632044119589053,311.47928473332274,1754.2650739561145,1448.12,306.14507395611463,0.2114086359943338
17697.0,0.0,0.0,53.0,0.0,0.9848145342100548,415.81364110364115,409.4993172816693,0.0,409.4993172816693,
17698.0,0.0,0.0,77.0,0.0,0.8251537126581708,415.81364110364115,343.1101697305817,0.0,343.1101697305817,
17699.0,1.0,85.0,378.0,259.3,0.5208207042134425,341.0747847025252,177.63880955821747,0.0,177.63880955821747,
17700.0,10.0,525.0,555.0,457.417,2.9764147645797054,453.3139415110672,1349.2503085033613,1409.0700000000002,59.819691496638825,0.042453314240342085
17701.0,0.0,0.0,69.0,0.0,0.8722632972582496,415.81364110364115,362.6989776340205,0.0,362.6989776340205,
17702.0,2.0,194.0,217.0,465.145,1.5842762721783756,447.7005991984486,709.2814363501433,1384.57,675.2885636498567,0.48772439360224235
17703.0,0.0,0.0,235.0,0.0,0.3998773915018872,415.81364110364115,166.27447415542593,798.74,632.4655258445741,0.7918290380406316
17704.0,0.0,0.0,56.0,0.0,0.9615384693228901,415.81364110364115,399.8208119903727,497.9,98.07918800962727,0.19698571602656614
17705.0,4.0,361.0,393.0,132.245,1.7372746335479528,193.15102727831984,335.55638013435373,1466.22,1130.6636198656463,0.7711418612934254
17706.0,13.0,502.0,506.0,704.5146153846155,4.172202237549585,682.1025116282427,2845.869625253546,9313.22,6467.350374746453,0.694426887236257
17707.0,7.0,547.0,549.0,79.75714285714287,2.1717419408739045,125.18419317425659,271.8677626509938,0.0,271.8677626509938,
17708.0,3.0,236.0,240.0,193.79333333333332,2.0399578003408565,253.12724141849526,516.3688906104226,0.0,516.3688906104226,
17709.0,3.0,133.0,420.0,94.03000000000002,0.7530925746234626,180.02520096289842,135.57564209025543,137.45,1.8743579097445604,0.01363665267184111
17710.0,0.0,0.0,240.0,0.0,0.39346960457304525,415.81364110364115,163.61002894112784,0.0,163.61002894112784,
17711.0,0.0,0.0,106.0,0.0,0.6901728433446446,415.81364110364115,286.9832829819896,164.57,122.4132829819896,0.7438371694840469
17713.0,3.0,166.0,365.0,298.3866666666667,1.1719845100993445,329.76848654582056,386.4835581506058,0.0,386.4835581506058,
17714.0,4.0,193.0,330.0,266.64250000000004,1.7622971225697313,298.6820850325208,526.3665790159392,0.0,526.3665790159392,
17715.0,1.0,392.0,409.0,326.4,0.5973012096309307,373.11657498452394,222.86298157160599,0.0,222.86298157160599,
17716.0,12.0,488.0,554.0,936.0333333333332,3.458248216390852,892.5640216490256,3086.7079358823885,4204.37,1117.6620641176114,0.26583342191995746
17717.0,0.0,0.0,238.0,0.0,0.39600787846254837,415.81364110364115,164.6654778492404,0.0,164.6654778492404,
17718.0,1.0,412.0,461.0,139.35,0.536464188343574,283.7959062475962,152.24634050034572,0.0,152.24634050034572,
17719.0,4.0,65.0,72.0,347.9075,5.570222003970884,362.4926574642634,2019.1645768853205,3424.58,1405.4154231146795,0.4103905947925525
17720.0,7.0,353.0,395.0,281.81857142857143,2.832712208039004,299.93159945848834,849.6199033627247,663.56,186.05990336272475,0.28039650274688765
17721.0,0.0,0.0,476.0,0.0,0.22409690946851346,415.81364110364115,93.18255188617562,0.0,93.18255188617562,
17722.0,3.0,186.0,192.0,1003.6733333333332,2.4049411210657463,846.5705291078142,2035.9522773337687,323.16,1712.7922773337687,5.300137013658152
17723.0,3.0,184.0,192.0,387.2666666666667,2.402745654656606,394.8957145423468,948.8339621591392,2114.6000000000004,1165.7660378408611,0.5512938796183018
17725.0,3.0,75.0,84.0,310.64000000000004,4.034655223430148,338.7471727937665,1366.728050134565,2169.45,802.7219498654349,0.370011731021888
17726.0,6.0,287.0,499.0,163.87000000000003,1.4620709005412615,202.72765585622247,296.4022063623261,0.0,296.4022063623261,
17728.0,1.0,49.0,270.0,372.55,0.686370829469266,395.15425935880467,271.22235676441625,2876.01,2604.787643235584,0.9056949187365773
17729.0,0.0,0.0,413.0,0.0,0.2531798936657427,415.81364110364115,105.27565343938515,0.0,105.27565343938515,
17730.0,10.0,404.0,406.0,415.938,3.926480950038827,415.925735321404,1633.1244763703842,3267.08,1633.9555236296158,0.5001271850183087
17731.0,1.0,47.0,485.0,95.78,0.3244018658236486,262.99023109727307,85.31452166134791,1240.11,1154.795478338652,0.9312040692669619
17732.0,6.0,115.0,304.0,347.91,0.9918420049068717,358.38288316478804,355.4591973624685,0.0,355.4591973624685,
17733.0,0.0,0.0,78.0,0.0,0.8196220192999285,415.81364110364115,340.81001617382213,475.24,134.42998382617787,0.28286756970410293
17734.0,3.0,409.0,459.0,177.65666666666667,1.1896951118501484,241.30302484441847,287.0770291320596,587.65,300.5729708679404,0.5114829760366552
17735.0,15.0,310.0,314.0,665.67,7.133924179933691,648.6838252162984,4627.661225842431,6988.860000000001,2361.1987741575695,0.33785177756566437
17738.0,6.0,348.0,447.0,438.54333333333335,2.1310612341948416,435.037697888397,927.09197338333,1099.13,172.0380266166701,0.15652200068842637
17739.0,13.0,536.0,549.0,430.6776923076923,3.8764515709422303,429.52378328935623,1665.028144489075,1720.58,55.55185551092495,0.032286703036723055
17740.0,5.0,308.0,514.0,73.32000000000001,1.3803069586437169,134.81120941550836,186.08085045940152,0.0,186.08085045940152,
17741.0,1.0,154.0,377.0,59.7,0.5830652565440706,245.7612028800672,143.29481880584575,0.0,143.29481880584575,
17742.0,9.0,406.0,555.0,203.04333333333335,2.3086607490501523,226.10627241643803,522.0026762418717,52.54,469.46267624187163,8.935338337302467
17743.0,0.0,0.0,265.0,0.0,0.3642863791329752,415.81364110364115,151.4752457117439,0.0,151.4752457117439,
17744.0,4.0,130.0,197.0,322.24,2.8195756387930424,342.3381276187979,965.2482448639861,1033.44,68.19175513601397,0.06598520972288083
17745.0,1.0,78.0,372.0,111.11,0.521054355693132,270.3106579977654,140.8465457400122,0.0,140.8465457400122,
17746.0,2.0,370.0,427.0,249.8,0.9161722939790473,308.50522439937447,282.6439391424957,0.0,282.6439391424957,
17748.0,0.0,0.0,344.0,0.0,0.2951391626025476,415.81364110364115,122.7228898340449,0.0,122.7228898340449,
17749.0,1.0,290.0,363.0,369.01,0.6513660709367852,393.4638280980256,256.2889877639576,305.51,49.221012236042384,0.1611109693170187
17751.0,0.0,0.0,238.0,0.0,0.39600787846254837,415.81364110364115,164.6654778492404,0.0,164.6654778492404,
17752.0,0.0,0.0,176.0,0.0,0.4950459647471276,415.81364110364115,205.8468651151679,0.0,205.8468651151679,
17753.0,2.0,238.0,519.0,180.055,0.6731982086075707,263.42323310465474,177.3360486316681,0.0,177.3360486316681,
17754.0,7.0,468.0,545.0,397.7185714285714,2.1239338890704205,400.1646054880531,849.9231668025712,1508.02,658.0968331974287,0.43639794777087093
17756.0,2.0,19.0,211.0,278.9,0.9160580074933199,327.3149734376761,299.8395023900465,0.0,299.8395023900465,
17757.0,39.0,504.0,512.0,157.3197435897436,12.01554068347783,164.37385560230385,1975.0407492895922,3163.65,1188.6092507104079,0.37570820119495135
17758.0,5.0,360.0,385.0,435.14,2.153996381867904,431.67015110497874,929.8159436404957,2401.87,1472.054056359504,0.6128783224568791
17759.0,1.0,190.0,400.0,309.77,0.5663861434321663,365.1753682425025,206.83026849529216,833.74,626.9097315047079,0.7519247385332453
17760.0,3.0,276.0,466.0,220.77999999999997,1.06610922543629,272.90184529862864,290.94317491145523,115.05,175.89317491145522,1.5288411552495023
17762.0,0.0,0.0,273.0,0.0,0.35584197893429065,415.81364110364115,147.96394891819256,0.0,147.96394891819256,
17763.0,2.0,396.0,476.0,34.05,0.8305411688928008,169.0480644332725,140.40137703347565,0.0,140.40137703347565,
17764.0,3.0,525.0,553.0,290.71333333333337,1.0190690887698357,324.14581632199804,330.3269816678131,556.85,226.52301833218695,0.4067936039008475
17765.0,2.0,238.0,265.0,131.275,1.3598509341370435,231.8926640981822,315.33945589344074,109.33,206.00945589344076,1.884290276167939
17766.0,0.0,0.0,198.0,0.0,0.45468523386735527,415.81364110364115,189.0643226504456,0.0,189.0643226504456,
17767.0,0.0,0.0,227.0,0.0,0.4105763134877654,415.81364110364115,170.72323186225776,271.2,100.47676813774223,0.370489558030023
17768.0,2.0,350.0,554.0,414.13,0.6948894799390958,414.7253638998591,288.1882924379253,2273.18,1984.9917075620745,0.8732224054241523
17769.0,8.0,411.0,506.0,464.8825,2.4990021116699515,458.9788952159038,1146.989228356485,3113.2200000000003,1966.2307716435153,0.6315746306536367
17770.0,3.0,84.0,99.0,180.03333333333333,3.66624624375832,243.0445382543166,891.0611254408635,0.0,891.0611254408635,
17771.0,2.0,266.0,406.0,120.7,0.9192274371481076,225.05716251467567,206.87871871019047,129.53,77.34871871019047,0.5971490674761867
17772.0,0.0,0.0,209.0,0.0,0.43688034351271215,415.81364110364115,181.66080636263035,182.77,1.109193637369657,0.006068794864417885
17773.0,1.0,176.0,507.0,209.02,0.43460030650841025,317.06493052400225,137.79651598879917,0.0,137.79651598879917,
17774.0,6.0,420.0,486.0,358.58,2.048244904574497,367.40723262893925,752.5399921360417,630.42,122.11999213604179,0.1937121159481644
17775.0,0.0,0.0,71.0,0.0,0.8599862476946469,415.81364110364115,357.594012952969,0.0,357.594012952969,
17776.0,1.0,337.0,540.0,121.55,0.4512633466134368,275.29599764819864,124.23099320801094,0.0,124.23099320801094,
17778.0,0.0,0.0,478.0,0.0,0.22328273002933852,415.81364110364115,92.84400496906056,0.0,92.84400496906056,
17780.0,1.0,17.0,501.0,193.81,0.24172033131211051,309.80180637811253,74.88539527880768,0.0,74.88539527880768,
17781.0,0.0,0.0,70.0,0.0,0.8660810510693226,415.81364110364115,360.12831533600365,86.02,274.10831533600367,3.1865649306673296
17782.0,0.0,0.0,199.0,0.0,0.45300674385974105,415.81364110364115,188.36638360882347,0.0,188.36638360882347,
17783.0,1.0,265.0,329.0,112.41,0.7070747011839172,270.93143783929446,191.5687654515482,171.06,20.508765451548186,0.1198922334359183
17784.0,0.0,0.0,367.0,0.0,0.27968704815074447,415.81364110364115,116.29768986109048,0.0,116.29768986109048,
17785.0,1.0,120.0,382.0,156.19,0.5511805998084068,291.8373928101723,160.85510921563238,131.94,28.915109215632384,0.21915347290914344
17786.0,0.0,0.0,134.0,0.0,0.5961306082261377,415.81364110364115,247.87923877983854,163.89,83.98923877983856,0.5124732368041892
17787.0,2.0,67.0,188.0,489.945,1.5291361348924306,463.7309007843551,709.107677255574,149.02,560.087677255574,3.758473206653966
17789.0,1.0,380.0,478.0,225.9,0.514952776958938,325.1255180047792,167.42428835677427,0.0,167.42428835677427,
17790.0,12.0,346.0,361.0,125.53166666666668,5.119478218990843,149.78749129540006,766.8337991640813,1068.54,301.7062008359187,0.2823536796338169
17792.0,1.0,11.0,295.0,119.01,0.50504129269643,274.0830893424419,138.42327774773798,0.0,138.42327774773798,
17794.0,1.0,2.0,505.0,13.5,0.1962593128114338,223.69964235803533,43.90313808535152,0.0,43.90313808535152,
17795.0,0.0,0.0,81.0,0.0,0.8034651011198121,415.81364110364115,334.0917491963343,187.14,146.95174919633433,0.7852503430390849
17796.0,5.0,108.0,238.0,228.77,2.1718620811199445,262.35176130768724,569.7918422991966,75.9,493.8918422991966,6.507138897222616
17797.0,4.0,329.0,541.0,249.19,1.1547182491962993,284.9781040399041,329.0694173562389,780.4300000000001,451.3605826437612,0.5783485804540588
17798.0,0.0,0.0,398.0,0.0,0.26125341773935395,415.81364110364115,108.63273488097136,0.0,108.63273488097136,
17799.0,12.0,484.0,543.0,360.4733333333333,3.538765595159451,365.0975433028991,1291.9946251175375,1667.6,375.60537488246246,0.22523709215786908
17800.0,2.0,117.0,151.0,109.4,2.0273469296385143,217.7530331630328,441.4609432025481,843.1600000000001,401.699056797452,0.4764209127537501
17801.0,2.0,240.0,508.0,194.32,0.6937911934691852,272.6438884321933,189.1579287474508,0.0,189.1579287474508,
17802.0,6.0,354.0,543.0,557.555,1.5882586857549985,535.6940118819377,850.8206672784289,1184.84,334.019332721571,0.28191091853885
17803.0,0.0,0.0,209.0,0.0,0.43688034351271215,415.81364110364115,181.66080636263035,0.0,181.66080636263035,
17804.0,2.0,362.0,555.0,130.14,0.6983722822299783,231.15901924737557,161.43505182983316,0.0,161.43505182983316,
17805.0,0.0,0.0,427.0,0.0,0.2460824904882045,415.81364110364115,102.32445638175244,512.31,409.9855436182475,0.8002684773247595
17807.0,2.0,309.0,521.0,124.095,0.7237585438997104,227.25163323581086,164.4753111695815,0.0,164.4753111695815,
17808.0,3.0,33.0,398.0,46.946666666666665,0.147503108816463,145.52467233062518,21.46534157826433,0.0,21.46534157826433,
17809.0,11.0,520.0,554.0,712.8618181818182,3.2560299161971984,685.988279662504,2233.5983607417634,2761.21,527.6116392582367,0.19107986689105017
17810.0,1.0,15.0,500.0,64.14,0.23719020265897034,247.88140480036637,58.79504063998916,0.0,58.79504063998916,
17811.0,24.0,258.0,262.0,233.2229166666667,12.9740142316084,241.1841316799934,3129.1263568543486,3772.2,643.0736431456512,0.17047708052214922
17812.0,3.0,162.0,347.0,183.29333333333332,1.2464626268670749,245.43331821908566,305.9234585480642,514.61,208.6865414519358,0.40552368094661156
17814.0,1.0,47.0,239.0,814.2,0.7758768199305012,606.0522724444189,470.22190985582944,0.0,470.22190985582944,
17815.0,0.0,0.0,210.0,0.0,0.4353307409106088,415.81364110364115,181.01646046238608,0.0,181.01646046238608,
17816.0,3.0,455.0,541.0,24.146666666666665,1.0225563087939606,128.81786766905003,131.72352327037268,15.25,116.47352327037268,7.637608083303126
17817.0,3.0,145.0,239.0,195.24,1.895321487391177,254.18729305930282,481.76663835709485,117.98,363.78663835709483,3.0834602335742907
17818.0,0.0,0.0,554.0,0.0,0.1961977022028778,415.81364110364115,81.58168092914649,0.0,81.58168092914649,
17819.0,9.0,532.0,543.0,581.2855555555556,2.764075053827877,563.3494594763555,1557.1401875260126,835.8499999999999,721.2901875260127,0.8629421397691126
17820.0,0.0,0.0,191.0,0.0,0.4667929378667515,415.81364110364115,194.09887113583966,0.0,194.09887113583966,
17821.0,0.0,0.0,223.0,0.0,0.4161437454026572,415.81364110364115,173.03824599838552,0.0,173.03824599838552,
17822.0,1.0,140.0,377.0,1079.16,0.5742312487439799,732.5767546071368,420.66846459886824,0.0,420.66846459886824,
17823.0,0.0,0.0,238.0,0.0,0.39600787846254837,415.81364110364115,164.6654778492404,0.0,164.6654778492404,
17825.0,1.0,127.0,542.0,264.5,0.37185745897548655,343.5579040686414,127.75456921790895,0.0,127.75456921790895,
17826.0,0.0,0.0,191.0,0.0,0.4667929378667515,415.81364110364115,194.09887113583966,0.0,194.09887113583966,
17827.0,2.0,379.0,438.0,791.905,0.896322580180092,658.9127502553362,590.5983764224236,411.65,178.94837642242362,0.43471001195778847
17828.0,0.0,0.0,1.0,0.0,1.7014463505269495,415.81364110364115,707.484602155113,491.93,215.55460215511295,0.4381814529610167
17829.0,4.0,357.0,472.0,861.61,1.429842041193887,765.8600429883794,1095.0588871353425,0.0,1095.0588871353425,
17830.0,1.0,27.0,105.0,99.15,1.5026701277070116,264.5994834556983,397.6057395955835,111.05,286.5557395955835,2.580420887848568
17833.0,0.0,0.0,540.0,0.0,0.20068178071568532,415.81364110364115,83.44622194255159,0.0,83.44622194255159,
17834.0,1.0,31.0,262.0,317.79,0.6622164921667524,369.0051023417816,244.3612644644081,0.0,244.3612644644081,
17838.0,9.0,338.0,447.0,574.9311111111111,2.9227210212896675,557.6837961248416,1629.9541541666958,1091.6,538.3541541666959,0.49317896131064126
17840.0,0.0,0.0,260.0,0.0,0.36977100560824494,415.81364110364115,153.75582821651926,0.0,153.75582821651926,
17841.0,126.0,553.0,554.0,330.8168253968254,35.96785496066873,331.5485540970837,11925.090306183338,28645.09,16719.999693816662,0.5836951356695567
17842.0,0.0,0.0,419.0,0.0,0.25008859511934317,415.81364110364115,103.99024933506838,0.0,103.99024933506838,
17843.0,1.0,108.0,228.0,197.73,0.9016956903828655,311.67369636180007,281.03482881513287,0.0,281.03482881513287,
17845.0,1.0,21.0,393.0,144.9,0.36771908627054334,286.44615864797015,105.33171972373867,0.0,105.33171972373867,
17847.0,1.0,130.0,462.0,89.04,0.4529004907910452,259.7717263804225,117.65074237133045,0.0,117.65074237133045,
17848.0,22.0,484.0,550.0,133.26,6.001994120400107,146.646655029811,880.1723612652684,512.8299999999999,367.34236126526844,0.7163043528367461
17849.0,6.0,417.0,452.0,145.4466666666667,2.209375242473648,187.1457816018132,413.4752566044264,0.0,413.4752566044264,
17850.0,22.0,362.0,551.0,2468.0763636363636,0.2477869892944658,2370.8455051353785,587.4646697998124,0.0,587.4646697998124,
17851.0,5.0,314.0,553.0,249.26,1.2152486071183417,279.1629926249645,339.252437946476,0.0,339.252437946476,
17852.0,2.0,343.0,548.0,230.41,0.7002852199011612,295.97185553845804,207.2647159403038,114.34,92.9247159403038,0.8127052294936488
17853.0,2.0,329.0,553.0,511.9200000000001,0.686639120557071,477.9351700323509,328.1689848343077,0.0,328.1689848343077,
17854.0,4.0,546.0,548.0,233.8775,1.31747865061514,272.9544851343352,359.6117067541342,0.0,359.6117067541342,
17855.0,0.0,0.0,189.0,0.0,0.4703718722446599,415.81364110364115,195.58704087078877,0.0,195.58704087078877,
17856.0,2.0,48.0,98.0,329.91,2.562468842190018,360.2869768206233,923.2241523496845,275.4,647.8241523496845,2.352302659221803
17857.0,9.0,435.0,458.0,1124.3377777777778,3.1885244893611726,1047.5382977456993,3340.1015159058784,16517.7,13177.598484094122,0.7977865250061522
17858.0,21.0,472.0,550.0,463.2295238095238,5.526153978345511,460.8814070076561,2546.9016208808353,2535.86,11.041620880835126,0.004354191824799131
17859.0,0.0,0.0,121.0,0.0,0.6363797431883061,415.81364110364115,264.61537813972967,0.0,264.61537813972967,
17860.0,2.0,360.0,545.0,379.425,0.7115650661978626,392.2926374265169,279.1417365193336,0.0,279.1417365193336,
17861.0,11.0,476.0,546.0,286.89818181818185,3.2178443547504134,298.56098545804764,960.7227816048988,1642.82,682.0972183951011,0.41519899830480583
17862.0,3.0,240.0,380.0,376.08666666666664,1.3033643255596625,386.7035182214516,504.01557021825096,0.0,504.01557021825096,
17863.0,8.0,398.0,469.0,452.69,2.7214144998559315,448.25330728496425,1219.883050053678,1788.1,568.2169499463218,0.317776941975461
17864.0,2.0,152.0,244.0,161.56,1.387197535313636,251.46837714371358,348.8363129830794,389.09,40.253687016920594,0.10345597937988793
17865.0,25.0,534.0,555.0,776.816,7.19971821951278,761.6789930643531,5483.874123785571,6362.56,878.6858762144293,0.13810256818237143
17866.0,1.0,241.0,542.0,655.8000000000001,0.42835568245028705,530.4126363688811,227.20526683204798,329.65,102.444733167952,0.31076818798104655
17867.0,8.0,534.0,554.0,115.11875,2.427346348416891,151.29615126018047,367.2481602909287,593.0500000000001,225.80183970907137,0.3807467156379249
17868.0,0.0,0.0,203.0,0.0,0.44641513332960087,415.81364110364115,185.62550203354877,0.0,185.62550203354877,
17869.0,4.0,332.0,364.0,190.9375,1.8504826099489933,239.2373131633879,442.70448765977073,117.22,325.4844876597707,2.7766975572408352
17870.0,1.0,15.0,198.0,652.8,0.8319994840185122,528.980067503814,440.111143219251,1567.95,1127.838856780749,0.7193079223066736
17871.0,4.0,489.0,510.0,220.8675,1.397142026980311,262.73882590419953,367.08345579022034,0.0,367.08345579022034,
17872.0,0.0,0.0,198.0,0.0,0.45468523386735527,415.81364110364115,189.0643226504456,0.0,189.0643226504456,
17873.0,13.0,539.0,540.0,424.74615384615385,3.9453709529779877,424.05271523587925,1673.0452652230842,272.04,1401.0052652230843,5.149997299011484
17874.0,2.0,70.0,72.0,309.15000000000003,3.19063475524039,346.86806307371126,1106.7292975258988,0.0,1106.7292975258988,
17875.0,0.0,0.0,505.0,0.0,0.21284357025456146,415.81364110364115,88.50325993304786,0.0,88.50325993304786,
17876.0,2.0,276.0,492.0,1323.31,0.7513980878413076,1002.4039766367333,753.2044312893642,0.0,753.2044312893642,
17878.0,0.0,0.0,212.0,0.0,0.43226434014170195,415.81364110364115,179.7414091935839,379.45,199.70859080641608,0.5263106886451867
17880.0,2.0,366.0,547.0,326.66,0.7110117139208433,358.18623165311544,254.6746064705298,0.0,254.6746064705298,
17881.0,0.0,0.0,121.0,0.0,0.6363797431883061,415.81364110364115,264.61537813972967,0.0,264.61537813972967,
17882.0,0.0,0.0,196.0,0.0,0.4580798812899504,415.81364110364115,190.475863355498,0.0,190.475863355498,
17883.0,2.0,406.0,469.0,137.475,0.8451210128804267,235.90023949465882,199.3642493404613,552.4200000000001,353.0557506595388,0.6391074737691227
17884.0,14.0,424.0,552.0,200.27857142857144,3.266861710336644,215.9022223417261,705.3227033447737,114.61,590.7127033447737,5.154111363273481
17886.0,4.0,379.0,406.0,240.2075,1.6937616450634811,277.9249019619108,470.7385391511127,503.35,32.611460848887305,0.0647888364932697
17888.0,18.0,506.0,535.0,67.05388888888889,5.381585047030506,87.0386616861366,468.40596024365976,547.27,78.86403975634022,0.14410444525799007
17889.0,4.0,406.0,435.0,189.6075,1.5973644891498027,238.19297597844707,380.48100139288334,0.0,380.48100139288334,
17890.0,1.0,39.0,178.0,125.13,1.0090174660635851,277.0055298271786,279.50341779182054,0.0,279.50341779182054,
17893.0,0.0,0.0,42.0,0.0,1.0808140353092883,415.81364110364115,449.4172193778745,0.0,449.4172193778745,
17894.0,14.0,184.0,286.0,147.76142857142855,3.0003910372345852,167.19192868176134,501.64116431472064,251.96,249.68116431472063,0.9909555656243872
17897.0,6.0,209.0,393.0,364.2383333333333,1.634680185722143,372.19287249629224,608.4163139366968,131.98,476.4363139366968,3.609912971182731
17898.0,2.0,360.0,384.0,66.04,1.0100987340109677,189.72586071283496,191.6418517151758,52.22,139.4218517151758,2.669893751726844
17900.0,0.0,0.0,7.0,0.0,1.5690955291872308,415.81364110364115,652.451325230787,0.0,652.451325230787,
17901.0,0.0,0.0,338.0,0.0,0.29945533704071325,415.81364110364115,124.51761404281706,110.38,14.137614042817063,0.1280813013482249
17902.0,0.0,0.0,363.0,0.0,0.28225697369943104,415.81364110364115,117.3662999608551,0.0,117.3662999608551,
17903.0,0.0,0.0,211.0,0.0,0.4337921118973573,415.81364110364115,180.37667753007827,0.0,180.37667753007827,
17905.0,9.0,328.0,497.0,198.94444444444449,2.1215036746607248,222.45167683963533,471.93204984972635,406.09,65.84204984972638,0.16213659496595922
17906.0,0.0,0.0,64.0,0.0,0.904554768759943,415.81364110364115,376.12621197573407,0.0,376.12621197573407,
17907.0,0.0,0.0,457.0,0.0,0.2321385773347827,415.81364110364115,96.52638708219519,0.0,96.52638708219519,
17908.0,4.0,352.0,542.0,252.6575,1.194651941277788,287.70084027207133,343.70236733828085,0.0,343.70236733828085,
17909.0,0.0,0.0,554.0,0.0,0.1961977022028778,415.81364110364115,81.58168092914649,0.0,81.58168092914649,
17910.0,0.0,0.0,543.0,0.0,0.19970372765207714,415.81364110364115,83.0395341369801,0.0,83.0395341369801,
17912.0,4.0,65.0,192.0,77.7525,1.9938681747288511,150.36264829306498,299.80329909948966,0.0,299.80329909948966,
17913.0,11.0,381.0,553.0,273.14,2.197558330751781,286.0474873564379,628.6060388307549,193.55,435.05603883075486,2.2477708025355456
17915.0,0.0,0.0,368.0,0.0,0.27905186867243065,415.81364110364115,116.03357356945847,0.0,116.03357356945847,
17916.0,1.0,105.0,550.0,18.41,0.3458158563146122,226.044280067195,78.16969627645706,0.0,78.16969627645706,
17917.0,1.0,106.0,179.0,119.55,1.1049685948525636,274.34095173815393,303.1381359526229,110.82,192.31813595262292,1.735409997767758
17918.0,2.0,5.0,322.0,135.23,0.27838222197672335,234.44910937125718,65.2664640072344,0.0,65.2664640072344,
17919.0,0.0,0.0,255.0,0.0,0.3754235478867482,415.81364110364115,156.10623240283596,1304.04,1147.933767597164,0.8802903036694918
17920.0,38.0,533.0,550.0,552.0447368421053,10.951899974792829,548.2319937304845,6004.181958317516,2630.51,3373.6719583175154,1.282516302282643
17921.0,6.0,246.0,329.0,285.325,2.7220872107572127,305.4504641194361,831.4628018993718,545.95,285.51280189937177,0.5229651101737737
17922.0,0.0,0.0,360.0,0.0,0.2842156543416828,415.81364110364115,118.18074609046901,0.0,118.18074609046901,
17923.0,2.0,262.0,361.0,154.75,1.0325391340442058,247.06650803887393,255.10583826178473,0.0,255.10583826178473,
17924.0,2.0,113.0,231.0,390.6,1.3865621374936485,399.51596888710185,553.9537157829459,2460.3,1906.3462842170543,0.7748430208580475
17925.0,0.0,0.0,189.0,0.0,0.4703718722446599,415.81364110364115,195.58704087078877,0.0,195.58704087078877,
17926.0,3.0,376.0,396.0,223.8766666666667,1.358982666551414,275.17094201362914,373.9525405351462,185.56,188.39254053514622,1.0152648228882637
17927.0,0.0,0.0,538.0,0.0,0.20133915842766117,415.81364110364115,83.71956856254864,0.0,83.71956856254864,
17928.0,1.0,325.0,388.0,78.25999999999999,0.6183417786709179,254.62402892528172,157.44467493801395,106.2,51.244674938013944,0.48252989583817274
17929.0,8.0,476.0,547.0,285.21250000000003,2.3990333104936195,300.92547027828573,721.9302271735651,408.0,313.9302271735651,0.7694368313077575
17930.0,8.0,406.0,462.0,335.2475,2.7882651644825494,344.9406264910854,961.7859326598798,1349.88,388.0940673401203,0.28750264270907067
17931.0,9.0,406.0,478.0,329.85999999999996,2.9779908910161335,339.17682437045823,1010.0654934190036,111.16,898.9054934190036,8.086591340581178
17932.0,0.0,0.0,28.0,0.0,1.2341615293905752,415.81364110364115,513.1811992459335,742.56,229.37880075406645,0.30890271594762236
17933.0,0.0,0.0,449.0,0.0,0.23569997093897005,415.81364110364115,98.00726312415554,0.0,98.00726312415554,
17934.0,0.0,0.0,223.0,0.0,0.4161437454026572,415.81364110364115,173.03824599838552,704.25,531.2117540016145,0.7542942903821293
17935.0,3.0,335.0,552.0,144.70000000000002,0.9239133045229482,217.1538760594779,200.63135522007894,142.89,57.74135522007896,0.40409654433535563
17937.0,3.0,105.0,179.0,644.64,2.3521976715977972,583.4872059940338,1372.4772473462706,973.74,398.7372473462706,0.4094904670099519
17938.0,0.0,0.0,237.0,0.0,0.3972893552292657,415.81364110364115,165.19833336959886,0.0,165.19833336959886,
17940.0,7.0,518.0,553.0,3350.2114285714283,2.1392069580891797,2953.5488535661098,6318.252258604943,644.5,5673.752258604943,8.803339423747001
17941.0,2.0,112.0,519.0,357.0,0.4347970273163437,377.7974957707123,164.26522808866463,304.56,140.29477191133537,0.46064739923606307
17944.0,0.0,0.0,240.0,0.0,0.39346960457304525,415.81364110364115,163.61002894112784,0.0,163.61002894112784,
17945.0,0.0,0.0,513.0,0.0,0.2099354813681592,415.81364110364115,87.2940369045399,0.0,87.2940369045399,
17946.0,1.0,26.0,76.0,132.03,1.850863216720379,280.3004382168327,518.7977707261388,0.0,518.7977707261388,
17949.0,52.0,548.0,554.0,1151.5961538461538,14.914426589637653,1136.4334786872128,16949.25369188698,47398.48,30449.226308113022,0.6424093411458135
17950.0,4.0,339.0,521.0,270.145,1.239233707120908,301.4323038221864,373.5450713115639,219.03,154.5150713115639,0.7054516336189741
17951.0,2.0,46.0,221.0,352.5,1.1301788642355994,374.88877169262446,423.6913662062493,599.0400000000001,175.34863379375076,0.2927160686995038
17952.0,1.0,163.0,358.0,438.55,0.6194703732680871,426.6707743902788,264.30990387412976,0.0,264.30990387412976,
17953.0,0.0,0.0,357.0,0.0,0.286201733821896,415.81364110364115,119.0065850306577,0.0,119.0065850306577,
17954.0,13.0,546.0,547.0,217.38,3.901130482178633,232.7845734145717,908.1229951285354,814.5799999999999,93.5429951285355,0.11483586035568698
17955.0,4.0,467.0,482.0,231.225,1.4690813345334082,270.8716998839175,397.93255835279825,0.0,397.93255835279825,
17956.0,0.0,0.0,66.0,0.0,0.8913540027642574,415.81364110364115,370.6371534017109,0.0,370.6371534017109,
17958.0,0.0,0.0,545.0,0.0,0.1990569740004124,415.81364110364115,82.77060514618431,508.4599999999999,425.6893948538156,0.8372131433226128
17959.0,0.0,0.0,409.0,0.0,0.255283600861516,415.81364110364115,106.1504035882756,0.0,106.1504035882756,
17960.0,1.0,119.0,458.0,50.400000000000006,0.4484909322664963,241.3202393983595,108.22993914254431,73.78,34.44993914254431,0.46692788211635006
17961.0,67.0,542.0,555.0,38.378955223880595,19.041886564660366,44.44359527401055,846.2898997333845,422.05,424.23989973338445,1.005188721083721
17962.0,1.0,146.0,512.0,200.52,0.4125606226569883,313.0059854063124,129.13394423459243,102.83,26.303944234592436,0.2558002940250164
17963.0,3.0,218.0,506.0,159.13,0.824353037441312,227.72752479923795,187.72787677724352,0.0,187.72787677724352,
17964.0,0.0,0.0,189.0,0.0,0.4703718722446599,415.81364110364115,195.58704087078877,209.94,14.352959129211229,0.06836695784134147
17965.0,20.0,473.0,542.0,283.6335,5.541209858326306,290.4896031790053,1609.663852876801,1292.54,317.12385287680104,0.24534935311619063
17966.0,4.0,506.0,507.0,191.7675,1.4104223307021244,239.8890423840653,338.3448622692341,814.93,476.58513773076584,0.584817269864609
17967.0,1.0,45.0,233.0,246.14,0.7916228428911346,334.7905826144313,265.0278727824154,0.0,265.0278727824154,
17968.0,3.0,139.0,329.0,252.4666666666667,1.2372897181190583,296.12039575373586,366.3867209914439,0.0,366.3867209914439,
17969.0,18.0,372.0,550.0,120.30777777777776,0.9901243112308452,137.24097463125375,135.88562547942,103.0,32.885625479420014,0.3192779172759225
17970.0,0.0,0.0,28.0,0.0,1.2341615293905752,415.81364110364115,513.1811992459335,0.0,513.1811992459335,
17971.0,0.0,0.0,365.0,0.0,0.28096612925881287,415.81364110364115,116.82954923390326,0.0,116.82954923390326,
17972.0,0.0,0.0,58.0,0.0,0.9466261781423992,415.81364110364115,393.620077897415,0.0,393.620077897415,
17974.0,3.0,188.0,224.0,356.41333333333336,2.1148286086771275,372.28779291258957,787.3248751128103,568.02,219.30487511281035,0.3860865376444674
17975.0,17.0,298.0,307.0,305.84352941176473,8.173976482360619,312.49334615314973,2554.3132623500223,1707.69,846.6232623500223,0.4957710488144934
17976.0,0.0,0.0,189.0,0.0,0.4703718722446599,415.81364110364115,195.58704087078877,0.0,195.58704087078877,
17977.0,0.0,0.0,217.0,0.0,0.42478438188081136,415.81364110364115,176.63114051381973,288.14,111.50885948618026,0.38699541711036395
17978.0,3.0,366.0,548.0,446.22,0.9607774581828442,438.094040162905,420.9108783527687,0.0,420.9108783527687,
17979.0,0.0,0.0,76.0,0.0,0.8307609346560835,415.81364110364115,345.44172912601016,512.64,167.19827087398983,0.3261514335088753
17980.0,2.0,189.0,210.0,281.375,1.624401104163561,328.9147716806244,534.2895182937119,248.7,285.58951829371193,1.1483293859819539
17981.0,0.0,0.0,227.0,0.0,0.4105763134877654,415.81364110364115,170.72323186225776,0.0,170.72323186225776,
17982.0,0.0,0.0,497.0,0.0,0.21583340408217794,415.81364110364115,89.74647362320388,0.0,89.74647362320388,
17983.0,0.0,0.0,212.0,0.0,0.43226434014170195,415.81364110364115,179.7414091935839,0.0,179.7414091935839,
17984.0,3.0,346.0,555.0,268.54333333333335,0.928626282104113,307.90064705238746,285.92463312970926,152.68,133.24463312970926,0.872705220917666
17987.0,4.0,365.0,367.0,201.58,1.856083657557402,247.593973682736,459.5551282622238,0.0,459.5551282622238,
17988.0,6.0,406.0,549.0,30.801666666666662,1.7335505823884014,90.18265654861551,156.3361967811856,136.13,20.20619678118561,0.148433091759242
17989.0,0.0,0.0,196.0,0.0,0.4580798812899504,415.81364110364115,190.475863355498,0.0,190.475863355498,
17990.0,5.0,496.0,549.0,238.98200000000003,1.5793796250613237,270.7303017767959,427.58592251297495,0.0,427.58592251297495,
17991.0,2.0,366.0,408.0,46.675,0.9557660402919378,177.20865143013012,169.3700110828497,0.0,169.3700110828497,
17992.0,0.0,0.0,206.0,0.0,0.4415961813981778,415.81364110364115,183.62171608464033,0.0,183.62171608464033,
17993.0,0.0,0.0,434.0,0.0,0.24268104792729547,415.81364110364115,100.91009016549597,0.0,100.91009016549597,
17994.0,9.0,431.0,437.0,179.1577777777778,3.3376491307227982,204.80975815389303,683.5831112658876,120.71,562.8731112658876,4.663019727163347
17995.0,2.0,106.0,204.0,81.175,1.547421818174002,199.50886936213718,308.7243773701978,0.0,308.7243773701978,
17996.0,1.0,167.0,363.0,206.83,0.6130421964610762,316.0191552525033,193.73307705976845,0.0,193.73307705976845,
17998.0,2.0,358.0,555.0,204.82,0.6967975347123554,279.43091128106505,194.706770103073,0.0,194.706770103073,
17999.0,1.0,12.0,195.0,380.68,0.8318353209543179,399.03652098313626,331.93267250450157,191.72,140.21267250450157,0.7313408747366033
18000.0,0.0,0.0,381.0,0.0,0.27104975457871133,415.81364110364115,112.70618537162228,0.0,112.70618537162228,
18001.0,2.0,288.0,554.0,180.005,0.6610297834359808,263.3909139482315,174.10923880620456,417.23,243.12076119379546,0.5827020137425292
18002.0,3.0,356.0,548.0,66.28333333333333,0.9525582605014481,159.69370359404584,152.11755650857816,0.0,152.11755650857816,
18003.0,0.0,0.0,193.0,0.0,0.46326816183060787,415.81364110364115,192.63322117817592,0.0,192.63322117817592,
18004.0,0.0,0.0,179.0,0.0,0.4891244369767065,415.81364110364115,203.38461309205275,0.0,203.38461309205275,
18006.0,2.0,341.0,539.0,240.89,0.7123457184667822,302.7459507247605,215.65978178193853,444.68,229.02021821806147,0.5150225290502417
18007.0,0.0,0.0,209.0,0.0,0.43688034351271215,415.81364110364115,181.66080636263035,0.0,181.66080636263035,
18008.0,18.0,499.0,519.0,1093.263888888889,5.550865422741163,1054.4443599797996,5853.078738016306,50.78,5802.298738016306,114.26346471083706
18009.0,6.0,417.0,469.0,317.26166666666666,2.1257648287617457,332.4614894915177,706.734941278811,0.0,706.734941278811,
18010.0,0.0,0.0,73.0,0.0,0.8480516249589071,415.81364110364115,352.6314340180227,0.0,352.6314340180227,
18011.0,1.0,194.0,384.0,205.58,0.5916491279269264,315.4222515587254,186.61930006346748,0.0,186.61930006346748,
18012.0,0.0,0.0,540.0,0.0,0.20068178071568532,415.81364110364115,83.44622194255159,0.0,83.44622194255159,
18016.0,4.0,495.0,498.0,191.115,1.4319676086437236,239.37668899070147,342.77966489906714,994.8,652.0203351009328,0.6554285636318183
18017.0,1.0,121.0,248.0,165.0,0.8464366795687142,296.04437004391906,250.58281358498658,358.0,107.41718641501342,0.30004800674584753
18018.0,2.0,221.0,237.0,36.0,1.487376723708099,170.30851153377722,253.31291590471255,84.69,168.62291590471256,1.9910605255013882
18020.0,0.0,0.0,360.0,0.0,0.2842156543416828,415.81364110364115,118.18074609046901,0.0,118.18074609046901,
18021.0,1.0,3.0,329.0,116.41,0.40100709735075224,272.8415296593838,109.41138984544867,0.0,109.41138984544867,
18022.0,3.0,161.0,363.0,261.41333333333336,1.1606622255167875,302.67610682269316,351.30472375558395,668.11,316.80527624441606,0.4741813118265197
18025.0,4.0,240.0,436.0,229.8175,1.3190089406752246,269.76650846451577,355.8244365594349,0.0,355.8244365594349,
18026.0,1.0,5.0,322.0,1328.65,0.4228774921531775,851.7139566556591,360.1706620224053,0.0,360.1706620224053,
18028.0,0.0,0.0,400.0,0.0,0.26014730082413035,415.81364110364115,108.17279637896591,0.0,108.17279637896591,
18029.0,0.0,0.0,459.0,0.0,0.2312649924872878,415.81364110364115,96.16313858594536,0.0,96.16313858594536,
18031.0,0.0,0.0,195.0,0.0,0.45979632200667614,415.81364110364115,191.18958281965826,0.0,191.18958281965826,
18032.0,0.0,0.0,151.0,0.0,0.5506101062379073,415.81364110364115,228.9511931032469,0.0,228.9511931032469,
18034.0,0.0,0.0,192.0,0.0,0.46502385731198637,415.81364110364115,193.36326330895716,422.88,229.51673669104284,0.5427467288380695
18035.0,0.0,0.0,202.0,0.0,0.44804495249921666,415.81364110364115,186.30320307680722,730.4,544.0967969231928,0.7449298972113811
18036.0,7.0,476.0,538.0,171.1457142857143,2.165800837057414,204.21914771293913,442.29800105983526,294.82,147.47800105983526,0.5002306528045427
18037.0,12.0,513.0,555.0,11.355833333333337,3.5155772556066807,45.15213664850377,158.73582464352472,9.2,149.53582464352473,16.25389398299182
18038.0,0.0,0.0,373.0,0.0,0.2759187973231373,415.81364110364115,114.73079976387132,0.0,114.73079976387132,
18039.0,3.0,266.0,457.0,152.73333333333332,1.077555323580642,223.0403379358516,240.33830351600233,0.0,240.33830351600233,
18040.0,0.0,0.0,62.0,0.0,0.918154561185795,415.81364110364115,381.7811911825812,118.2,263.5811911825812,2.2299593162654925
18041.0,27.0,481.0,511.0,247.39851851851853,8.263516937882788,253.95752865344198,2098.582339530571,1552.38,546.202339530571,0.351848348684324
18042.0,0.0,0.0,358.0,0.0,0.2855366275793172,415.81364110364115,118.73002478221022,165.04999999999998,46.31997521778976,0.280642079477672
18043.0,1.0,160.0,183.0,135.35,1.118314711843369,281.88581442750683,315.2370533342307,107.7,207.53705333423073,1.926992138665095
18044.0,13.0,362.0,377.0,172.7969230769231,5.331641862455756,191.66251891536052,1021.8759093128544,1205.39,183.51409068714565,0.15224457701419924
18046.0,0.0,0.0,466.0,0.0,0.2282585815920507,415.81364110364115,94.91303192494316,0.0,94.91303192494316,
18047.0,0.0,0.0,198.0,0.0,0.45468523386735527,415.81364110364115,189.0643226504456,0.0,189.0643226504456,
18048.0,1.0,290.0,310.0,172.29000000000002,0.7503585851436233,299.5255123860319,224.75153968840172,0.0,224.75153968840172,
18049.0,1.0,153.0,407.0,283.97,0.53781211363538,352.85527600292625,189.76984179452913,0.0,189.76984179452913,
18050.0,1.0,34.0,210.0,74.4,0.8489998320445847,252.78079031889553,214.61084852483967,0.0,214.61084852483967,
18051.0,6.0,96.0,547.0,324.83,0.014355332471949528,338.86254711674576,4.8644845261525465,0.0,4.8644845261525465,
18052.0,0.0,0.0,381.0,0.0,0.27104975457871133,415.81364110364115,112.70618537162228,0.0,112.70618537162228,
18053.0,1.0,2.0,344.0,29.85,0.3708616671821402,231.5071426726505,85.85712489615275,300.02,214.16287510384723,0.7138286617687062
18054.0,0.0,0.0,209.0,0.0,0.43688034351271215,415.81364110364115,181.66080636263035,0.0,181.66080636263035,
18055.0,8.0,210.0,230.0,797.8,4.960761162004959,751.8422062676623,3729.7096168087405,3421.66,308.04961680874067,0.09002928894417934
18056.0,1.0,330.0,435.0,363.65,0.5563116676665067,390.90430505910587,217.4646258454481,0.0,217.4646258454481,
18057.0,2.0,297.0,507.0,442.535,0.7393899635493517,433.08587666387825,320.2193505602439,0.0,320.2193505602439,
18058.0,1.0,126.0,484.0,302.7,0.42584596940927244,361.79928095049456,154.0707655279411,170.16,16.089234472058905,0.09455356412822583
18060.0,1.0,156.0,381.0,721.06,0.5779418563015093,561.5757844136385,324.5581512979944,0.0,324.5581512979944,
18061.0,21.0,529.0,552.0,249.90333333333336,6.10015951272994,258.11949971148607,1574.570121586115,928.79,645.780121586115,0.6952918545485147
18062.0,4.0,377.0,414.0,243.83,1.6606414980940518,280.7693466629997,466.2572284613319,234.6,231.65722846133193,0.9874562168002213
18063.0,1.0,243.0,450.0,84.60000000000001,0.5202771401787081,257.65152446012337,134.05019830879743,0.0,134.05019830879743,
18064.0,7.0,441.0,493.0,519.5185714285715,2.343719932329891,505.50006825251376,1184.750585757537,406.0,778.750585757537,1.9181048910284162
18065.0,13.0,547.0,547.0,350.69615384615383,3.9020071334273383,355.7512801213729,1388.1440327595042,980.68,407.4640327595042,0.41549132516162685
18066.0,1.0,29.0,232.0,371.1,0.75097368817854,394.4618510740223,296.2304711467925,318.0,21.769528853207476,0.06845763790316817
18068.0,0.0,0.0,106.0,0.0,0.6901728433446446,415.81364110364115,286.9832829819896,0.0,286.9832829819896,
18069.0,6.0,414.0,466.0,463.6366666666667,2.1372216639535884,456.2608477684754,975.1305682646158,1347.11,371.9794317353841,0.2761314456394683
18070.0,0.0,0.0,486.0,0.0,0.22008435928805245,415.81364110364115,91.51407878552706,0.0,91.51407878552706,
18071.0,4.0,477.0,551.0,300.345,1.2865257652000344,325.14582486370034,418.30848113436844,0.0,418.30848113436844,
18072.0,0.0,0.0,2.0,0.0,1.6778416355263202,415.81364110364115,697.6694396634877,0.0,697.6694396634877,
18073.0,2.0,12.0,14.0,220.62,5.3386647095784046,289.6437647107958,1546.3109450109562,3373.28,1826.969054989044,0.5416001799403085
18074.0,1.0,132.0,322.0,979.2,0.6680886635222925,684.8435600231041,457.5362187376845,0.0,457.5362187376845,
18075.0,15.0,294.0,315.0,254.30933333333337,7.038280356778528,265.2890034615014,1867.1783819324364,1341.0300000000002,526.1483819324362,0.3923464664716197
18076.0,0.0,0.0,197.0,0.0,0.4563762328134426,415.81364110364115,189.76746307932058,0.0,189.76746307932058,
18077.0,10.0,506.0,549.0,237.331,2.9876958513291005,254.93353823571766,761.6638745515022,1753.63,991.9661254484979,0.5656644363112503
18078.0,3.0,411.0,445.0,157.28666666666666,1.2270908859146488,226.37681383756382,277.7849250424717,0.0,277.7849250424717,
18079.0,1.0,253.0,308.0,1612.83,0.7472973397359199,987.4164300139062,737.8936713609312,2039.14,1301.246328639069,0.6381348650112639
18080.0,0.0,0.0,59.0,0.0,0.9393430948097811,415.81364110364115,390.59167249841784,390.0,0.5916724984178359,0.0015171089703021432
18083.0,0.0,0.0,214.0,0.0,0.42924091125260816,415.81364110364115,178.48422621859189,0.0,178.48422621859189,
18084.0,1.0,5.0,205.0,106.20000000000002,0.7532463791709627,267.96602028860576,201.844434523245,90.48,111.36443452324501,1.2308182418572613
18085.0,3.0,298.0,445.0,462.3333333333333,1.155954012609074,449.9011591298719,520.065050173649,0.0,520.065050173649,
18086.0,0.0,0.0,91.0,0.0,0.7539426943197899,415.81364110364115,313.49965690860137,0.0,313.49965690860137,
18087.0,12.0,448.0,555.0,1126.165,3.226168234668612,1066.808376084265,3441.703295401462,0.0,3441.703295401462,
18089.0,0.0,0.0,263.0,0.0,0.3664605621261255,415.81364110364115,152.37930065855133,0.0,152.37930065855133,
18090.0,0.0,0.0,238.0,0.0,0.39600787846254837,415.81364110364115,164.6654778492404,0.0,164.6654778492404,
18091.0,0.0,0.0,410.0,0.0,0.2547544009192903,415.81364110364115,105.93035503342689,0.0,105.93035503342689,
18092.0,12.0,551.0,552.0,891.9683333333334,3.585282434506201,852.1810722287705,3055.309829280471,4398.22,1342.910170719529,0.30533037699786025
18093.0,5.0,321.0,435.0,622.902,1.832356130885824,585.721415848493,1073.2502273211114,989.0,84.25022732111142,0.08518728748342914
18094.0,7.0,483.0,518.0,613.8142857142857,2.2635621867535973,587.0491873082696,1328.822342155429,1240.1,88.72234215542903,0.07154450621355458
18095.0,4.0,287.0,416.0,320.5125,1.550005158612078,340.9816671022676,528.523343000661,0.0,528.523343000661,
18096.0,2.0,71.0,330.0,308.635,0.7382825245041561,346.5351757625523,255.84086439146856,911.15,655.3091356085314,0.719211036172454
18097.0,7.0,517.0,539.0,464.4028571428571,2.1961754005363843,457.8347212091679,1005.4853522310082,1241.24,235.75464776899184,0.18993478116157378
18098.0,0.0,0.0,213.0,0.0,0.4307473109530466,415.81364110364115,179.11060776298865,0.0,179.11060776298865,
18100.0,0.0,0.0,367.0,0.0,0.27968704815074447,415.81364110364115,116.29768986109048,0.0,116.29768986109048,
18101.0,2.0,300.0,491.0,146.505,0.7680957602078686,241.7370791446885,185.67722557606922,223.65,37.97277442393079,0.16978660596436748
18102.0,49.0,553.0,555.0,8622.851836734693,14.060277329554733,8443.596337010607,118719.30615718164,184015.67,65296.36384281838,0.3548413232569725
18103.0,0.0,0.0,366.0,0.0,0.2803251283689037,415.81364110364115,116.56301231991945,0.0,116.56301231991945,
18106.0,3.0,364.0,510.0,385.7166666666667,1.042744490656352,393.7599449271959,410.59101321398214,0.0,410.59101321398214,
18107.0,0.0,0.0,259.0,0.0,0.37088783672585224,415.81364110364115,154.22022183002937,0.0,154.22022183002937,
18108.0,2.0,483.0,554.0,177.78,0.7311998673064358,261.9527114873992,191.53978788014734,0.0,191.53978788014734,
18109.0,22.0,332.0,343.0,186.55090909090907,9.586218599234385,197.4127797525606,1892.4420609905578,5568.54,3676.097939009442,0.660154715420818
18110.0,0.0,0.0,228.0,0.0,0.40920769222991166,415.81364110364115,170.15414047373773,236.3,66.14585952626229,0.2799232311733486
18111.0,0.0,0.0,406.0,0.0,0.25688448510966255,415.81364110364115,106.81607309648288,0.0,106.81607309648288,
18112.0,1.0,133.0,368.0,271.27,0.5839178265112867,346.7907344741426,202.49729192839405,352.69,150.19270807160595,0.42584906879017254
18113.0,0.0,0.0,185.0,0.0,0.4776972958779436,415.81364110364115,198.63305194437112,0.0,198.63305194437112,
18114.0,0.0,0.0,107.0,0.0,0.6863042675803085,415.81364110364115,285.37467640753573,0.0,285.37467640753573,
18115.0,0.0,0.0,514.0,0.0,0.20957755118323818,415.81364110364115,87.14520465108698,0.0,87.14520465108698,
18116.0,11.0,177.0,228.0,160.06181818181818,6.230057074099354,183.1993325482692,1141.3422977126247,163.56,977.7822977126248,5.978126055958821
18118.0,17.0,195.0,198.0,262.7288235294118,11.45313878365776,271.9857567733213,3115.090619503033,2134.2799999999997,980.8106195030332,0.4595510521126719
18119.0,0.0,0.0,184.0,0.0,0.4795645178164251,415.81364110364115,199.40946829735972,0.0,199.40946829735972,
18120.0,0.0,0.0,31.0,0.0,1.1977190334114975,415.81364110364115,498.0279123019684,0.0,498.0279123019684,
18123.0,0.0,0.0,330.0,0.0,0.3054107209888863,415.81364110364115,126.99394392647704,589.4399999999999,462.44605607352287,0.7845515337837997
18124.0,0.0,0.0,289.0,0.0,0.3400769635864896,415.81364110364115,141.40864048436862,0.0,141.40864048436862,
18125.0,2.0,115.0,133.0,194.34,2.226083593276416,272.6568160947626,606.956864903536,197.85,409.106864903536,2.067762774341855
18127.0,0.0,0.0,220.0,0.0,0.4204195959828954,415.81364110364115,174.81620299696948,348.73,173.91379700303054,0.4987061537666118
18128.0,0.0,0.0,354.0,0.0,0.2882157915676694,415.81364110364115,119.84405771532074,0.0,119.84405771532074,
18129.0,0.0,0.0,60.0,0.0,0.9321718284938417,415.81364110364115,387.60976214026323,0.0,387.60976214026323,
18131.0,0.0,0.0,448.0,0.0,0.2361528483727743,415.81364110364115,98.19557573887937,0.0,98.19557573887937,
18132.0,0.0,0.0,321.0,0.0,0.31240045328167776,415.81364110364115,129.90036996148237,0.0,129.90036996148237,
18133.0,0.0,0.0,29.0,0.0,1.2217682172631852,415.81364110364115,508.02789100490946,0.0,508.02789100490946,
18134.0,1.0,96.0,511.0,142.85,0.37090703525078744,285.46723659017437,105.88180638489668,0.0,105.88180638489668,
18135.0,5.0,444.0,451.0,97.326,1.895826953424982,154.5071791081661,292.9188746509226,572.09,279.17112534907744,0.48798462715495367
18136.0,3.0,240.0,268.0,255.03333333333333,1.855873570095196,298.0011325358137,553.0524257316523,183.48,369.5724257316523,2.0142382043364524
18137.0,0.0,0.0,368.0,0.0,0.27905186867243065,415.81364110364115,116.03357356945847,0.0,116.03357356945847,
18138.0,0.0,0.0,112.0,0.0,0.6675963376952004,415.81364110364115,277.5956639644973,0.0,277.5956639644973,
18140.0,0.0,0.0,290.0,0.0,0.33913795858367984,415.81364110364115,141.01818939513575,0.0,141.01818939513575,
18141.0,1.0,188.0,406.0,424.2000000000001,0.557068855897381,419.8183199857083,233.8677111991991,0.0,233.8677111991991,
18142.0,0.0,0.0,32.0,0.0,1.1860486013105702,415.81364110364115,493.175187436829,737.04,243.86481256317097,0.33087052610872
18144.0,12.0,511.0,540.0,264.78333333333336,3.6225884156431936,277.40335449036735,1004.918178437367,1283.1,278.1818215626329,0.2168044747585012
18145.0,8.0,527.0,548.0,433.79,2.4498229066280053,431.6272165000754,1057.41024210597,1837.77,780.35975789403,0.42462318891593076
18146.0,0.0,0.0,37.0,0.0,1.1309715792570132,415.81364110364115,470.2734103555939,83.7,386.5734103555939,4.618559263507693
18148.0,0.0,0.0,463.0,0.0,0.2295374124713844,415.81364110364115,95.44478724923468,0.0,95.44478724923468,
18149.0,5.0,420.0,452.0,239.004,1.8784481487403348,270.74835190314917,508.5867404069673,62.400000000000006,446.18674040696726,7.150428532162937
18150.0,0.0,0.0,18.0,0.0,1.373629231958884,415.81364110364115,571.1737724672217,339.0,232.17377246722174,0.6848783848590612
18151.0,4.0,356.0,462.0,243.61,1.4640154934417184,280.59659915872373,410.79776857542697,340.8,69.99776857542696,0.2053925134255486
18152.0,0.0,0.0,463.0,0.0,0.2295374124713844,415.81364110364115,95.44478724923468,0.0,95.44478724923468,
18153.0,0.0,0.0,476.0,0.0,0.22409690946851346,415.81364110364115,93.18255188617562,0.0,93.18255188617562,
18154.0,2.0,102.0,307.0,172.055,0.9699258381516355,258.252168076943,250.485450576506,399.18999999999994,148.70454942349394,0.372515717887457
18155.0,0.0,0.0,108.0,0.0,0.6824789715380593,415.81364110364115,283.78406613190873,257.69,26.094066131908733,0.10126146195781262
18156.0,0.0,0.0,186.0,0.0,0.4758445879152876,415.81364110364115,197.8626707005174,528.71,330.8473292994826,0.6257633282886319
18157.0,0.0,0.0,388.0,0.0,0.2669282764289204,415.81364110364115,110.99241853542863,0.0,110.99241853542863,
18159.0,0.0,0.0,118.0,0.0,0.646454684964961,415.81364110364115,268.8046763637877,0.0,268.8046763637877,
18160.0,1.0,186.0,203.0,318.55,1.0400852278942834,369.3680197875986,384.17422103764466,319.51,64.66422103764467,0.20238559368296663
18161.0,2.0,127.0,196.0,273.15999999999997,1.6502765866949665,323.60473428029286,534.0373163264132,1072.37,538.3326836735866,0.5020027450167263
18162.0,0.0,0.0,549.0,0.0,0.197775959117483,415.81364110364115,82.23794168340548,0.0,82.23794168340548,
18163.0,0.0,0.0,401.0,0.0,0.25959775002070706,415.81364110364115,107.94428565842304,0.0,107.94428565842304,
18166.0,0.0,0.0,440.0,0.0,0.23983954067792249,415.81364110364115,99.72855268991182,0.0,99.72855268991182,
18168.0,14.0,532.0,553.0,242.67857142857144,4.123934543416418,255.2287420040881,1052.546625623376,115.15,937.396625623376,8.140656757476126
18170.0,6.0,483.0,517.0,323.91833333333335,1.9708668626148418,338.0914882043918,666.3333106341724,676.1,9.766689365827574,0.014445628406785347
18171.0,5.0,465.0,520.0,273.678,1.6534694408873913,299.19699195660314,494.7130830056739,766.72,272.0069169943261,0.35476695142206555
18172.0,25.0,517.0,545.0,536.2088,7.278345403906007,531.1605716150002,3865.9701051501243,3841.52,24.450105150124273,0.006364695524199867
18173.0,3.0,413.0,429.0,576.2800000000001,1.2717365937228373,533.3961021929254,678.3393421078694,378.0,300.33934210786936,0.7945485240948925
18174.0,0.0,0.0,420.0,0.0,0.24958070824154116,415.81364110364115,103.77906304314078,104.0,0.22093695685921944,0.002124393815954033
18175.0,0.0,0.0,492.0,0.0,0.2177451072069652,415.81364110364115,90.54138586023089,0.0,90.54138586023089,
18176.0,0.0,0.0,175.0,0.0,0.497051869168703,415.81364110364115,206.68094753640904,0.0,206.68094753640904,
18177.0,6.0,520.0,541.0,209.1,1.9020839530914637,240.98176328485982,458.3675449318175,627.77,169.40245506818246,0.269847961941766
18178.0,9.0,440.0,476.0,569.688888888889,3.0682632096120495,553.0097972277542,1696.7796153889376,490.87,1205.9096153889377,2.4566781742394883
18179.0,5.0,411.0,480.0,310.632,1.7580051243587977,329.5162814684949,579.29131138127,690.01,110.71868861872997,0.16045954206276716
18181.0,3.0,335.0,552.0,174.71666666666667,0.9239133045229482,239.14872634858375,220.9526900331743,382.8,161.84730996682572,0.4227986153783326
18182.0,0.0,0.0,280.0,0.0,0.3487682862081508,415.81364110364115,145.02261098968802,0.0,145.02261098968802,
18183.0,1.0,47.0,91.0,319.27000000000004,1.7049972307432402,369.71183631521467,630.3576570904391,0.0,630.3576570904391,
18185.0,0.0,0.0,66.0,0.0,0.8913540027642574,415.81364110364115,370.6371534017109,0.0,370.6371534017109,
18186.0,0.0,0.0,539.0,0.0,0.20100993184046914,415.81364110364115,83.5826716565802,0.0,83.5826716565802,
18187.0,0.0,0.0,448.0,0.0,0.2361528483727743,415.81364110364115,98.19557573887937,0.0,98.19557573887937,
18188.0,3.0,333.0,440.0,468.8,1.2016617240840501,454.6396388145877,546.3230522148874,1574.44,1028.1169477851126,0.6530048447607484
18189.0,1.0,358.0,442.0,633.1,0.551898020273982,519.572865289874,286.7512357415618,457.14,170.3887642584382,0.37272775136377956
18190.0,4.0,525.0,534.0,138.3,1.345870340308877,197.90550972555053,266.3551557233285,0.0,266.3551557233285,
18191.0,1.0,216.0,294.0,207.8,0.7689571790336972,316.482352518875,243.36137700686223,0.0,243.36137700686223,
18193.0,1.0,62.0,259.0,279.44,0.7435259728915372,350.69209701667506,260.74868261969664,243.76,16.988682619696647,0.0696943002120801
18194.0,4.0,242.0,497.0,639.47,1.0421485932356553,591.4321766254026,616.3602108644649,973.84,357.47978913553516,0.36708267183062426
18195.0,0.0,0.0,204.0,0.0,0.44479715056484703,415.81364110364115,184.95272272889355,0.0,184.95272272889355,
18196.0,2.0,342.0,449.0,466.3049999999999,0.8636033851174701,448.4504036274667,387.28328662997603,238.35,148.93328662997604,0.6248512130479381
18197.0,0.0,0.0,392.0,0.0,0.2646289802825371,415.81364110364115,110.03633983282542,0.0,110.03633983282542,
18198.0,10.0,149.0,153.0,320.025,8.253481396134493,329.4719871531943,2719.290916516352,1924.77,794.5209165163519,0.4127874585100308
18199.0,0.0,0.0,500.0,0.0,0.21470241916219965,415.81364110364115,89.27619466559442,0.0,89.27619466559442,
18201.0,0.0,0.0,539.0,0.0,0.20100993184046914,415.81364110364115,83.5826716565802,0.0,83.5826716565802,
18202.0,1.0,112.0,128.0,911.26,1.4260406620429849,652.4006504588867,930.3498554976647,0.0,930.3498554976647,
18203.0,2.0,350.0,548.0,112.46,0.7032977630250966,219.73096553613254,154.53629652890663,160.42000000000002,5.8837034710933835,0.03667686991081775
18204.0,0.0,0.0,9.0,0.0,1.5294814884506012,415.81364110364115,635.9792667132612,1444.27,808.2907332867388,0.5596534811958559
18206.0,0.0,0.0,370.0,0.0,0.2777901331110426,415.81364110364115,115.50892671156778,0.0,115.50892671156778,
18207.0,0.0,0.0,316.0,0.0,0.31642381481928666,415.81364110364115,131.57333857191188,0.0,131.57333857191188,
18208.0,0.0,0.0,382.0,0.0,0.27045319039465876,415.81364110364115,112.45812584609936,0.0,112.45812584609936,
18210.0,1.0,115.0,199.0,142.4,1.0199429495661223,285.2523512604143,290.9411245152186,2478.98,2188.0388754847813,0.8826367600726029
18211.0,0.0,0.0,95.0,0.0,0.7358083814843477,415.81364110364115,305.9591622595836,462.17,156.21083774041642,0.3379943262012169
18212.0,1.0,351.0,494.0,248.42,0.49510858435426724,335.87933495188224,166.2967420418792,0.0,166.2967420418792,
18213.0,0.0,0.0,53.0,0.0,0.9848145342100548,415.81364110364115,409.4993172816693,0.0,409.4993172816693,
18214.0,3.0,24.0,371.0,352.2633333333333,0.1393092475978324,369.2468613623467,51.43950243424965,0.0,51.43950243424965,
18215.0,3.0,186.0,440.0,383.2000000000001,0.9329460804537812,391.91584587463905,365.63635227647273,299.34000000000003,66.2963522764727,0.2214750861110199
18217.0,1.0,13.0,343.0,22.45,0.4176286557702805,227.97347280548522,95.20825499903741,621.75,526.5417450009626,0.8468705186987737
18218.0,3.0,449.0,477.0,280.02666666666664,1.1583535515419698,316.31511226571,366.40473369938206,0.0,366.40473369938206,
18219.0,11.0,518.0,549.0,204.8827272727273,3.2858553094633836,223.9653558668673,735.9177537110021,1157.46,421.54224628899794,0.36419595172964764
18220.0,5.0,498.0,541.0,333.62399999999997,1.6047781635219207,348.38030442832104,559.0731051476887,0.0,559.0731051476887,
18221.0,2.0,206.0,207.0,268.505,1.654615841981236,320.5958208172931,530.4629239972709,504.6,25.862923997270855,0.05125430835765132
18223.0,18.0,530.0,552.0,504.92388888888894,5.257726788230934,499.81765732235755,2627.9046861345887,3727.06,1099.1553138654112,0.2949121596822727
18224.0,0.0,0.0,80.0,0.0,0.8087791743752968,415.81364110364115,336.30141334578883,0.0,336.30141334578883,
18225.0,17.0,531.0,552.0,538.4535294117646,4.9778027825048605,531.0375800243713,2643.400343459963,3841.05,1197.649656540037,0.311802672847278
18226.0,19.0,459.0,461.0,464.72210526315786,6.520845614322102,462.0590047461295,3013.0154346568343,2627.71,385.3054346568342,0.146631643011152
18227.0,1.0,267.0,301.0,93.75,0.7656233718448221,262.0208594985777,200.60929394297943,0.0,200.60929394297943,
18229.0,15.0,552.0,553.0,423.714,4.432877559131623,423.176903895421,1875.8914008208114,4067.0,2191.108599179189,0.538753036434519
18230.0,4.0,318.0,342.0,611.7900000000001,1.953035518169476,569.6973997237766,1112.639256269329,1555.9,443.26074373067104,0.28489025241382543
18231.0,24.0,506.0,515.0,275.28208333333333,7.423612870647107,281.4094589216445,2089.0748811725584,0.0,2089.0748811725584,
18232.0,1.0,5.0,14.0,263.13,3.312951883648985,342.9036976202608,1136.023450941245,221.99,914.0334509412451,4.117453267900559
18233.0,0.0,0.0,142.0,0.0,0.5738042412738722,415.81364110364115,238.595630844801,0.0,238.595630844801,
18234.0,0.0,0.0,368.0,0.0,0.27905186867243065,415.81364110364115,116.03357356945847,0.0,116.03357356945847,
18235.0,0.0,0.0,34.0,0.0,1.1633817784337297,415.81364110364115,483.7500132841586,1366.02,882.2699867158414,0.6458690112266595
18236.0,5.0,417.0,420.0,196.194,2.016227479041513,235.62444694011168,475.0724846546121,577.74,102.66751534538793,0.17770539575827868
18238.0,0.0,0.0,332.0,0.0,0.3038997556826965,415.81364110364115,126.365663940929,0.0,126.365663940929,
18239.0,5.0,204.0,239.0,399.942,3.1153107645829543,402.7915898601996,1254.8209757749623,0.0,1254.8209757749623,
18241.0,4.0,400.0,434.0,265.85749999999996,1.5979077805568376,298.06569052862704,476.2814860127397,1707.26,1230.9785139872602,0.7210258039122689
18242.0,5.0,501.0,514.0,348.052,1.6913702395400003,360.21790547496215,609.2618450697839,1538.41,929.1481549302162,0.6039665335835155
18243.0,0.0,0.0,231.0,0.0,0.40515611966293186,415.81364110364115,168.46944133246623,0.0,168.46944133246623,
18244.0,1.0,72.0,319.0,265.84,0.6106399935967466,344.1977848283713,210.18093312361106,0.0,210.18093312361106,
18245.0,12.0,430.0,458.0,396.12000000000006,4.171575773539492,397.76559134557925,1659.309304404828,1260.77,398.53930440482804,0.3161078582174608
18246.0,1.0,376.0,426.0,232.9,0.5735483882199305,328.4681786899356,188.39239446914868,363.2,174.8076055308513,0.48129847337789455
18247.0,2.0,217.0,448.0,326.865,0.7839980033421549,358.3187401944505,280.92117687252556,0.0,280.92117687252556,
18248.0,0.0,0.0,3.0,0.0,1.6548898806648453,415.81364110364115,688.1257869048195,307.56,380.5657869048195,1.237370876917738
18250.0,0.0,0.0,127.0,0.0,0.6171462552017364,415.81364110364115,256.61783146891094,0.0,256.61783146891094,
18251.0,6.0,272.0,534.0,3113.2100000000005,1.0610690576688766,2697.1864045534894,2861.901036636876,4314.72,1452.818963363124,0.3367122231252837
18252.0,4.0,173.0,538.0,159.6425,0.4782456621544547,214.663980680137,102.6621175810832,526.67,424.0078824189168,0.8050731623576752
18253.0,0.0,0.0,459.0,0.0,0.2312649924872878,415.81364110364115,96.16313858594536,0.0,96.16313858594536,
18254.0,0.0,0.0,398.0,0.0,0.26125341773935395,415.81364110364115,108.63273488097136,0.0,108.63273488097136,
18255.0,0.0,0.0,273.0,0.0,0.35584197893429065,415.81364110364115,147.96394891819256,103.3,44.66394891819256,0.4323712383174498
18256.0,0.0,0.0,204.0,0.0,0.44479715056484703,415.81364110364115,184.95272272889355,0.0,184.95272272889355,
18257.0,6.0,453.0,476.0,434.72333333333336,2.123260763473654,431.8068623726466,916.8385682745086,1616.4299999999998,699.5914317254912,0.43280032647593236
18258.0,4.0,108.0,389.0,296.22,0.5684167298696902,321.90680915852664,182.97721578467613,0.0,182.97721578467613,
18259.0,4.0,365.0,548.0,499.87500000000006,1.1968910902436964,481.8199590826829,576.6860161276455,1962.3,1385.6139838723543,0.7061173030996047
18260.0,20.0,519.0,541.0,461.33,5.923964458102948,458.9690942669566,2718.9166018051524,427.13,2291.7866018051523,5.365548197984577
18262.0,1.0,209.0,419.0,226.0,0.5477606561921465,325.1732703002815,178.11712391582842,149.48,28.637123915828425,0.19157829753698438
18263.0,0.0,0.0,69.0,0.0,0.8722632972582496,415.81364110364115,362.6989776340205,905.56,542.8610223659795,0.5994754873956221
18264.0,0.0,0.0,315.0,0.0,0.317240968652432,415.81364110364115,131.91312228261384,0.0,131.91312228261384,
18266.0,0.0,0.0,251.0,0.0,0.3800717340346132,415.81364110364115,158.0390116095072,0.0,158.0390116095072,
18267.0,0.0,0.0,489.0,0.0,0.21890848054621115,415.81364110364115,91.02513236438566,0.0,91.02513236438566,
18268.0,4.0,137.0,545.0,272.3875,0.2593646016062277,303.19315054190804,78.637570700039,25.5,53.13757070003901,2.083826301962314
18269.0,0.0,0.0,183.0,0.0,0.4814464252610739,415.81364110364115,200.19199108413918,0.0,200.19199108413918,
18270.0,1.0,166.0,249.0,111.95,0.8700607246737829,270.7117772799842,235.53568511795078,171.20000000000002,64.33568511795076,0.37579255325905814
18271.0,1.0,122.0,548.0,488.3,0.3627506054262776,450.4275414026399,163.39286334447735,0.0,163.39286334447735,
18272.0,4.0,420.0,462.0,413.235,1.5116846908580346,413.78885103510777,625.5182713575083,2098.04,1472.5217286424918,0.7018558886591733
18273.0,1.0,333.0,407.0,51.0,0.5927058581057343,241.60675317137287,143.2017379625789,153.0,9.798262037421097,0.06404092834915749
18275.0,1.0,153.0,548.0,369.21,0.3849379905183166,393.55933268903004,151.49593867504487,0.0,151.49593867504487,
18276.0,4.0,337.0,546.0,275.65250000000003,1.1550421995756133,305.75688054854857,353.1620998441736,335.86,17.302099844173597,0.051515809695032444
18277.0,2.0,97.0,311.0,366.265,0.9346729339964882,383.786235455931,358.714606721062,110.38,248.33460672106202,2.2498152448003443
18278.0,0.0,0.0,221.0,0.0,0.41898456610036205,415.81364110364115,174.21949799642076,173.9,0.3194979964207505,0.0018372512732648101
18279.0,0.0,0.0,336.0,0.0,0.3009222808308605,415.81364110364115,125.12758928149255,0.0,125.12758928149255,
18280.0,1.0,117.0,211.0,180.6,0.972291840716731,303.4937281422675,295.0844755814285,0.0,295.0844755814285,
18281.0,0.0,0.0,394.0,0.0,0.26349413461126553,415.81364110364115,109.56445552216329,80.82,28.744455522163292,0.3556601772106322
18283.0,9.0,458.0,475.0,119.28,3.0977643401205506,151.42234811488524,469.07075028761176,1555.83,1086.7592497123883,0.6985077095263547
18284.0,0.0,0.0,248.0,0.0,0.38363422900782196,415.81364110364115,159.52034561573055,0.0,159.52034561573055,
18285.0,0.0,0.0,477.0,0.0,0.22368907845192595,415.81364110364115,93.01297018621337,0.0,93.01297018621337,
18286.0,1.0,247.0,540.0,833.48,0.43182649027093606,615.2589150172495,265.685097879803,0.0,265.685097879803,
18287.0,3.0,370.0,388.0,663.1266666666667,1.383100412380895,597.0333958555976,825.7571360130432,1072.0,246.24286398695676,0.22970416416693729
