customer_id,cluster,segment_label,predicted_clv,predicted_churn_proba,frequency,days_since_last_purchase,total_calibration_spend
12346.0,0,High-Value / Low-Risk,19070.35670504835,0.9657887,7.0,142.0,77556.46
12347.0,0,High-Value / Low-Risk,1523.9091771495505,0.011704974,3.0,63.0,3146.75
12348.0,0,High-Value / Low-Risk,745.2230528973606,0.012148068,3.0,65.0,1388.3999999999999
12349.0,1,Low-Value / At-Risk,425.5948750929305,0.98858184,1.0,224.0,2221.14
12350.0,1,Low-Value / At-Risk,256.61783146891094,0.9936521,0.0,127.0,294.4
12351.0,1,Low-Value / At-Risk,193.36326330895716,0.9948598,0.0,192.0,300.93
12352.0,0,High-Value / Low-Risk,667.5452099251078,0.0075337915,5.0,79.0,985.31
12353.0,0,High-Value / Low-Risk,250.0241322232875,0.017137278,1.0,21.0,406.76
12354.0,0,High-Value / Low-Risk,423.1619138783783,0.00557618,0.0,49.0,1079.4
12355.0,0,High-Value / Low-Risk,274.2576211855945,0.020919112,1.0,31.0,947.6099999999999
12356.0,0,High-Value / Low-Risk,2543.8827235903655,0.009703907,4.0,62.0,5555.33
12357.0,1,Low-Value / At-Risk,184.284811656696,0.9948598,0.0,205.0,11229.99
12358.0,1,Low-Value / At-Risk,352.20854873174545,0.9902531,2.0,192.0,2519.01
12359.0,0,High-Value / Low-Risk,1548.4467673293266,0.0066056293,8.0,6.0,6059.09
12360.0,0,High-Value / Low-Risk,736.0182548511864,0.011940356,3.0,17.0,2234.41
12361.0,0,High-Value / Low-Risk,215.497484219014,0.019710738,3.0,104.0,451.25
12362.0,0,High-Value / Low-Risk,657.7327331827792,0.0052788644,1.0,42.0,884.34
12363.0,0,High-Value / Low-Risk,390.59167249841784,0.00557618,0.0,59.0,299.1
12365.0,0,High-Value / Low-Risk,283.78406613190873,0.00557618,0.0,108.0,320.69
12366.0,1,Low-Value / At-Risk,97.81967186032227,0.99624145,0.0,450.0,500.24
12368.0,1,Low-Value / At-Risk,98.7648835625142,0.99624145,0.0,445.0,917.7
12369.0,1,Low-Value / At-Risk,415.2494697923691,0.98265797,2.0,230.0,1511.1499999999999
12370.0,0,High-Value / Low-Risk,913.0313462867036,0.0097713135,4.0,91.0,3221.0299999999997
12371.0,1,Low-Value / At-Risk,430.50716751271545,0.98318404,1.0,226.0,1819.42
12372.0,0,High-Value / Low-Risk,682.1836452715563,0.0052788644,1.0,29.0,842.9200000000001
12373.0,1,Low-Value / At-Risk,263.9097194567173,0.98505545,2.0,128.0,927.6500000000001
12374.0,1,Low-Value / At-Risk,291.4302859277072,0.98888373,1.0,238.0,2046.29
12376.0,1,Low-Value / At-Risk,171.7706429851732,0.99248976,1.0,206.0,383.15000000000003
12377.0,0,High-Value / Low-Risk,769.090395275859,0.97850925,3.0,132.0,3266.32
12378.0,1,Low-Value / At-Risk,113.2056047361672,0.99624145,0.0,379.0,1407.7
12379.0,1,Low-Value / At-Risk,234.94992931911213,0.98858184,1.0,239.0,692.98
12380.0,0,High-Value / Low-Risk,1216.7530365314751,0.012690949,3.0,2.0,5345.39
12383.0,0,High-Value / Low-Risk,1008.8819283668809,0.009965395,4.0,1.0,1628.56
12385.0,1,Low-Value / At-Risk,190.475863355498,0.9948598,0.0,196.0,1668.4
12386.0,1,Low-Value / At-Risk,272.6388419034585,0.9799182,1.0,154.0,660.8
12387.0,1,Low-Value / At-Risk,167.91527582129314,0.9948598,0.0,232.0,143.94
12388.0,0,High-Value / Low-Risk,612.7288180937755,0.009531143,4.0,92.0,1886.7
12389.0,1,Low-Value / At-Risk,429.1624623228404,0.98413175,2.0,219.0,1433.33
12391.0,1,Low-Value / At-Risk,422.8667887695008,0.99518365,3.0,281.0,2312.5299999999997
12392.0,1,Low-Value / At-Risk,106.37136894539476,0.99624145,0.0,408.0,234.75000000000003
12393.0,0,High-Value / Low-Risk,978.97745860523,0.0100575285,4.0,62.0,1877.9499999999998
12394.0,0,High-Value / Low-Risk,483.7500132841586,0.00557618,0.0,34.0,351.08
12395.0,0,High-Value / Low-Risk,904.9252701561444,0.006630903,8.0,28.0,3258.36
12396.0,1,Low-Value / At-Risk,90.70206205860724,0.99624145,0.0,491.0,931.43
12399.0,0,High-Value / Low-Risk,536.1304028594728,0.0108662285,4.0,30.0,1532.6000000000001
12400.0,1,Low-Value / At-Risk,168.46944133246623,0.9948598,0.0,231.0,205.25
12401.0,1,Low-Value / At-Risk,265.9971790370231,0.99070215,0.0,120.0,69.3
12402.0,1,Low-Value / At-Risk,379.481103145424,0.98253524,5.0,140.0,1136.9
12403.0,1,Low-Value / At-Risk,124.51761404281706,0.99624145,0.0,338.0,555.6600000000001
12406.0,0,High-Value / Low-Risk,1112.470814710014,0.0119137475,3.0,0.0,4596.3099999999995
12407.0,0,High-Value / Low-Risk,593.6472251533072,0.0052788644,1.0,52.0,450.96000000000004
12408.0,0,High-Value / Low-Risk,903.9482426412322,0.009409296,3.0,77.0,2049.81
12409.0,0,High-Value / Low-Risk,1450.1654480980978,0.98260915,3.0,237.0,12346.619999999999
12410.0,1,Low-Value / At-Risk,333.5520301312585,0.9805716,1.0,125.0,773.71
12411.0,1,Low-Value / At-Risk,171.29614907936426,0.9948598,0.0,226.0,346.9
12412.0,1,Low-Value / At-Risk,312.3112388798504,0.98939425,2.0,219.0,1262.05
12413.0,0,High-Value / Low-Risk,482.699750792795,0.01292756,2.0,53.0,695.25
12414.0,0,High-Value / Low-Risk,392.1000625831672,0.009230945,3.0,34.0,532.41
12415.0,0,High-Value / Low-Risk,27329.350920220324,0.0059553045,9.0,20.0,70002.74
12416.0,1,Low-Value / At-Risk,93.69502982659252,0.99624145,0.0,473.0,202.56
12417.0,0,High-Value / Low-Risk,1280.9727630074174,0.005846484,15.0,4.0,4456.08
12418.0,1,Low-Value / At-Risk,371.8619587152121,0.985906,2.0,230.0,1352.6200000000001
12419.0,1,Low-Value / At-Risk,218.7915840173256,0.9876917,1.0,202.0,391.01000000000005
12421.0,1,Low-Value / At-Risk,271.8446363875734,0.98550594,2.0,136.0,365.01
12422.0,0,High-Value / Low-Risk,850.992575249678,0.9686479,9.0,141.0,3194.29
12423.0,0,High-Value / Low-Risk,1002.3937049973628,0.007147142,7.0,8.0,1953.77
12424.0,1,Low-Value / At-Risk,442.4249754560107,0.98774403,1.0,239.0,1579.07
12425.0,1,Low-Value / At-Risk,151.4752457117439,0.9948598,0.0,265.0,964.21
12426.0,0,High-Value / Low-Risk,240.86160754492812,0.021327764,1.0,11.0,1201.21
12427.0,1,Low-Value / At-Risk,196.3397337607527,0.9948598,0.0,188.0,499.0
12428.0,0,High-Value / Low-Risk,935.563458031417,0.005509227,3.0,59.0,5119.34
12429.0,0,High-Value / Low-Risk,1471.4705596572617,0.010044102,3.0,44.0,5110.99
12431.0,0,High-Value / Low-Risk,1973.7589782323212,0.0057805316,16.0,17.0,7229.05
12433.0,0,High-Value / Low-Risk,3007.166469781802,0.98183286,4.0,183.0,10992.51
12434.0,0,High-Value / Low-Risk,364.09456080676887,0.014438975,1.0,77.0,583.54
12435.0,0,High-Value / Low-Risk,2384.4927954909554,0.01315608,4.0,84.0,10075.029999999999
12437.0,0,High-Value / Low-Risk,2362.946938315611,0.005970247,25.0,15.0,8594.08
12439.0,1,Low-Value / At-Risk,67.8130189111353,0.99567163,1.0,499.0,1158.18
12440.0,1,Low-Value / At-Risk,148.00374540164233,0.99567163,1.0,279.0,739.2
12441.0,1,Low-Value / At-Risk,200.1919910841392,0.9948598,0.0,183.0,311.1
12443.0,1,Low-Value / At-Risk,82.23794168340548,0.99624145,0.0,549.0,365.31
12445.0,1,Low-Value / At-Risk,165.19833336959886,0.9948598,0.0,237.0,301.58000000000004
12447.0,0,High-Value / Low-Risk,387.6097621402632,0.00557618,0.0,60.0,431.49
12449.0,0,High-Value / Low-Risk,513.7026252459989,0.018909086,1.0,4.0,1447.5300000000002
12450.0,1,Low-Value / At-Risk,237.4590405088241,0.9845694,2.0,216.0,490.32000000000005
12451.0,0,High-Value / Low-Risk,2675.0944580869145,0.009215076,3.0,35.0,8942.18
12454.0,0,High-Value / Low-Risk,2299.2663240751585,0.98532134,2.0,212.0,12931.44
12455.0,0,High-Value / Low-Risk,1101.0752595266845,0.0091332765,5.0,6.0,5303.39
12456.0,0,High-Value / Low-Risk,357.594012952969,0.00557618,0.0,71.0,780.17
12457.0,0,High-Value / Low-Risk,638.8885707421467,0.008020275,3.0,50.0,1419.9299999999998
12458.0,0,High-Value / Low-Risk,450.7034954664505,0.014030046,2.0,101.0,1077.01
12459.0,1,Low-Value / At-Risk,103.35925517643749,0.99624145,0.0,422.0,398.36
12460.0,1,Low-Value / At-Risk,147.96394891819256,0.9948598,0.0,273.0,296.65
12462.0,1,Low-Value / At-Risk,265.9971790370231,0.99070215,0.0,120.0,594.11
12463.0,0,High-Value / Low-Risk,741.6951615167454,0.0052788644,1.0,23.0,575.95
12464.0,0,High-Value / Low-Risk,540.7424399398202,0.008706177,2.0,17.0,439.84999999999997
12467.0,1,Low-Value / At-Risk,163.61002894112784,0.9948598,0.0,240.0,132.8
12468.0,0,High-Value / Low-Risk,922.5950687384168,0.013539056,4.0,4.0,3238.74
12469.0,1,Low-Value / At-Risk,302.95532163170355,0.99558556,1.0,339.0,3070.54
12470.0,1,Low-Value / At-Risk,88.35027713873045,0.99624145,0.0,506.0,211.95
12471.0,0,High-Value / Low-Risk,6786.721280149367,0.0059138495,33.0,27.0,25020.77
12472.0,0,High-Value / Low-Risk,3267.263783091464,0.0057805316,14.0,84.0,13277.32
12473.0,0,High-Value / Low-Risk,644.1089321671316,0.00557618,0.0,8.0,600.1899999999999
12474.0,0,High-Value / Low-Risk,2287.6738426673555,0.0057805316,17.0,17.0,7083.79
12475.0,1,Low-Value / At-Risk,171.29614907936426,0.9948598,0.0,226.0,396.26
12476.0,0,High-Value / Low-Risk,3335.6269530963827,0.00579163,10.0,35.0,8520.09
12477.0,0,High-Value / Low-Risk,3096.16078990751,0.012066359,4.0,56.0,11633.6
12480.0,0,High-Value / Low-Risk,1305.4308357096077,0.011806659,4.0,84.0,3338.49
12481.0,0,High-Value / Low-Risk,2158.8436082675507,0.0065561603,8.0,21.0,8947.62
12482.0,1,Low-Value / At-Risk,378.44659536261656,0.99547136,4.0,393.0,21941.72
12483.0,0,High-Value / Low-Risk,1035.29304154,0.005846484,14.0,0.0,3180.21
12484.0,0,High-Value / Low-Risk,657.147311488709,0.9767585,5.0,153.0,2646.1000000000004
12485.0,1,Low-Value / At-Risk,122.13610123155516,0.99624145,0.0,346.0,708.1
12486.0,1,Low-Value / At-Risk,159.52034561573055,0.9948598,0.0,248.0,917.28
12487.0,1,Low-Value / At-Risk,82.50341325632112,0.99624145,0.0,547.0,285.29999999999995
12489.0,1,Low-Value / At-Risk,226.9131918136887,0.9948598,0.0,153.0,298.93
12490.0,0,High-Value / Low-Risk,1318.117412153631,0.0062493975,11.0,31.0,4974.43
12492.0,1,Low-Value / At-Risk,174.81620299696948,0.9948598,0.0,220.0,380.0
12493.0,0,High-Value / Low-Risk,598.2524733711759,0.00557618,0.0,14.0,196.5
12494.0,0,High-Value / Low-Risk,456.51844093385847,0.0073518516,5.0,13.0,1144.4099999999999
12495.0,1,Low-Value / At-Risk,96.5263870821952,0.99624145,0.0,457.0,277.4
12496.0,1,Low-Value / At-Risk,100.31584010015972,0.99624145,0.0,437.0,54.09
12497.0,0,High-Value / Low-Risk,1079.2113748755544,0.98774403,1.0,217.0,5043.4
12499.0,1,Low-Value / At-Risk,113.70947356110722,0.99624145,0.0,377.0,357.72
12500.0,0,High-Value / Low-Risk,793.5975707190352,0.0059603285,10.0,83.0,2637.59
12501.0,1,Low-Value / At-Risk,226.9131918136887,0.9948598,0.0,153.0,2025.39
12502.0,0,High-Value / Low-Risk,1049.5033755756183,0.009966646,2.0,34.0,1478.65
12503.0,1,Low-Value / At-Risk,107.94428565842304,0.99624145,0.0,401.0,896.0
12504.0,1,Low-Value / At-Risk,155.57324147806173,0.98858184,1.0,234.0,261.0
12505.0,1,Low-Value / At-Risk,171.872930890697,0.9948598,0.0,225.0,787.2
12506.0,0,High-Value / Low-Risk,423.1619138783783,0.00557618,0.0,49.0,73.5
12507.0,0,High-Value / Low-Risk,231.366364546956,0.020919112,1.0,115.0,817.4100000000001
12509.0,1,Low-Value / At-Risk,295.3072949449007,0.00557618,0.0,101.0,158.5
12510.0,0,High-Value / Low-Risk,721.3331829171875,0.9758902,5.0,142.0,2821.51
12511.0,1,Low-Value / At-Risk,161.0297542691887,0.9948598,0.0,245.0,3084.02
12514.0,0,High-Value / Low-Risk,376.65406230534813,0.019909555,1.0,84.0,1597.76
12515.0,1,Low-Value / At-Risk,210.95508507859907,0.9948598,0.0,170.0,278.7
12516.0,1,Low-Value / At-Risk,267.4540732200507,0.98858184,1.0,247.0,1102.56
12517.0,0,High-Value / Low-Risk,652.451325230787,0.00557618,0.0,7.0,766.95
12519.0,1,Low-Value / At-Risk,139.85968223292087,0.99624145,0.0,293.0,349.7
12520.0,0,High-Value / Low-Risk,971.4221172120396,0.005211679,2.0,21.0,1517.56
12523.0,0,High-Value / Low-Risk,844.6629526708872,0.008858321,15.0,69.0,2812.57
12524.0,0,High-Value / Low-Risk,2519.457697957376,0.0057805316,12.0,21.0,8321.77
12525.0,1,Low-Value / At-Risk,178.00066905498826,0.99558556,2.0,315.0,883.73
12527.0,0,High-Value / Low-Risk,283.71826067081275,0.010987642,3.0,111.0,653.72
12528.0,0,High-Value / Low-Risk,437.20139504886447,0.0102725765,1.0,93.0,681.66
12529.0,1,Low-Value / At-Risk,122.42879176219608,0.99624145,0.0,345.0,316.48
12530.0,0,High-Value / Low-Risk,833.7404134350247,0.006811805,6.0,50.0,2595.98
12531.0,1,Low-Value / At-Risk,88.81082130308934,0.99624145,0.0,503.0,1645.98
12533.0,1,Low-Value / At-Risk,142.15423086873002,0.99567163,1.0,444.0,1223.8899999999999
12535.0,0,High-Value / Low-Risk,688.1257869048195,0.00557618,0.0,3.0,371.45
12537.0,1,Low-Value / At-Risk,171.872930890697,0.9948598,0.0,225.0,612.94
12538.0,1,Low-Value / At-Risk,191.18958281965823,0.9948598,0.0,195.0,276.5
12539.0,0,High-Value / Low-Risk,1411.0476948356957,0.01067999,4.0,79.0,10136.09
12540.0,0,High-Value / Low-Risk,3703.309662676053,0.0057805316,20.0,3.0,13136.77
12541.0,0,High-Value / Low-Risk,302.3238433104889,0.00557618,0.0,97.0,284.40000000000003
12542.0,1,Low-Value / At-Risk,130.08678828605971,0.99558556,1.0,301.0,481.88
12543.0,1,Low-Value / At-Risk,151.4752457117439,0.9948598,0.0,265.0,840.25
12545.0,0,High-Value / Low-Risk,345.44172912601016,0.00557618,0.0,76.0,544.15
12547.0,0,High-Value / Low-Risk,232.41933049683337,0.012023789,2.0,14.0,299.58
12549.0,1,Low-Value / At-Risk,142.19485564218144,0.99552035,3.0,392.0,1570.68
12551.0,1,Low-Value / At-Risk,207.5218319853539,0.9948598,0.0,174.0,168.0
12553.0,0,High-Value / Low-Risk,1196.1896776944263,0.007832124,6.0,21.0,2327.09
12554.0,1,Low-Value / At-Risk,151.4752457117439,0.9948598,0.0,265.0,384.5
12557.0,0,High-Value / Low-Risk,2633.546617671311,0.007546237,5.0,73.0,11579.800000000001
12559.0,1,Low-Value / At-Risk,293.82185631808767,0.9790317,1.0,127.0,525.71
12561.0,1,Low-Value / At-Risk,267.39353451321495,0.02495311,0.0,119.0,238.85
12562.0,0,High-Value / Low-Risk,686.9791911521174,0.009124107,2.0,15.0,1432.1399999999999
12563.0,1,Low-Value / At-Risk,171.872930890697,0.9948598,0.0,225.0,221.24
12564.0,0,High-Value / Low-Risk,340.81001617382213,0.00557618,0.0,78.0,402.9
12565.0,1,Low-Value / At-Risk,288.6101939163535,0.00557618,0.0,105.0,145.92
12567.0,0,High-Value / Low-Risk,2391.759169118021,0.005971654,9.0,1.0,7901.58
12568.0,1,Low-Value / At-Risk,95.80261550007036,0.99624145,0.0,461.0,52.0
12569.0,0,High-Value / Low-Risk,1344.9821102526437,0.00573896,4.0,0.0,964.46
12573.0,0,High-Value / Low-Risk,451.0055824368007,0.009104603,4.0,44.0,717.4100000000001
12574.0,1,Low-Value / At-Risk,250.314472007742,0.9936521,0.0,132.0,182.45
12575.0,1,Low-Value / At-Risk,191.38687718934744,0.98888373,1.0,274.0,568.8199999999999
12576.0,0,High-Value / Low-Risk,505.91131334048976,0.012842717,4.0,35.0,1168.54
12577.0,1,Low-Value / At-Risk,336.32302962853265,0.9813836,3.0,176.0,1191.84
12578.0,0,High-Value / Low-Risk,1025.039326805585,0.98514634,2.0,147.0,3036.6000000000004
12580.0,0,High-Value / Low-Risk,243.8516763616277,0.020919112,1.0,63.0,962.8999999999999
12582.0,0,High-Value / Low-Risk,473.832089965582,0.010839968,3.0,55.0,1820.4
12583.0,0,High-Value / Low-Risk,2518.5723945811237,0.0057805316,16.0,17.0,9416.449999999999
12584.0,0,High-Value / Low-Risk,497.63948895057246,0.0052788644,1.0,2.0,538.74
12585.0,0,High-Value / Low-Risk,628.4140608280898,0.011584109,1.0,51.0,1824.1
12586.0,1,Low-Value / At-Risk,438.25410063549015,0.984504,2.0,191.0,1865.73
12588.0,1,Low-Value / At-Risk,197.050647500163,0.98858184,1.0,216.0,543.88
12589.0,1,Low-Value / At-Risk,586.1635438221181,0.9850103,2.0,238.0,2720.23
12590.0,0,High-Value / Low-Risk,513.1811992459335,0.00557618,0.0,28.0,9341.26
12591.0,1,Low-Value / At-Risk,437.3080673309621,0.98154,2.0,134.0,1128.15
12592.0,0,High-Value / Low-Risk,223.98150556513465,0.012831683,1.0,30.0,1535.84
12593.0,0,High-Value / Low-Risk,479.17219182675296,0.00557618,0.0,35.0,200.0
12594.0,0,High-Value / Low-Risk,1170.4770896101145,0.0059603285,10.0,0.0,3359.84
12595.0,1,Low-Value / At-Risk,129.90036996148237,0.99624145,0.0,321.0,281.02
12596.0,0,High-Value / Low-Risk,390.59167249841784,0.00557618,0.0,59.0,213.95
12597.0,0,High-Value / Low-Risk,325.5372344066681,0.00557618,0.0,85.0,432.15
12598.0,0,High-Value / Low-Risk,711.3153195677332,0.010157372,4.0,37.0,2526.75
12599.0,0,High-Value / Low-Risk,541.8864284213286,0.0068690586,8.0,25.0,1530.0
12600.0,0,High-Value / Low-Risk,967.0923852268444,0.005846484,15.0,21.0,3305.27
12601.0,0,High-Value / Low-Risk,520.002077940801,0.00784755,5.0,6.0,573.26
12604.0,0,High-Value / Low-Risk,340.81001617382213,0.00557618,0.0,78.0,160.5
12605.0,1,Low-Value / At-Risk,454.0471462937464,0.985342,2.0,193.0,1124.95
12608.0,1,Low-Value / At-Risk,174.21949799642076,0.9948598,0.0,221.0,415.79
12609.0,0,High-Value / Low-Risk,792.2732566584219,0.007644261,7.0,3.0,2731.74
12613.0,0,High-Value / Low-Risk,1010.7798676383238,0.010779787,6.0,14.0,4539.21
12614.0,0,High-Value / Low-Risk,307.8099372780743,0.00557618,0.0,94.0,315.6
12615.0,1,Low-Value / At-Risk,651.9296981344022,0.985906,2.0,230.0,3269.79
12616.0,0,High-Value / Low-Risk,313.31733869729953,0.015594976,1.0,114.0,601.4
12619.0,0,High-Value / Low-Risk,345.56481967150677,0.013369865,2.0,51.0,735.7999999999998
12620.0,0,High-Value / Low-Risk,552.4334381145162,0.00557618,0.0,21.0,561.66
12621.0,0,High-Value / Low-Risk,5256.216745798112,0.005914687,23.0,17.0,16731.96
12622.0,0,High-Value / Low-Risk,423.1619138783783,0.00557618,0.0,49.0,162.1
12623.0,0,High-Value / Low-Risk,643.1620212632725,0.013671372,6.0,93.0,3315.84
12625.0,0,High-Value / Low-Risk,1360.1787799122192,0.011030558,3.0,28.0,4678.88
12626.0,1,Low-Value / At-Risk,317.6766089247362,0.9790317,1.0,133.0,1094.1
12629.0,1,Low-Value / At-Risk,382.8987981748718,0.9876917,1.0,202.0,1198.22
12631.0,1,Low-Value / At-Risk,540.0940090577076,0.98673475,3.0,273.0,2841.0699999999997
12632.0,1,Low-Value / At-Risk,176.60047805940192,0.99558556,1.0,337.0,714.88
12633.0,0,High-Value / Low-Risk,1222.5153344894334,0.01605748,4.0,13.0,4757.7300000000005
12634.0,1,Low-Value / At-Risk,116.82954923390326,0.99624145,0.0,365.0,360.0
12635.0,1,Low-Value / At-Risk,307.7437931554857,0.9878542,1.0,209.0,1115.23
12637.0,0,High-Value / Low-Risk,1596.0067009817003,0.007277528,6.0,56.0,4548.16
12638.0,1,Low-Value / At-Risk,96.7090430407844,0.99624145,0.0,456.0,169.8
12639.0,0,High-Value / Low-Risk,376.6616863892222,0.015746515,2.0,55.0,1072.3700000000001
12643.0,0,High-Value / Low-Risk,1427.954328150175,0.006811805,6.0,37.0,6141.7
12644.0,1,Low-Value / At-Risk,276.6498242849157,0.9852658,2.0,247.0,1422.5800000000002
12645.0,0,High-Value / Low-Risk,709.230181419153,0.0072690407,5.0,36.0,2329.02
12647.0,0,High-Value / Low-Risk,3863.87872779026,0.0086505385,26.0,16.0,13711.84
12648.0,1,Low-Value / At-Risk,223.28638079602916,0.9842966,2.0,254.0,738.95
12649.0,0,High-Value / Low-Risk,567.7893440388275,0.0076433346,5.0,29.0,1866.1399999999999
12651.0,1,Low-Value / At-Risk,268.98044258541165,0.983182,3.0,151.0,377.75
12652.0,1,Low-Value / At-Risk,490.07507405639393,0.9876917,1.0,148.0,891.03
12653.0,0,High-Value / Low-Risk,396.10978826861594,0.020919112,1.0,113.0,2730.08
12654.0,0,High-Value / Low-Risk,450.1725886175746,0.004696065,1.0,14.0,301.75
12655.0,1,Low-Value / At-Risk,163.61002894112784,0.9948598,0.0,240.0,243.35
12656.0,0,High-Value / Low-Risk,1117.345866982261,0.009002229,4.0,20.0,3530.26
12661.0,1,Low-Value / At-Risk,157.066667734211,0.9948598,0.0,253.0,162.0
12662.0,0,High-Value / Low-Risk,1532.742325598365,0.005846484,13.0,4.0,4524.32
12663.0,1,Low-Value / At-Risk,79.48566167167239,0.99567163,1.0,441.0,185.4
12664.0,0,High-Value / Low-Risk,553.1182727853399,0.011818482,3.0,49.0,2211.74
12665.0,1,Low-Value / At-Risk,145.3143181964651,0.9841903,2.0,141.0,259.6
12666.0,1,Low-Value / At-Risk,180.37667753007827,0.9948598,0.0,211.0,1248.42
12668.0,0,High-Value / Low-Risk,2324.0650565241326,0.006734647,7.0,76.0,9229.0
12669.0,0,High-Value / Low-Risk,352.6314340180227,0.00557618,0.0,73.0,1028.3
12670.0,0,High-Value / Low-Risk,526.5482239349499,0.0109516,3.0,16.0,1628.6299999999999
12671.0,1,Low-Value / At-Risk,103.1506232336896,0.99624145,0.0,423.0,2622.48
12672.0,1,Low-Value / At-Risk,186.4942156377288,0.98858184,1.0,146.0,407.05
12673.0,1,Low-Value / At-Risk,290.88674048518567,0.9864123,1.0,143.0,786.4
12674.0,0,High-Value / Low-Risk,534.8932779813299,0.00557618,0.0,24.0,550.74
12675.0,1,Low-Value / At-Risk,84.17105429871985,0.99624145,1.0,370.0,874.5
12676.0,0,High-Value / Low-Risk,850.5967140801627,0.00784274,5.0,7.0,1950.6499999999999
12677.0,1,Low-Value / At-Risk,126.75629869252674,0.99567163,1.0,372.0,359.1
12678.0,0,High-Value / Low-Risk,5705.381699333878,0.0060596243,9.0,4.0,21637.08
12679.0,0,High-Value / Low-Risk,418.40662332612226,0.0052788644,1.0,22.0,798.38
12681.0,0,High-Value / Low-Risk,6554.387540855037,0.0059138495,34.0,4.0,23513.579999999998
12682.0,0,High-Value / Low-Risk,4304.162079394729,0.0059138495,30.0,9.0,15384.98
12683.0,0,High-Value / Low-Risk,2384.9763142160427,0.0057805316,12.0,1.0,8353.14
12684.0,0,High-Value / Low-Risk,1084.1791902524692,0.0052788644,1.0,14.0,815.1
12686.0,1,Low-Value / At-Risk,196.3397337607527,0.9948598,0.0,188.0,142.28
12687.0,1,Low-Value / At-Risk,138.34432927842244,0.99624145,0.0,297.0,1858.91
12690.0,0,High-Value / Low-Risk,546.4592178997158,0.00557618,0.0,22.0,335.01
12691.0,1,Low-Value / At-Risk,343.38489723392405,0.98463875,2.0,136.0,468.79999999999995
12692.0,1,Low-Value / At-Risk,97.076437999954,0.99624145,0.0,454.0,110.95
12693.0,0,High-Value / Low-Risk,466.72323906444853,0.009351745,5.0,28.0,1225.88
12694.0,1,Low-Value / At-Risk,164.6654778492404,0.9948598,0.0,238.0,901.68
12695.0,0,High-Value / Low-Risk,235.47837903940672,0.013989379,3.0,27.0,878.27
12696.0,1,Low-Value / At-Risk,261.17388086540905,0.9884199,1.0,251.0,731.91
12698.0,1,Low-Value / At-Risk,106.59325685025804,0.99624145,0.0,407.0,285.75
12699.0,1,Low-Value / At-Risk,166.81782778585148,0.9948598,0.0,234.0,566.11
12700.0,0,High-Value / Low-Risk,493.175187436829,0.00557618,0.0,32.0,984.43
12701.0,0,High-Value / Low-Risk,532.7951086795468,0.012149974,4.0,59.0,1823.7800000000002
12703.0,1,Low-Value / At-Risk,45.81000912467701,0.99567163,2.0,450.0,632.98
12705.0,0,High-Value / Low-Risk,2548.521047244675,0.00669462,6.0,18.0,7661.91
12707.0,0,High-Value / Low-Risk,283.78406613190873,0.00557618,0.0,108.0,603.42
12708.0,0,High-Value / Low-Risk,1052.4609870383167,0.005981314,12.0,17.0,3507.36
12709.0,0,High-Value / Low-Risk,6922.999006290568,0.009157128,21.0,7.0,25705.37
12710.0,0,High-Value / Low-Risk,571.1737724672217,0.00557618,0.0,18.0,646.96
12711.0,1,Low-Value / At-Risk,197.74492850115735,0.99567163,1.0,428.0,1213.05
12712.0,0,High-Value / Low-Risk,1286.0288347978392,0.005846484,15.0,17.0,4489.01
12714.0,0,High-Value / Low-Risk,2685.1687763810964,0.007164996,8.0,23.0,10138.77
12717.0,0,High-Value / Low-Risk,273.8195852379183,0.019333271,1.0,62.0,737.6700000000001
12720.0,0,High-Value / Low-Risk,1647.810518751756,0.005846484,12.0,9.0,4208.71
12721.0,0,High-Value / Low-Risk,859.6590765913113,0.011622576,4.0,63.0,2230.77
12724.0,1,Low-Value / At-Risk,407.5357556082286,0.98602015,3.0,149.0,1297.01
12725.0,1,Low-Value / At-Risk,494.83418124029595,0.98325104,2.0,188.0,2278.56
12726.0,0,High-Value / Low-Risk,897.8759047160875,0.0068690586,8.0,1.0,2638.8199999999997
12727.0,0,High-Value / Low-Risk,1120.5378802439582,0.006811805,6.0,4.0,3905.23
12728.0,0,High-Value / Low-Risk,527.1105675512821,0.011837716,3.0,74.0,725.15
12730.0,1,Low-Value / At-Risk,124.51761404281706,0.99624145,0.0,338.0,703.25
12731.0,0,High-Value / Low-Risk,4298.699355992326,0.0060596243,9.0,29.0,14965.89
12733.0,0,High-Value / Low-Risk,467.5272984813506,0.019517308,3.0,51.0,2424.02
12734.0,1,Low-Value / At-Risk,349.8654160694459,0.9828205,2.0,169.0,603.65
12735.0,1,Low-Value / At-Risk,449.2077747466902,0.9799182,1.0,132.0,689.5699999999999
12736.0,1,Low-Value / At-Risk,231.02623205806148,0.9948598,0.0,149.0,144.0
12738.0,1,Low-Value / At-Risk,195.58704087078877,0.9948598,0.0,189.0,274.7
12739.0,1,Low-Value / At-Risk,180.37667753007827,0.9948598,0.0,211.0,1445.69
12741.0,1,Low-Value / At-Risk,120.97921417739352,0.99624145,0.0,350.0,236.07
12742.0,1,Low-Value / At-Risk,99.34083566092134,0.99624145,0.0,442.0,1201.52
12744.0,0,High-Value / Low-Risk,2362.9034127197283,0.010533852,3.0,65.0,8209.58
12745.0,1,Low-Value / At-Risk,173.90773136932555,0.99558556,1.0,303.0,723.85
12746.0,1,Low-Value / At-Risk,119.0065850306577,0.99624145,0.0,357.0,254.55
12747.0,0,High-Value / Low-Risk,2015.5650771530904,0.005846484,20.0,15.0,7171.929999999999
12748.0,0,High-Value / Low-Risk,8417.417628618594,0.0063334485,126.0,1.0,29415.21
12749.0,0,High-Value / Low-Risk,1239.2902522861953,0.009215076,3.0,30.0,3665.58
12751.0,1,Low-Value / At-Risk,153.2942268586607,0.9948598,0.0,261.0,268.27
12753.0,0,High-Value / Low-Risk,5729.921228857163,0.010528842,3.0,65.0,12940.51
12754.0,0,High-Value / Low-Risk,2470.856917873791,0.009966646,2.0,52.0,3010.74
12755.0,0,High-Value / Low-Risk,2578.179619730416,0.005971654,9.0,97.0,9030.659999999998
12757.0,0,High-Value / Low-Risk,956.3685518464848,0.0052788644,1.0,2.0,846.03
12758.0,0,High-Value / Low-Risk,1686.2822586267305,0.0127139725,5.0,93.0,8681.84
12759.0,0,High-Value / Low-Risk,918.8816561044204,0.010210075,5.0,92.0,3622.1
12760.0,1,Low-Value / At-Risk,148.39392096634063,0.9948598,0.0,272.0,317.8
12761.0,1,Low-Value / At-Risk,144.6119509018861,0.99624145,0.0,281.0,712.95
12763.0,1,Low-Value / At-Risk,197.8626707005174,0.9948598,0.0,186.0,640.16
12764.0,1,Low-Value / At-Risk,249.09088601335745,0.9944782,0.0,133.0,1693.88
12765.0,1,Low-Value / At-Risk,169.88180476137478,0.99530655,5.0,289.0,1299.58
12766.0,0,High-Value / Low-Risk,3086.115182064885,0.00878074,5.0,57.0,6254.360000000001
12767.0,1,Low-Value / At-Risk,193.36326330895716,0.9948598,0.0,192.0,949.82
12768.0,1,Low-Value / At-Risk,150.58186917679438,0.9948598,0.0,267.0,168.69000000000003
12769.0,0,High-Value / Low-Risk,402.9954490460834,0.00557618,0.0,55.0,1143.6
12770.0,0,High-Value / Low-Risk,714.6959279695478,0.019160364,1.0,27.0,3246.45
12771.0,1,Low-Value / At-Risk,136.49575011052303,0.99624145,0.0,302.0,226.3
12773.0,1,Low-Value / At-Risk,112.70618537162228,0.99624145,0.0,381.0,124.25
12774.0,1,Low-Value / At-Risk,120.40895810166356,0.99624145,0.0,352.0,83.7
12775.0,0,High-Value / Low-Risk,891.7039436882459,0.0075337915,5.0,6.0,1344.76
12776.0,1,Low-Value / At-Risk,91.84297348402684,0.99624145,0.0,484.0,27.5
12777.0,1,Low-Value / At-Risk,147.536464589133,0.9948598,0.0,274.0,519.45
12778.0,0,High-Value / Low-Risk,422.9579065724728,0.00734112,5.0,76.0,1211.51
12779.0,0,High-Value / Low-Risk,1590.1073061471118,0.0057805316,12.0,6.0,5740.32
12780.0,1,Low-Value / At-Risk,104.84366650890829,0.99624145,0.0,415.0,322.4
12781.0,0,High-Value / Low-Risk,295.3072949449007,0.00557618,0.0,101.0,549.26
12782.0,0,High-Value / Low-Risk,1333.912788633434,0.0066748094,8.0,70.0,3234.27
12784.0,1,Low-Value / At-Risk,122.13610123155516,0.99624145,0.0,346.0,1034.33
12785.0,1,Low-Value / At-Risk,240.5783868325807,0.99012065,2.0,181.0,904.4
12786.0,1,Low-Value / At-Risk,102.52975403540196,0.99624145,0.0,426.0,668.5
12787.0,0,High-Value / Low-Risk,271.33193793814405,0.018909086,1.0,9.0,523.62
12788.0,1,Low-Value / At-Risk,90.70818052790564,0.99558556,3.0,280.0,384.9
12789.0,1,Low-Value / At-Risk,109.72360463726277,0.99567163,1.0,329.0,148.5
12790.0,0,High-Value / Low-Risk,343.60237184975347,0.017775968,1.0,9.0,546.85
12791.0,1,Low-Value / At-Risk,303.6110440196159,0.97672266,4.0,190.0,834.4300000000001
12792.0,0,High-Value / Low-Risk,255.55259898697273,0.020919112,1.0,73.0,715.01
12793.0,1,Low-Value / At-Risk,427.2595827450581,0.98378974,2.0,151.0,849.33
12796.0,1,Low-Value / At-Risk,98.7648835625142,0.99624145,0.0,445.0,351.0
12797.0,1,Low-Value / At-Risk,343.9075240907483,0.9876917,1.0,182.0,694.11
12798.0,1,Low-Value / At-Risk,164.6654778492404,0.9948598,0.0,238.0,1533.89
12799.0,1,Low-Value / At-Risk,122.13610123155516,0.99624145,0.0,346.0,219.35
12800.0,1,Low-Value / At-Risk,133.9849030147778,0.99567163,1.0,287.0,500.25
12801.0,1,Low-Value / At-Risk,131.2353026720021,0.99624145,0.0,317.0,871.82
12802.0,0,High-Value / Low-Risk,681.9481864959452,0.0115195075,4.0,3.0,2186.42
12803.0,1,Low-Value / At-Risk,181.01646046238608,0.9948598,0.0,210.0,1017.81
12804.0,1,Low-Value / At-Risk,154.81037238216177,0.99558556,1.0,282.0,327.02
12805.0,1,Low-Value / At-Risk,361.1964650440126,0.9896191,3.0,198.0,1230.95
12806.0,1,Low-Value / At-Risk,312.1705174566156,0.99558556,1.0,389.0,2558.96
12807.0,1,Low-Value / At-Risk,187.67358835874592,0.9948598,0.0,200.0,250.35
12808.0,0,High-Value / Low-Risk,405.2175661300693,0.009319847,3.0,1.0,647.8000000000001
12809.0,1,Low-Value / At-Risk,176.7271276893963,0.99558556,1.0,382.0,979.03
12810.0,1,Low-Value / At-Risk,169.87528182018573,0.99567163,1.0,351.0,534.99
12811.0,0,High-Value / Low-Risk,524.5479907552766,0.011983479,3.0,78.0,893.9
12813.0,1,Low-Value / At-Risk,377.1674801832579,0.99567163,2.0,318.0,1621.8000000000002
12815.0,0,High-Value / Low-Risk,591.2427044032949,0.00557618,0.0,15.0,495.36
12817.0,0,High-Value / Low-Risk,380.231580682716,0.011585861,2.0,98.0,570.98
12818.0,0,High-Value / Low-Risk,340.81001617382213,0.00557618,0.0,78.0,1182.0800000000002
12819.0,1,Low-Value / At-Risk,147.1114464269933,0.9948598,0.0,275.0,540.52
12820.0,0,High-Value / Low-Risk,537.6382416078686,0.9824473,7.0,143.0,1917.64
12821.0,0,High-Value / Low-Risk,149.94864806046803,0.020275377,1.0,31.0,220.79999999999998
12823.0,0,High-Value / Low-Risk,1656.169796635298,0.0057805316,12.0,71.0,5736.5
12825.0,1,Low-Value / At-Risk,162.81047454201456,0.99558556,1.0,338.0,518.63
12826.0,0,High-Value / Low-Risk,543.3761277754694,0.9661637,7.0,133.0,2178.13
12829.0,1,Low-Value / At-Risk,236.79553875994583,0.98236,2.0,153.0,385.3
12831.0,0,High-Value / Low-Risk,255.34133452705672,0.012229606,1.0,79.0,451.11
12834.0,0,High-Value / Low-Risk,298.7742221842272,0.00557618,0.0,99.0,312.38
12835.0,1,Low-Value / At-Risk,0.0046020310824352,0.98730564,36.0,244.0,6043.3099999999995
12836.0,0,High-Value / Low-Risk,1521.491942948706,0.006119883,11.0,36.0,5634.16
12837.0,1,Low-Value / At-Risk,111.47672051855652,0.99624145,0.0,386.0,554.31
12838.0,0,High-Value / Low-Risk,522.714588009965,0.9664401,8.0,190.0,3106.1400000000003
12839.0,0,High-Value / Low-Risk,1652.5408044142466,0.0057805316,15.0,15.0,5876.2
12840.0,0,High-Value / Low-Risk,904.020765293156,0.010294527,4.0,31.0,2893.17
12841.0,0,High-Value / Low-Risk,2210.672324527419,0.006430527,26.0,39.0,5479.59
12842.0,1,Low-Value / At-Risk,271.78110619676846,0.9846771,2.0,125.0,1109.73
12843.0,0,High-Value / Low-Risk,1753.8894048580744,0.010954244,21.0,3.0,5836.17
12844.0,1,Low-Value / At-Risk,166.42176778064984,0.98831475,1.0,259.0,322.64
12845.0,0,High-Value / Low-Risk,497.210534890474,0.0055754976,3.0,84.0,354.09000000000003
12847.0,1,Low-Value / At-Risk,184.95272272889355,0.9948598,0.0,204.0,765.36
12848.0,1,Low-Value / At-Risk,90.54138586023087,0.99624145,0.0,492.0,208.0
12849.0,0,High-Value / Low-Risk,872.1932584371389,0.009606467,4.0,85.0,2717.68
12850.0,1,Low-Value / At-Risk,152.83539261832414,0.9948598,0.0,262.0,330.0
12851.0,1,Low-Value / At-Risk,139.47773661270418,0.99624145,0.0,294.0,148.95
12852.0,0,High-Value / Low-Risk,279.11723469388227,0.00557618,0.0,111.0,311.55
12853.0,0,High-Value / Low-Risk,822.2007637922416,0.0072584297,5.0,56.0,2835.4
12854.0,0,High-Value / Low-Risk,627.281813756716,0.012498548,5.0,58.0,2479.89
12855.0,1,Low-Value / At-Risk,231.4184515961874,0.9839804,2.0,189.0,650.94
12857.0,0,High-Value / Low-Risk,1115.4284768006653,0.008466405,5.0,27.0,3688.0
12858.0,1,Low-Value / At-Risk,187.67358835874592,0.9948598,0.0,200.0,177.92
12859.0,1,Low-Value / At-Risk,147.1114464269933,0.9948598,0.0,275.0,575.1
12860.0,1,Low-Value / At-Risk,87.74360124604274,0.99624145,0.0,510.0,55.47
12861.0,1,Low-Value / At-Risk,100.51314373266484,0.99624145,0.0,436.0,68.25
12862.0,1,Low-Value / At-Risk,283.1896638387615,0.9889839,1.0,242.0,1008.3199999999999
12863.0,0,High-Value / Low-Risk,552.4610423067397,0.9826879,4.0,196.0,2271.35
12864.0,1,Low-Value / At-Risk,128.59234953854912,0.99624145,0.0,325.0,152.45
12865.0,1,Low-Value / At-Risk,391.6674336475374,0.9889839,1.0,195.0,1755.2400000000002
12866.0,0,High-Value / Low-Risk,452.75257104603867,0.012092528,2.0,100.0,1092.35
12867.0,0,High-Value / Low-Risk,1578.9454147703618,0.0062757726,9.0,31.0,5615.01
12868.0,0,High-Value / Low-Risk,1412.595683459549,0.007917132,7.0,2.0,2247.06
12869.0,1,Low-Value / At-Risk,89.58916412245361,0.99624145,0.0,498.0,337.66999999999996
12870.0,1,Low-Value / At-Risk,515.2557359208696,0.98330414,2.0,192.0,1676.95
12871.0,0,High-Value / Low-Risk,244.33104080943744,0.018909086,1.0,24.0,495.38
12872.0,0,High-Value / Low-Risk,824.4414726090175,0.96748245,11.0,143.0,3685.4900000000002
12873.0,0,High-Value / Low-Risk,511.1143535515895,0.014289005,2.0,99.0,2027.3000000000002
12874.0,1,Low-Value / At-Risk,249.3640119417946,0.98888373,1.0,202.0,873.4200000000001
12875.0,1,Low-Value / At-Risk,359.4039756789336,0.9902112,3.0,179.0,1307.52
12876.0,0,High-Value / Low-Risk,631.1269909257395,0.016512334,2.0,13.0,2365.2
12877.0,0,High-Value / Low-Risk,665.818417616796,0.0060342774,14.0,17.0,2101.44
12878.0,0,High-Value / Low-Risk,838.8236923924838,0.0052788644,1.0,53.0,854.99
12880.0,1,Low-Value / At-Risk,210.173605752029,0.98888373,1.0,198.0,640.13
12881.0,0,High-Value / Low-Risk,311.5797608602436,0.00557618,0.0,92.0,298.0
12886.0,0,High-Value / Low-Risk,474.6808033132324,0.00557618,0.0,36.0,775.0
12887.0,1,Low-Value / At-Risk,187.67358835874592,0.9948598,0.0,200.0,222.4
12888.0,0,High-Value / Low-Risk,498.623471674444,0.0052788644,1.0,31.0,354.12
12889.0,1,Low-Value / At-Risk,215.1100675009037,0.98553014,3.0,198.0,385.46000000000004
12890.0,1,Low-Value / At-Risk,184.95272272889355,0.9948598,0.0,204.0,336.8
12891.0,0,High-Value / Low-Risk,393.95206319674014,0.006151756,10.0,2.0,840.5
12892.0,1,Low-Value / At-Risk,179.11060776298865,0.9948598,0.0,213.0,263.38
12894.0,1,Low-Value / At-Risk,110.03633983282542,0.99624145,0.0,392.0,157.35
12897.0,0,High-Value / Low-Risk,310.667683072829,0.011828204,3.0,21.0,514.25
12898.0,1,Low-Value / At-Risk,137.85689936752794,0.99567163,1.0,280.0,310.96
12899.0,1,Low-Value / At-Risk,169.02728269817595,0.9948598,0.0,230.0,366.4
12900.0,1,Low-Value / At-Risk,164.13605406962557,0.9948598,0.0,239.0,340.33
12901.0,0,High-Value / Low-Risk,8492.994895371114,0.005311409,8.0,1.0,8061.8
12902.0,0,High-Value / Low-Risk,334.0917491963343,0.00557618,0.0,81.0,138.68
12903.0,1,Low-Value / At-Risk,161.0297542691887,0.9948598,0.0,245.0,833.53
12905.0,1,Low-Value / At-Risk,165.02081938257945,0.99567163,1.0,393.0,1018.42
12907.0,1,Low-Value / At-Risk,201.0398627475228,0.9889839,1.0,212.0,508.90999999999997
12908.0,1,Low-Value / At-Risk,423.0257174177341,0.98348284,3.0,129.0,1344.0
12909.0,0,High-Value / Low-Risk,772.6563375289278,0.00969895,4.0,18.0,2452.89
12910.0,0,High-Value / Low-Risk,1050.868480254551,0.0072690407,5.0,14.0,3863.98
12911.0,1,Low-Value / At-Risk,116.03357356945848,0.99624145,0.0,368.0,1680.47
12913.0,0,High-Value / Low-Risk,1268.7473457559493,0.0059375954,10.0,99.0,5083.62
12914.0,1,Low-Value / At-Risk,176.63114051381973,0.9948598,0.0,217.0,223.98
12915.0,1,Low-Value / At-Risk,358.030752903586,0.98878306,2.0,189.0,1010.75
12916.0,0,High-Value / Low-Risk,1143.9709209003431,0.0073981555,5.0,18.0,3960.6499999999996
12917.0,0,High-Value / Low-Risk,605.5079669538771,0.9850043,3.0,217.0,3765.2000000000003
12920.0,1,Low-Value / At-Risk,119.37031970668782,0.9950498,1.0,388.0,323.86
12921.0,0,High-Value / Low-Risk,7160.489485644446,0.0059138495,36.0,1.0,25405.27
12923.0,1,Low-Value / At-Risk,176.44514391653462,0.98888373,1.0,207.0,612.9
12924.0,0,High-Value / Low-Risk,660.0214307687647,0.006039774,9.0,15.0,2183.02
12925.0,1,Low-Value / At-Risk,106.1504035882756,0.99624145,0.0,409.0,35.28
12926.0,1,Low-Value / At-Risk,363.0482418928367,0.9801887,3.0,228.0,1548.0800000000002
12927.0,1,Low-Value / At-Risk,180.37667753007827,0.9948598,0.0,211.0,197.31
12928.0,0,High-Value / Low-Risk,1099.3921803543074,0.006618784,7.0,58.0,3022.23
12929.0,1,Low-Value / At-Risk,255.3318127509027,0.9936521,0.0,128.0,117.85
12931.0,0,High-Value / Low-Risk,14829.718873461868,0.0059138495,35.0,20.0,54212.08
12932.0,1,Low-Value / At-Risk,25.583296948463392,0.99530655,6.0,356.0,1698.5600000000002
12933.0,0,High-Value / Low-Risk,374.9096816538086,0.011060398,4.0,100.0,1190.25
12934.0,1,Low-Value / At-Risk,81.71209342711667,0.99624145,0.0,553.0,181.65
12935.0,0,High-Value / Low-Risk,982.2164510761372,0.006630903,8.0,20.0,2949.39
12937.0,0,High-Value / Low-Risk,607.7201141538305,0.013331105,6.0,14.0,2021.57
12939.0,0,High-Value / Low-Risk,5642.935194067232,0.0057805316,12.0,90.0,20911.32
12941.0,1,Low-Value / At-Risk,83.31021723182906,0.99624145,0.0,541.0,377.49
12942.0,0,High-Value / Low-Risk,318.8212890548378,0.011584109,1.0,14.0,655.27
12943.0,1,Low-Value / At-Risk,119.85466160184502,0.99558556,1.0,375.0,496.5
12944.0,1,Low-Value / At-Risk,210.08614149755212,0.9948598,0.0,171.0,286.95
12945.0,0,High-Value / Low-Risk,227.34970261109655,0.020769272,1.0,105.0,900.11
12946.0,1,Low-Value / At-Risk,157.066667734211,0.9948598,0.0,253.0,324.45
12947.0,0,High-Value / Low-Risk,884.0079135494424,0.010242026,3.0,0.0,1642.93
12948.0,0,High-Value / Low-Risk,373.05541186266504,0.011817424,4.0,31.0,1138.74
12949.0,0,High-Value / Low-Risk,3333.302669660493,0.006660206,12.0,23.0,13610.18
12951.0,0,High-Value / Low-Risk,885.1584718025719,0.005846484,12.0,21.0,2774.53
12953.0,1,Low-Value / At-Risk,124.21485331435144,0.99624145,0.0,339.0,498.96
12954.0,1,Low-Value / At-Risk,96.89239202869624,0.99624145,0.0,455.0,162.45
12955.0,0,High-Value / Low-Risk,636.7196823702886,0.005211679,2.0,20.0,697.42
12956.0,1,Low-Value / At-Risk,227.30481479817885,0.9834781,3.0,123.0,521.89
12957.0,0,High-Value / Low-Risk,1552.848070005989,0.0108420085,7.0,3.0,6404.72
12958.0,1,Low-Value / At-Risk,222.61811733621207,0.9879637,1.0,217.0,539.49
12959.0,1,Low-Value / At-Risk,136.86149864478307,0.99624145,0.0,301.0,150.95
12960.0,1,Low-Value / At-Risk,326.85160068893293,0.9901074,3.0,230.0,1322.0700000000002
12961.0,1,Low-Value / At-Risk,190.475863355498,0.9948598,0.0,196.0,211.99
12963.0,0,High-Value / Low-Risk,526.9278304426075,0.9805995,4.0,182.0,2110.76
12964.0,1,Low-Value / At-Risk,156.5849752327842,0.9948598,0.0,254.0,132.24
12967.0,0,High-Value / Low-Risk,1213.1652386647029,0.98447406,2.0,175.0,4306.92
12969.0,1,Low-Value / At-Risk,103.99024933506838,0.99624145,0.0,419.0,122.45
12970.0,1,Low-Value / At-Risk,309.8957453759651,0.9815595,3.0,139.0,1095.47
12971.0,0,High-Value / Low-Risk,2880.62560047669,0.0063334485,61.0,7.0,9642.22
12972.0,1,Low-Value / At-Risk,274.8975363200823,0.9849629,3.0,230.0,1161.2
12973.0,1,Low-Value / At-Risk,169.02728269817595,0.9948598,0.0,230.0,385.55
12974.0,0,High-Value / Low-Risk,181.2700365700905,0.020472111,1.0,14.0,408.95
12975.0,1,Low-Value / At-Risk,432.72385891885233,0.9828791,4.0,253.0,2100.09
12976.0,0,High-Value / Low-Risk,955.9945626534512,0.010070302,6.0,28.0,3156.38
12977.0,1,Low-Value / At-Risk,146.42961600714153,0.99558556,1.0,318.0,478.39
12978.0,1,Low-Value / At-Risk,461.50535348721064,0.9828714,4.0,202.0,2502.82
12979.0,1,Low-Value / At-Risk,82.63679311772971,0.99624145,0.0,546.0,517.7
12980.0,0,High-Value / Low-Risk,3875.478423063226,0.0059138495,18.0,4.0,14329.86
12982.0,0,High-Value / Low-Risk,817.2547786970795,0.009513059,7.0,59.0,2744.81
12983.0,1,Low-Value / At-Risk,104.84366650890829,0.99624145,0.0,415.0,490.08
12986.0,1,Low-Value / At-Risk,469.99817369086554,0.98242074,6.0,245.0,2729.84
12987.0,0,High-Value / Low-Risk,332.4430109995709,0.011952491,3.0,14.0,1057.81
12988.0,0,High-Value / Low-Risk,282.2111509841477,0.00557618,0.0,109.0,535.32
12989.0,0,High-Value / Low-Risk,2791.83805519516,0.0057805316,20.0,17.0,9955.58
12990.0,0,High-Value / Low-Risk,367.98988633255055,0.00734112,5.0,2.0,809.9
12991.0,1,Low-Value / At-Risk,183.62171608464033,0.9948598,0.0,206.0,261.06
12992.0,1,Low-Value / At-Risk,83.17465535004465,0.99624145,0.0,542.0,93.35
12993.0,0,High-Value / Low-Risk,379.7270007784237,0.009809164,4.0,24.0,1020.1700000000001
12994.0,0,High-Value / Low-Risk,325.5372344066681,0.00557618,0.0,85.0,352.6
12996.0,1,Low-Value / At-Risk,193.36326330895716,0.9948598,0.0,192.0,355.5
12997.0,0,High-Value / Low-Risk,620.7567137733485,0.008146321,5.0,53.0,1492.49
12998.0,1,Low-Value / At-Risk,226.51557116055028,0.99567163,2.0,309.0,920.08
12999.0,0,High-Value / Low-Risk,647.7318937481288,0.005211679,2.0,13.0,455.88
13000.0,0,High-Value / Low-Risk,219.736074336458,0.015345984,2.0,76.0,956.18
13001.0,0,High-Value / Low-Risk,6092.28785350324,0.0059138495,29.0,1.0,22198.63
13002.0,1,Low-Value / At-Risk,284.79549917495007,0.98072743,2.0,135.0,414.13
13003.0,0,High-Value / Low-Risk,498.0279123019684,0.00557618,0.0,31.0,59.05
13004.0,0,High-Value / Low-Risk,2532.390205260624,0.005981314,25.0,0.0,8755.96
13005.0,0,High-Value / Low-Risk,435.09386596843217,0.00951222,2.0,63.0,807.63
13007.0,1,Low-Value / At-Risk,109.0966043791954,0.99624145,0.0,396.0,175.25
13008.0,1,Low-Value / At-Risk,207.63974575132113,0.9846771,2.0,140.0,612.13
13009.0,1,Low-Value / At-Risk,91.02513236438566,0.99624145,0.0,489.0,234.0
13010.0,1,Low-Value / At-Risk,148.414156663601,0.98888373,1.0,191.0,330.12
13011.0,1,Low-Value / At-Risk,195.58704087078877,0.9948598,0.0,189.0,101.1
13012.0,0,High-Value / Low-Risk,701.6754082997473,0.00734112,5.0,30.0,2018.38
13013.0,0,High-Value / Low-Risk,2752.0423894656687,0.0057805316,17.0,29.0,10187.12
13014.0,0,High-Value / Low-Risk,850.8597061766732,0.0077959686,3.0,37.0,3242.83
13015.0,0,High-Value / Low-Risk,1590.5806115353616,0.006734647,7.0,14.0,5003.18
13018.0,0,High-Value / Low-Risk,1834.851190948331,0.0057805316,12.0,13.0,6159.42
13019.0,1,Low-Value / At-Risk,323.0406012820443,0.97931194,5.0,196.0,1229.95
13020.0,1,Low-Value / At-Risk,121.68040280040512,0.99567163,1.0,379.0,618.96
13021.0,0,High-Value / Low-Risk,878.6628846696376,0.0060053263,10.0,32.0,3035.86
13022.0,1,Low-Value / At-Risk,160.52344947093042,0.9948598,0.0,246.0,50.3
13023.0,1,Low-Value / At-Risk,122.42879176219608,0.99624145,0.0,345.0,651.13
13024.0,1,Low-Value / At-Risk,188.90125194922243,0.99558556,1.0,287.0,555.87
13025.0,1,Low-Value / At-Risk,82.37046347078063,0.99624145,0.0,548.0,323.39
13026.0,0,High-Value / Low-Risk,294.6316234319994,0.014725459,5.0,37.0,1001.44
13027.0,0,High-Value / Low-Risk,4129.3719558600005,0.0057805316,15.0,50.0,14263.2
13029.0,1,Low-Value / At-Risk,381.3715045525779,0.9812657,2.0,170.0,1062.3
13030.0,1,Low-Value / At-Risk,198.63305194437112,0.9948598,0.0,185.0,855.48
13031.0,0,High-Value / Low-Risk,628.9045429544435,0.98838973,4.0,224.0,3419.27
13032.0,1,Low-Value / At-Risk,417.52924055765834,0.9821815,3.0,209.0,1833.37
13033.0,1,Low-Value / At-Risk,246.4978963630258,0.9876917,1.0,174.0,220.55
13034.0,1,Low-Value / At-Risk,304.8479086717069,0.9864123,1.0,186.0,445.77000000000004
13035.0,0,High-Value / Low-Risk,329.3590445552237,0.018909086,1.0,77.0,775.3199999999999
13036.0,1,Low-Value / At-Risk,89.12052895093397,0.99624145,0.0,501.0,307.1
13037.0,0,High-Value / Low-Risk,1003.3855070704004,0.010585401,9.0,36.0,3611.2
13038.0,0,High-Value / Low-Risk,499.09269276008047,0.0052788644,1.0,0.0,591.76
13039.0,1,Low-Value / At-Risk,132.70554945022425,0.99552035,3.0,401.0,1010.73
13041.0,1,Low-Value / At-Risk,206.48170449849763,0.98949146,3.0,267.0,799.13
13042.0,1,Low-Value / At-Risk,194.42979033110703,0.99567163,2.0,415.0,1556.54
13043.0,0,High-Value / Low-Risk,315.443458474684,0.00557618,0.0,90.0,516.42
13044.0,0,High-Value / Low-Risk,1345.934868630638,0.010946684,10.0,108.0,4853.9
13045.0,1,Low-Value / At-Risk,200.7907817888133,0.9889839,1.0,218.0,503.64
13046.0,0,High-Value / Low-Risk,253.1321177451047,0.019160364,1.0,83.0,517.66
13047.0,0,High-Value / Low-Risk,2043.097097782972,0.0086505385,14.0,36.0,7229.3
13048.0,0,High-Value / Low-Risk,924.191088397976,0.009853108,6.0,55.0,3188.2200000000003
13049.0,1,Low-Value / At-Risk,493.7648093316381,0.98154,2.0,135.0,905.34
13050.0,0,High-Value / Low-Risk,2840.3213045127077,0.0059138495,26.0,2.0,9857.57
13051.0,1,Low-Value / At-Risk,93.334033037558,0.99558556,1.0,395.0,155.8
13052.0,0,High-Value / Low-Risk,912.1620496550728,0.010446097,5.0,29.0,3167.68
13053.0,1,Low-Value / At-Risk,100.11931007207428,0.99624145,0.0,438.0,127.65
13055.0,0,High-Value / Low-Risk,342.6633875442926,0.018909086,1.0,30.0,1451.56
13056.0,1,Low-Value / At-Risk,116.03357356945848,0.99624145,0.0,368.0,209.48
13057.0,1,Low-Value / At-Risk,142.12737244275837,0.99542063,2.0,347.0,722.09
13059.0,0,High-Value / Low-Risk,680.7539554806001,0.010796702,8.0,66.0,2303.17
13060.0,0,High-Value / Low-Risk,360.12831533600365,0.00557618,0.0,70.0,307.53
13062.0,0,High-Value / Low-Risk,644.1089321671316,0.00557618,0.0,8.0,346.98
13063.0,1,Low-Value / At-Risk,138.34432927842244,0.99624145,0.0,297.0,188.4
13064.0,1,Low-Value / At-Risk,289.21537322531776,0.98529786,2.0,144.0,764.55
13065.0,1,Low-Value / At-Risk,418.2808302522521,0.9805995,4.0,190.0,1260.91
13067.0,1,Low-Value / At-Risk,192.7618257392116,0.9876917,1.0,226.0,393.05
13068.0,1,Low-Value / At-Risk,245.49106678630957,0.9944782,0.0,136.0,165.0
13069.0,0,High-Value / Low-Risk,3040.4981584014536,0.006073028,23.0,6.0,7930.45
13070.0,0,High-Value / Low-Risk,264.6118999032497,0.012316305,3.0,9.0,751.7
13071.0,1,Low-Value / At-Risk,101.91631938046234,0.99624145,0.0,429.0,129.22
13072.0,0,High-Value / Low-Risk,329.75877768389756,0.00557618,0.0,83.0,177.15
13073.0,1,Low-Value / At-Risk,182.36620236085605,0.9876917,1.0,228.0,418.08
13074.0,1,Low-Value / At-Risk,264.5060133801154,0.99567163,3.0,328.0,1378.74
13076.0,1,Low-Value / At-Risk,147.536464589133,0.9948598,0.0,274.0,135.4
13077.0,0,High-Value / Low-Risk,805.7330229275913,0.006630903,8.0,107.0,2912.84
13078.0,0,High-Value / Low-Risk,5892.866809105113,0.00626204,39.0,17.0,21371.670000000002
13079.0,1,Low-Value / At-Risk,166.81782778585148,0.9948598,0.0,234.0,199.08
13080.0,1,Low-Value / At-Risk,161.37954092943036,0.985906,2.0,218.0,222.65
13081.0,0,High-Value / Low-Risk,11990.0439346006,0.0057805316,20.0,34.0,45331.28
13082.0,0,High-Value / Low-Risk,1638.5542322455558,0.0057805316,12.0,52.0,5682.3
13083.0,1,Low-Value / At-Risk,162.56804439486464,0.9948598,0.0,242.0,91.68
13084.0,1,Low-Value / At-Risk,134.3417077639658,0.99624145,0.0,308.0,122.4
13085.0,0,High-Value / Low-Risk,508.0812002195456,0.014088893,3.0,112.0,2295.3
13086.0,1,Low-Value / At-Risk,188.36638360882347,0.9948598,0.0,199.0,439.33
13087.0,1,Low-Value / At-Risk,83.0395341369801,0.99624145,0.0,543.0,313.64
13088.0,1,Low-Value / At-Risk,166.81782778585148,0.9948598,0.0,234.0,236.11
13089.0,0,High-Value / Low-Risk,24738.176976794748,0.00626204,101.0,2.0,87442.95
13090.0,0,High-Value / Low-Risk,3439.6830339920334,0.00605938,14.0,55.0,8273.869999999999
13091.0,1,Low-Value / At-Risk,82.63679311772971,0.99624145,0.0,546.0,762.98
13092.0,0,High-Value / Low-Risk,637.0934389251983,0.009898615,10.0,28.0,2102.2
13093.0,0,High-Value / Low-Risk,3529.894291055353,0.00626204,42.0,92.0,54943.65
13094.0,0,High-Value / Low-Risk,1057.184714646923,0.0067508956,8.0,8.0,1598.88
13096.0,1,Low-Value / At-Risk,180.37667753007827,0.9948598,0.0,211.0,419.7000000000001
13097.0,0,High-Value / Low-Risk,2678.018827964302,0.0067087486,17.0,50.0,10074.32
13098.0,0,High-Value / Low-Risk,6068.998517716948,0.0073461775,8.0,2.0,7734.97
13101.0,0,High-Value / Low-Risk,266.09413324786107,0.015222324,3.0,51.0,695.4
13102.0,0,High-Value / Low-Risk,3232.1281675080695,0.006073028,24.0,15.0,9041.99
13103.0,1,Low-Value / At-Risk,208.7068598271084,0.98774403,1.0,254.0,465.70000000000005
13104.0,0,High-Value / Low-Risk,339.8156592296261,0.012203148,4.0,84.0,824.34
13105.0,1,Low-Value / At-Risk,157.066667734211,0.9948598,0.0,253.0,72.0
13106.0,1,Low-Value / At-Risk,169.02728269817595,0.9948598,0.0,230.0,526.96
13107.0,0,High-Value / Low-Risk,1088.6763770590246,0.9753235,5.0,150.0,4288.29
13108.0,1,Low-Value / At-Risk,422.680671553854,0.9876917,1.0,189.0,1098.52
13109.0,1,Low-Value / At-Risk,116.03357356945848,0.99624145,0.0,368.0,347.49
13110.0,0,High-Value / Low-Risk,593.8233534723823,0.00686279,7.0,74.0,2201.29
13111.0,1,Low-Value / At-Risk,84.13296453485523,0.99624145,0.0,535.0,321.88000000000005
13112.0,1,Low-Value / At-Risk,118.73002478221022,0.99624145,0.0,358.0,20.6
13113.0,0,High-Value / Low-Risk,5165.559796671584,0.006004535,27.0,9.0,15235.93
13114.0,1,Low-Value / At-Risk,82.50341325632112,0.99624145,0.0,547.0,234.38
13115.0,0,High-Value / Low-Risk,1276.3815274519002,0.006798677,6.0,1.0,4078.4700000000003
13117.0,0,High-Value / Low-Risk,903.1026326505516,0.006073028,15.0,34.0,2410.27
13118.0,0,High-Value / Low-Risk,1112.8824566004905,0.0075140684,6.0,25.0,2017.3
13119.0,1,Low-Value / At-Risk,91.67823098811144,0.99624145,0.0,485.0,134.9
13120.0,1,Low-Value / At-Risk,402.9954490460834,0.00557618,0.0,55.0,30.6
13121.0,0,High-Value / Low-Risk,323.4669092612676,0.00557618,0.0,86.0,283.73
13122.0,0,High-Value / Low-Risk,396.6960790945763,0.00557618,0.0,57.0,903.67
13123.0,1,Low-Value / At-Risk,153.91804215989288,0.99558556,1.0,289.0,506.75
13124.0,0,High-Value / Low-Risk,1582.926988164184,0.009785922,2.0,69.0,3490.24
13125.0,1,Low-Value / At-Risk,123.91356274922032,0.99624145,0.0,340.0,158.57
13126.0,0,High-Value / Low-Risk,896.1042911426077,0.0068690586,8.0,70.0,2976.0299999999997
13128.0,1,Low-Value / At-Risk,98.19557573887936,0.99624145,0.0,448.0,263.5
13129.0,1,Low-Value / At-Risk,156.28241400421848,0.98846996,1.0,269.0,233.25
13131.0,0,High-Value / Low-Risk,664.1718862891073,0.011056888,3.0,4.0,2565.37
13132.0,1,Low-Value / At-Risk,340.81001617382213,0.00557618,0.0,78.0,77.3
13133.0,0,High-Value / Low-Risk,232.351013799584,0.009757229,2.0,90.0,200.45000000000002
13134.0,0,High-Value / Low-Risk,914.7327938026528,0.007925541,4.0,0.0,1567.3899999999999
13135.0,0,High-Value / Low-Risk,1281.0208120977388,0.019160364,1.0,13.0,3371.45
13136.0,0,High-Value / Low-Risk,1084.325729233531,0.008000083,5.0,29.0,4241.41
13137.0,0,High-Value / Low-Risk,1812.678125926076,0.0059553045,9.0,69.0,4926.13
13138.0,0,High-Value / Low-Risk,526.7012460566427,0.0085877795,2.0,57.0,891.7
13139.0,0,High-Value / Low-Risk,736.3437100038742,0.009124107,2.0,32.0,4308.0599999999995
13140.0,1,Low-Value / At-Risk,386.5539885855096,0.98567665,2.0,183.0,951.47
13141.0,0,High-Value / Low-Risk,1859.1549824191695,0.0057805316,13.0,31.0,6680.86
13143.0,1,Low-Value / At-Risk,107.94428565842304,0.99624145,0.0,401.0,405.1
13144.0,1,Low-Value / At-Risk,223.4821728099028,0.9876917,1.0,149.0,135.35
13145.0,1,Low-Value / At-Risk,404.97038103998983,0.98213434,3.0,189.0,1100.0
13148.0,0,High-Value / Low-Risk,1847.6129451072952,0.0057805316,14.0,49.0,6703.52
13149.0,0,High-Value / Low-Risk,286.9832829819896,0.00557618,0.0,106.0,376.74
13150.0,1,Low-Value / At-Risk,167.55360786135824,0.99481934,1.0,301.0,449.96999999999997
13151.0,0,High-Value / Low-Risk,566.1752310049875,0.013731461,2.0,112.0,2570.24
13152.0,1,Low-Value / At-Risk,382.903923437544,0.98801917,6.0,234.0,2146.38
13154.0,1,Low-Value / At-Risk,389.43459561559047,0.9870226,2.0,216.0,1624.8400000000001
13155.0,1,Low-Value / At-Risk,564.9010924636447,0.98193294,3.0,143.0,1347.62
13156.0,1,Low-Value / At-Risk,306.1923932590526,0.9847836,2.0,202.0,1586.54
13157.0,0,High-Value / Low-Risk,1419.38673956077,0.012304582,5.0,58.0,4444.08
13158.0,1,Low-Value / At-Risk,321.24440676131366,0.9850655,1.0,135.0,563.53
13161.0,1,Low-Value / At-Risk,191.98331790253667,0.9886308,1.0,130.0,478.88
13162.0,0,High-Value / Low-Risk,2382.0499940971345,0.010890759,14.0,1.0,8892.64
13163.0,1,Low-Value / At-Risk,102.32445638175244,0.99624145,0.0,427.0,17.65
13164.0,1,Low-Value / At-Risk,105.25300493324168,0.99567163,1.0,386.0,372.20000000000005
13165.0,1,Low-Value / At-Risk,323.5392090487491,0.9876917,1.0,168.0,784.3199999999999
13166.0,0,High-Value / Low-Risk,378.52150500929,0.018909086,1.0,100.0,884.1800000000001
13167.0,1,Low-Value / At-Risk,182.9633840402838,0.9948598,0.0,207.0,333.82
13168.0,0,High-Value / Low-Risk,514.6441468460347,0.010332418,3.0,16.0,1528.78
13169.0,0,High-Value / Low-Risk,288.6111452548968,0.018989203,1.0,69.0,632.4
13171.0,1,Low-Value / At-Risk,271.67227130056324,0.00557618,0.0,116.0,140.35
13172.0,1,Low-Value / At-Risk,176.63114051381973,0.9948598,0.0,217.0,69.6
13173.0,0,High-Value / Low-Risk,536.7104040157926,0.97837776,8.0,184.0,2441.6400000000003
13174.0,0,High-Value / Low-Risk,2089.521890039274,0.9672915,8.0,133.0,8763.18
13175.0,1,Low-Value / At-Risk,176.25683456412156,0.99567163,1.0,399.0,831.4499999999999
13177.0,1,Low-Value / At-Risk,160.02032321193255,0.9948598,0.0,247.0,229.75
13178.0,0,High-Value / Low-Risk,3038.370502795261,0.009075473,14.0,20.0,11052.92
13179.0,1,Low-Value / At-Risk,100.7112255491709,0.99624145,0.0,435.0,572.3100000000001
13180.0,1,Low-Value / At-Risk,102.9428324424508,0.99624145,0.0,424.0,86.10000000000001
13181.0,1,Low-Value / At-Risk,189.0643226504456,0.9948598,0.0,198.0,359.69
13183.0,0,High-Value / Low-Risk,1449.8552581574834,0.007845645,8.0,25.0,4605.4800000000005
13184.0,0,High-Value / Low-Risk,1029.5595854766036,0.00573896,4.0,1.0,918.97
13185.0,1,Low-Value / At-Risk,327.63434882209117,0.00557618,0.0,84.0,71.4
13187.0,1,Low-Value / At-Risk,178.66025463143856,0.98337156,1.0,154.0,348.01
13190.0,1,Low-Value / At-Risk,158.7584709152567,0.99567163,2.0,361.0,570.66
13191.0,1,Low-Value / At-Risk,93.35275345089504,0.99624145,0.0,475.0,159.21
13192.0,0,High-Value / Low-Risk,498.2762512918366,0.01334886,3.0,22.0,2110.96
13194.0,1,Low-Value / At-Risk,164.6654778492404,0.9948598,0.0,238.0,412.08
13195.0,1,Low-Value / At-Risk,168.46944133246623,0.9948598,0.0,231.0,172.38
13196.0,0,High-Value / Low-Risk,613.8493338017053,0.010635167,3.0,79.0,1783.19
13197.0,1,Low-Value / At-Risk,102.52975403540196,0.99624145,0.0,426.0,373.0100000000001
13198.0,0,High-Value / Low-Risk,1554.546625543013,0.01084979,4.0,66.0,3660.74
13199.0,0,High-Value / Low-Risk,2985.05237888028,0.005981314,36.0,14.0,10340.93
13201.0,1,Low-Value / At-Risk,218.8515852551577,0.99558556,3.0,319.0,1240.61
13202.0,1,Low-Value / At-Risk,355.71489015913096,0.98754835,6.0,211.0,1580.3
13203.0,0,High-Value / Low-Risk,546.8764716768195,0.007198247,6.0,59.0,1944.5
13204.0,1,Low-Value / At-Risk,82.37046347078063,0.99624145,0.0,548.0,966.66
13205.0,1,Low-Value / At-Risk,153.75582821651926,0.9948598,0.0,260.0,2803.2
13206.0,0,High-Value / Low-Risk,753.6045522227669,0.9875107,11.0,217.0,8377.32
13207.0,1,Low-Value / At-Risk,128.955548925338,0.9885274,1.0,268.0,285.6
13208.0,0,High-Value / Low-Risk,482.8462894030419,0.0077261636,5.0,23.0,1464.81
13209.0,0,High-Value / Low-Risk,1484.6528888905923,0.006734647,7.0,44.0,4980.34
13211.0,0,High-Value / Low-Risk,426.4199781281816,0.9705354,6.0,178.0,1642.6000000000001
13213.0,0,High-Value / Low-Risk,1042.5102509380724,0.0066817175,6.0,16.0,2746.2200000000003
13214.0,1,Low-Value / At-Risk,339.77745912086095,0.9880932,6.0,234.0,3264.23
13215.0,1,Low-Value / At-Risk,175.4170165554215,0.9948598,0.0,219.0,81.6
13216.0,0,High-Value / Low-Risk,327.63434882209117,0.00557618,0.0,84.0,333.74
13217.0,1,Low-Value / At-Risk,93.8671115263544,0.99624145,0.0,472.0,132.5
13219.0,1,Low-Value / At-Risk,100.7112255491709,0.99624145,0.0,435.0,76.23
13220.0,0,High-Value / Low-Risk,397.31593059217823,0.010466577,3.0,2.0,1243.29
13221.0,0,High-Value / Low-Risk,432.59650258838616,0.011584109,1.0,57.0,844.86
13222.0,1,Low-Value / At-Risk,109.56445552216329,0.99624145,0.0,394.0,88.5
13223.0,0,High-Value / Low-Risk,353.91781863941713,0.010698849,5.0,17.0,969.12
13225.0,0,High-Value / Low-Risk,3491.345055463463,0.007631542,11.0,13.0,13538.11
13226.0,0,High-Value / Low-Risk,263.1395032886897,0.015594976,1.0,90.0,312.46
13227.0,0,High-Value / Low-Risk,571.1737724672217,0.00557618,0.0,18.0,257.7
13229.0,0,High-Value / Low-Risk,449.4172193778745,0.00557618,0.0,42.0,160.95
13230.0,0,High-Value / Low-Risk,1833.0046348252183,0.006073028,24.0,18.0,5342.79
13232.0,0,High-Value / Low-Risk,1145.2309798196095,0.0052852985,2.0,13.0,691.3
13233.0,1,Low-Value / At-Risk,255.93107008039743,0.98419696,2.0,153.0,875.5799999999999
13234.0,1,Low-Value / At-Risk,79.57938692948917,0.99567163,1.0,489.0,356.95
13235.0,0,High-Value / Low-Risk,508.02789100490946,0.00557618,0.0,29.0,1031.07
13237.0,1,Low-Value / At-Risk,184.95272272889355,0.9948598,0.0,204.0,643.0
13238.0,1,Low-Value / At-Risk,211.35186977620077,0.9834103,2.0,177.0,397.05
13239.0,0,High-Value / Low-Risk,692.6486504878544,0.009800039,4.0,78.0,1594.69
13240.0,0,High-Value / Low-Risk,519.7302994017354,0.00971564,4.0,74.0,1496.88
13241.0,1,Low-Value / At-Risk,170.15414047373773,0.9948598,0.0,228.0,115.58
13242.0,0,High-Value / Low-Risk,248.8763586535834,0.013145034,4.0,30.0,533.0
13243.0,0,High-Value / Low-Risk,413.2667033181961,0.013426675,2.0,20.0,1278.04
13245.0,1,Low-Value / At-Risk,159.02348717953447,0.9948598,0.0,249.0,558.72
13246.0,0,High-Value / Low-Risk,1339.4964397730982,0.0067508956,8.0,23.0,3048.65
13248.0,0,High-Value / Low-Risk,661.0149688216452,0.00557618,0.0,6.0,387.47
13249.0,0,High-Value / Low-Risk,438.2324928264025,0.0073504145,6.0,78.0,1189.3600000000001
13250.0,1,Low-Value / At-Risk,151.63915448803246,0.9886308,1.0,277.0,256.03999999999996
13251.0,1,Low-Value / At-Risk,175.4170165554215,0.9948598,0.0,219.0,252.68
13252.0,1,Low-Value / At-Risk,127.482539725496,0.9889176,1.0,211.0,399.29999999999995
13253.0,1,Low-Value / At-Risk,455.0076088989277,0.9840186,2.0,156.0,2397.19
13254.0,1,Low-Value / At-Risk,192.63322117817592,0.9948598,0.0,193.0,51.41
13255.0,1,Low-Value / At-Risk,285.13127758631305,0.98831475,1.0,190.0,730.65
13257.0,1,Low-Value / At-Risk,157.066667734211,0.9948598,0.0,253.0,149.75
13258.0,0,High-Value / Low-Risk,450.7693336720197,0.0087353,2.0,22.0,561.22
13259.0,1,Low-Value / At-Risk,317.6467823452177,0.98356783,5.0,214.0,1137.31
13261.0,0,High-Value / Low-Risk,396.3860515869123,0.0052788644,1.0,85.0,944.1
13262.0,0,High-Value / Low-Risk,238.57633920530577,0.014188772,2.0,80.0,573.45
13263.0,0,High-Value / Low-Risk,2690.0799988421813,0.005846484,17.0,8.0,4697.34
13264.0,1,Low-Value / At-Risk,154.22022183002937,0.9948598,0.0,259.0,722.5600000000001
13265.0,0,High-Value / Low-Risk,1481.4443703576735,0.005211679,2.0,0.0,1465.66
13266.0,0,High-Value / Low-Risk,1198.1969669798643,0.005846484,12.0,2.0,4127.21
13267.0,0,High-Value / Low-Risk,2109.3786250965104,0.0057805316,19.0,16.0,7446.91
13268.0,0,High-Value / Low-Risk,1641.5224115884423,0.00573896,4.0,15.0,1837.7800000000002
13269.0,0,High-Value / Low-Risk,1577.6341528688863,0.0057805316,12.0,35.0,5593.7
13270.0,1,Low-Value / At-Risk,200.1919910841392,0.9948598,0.0,183.0,1180.0
13274.0,1,Low-Value / At-Risk,171.29614907936426,0.9948598,0.0,226.0,360.85
13275.0,1,Low-Value / At-Risk,129.00651779617718,0.9885274,1.0,200.0,241.66
13276.0,1,Low-Value / At-Risk,358.64907600195073,0.9853137,2.0,214.0,1348.33
13277.0,1,Low-Value / At-Risk,216.3438163913147,0.9874999,2.0,197.0,264.9
13278.0,1,Low-Value / At-Risk,279.52507155952213,0.98939425,2.0,216.0,882.62
13280.0,0,High-Value / Low-Risk,614.0350889494638,0.9764617,4.0,133.0,2207.13
13281.0,1,Low-Value / At-Risk,155.63041220000892,0.9948598,0.0,256.0,350.85
13282.0,0,High-Value / Low-Risk,367.9963184837432,0.017137278,1.0,37.0,525.75
13283.0,0,High-Value / Low-Risk,178.99596667020364,0.017099032,2.0,2.0,305.20000000000005
13284.0,1,Low-Value / At-Risk,233.13932986862616,0.9948598,0.0,147.0,201.19
13285.0,0,High-Value / Low-Risk,585.3918243269417,0.011158,3.0,43.0,1828.74
13286.0,1,Low-Value / At-Risk,104.41521287440143,0.99624145,0.0,417.0,734.91
13287.0,1,Low-Value / At-Risk,124.72368098909593,0.99567163,2.0,420.0,781.59
13288.0,1,Low-Value / At-Risk,201.65310398694143,0.98716694,4.0,260.0,927.61
13289.0,1,Low-Value / At-Risk,83.44622194255159,0.99624145,0.0,540.0,307.95
13291.0,1,Low-Value / At-Risk,270.98058312567457,0.9836251,9.0,231.0,2959.73
13292.0,0,High-Value / Low-Risk,325.0470919032882,0.012256021,3.0,101.0,665.14
13293.0,1,Low-Value / At-Risk,320.46101070561195,0.9842444,5.0,209.0,1192.94
13294.0,0,High-Value / Low-Risk,371.6383966461938,0.013731461,2.0,6.0,1689.53
13295.0,1,Low-Value / At-Risk,368.5287074175693,0.977765,3.0,176.0,1101.97
13296.0,1,Low-Value / At-Risk,206.58460037340393,0.98927003,4.0,240.0,705.11
13297.0,1,Low-Value / At-Risk,621.5252883004912,0.9834013,2.0,202.0,2278.77
13299.0,0,High-Value / Low-Risk,460.7335617970758,0.013948114,2.0,85.0,1218.7
13300.0,1,Low-Value / At-Risk,290.6864077237145,0.98831475,1.0,205.0,913.62
13301.0,0,High-Value / Low-Risk,450.5608320158725,0.0052788644,1.0,39.0,327.77
13302.0,1,Low-Value / At-Risk,123.01840563357376,0.99624145,0.0,343.0,95.45
13303.0,1,Low-Value / At-Risk,176.63114051381973,0.9948598,0.0,217.0,61.72
13304.0,1,Low-Value / At-Risk,354.29487155782726,0.98651206,3.0,168.0,1217.99
13305.0,0,High-Value / Low-Risk,752.8864086220452,0.006039774,9.0,62.0,2394.1
13306.0,1,Low-Value / At-Risk,160.02032321193255,0.9948598,0.0,247.0,53.65
13307.0,1,Low-Value / At-Risk,115.33874762888388,0.99609214,1.0,304.0,258.34000000000003
13308.0,0,High-Value / Low-Risk,359.0543199548292,0.018989203,1.0,20.0,1099.81
13309.0,0,High-Value / Low-Risk,527.194134693769,0.013715906,2.0,23.0,796.22
13310.0,0,High-Value / Low-Risk,758.0692499516003,0.009338432,3.0,23.0,1226.8200000000002
13312.0,1,Low-Value / At-Risk,150.13912629556197,0.9948598,0.0,268.0,124.75
13313.0,0,High-Value / Low-Risk,679.0352387671456,0.011268995,7.0,32.0,2499.74
13315.0,1,Low-Value / At-Risk,88.35027713873045,0.99624145,0.0,506.0,310.26
13316.0,0,High-Value / Low-Risk,2206.2429181242323,0.006798677,6.0,71.0,8836.32
13317.0,0,High-Value / Low-Risk,1544.2481141036135,0.0057805316,13.0,15.0,5526.39
13319.0,0,High-Value / Low-Risk,4517.465479008585,0.0059138495,30.0,3.0,16246.85
13320.0,0,High-Value / Low-Risk,539.4818579681947,0.011976966,2.0,30.0,1188.01
13324.0,0,High-Value / Low-Risk,2697.7251209620517,0.0059553045,9.0,20.0,7190.51
13326.0,1,Low-Value / At-Risk,159.02348717953447,0.9948598,0.0,249.0,281.76
13327.0,0,High-Value / Low-Risk,2134.456385503718,0.0057805316,14.0,2.0,8042.45
13328.0,1,Low-Value / At-Risk,249.09088601335745,0.9944782,0.0,133.0,1308.48
13329.0,0,High-Value / Low-Risk,1110.1739033425958,0.9799748,4.0,183.0,4628.17
13330.0,0,High-Value / Low-Risk,651.9968683770123,0.015092398,4.0,2.0,2393.4700000000003
13331.0,1,Low-Value / At-Risk,176.021981315481,0.9948598,0.0,218.0,262.4
13333.0,1,Low-Value / At-Risk,321.28611180274964,0.98301965,2.0,228.0,1015.7400000000001
13334.0,0,High-Value / Low-Risk,1361.9949222460316,0.010635167,3.0,7.0,5458.77
13337.0,1,Low-Value / At-Risk,117.3662999608551,0.99624145,0.0,363.0,1575.26
13338.0,1,Low-Value / At-Risk,290.51193274742707,0.9952565,2.0,358.0,1908.6
13339.0,0,High-Value / Low-Risk,577.7089345723941,0.00557618,0.0,17.0,860.12
13340.0,0,High-Value / Low-Risk,2692.727224972989,0.012201033,4.0,93.0,15042.11
13341.0,0,High-Value / Low-Risk,343.1101697305817,0.00557618,0.0,77.0,775.85
13344.0,0,High-Value / Low-Risk,307.8099372780743,0.00557618,0.0,94.0,1656.15
13345.0,0,High-Value / Low-Risk,290.25572436040807,0.00557618,0.0,104.0,339.5
13346.0,1,Low-Value / At-Risk,97.73336170904722,0.99547136,4.0,279.0,299.4
13357.0,0,High-Value / Low-Risk,805.7654641041411,0.012977201,3.0,74.0,3817.36
13358.0,0,High-Value / Low-Risk,325.5372344066681,0.00557618,0.0,85.0,389.03
13359.0,1,Low-Value / At-Risk,174.81620299696948,0.9948598,0.0,220.0,553.75
13360.0,1,Low-Value / At-Risk,280.4464829684781,0.98499775,3.0,248.0,1503.65
13361.0,1,Low-Value / At-Risk,258.25713596757606,0.99558556,1.0,289.0,1450.5
13362.0,0,High-Value / Low-Risk,1718.6319820381975,0.009703907,4.0,62.0,3884.86
13363.0,1,Low-Value / At-Risk,171.29614907936426,0.9948598,0.0,226.0,731.36
13365.0,0,High-Value / Low-Risk,483.7500132841586,0.00557618,0.0,34.0,700.6
13367.0,1,Low-Value / At-Risk,159.52034561573055,0.9948598,0.0,248.0,460.2000000000001
13368.0,0,High-Value / Low-Risk,506.114329222036,0.010403045,3.0,73.0,1021.5
13369.0,1,Low-Value / At-Risk,200.980692759464,0.9948598,0.0,182.0,516.5600000000001
13370.0,1,Low-Value / At-Risk,196.3397337607527,0.9948598,0.0,188.0,1509.74
13371.0,1,Low-Value / At-Risk,347.66769365709416,0.99558556,1.0,322.0,2297.66
13373.0,0,High-Value / Low-Risk,1220.8204702104022,0.012681328,3.0,93.0,5262.64
13374.0,1,Low-Value / At-Risk,182.91811725044553,0.9876917,1.0,231.0,372.8
13375.0,1,Low-Value / At-Risk,153.2942268586607,0.9948598,0.0,261.0,1013.58
13376.0,0,High-Value / Low-Risk,875.99297476371,0.0052788644,1.0,20.0,670.0
13377.0,1,Low-Value / At-Risk,277.3187249316803,0.98888373,1.0,213.0,1452.88
13380.0,1,Low-Value / At-Risk,159.02348717953447,0.9948598,0.0,249.0,62.4
13381.0,0,High-Value / Low-Risk,1610.9379148192477,0.00906655,7.0,24.0,5656.41
13382.0,0,High-Value / Low-Risk,398.9498485012923,0.011264039,4.0,97.0,1387.58
13383.0,1,Low-Value / At-Risk,118.180746090469,0.99624145,0.0,360.0,305.28000000000003
13384.0,1,Low-Value / At-Risk,549.2025512579216,0.9828319,3.0,207.0,2528.9
13385.0,1,Low-Value / At-Risk,234.21048029884113,0.9944782,0.0,146.0,534.57
13386.0,1,Low-Value / At-Risk,307.57741719743933,0.9876917,1.0,231.0,835.46
13387.0,1,Low-Value / At-Risk,166.81782778585148,0.9948598,0.0,234.0,184.34
13388.0,1,Low-Value / At-Risk,103.77906304314078,0.99624145,0.0,420.0,508.55
13389.0,0,High-Value / Low-Risk,423.1619138783783,0.00557618,0.0,49.0,257.89
13391.0,0,High-Value / Low-Risk,558.5408791068543,0.00557618,0.0,20.0,59.8
13392.0,1,Low-Value / At-Risk,90.22173619363836,0.99624145,0.0,494.0,91.14
13393.0,1,Low-Value / At-Risk,171.14166054844236,0.99567163,3.0,400.0,1131.45
13394.0,0,High-Value / Low-Risk,1403.8120743484762,0.007716986,13.0,31.0,5037.01
13395.0,0,High-Value / Low-Risk,540.351915883728,0.009386261,2.0,2.0,1180.23
13396.0,1,Low-Value / At-Risk,245.49106678630957,0.9944782,0.0,136.0,387.27
13397.0,0,High-Value / Low-Risk,643.4329232096254,0.009494417,6.0,111.0,2249.51
13398.0,0,High-Value / Low-Risk,371.1667040402229,0.018909086,1.0,9.0,670.3399999999999
13399.0,1,Low-Value / At-Risk,126.49358718638678,0.99558556,2.0,281.0,275.4
13400.0,1,Low-Value / At-Risk,108.40227738732573,0.99624145,0.0,399.0,310.83
13402.0,1,Low-Value / At-Risk,410.3604515054002,0.9845131,2.0,189.0,1222.18
13403.0,1,Low-Value / At-Risk,114.3532385788436,0.9892461,1.0,204.0,154.5
13404.0,0,High-Value / Low-Risk,508.02789100490946,0.00557618,0.0,29.0,217.81
13405.0,0,High-Value / Low-Risk,392.71993028170976,0.015781155,4.0,21.0,1198.81
13406.0,1,Low-Value / At-Risk,215.10993717524275,0.98774403,1.0,244.0,568.92
13407.0,1,Low-Value / At-Risk,172.55381818452517,0.99567163,2.0,395.0,2244.7
13408.0,0,High-Value / Low-Risk,9875.405503208958,0.00626204,51.0,7.0,35121.33
13410.0,0,High-Value / Low-Risk,563.7051647408387,0.007206471,6.0,4.0,1743.94
13412.0,1,Low-Value / At-Risk,100.31584010015972,0.99624145,0.0,437.0,487.35
13413.0,1,Low-Value / At-Risk,20.537451626690668,0.99567163,3.0,456.0,429.44000000000005
13414.0,0,High-Value / Low-Risk,524.3213380442169,0.014289252,3.0,113.0,1493.64
13415.0,1,Low-Value / At-Risk,161.98700519249917,0.9952565,2.0,289.0,800.6700000000001
13416.0,1,Low-Value / At-Risk,81.71209342711667,0.99624145,0.0,553.0,228.3
13417.0,0,High-Value / Low-Risk,311.0203939053313,0.013853769,3.0,22.0,1264.66
13418.0,0,High-Value / Low-Risk,2528.568949494617,0.0057805316,17.0,21.0,9446.77
13421.0,0,High-Value / Low-Risk,752.7389229317187,0.00969895,4.0,107.0,3066.58
13423.0,1,Low-Value / At-Risk,161.0297542691887,0.9948598,0.0,245.0,217.03
13424.0,1,Low-Value / At-Risk,151.02723451649956,0.9948598,0.0,266.0,572.77
13425.0,0,High-Value / Low-Risk,554.6653537158436,0.015841234,2.0,111.0,2180.9900000000002
13426.0,0,High-Value / Low-Risk,1529.614395784228,0.0057805316,14.0,55.0,5811.08
13427.0,0,High-Value / Low-Risk,253.66248350507016,0.014656829,3.0,32.0,638.4300000000001
13428.0,1,Low-Value / At-Risk,126.6790241442812,0.99624145,0.0,331.0,281.51
13431.0,1,Low-Value / At-Risk,512.2571990247983,0.9807145,4.0,223.0,2047.1399999999999
13432.0,1,Low-Value / At-Risk,136.13151484439803,0.99558556,1.0,388.0,436.55
13433.0,1,Low-Value / At-Risk,181.1762107882745,0.99552035,3.0,318.0,658.3199999999999
13434.0,1,Low-Value / At-Risk,316.0875938398344,0.98383397,2.0,202.0,1132.62
13435.0,0,High-Value / Low-Risk,476.06142596567497,0.013552858,2.0,6.0,1109.06
13437.0,0,High-Value / Low-Risk,652.451325230787,0.00557618,0.0,7.0,1440.9
13438.0,1,Low-Value / At-Risk,117.09730896716172,0.99624145,0.0,364.0,46.5
13439.0,0,High-Value / Low-Risk,407.588687470306,0.015924346,2.0,72.0,986.61
13440.0,1,Low-Value / At-Risk,111.34879258834631,0.99025047,2.0,240.0,1295.25
13441.0,1,Low-Value / At-Risk,159.52034561573055,0.9948598,0.0,248.0,424.26
13442.0,1,Low-Value / At-Risk,54.86154729293997,0.99567163,2.0,484.0,419.87
13443.0,1,Low-Value / At-Risk,245.0612198121877,0.9851472,5.0,265.0,1276.3700000000001
13444.0,1,Low-Value / At-Risk,302.57487754153857,0.9878542,1.0,191.0,631.68
13445.0,1,Low-Value / At-Risk,99.14810620496806,0.99624145,0.0,443.0,241.9
13446.0,1,Low-Value / At-Risk,135.23793173264076,0.98747766,10.0,247.0,3881.8900000000003
13448.0,0,High-Value / Low-Risk,1680.5259148189718,0.0066056293,8.0,35.0,6765.05
13450.0,0,High-Value / Low-Risk,1004.7270796488236,0.006630903,8.0,21.0,2754.8599999999997
13451.0,0,High-Value / Low-Risk,1750.35318703236,0.009029086,8.0,28.0,5866.01
13452.0,0,High-Value / Low-Risk,419.52334787711953,0.01211275,2.0,76.0,729.8
13453.0,0,High-Value / Low-Risk,286.8072203654737,0.017137278,1.0,106.0,609.71
13454.0,1,Low-Value / At-Risk,96.34442022877089,0.99624145,0.0,458.0,219.87
13455.0,0,High-Value / Low-Risk,635.1944096979676,0.9789641,4.0,183.0,2540.53
13456.0,0,High-Value / Low-Risk,534.8932779813299,0.00557618,0.0,24.0,207.66
13457.0,1,Low-Value / At-Risk,63.00283880666488,0.99580425,1.0,505.0,148.22
13458.0,0,High-Value / Low-Risk,4619.721585995645,0.0076748286,8.0,6.0,8572.78
13459.0,1,Low-Value / At-Risk,155.48902250645773,0.99567163,1.0,441.0,1160.4099999999999
13461.0,1,Low-Value / At-Risk,757.7326344602513,0.9894599,2.0,224.0,2715.0
13462.0,0,High-Value / Low-Risk,368.726335993543,0.010836497,4.0,69.0,1153.85
13464.0,1,Low-Value / At-Risk,671.5718494146175,0.97814494,3.0,211.0,2422.96
13465.0,1,Low-Value / At-Risk,197.9237625574376,0.98888373,1.0,263.0,931.12
13466.0,0,High-Value / Low-Risk,364.3315570325375,0.010940257,3.0,1.0,1013.3499999999999
13468.0,0,High-Value / Low-Risk,3184.7856373450404,0.0063334485,53.0,18.0,11276.66
13469.0,1,Low-Value / At-Risk,94.21317936245823,0.99624145,0.0,470.0,82.4
13472.0,1,Low-Value / At-Risk,202.10567778883944,0.99558556,1.0,280.0,592.24
13473.0,0,High-Value / Low-Risk,625.6501515671453,0.98227686,5.0,149.0,2476.38
13474.0,0,High-Value / Low-Risk,288.5191307775283,0.012499171,2.0,53.0,663.79
13475.0,0,High-Value / Low-Risk,1294.796993132969,0.005509227,3.0,8.0,1431.78
13476.0,0,High-Value / Low-Risk,501.29074730800846,0.012704184,3.0,98.0,1550.6000000000001
13477.0,0,High-Value / Low-Risk,545.8601889175301,0.007947278,5.0,28.0,1895.6200000000001
13478.0,1,Low-Value / At-Risk,462.6208943820624,0.99567163,3.0,286.0,2215.78
13479.0,0,High-Value / Low-Risk,389.19982573290486,0.0094798235,3.0,17.0,851.37
13480.0,1,Low-Value / At-Risk,133.96297240303878,0.9891964,1.0,233.0,627.8199999999999
13481.0,0,High-Value / Low-Risk,831.9814286368543,0.0073371013,6.0,9.0,3005.27
13482.0,0,High-Value / Low-Risk,169.17706276442686,0.020371089,1.0,49.0,336.09
13484.0,0,High-Value / Low-Risk,302.47367925583933,0.01392694,2.0,58.0,790.72
13485.0,0,High-Value / Low-Risk,873.943785629108,0.006680929,8.0,50.0,3015.2200000000003
13487.0,0,High-Value / Low-Risk,257.4013502459082,0.012824993,3.0,30.0,680.27
13488.0,0,High-Value / Low-Risk,3645.214702231695,0.0057805316,12.0,13.0,12150.0
13489.0,0,High-Value / Low-Risk,395.488062622043,0.0052788644,1.0,106.0,235.68
13490.0,1,Low-Value / At-Risk,94.03982686890134,0.99624145,0.0,471.0,154.25
13491.0,0,High-Value / Low-Risk,1197.1634119580838,0.009293368,24.0,64.0,4382.37
13492.0,0,High-Value / Low-Risk,498.0279123019684,0.00557618,0.0,31.0,315.3
13493.0,0,High-Value / Low-Risk,566.1387777055148,0.0052788644,1.0,92.0,498.63
13494.0,1,Low-Value / At-Risk,255.3318127509027,0.9936521,0.0,128.0,316.26000000000005
13495.0,0,High-Value / Low-Risk,1165.3730652709469,0.0067854533,7.0,49.0,4401.82
13496.0,1,Low-Value / At-Risk,205.8468651151679,0.9948598,0.0,176.0,501.01
13497.0,0,High-Value / Low-Risk,436.6488747616514,0.011344726,5.0,99.0,1320.33
13498.0,1,Low-Value / At-Risk,82.50341325632112,0.99624145,0.0,547.0,327.38
13499.0,0,High-Value / Low-Risk,639.2044967091317,0.0052788644,1.0,42.0,463.79
13500.0,1,Low-Value / At-Risk,176.021981315481,0.9948598,0.0,218.0,299.53
13501.0,0,High-Value / Low-Risk,864.3881799783139,0.013515088,2.0,105.0,2885.1099999999997
13502.0,0,High-Value / Low-Risk,283.3519861278866,0.012374078,3.0,91.0,677.66
13503.0,1,Low-Value / At-Risk,246.61037280415587,0.9956245,2.0,296.0,1607.3400000000001
13505.0,0,High-Value / Low-Risk,1352.2637556798502,0.0052788644,1.0,9.0,1596.0900000000001
13506.0,0,High-Value / Low-Risk,629.1193607831623,0.9820353,4.0,133.0,1639.2
13508.0,0,High-Value / Low-Risk,145.21085670651647,0.020275377,1.0,60.0,287.04999999999995
13509.0,0,High-Value / Low-Risk,422.0953932629551,0.00938941,3.0,71.0,785.02
13510.0,0,High-Value / Low-Risk,963.174099870206,0.0069296146,6.0,0.0,3352.05
13511.0,1,Low-Value / At-Risk,90.38127824333051,0.99624145,0.0,493.0,282.76
13512.0,0,High-Value / Low-Risk,327.04066308741335,0.014443291,3.0,77.0,713.39
13513.0,1,Low-Value / At-Risk,179.96219744410917,0.98880273,1.0,258.0,619.49
13514.0,1,Low-Value / At-Risk,180.28055144440245,0.9902351,2.0,245.0,663.7
13515.0,0,High-Value / Low-Risk,234.10944936984225,0.016698666,2.0,64.0,578.1
13516.0,0,High-Value / Low-Risk,264.9367591806179,0.018909086,1.0,55.0,441.85
13519.0,1,Low-Value / At-Risk,154.22022183002937,0.9948598,0.0,259.0,220.46
13520.0,0,High-Value / Low-Risk,1209.3164143172864,0.0067916494,8.0,1.0,4417.03
13523.0,0,High-Value / Low-Risk,1729.688130716824,0.009003101,2.0,16.0,3505.88
13524.0,0,High-Value / Low-Risk,474.6808033132324,0.00557618,0.0,36.0,159.20000000000002
13525.0,0,High-Value / Low-Risk,373.3614042124175,0.00557618,0.0,65.0,282.88
13526.0,1,Low-Value / At-Risk,81.4516842401165,0.99624145,0.0,555.0,1182.0
13527.0,0,High-Value / Low-Risk,918.2742602749528,0.010536321,6.0,18.0,2981.87
13529.0,0,High-Value / Low-Risk,552.4334381145162,0.00557618,0.0,21.0,181.1
13530.0,1,Low-Value / At-Risk,97.63279780805505,0.99624145,0.0,451.0,402.98
13531.0,0,High-Value / Low-Risk,480.86618713740904,0.01174003,4.0,22.0,1738.52
13533.0,0,High-Value / Low-Risk,327.63434882209117,0.005509901,0.0,84.0,146.64000000000001
13534.0,0,High-Value / Low-Risk,2132.3704639921148,0.006073028,18.0,3.0,4803.9
13535.0,1,Low-Value / At-Risk,175.4170165554215,0.9948598,0.0,219.0,89.5
13537.0,1,Low-Value / At-Risk,227.5147546856261,0.9876917,1.0,242.0,717.85
13538.0,0,High-Value / Low-Risk,608.9532834889906,0.0070085856,6.0,91.0,2336.18
13539.0,0,High-Value / Low-Risk,457.4166019129893,0.013614124,5.0,57.0,1253.67
13540.0,1,Low-Value / At-Risk,163.21730654803352,0.9946694,1.0,284.0,632.39
13541.0,1,Low-Value / At-Risk,248.9586291461377,0.98831475,1.0,244.0,785.25
13542.0,0,High-Value / Low-Risk,213.5502012181673,0.98108554,16.0,193.0,4006.17
13543.0,1,Low-Value / At-Risk,198.0032522262032,0.99567163,1.0,451.0,1439.6100000000001
13544.0,0,High-Value / Low-Risk,266.08696321008824,0.010755909,3.0,57.0,660.5
13545.0,1,Low-Value / At-Risk,205.2719404480426,0.98831475,1.0,207.0,374.64
13546.0,0,High-Value / Low-Risk,434.5417116770793,0.00922785,2.0,17.0,653.31
13547.0,1,Low-Value / At-Risk,171.872930890697,0.9948598,0.0,225.0,172.98
13548.0,0,High-Value / Low-Risk,276.43552978856746,0.020554444,1.0,60.0,507.59000000000003
13549.0,0,High-Value / Low-Risk,543.1576723228404,0.007736783,3.0,9.0,600.15
13550.0,1,Low-Value / At-Risk,187.67358835874592,0.9948598,0.0,200.0,349.51
13551.0,1,Low-Value / At-Risk,131.98157390425558,0.9887495,1.0,136.0,244.2
13552.0,0,High-Value / Low-Risk,1469.197471963127,0.0065561603,8.0,22.0,5100.14
13553.0,1,Low-Value / At-Risk,90.70206205860724,0.99624145,0.0,491.0,517.8
13554.0,1,Low-Value / At-Risk,207.33124576298547,0.97675246,5.0,197.0,1638.28
13555.0,0,High-Value / Low-Risk,1744.1373818055424,0.006734647,7.0,18.0,6439.96
13556.0,1,Low-Value / At-Risk,155.52370700790385,0.9876917,1.0,246.0,200.82
13557.0,0,High-Value / Low-Risk,737.6598178065392,0.008814924,10.0,97.0,2688.88
13559.0,1,Low-Value / At-Risk,237.96958363628917,0.99558556,1.0,329.0,990.0
13561.0,0,High-Value / Low-Risk,643.7579948810984,0.00875246,9.0,32.0,1820.72
13562.0,0,High-Value / Low-Risk,854.1625858613494,0.013128671,4.0,62.0,3642.12
13564.0,0,High-Value / Low-Risk,268.1146230448766,0.978684,24.0,171.0,16630.8
13565.0,1,Low-Value / At-Risk,234.07343443943623,0.9876917,1.0,151.0,284.76
13566.0,1,Low-Value / At-Risk,242.63486828291187,0.98939425,2.0,251.0,829.56
13567.0,1,Low-Value / At-Risk,297.2878820998893,0.98939425,2.0,245.0,1083.69
13569.0,1,Low-Value / At-Risk,299.2170426778433,0.98368025,2.0,184.0,638.35
13570.0,0,High-Value / Low-Risk,387.6097621402632,0.00557618,0.0,60.0,239.49
13571.0,0,High-Value / Low-Risk,920.988476632845,0.006660206,17.0,1.0,2961.53
13572.0,0,High-Value / Low-Risk,546.4592178997158,0.00557618,0.0,22.0,1384.25
13573.0,0,High-Value / Low-Risk,299.0892433351288,0.010653456,3.0,70.0,652.39
13574.0,1,Low-Value / At-Risk,170.15414047373773,0.9948598,0.0,228.0,421.25
13576.0,0,High-Value / Low-Risk,2254.4014478231297,0.0059138495,17.0,4.0,7970.41
13577.0,0,High-Value / Low-Risk,669.6809410156768,0.006811411,7.0,58.0,2153.43
13578.0,1,Low-Value / At-Risk,171.29614907936426,0.9948598,0.0,226.0,147.66
13579.0,1,Low-Value / At-Risk,337.7549951761758,0.97967875,3.0,186.0,1236.7
13580.0,1,Low-Value / At-Risk,173.03824599838552,0.9948598,0.0,223.0,107.75
13581.0,1,Low-Value / At-Risk,243.103416833481,0.9876917,1.0,126.0,280.53
13582.0,1,Low-Value / At-Risk,158.17714560047494,0.98831475,1.0,206.0,241.68
13583.0,1,Low-Value / At-Risk,89.90433684501849,0.99624145,0.0,496.0,664.0
13584.0,1,Low-Value / At-Risk,217.63159733514243,0.99020797,2.0,123.0,392.45000000000005
13585.0,1,Low-Value / At-Risk,211.1755149729512,0.9954541,2.0,347.0,684.54
13586.0,1,Low-Value / At-Risk,118.73002478221022,0.99624145,0.0,358.0,131.53
13587.0,1,Low-Value / At-Risk,193.46341637499853,0.98435426,1.0,266.0,961.1
13588.0,0,High-Value / Low-Risk,355.09530160903216,0.00557618,0.0,72.0,113.3
13589.0,1,Low-Value / At-Risk,194.5255190871055,0.98769593,3.0,266.0,741.0899999999999
13590.0,0,High-Value / Low-Risk,1460.9324087876032,0.0057805316,13.0,16.0,5279.7
13591.0,0,High-Value / Low-Risk,569.9666357691287,0.007820479,5.0,21.0,1753.04
13592.0,0,High-Value / Low-Risk,556.9969703880167,0.0050825486,2.0,22.0,205.51
13593.0,0,High-Value / Low-Risk,1339.127718670785,0.008663339,10.0,80.0,4509.5599999999995
13594.0,1,Low-Value / At-Risk,136.49575011052303,0.99624145,0.0,302.0,136.35000000000002
13595.0,1,Low-Value / At-Risk,139.08529259415434,0.99558556,2.0,333.0,818.22
13597.0,1,Low-Value / At-Risk,153.45900820302364,0.993755,1.0,217.0,396.71
13598.0,1,Low-Value / At-Risk,166.1413514196177,0.9954699,2.0,312.0,609.4200000000001
13599.0,0,High-Value / Low-Risk,1855.3231529962668,0.0057805316,12.0,15.0,7019.62
13600.0,1,Low-Value / At-Risk,172.69095045150937,0.98888373,1.0,129.0,518.42
13601.0,0,High-Value / Low-Risk,380.0591256932899,0.015226283,2.0,28.0,865.02
13602.0,1,Low-Value / At-Risk,259.06125875154,0.9833695,2.0,198.0,596.28
13604.0,1,Low-Value / At-Risk,93.35275345089504,0.99624145,0.0,475.0,717.62
13605.0,1,Low-Value / At-Risk,224.24351792907123,0.98831475,1.0,204.0,522.6700000000001
13606.0,0,High-Value / Low-Risk,419.5209887124076,0.0102725765,1.0,60.0,250.42000000000002
13607.0,1,Low-Value / At-Risk,175.4170165554215,0.9948598,0.0,219.0,400.3
13608.0,1,Low-Value / At-Risk,119.0065850306577,0.99624145,0.0,357.0,236.2
13609.0,1,Low-Value / At-Risk,105.93035503342688,0.99624145,0.0,410.0,167.35
13610.0,0,High-Value / Low-Risk,462.98911469325833,0.0063255434,9.0,4.0,1517.12
13611.0,0,High-Value / Low-Risk,572.6329093476141,0.97327965,7.0,176.0,2450.88
13612.0,1,Low-Value / At-Risk,98.00726312415554,0.99624145,0.0,449.0,818.29
13613.0,1,Low-Value / At-Risk,237.0836254827076,0.9850309,2.0,269.0,1039.85
13614.0,1,Low-Value / At-Risk,351.0235484216822,0.9829348,2.0,147.0,954.48
13615.0,0,High-Value / Low-Risk,1551.0562465576293,0.9746041,7.0,135.0,6272.53
13616.0,1,Low-Value / At-Risk,106.9586176528516,0.99567163,1.0,385.0,288.1
13617.0,1,Low-Value / At-Risk,171.70171411277593,0.983023,4.0,225.0,734.5699999999999
13619.0,1,Low-Value / At-Risk,117.60289707511956,0.99567163,1.0,361.0,230.19
13620.0,1,Low-Value / At-Risk,122.42879176219608,0.99624145,0.0,345.0,112.34
13622.0,1,Low-Value / At-Risk,87.2940369045399,0.99624145,0.0,513.0,658.95
13623.0,0,High-Value / Low-Risk,582.9357305318496,0.008646058,8.0,27.0,2370.63
13624.0,1,Low-Value / At-Risk,184.284811656696,0.9948598,0.0,205.0,462.08
13625.0,1,Low-Value / At-Risk,105.27565343938517,0.99624145,0.0,413.0,301.26
13626.0,0,High-Value / Low-Risk,354.17897161165,0.014438975,1.0,69.0,707.04
13627.0,0,High-Value / Low-Risk,400.9821167047704,0.016518375,3.0,21.0,1213.35
13628.0,1,Low-Value / At-Risk,90.38127824333051,0.99624145,0.0,493.0,310.14
13629.0,0,High-Value / Low-Risk,2509.9234227127463,0.0061033447,11.0,27.0,8466.5
13630.0,0,High-Value / Low-Risk,1032.3509814716874,0.0052852985,2.0,1.0,1051.84
13631.0,0,High-Value / Low-Risk,1603.0377314124785,0.0050825486,2.0,18.0,1330.0
13632.0,0,High-Value / Low-Risk,703.1353307914835,0.00969895,4.0,50.0,2139.9100000000003
13634.0,0,High-Value / Low-Risk,1194.1776263683562,0.0060178433,10.0,59.0,4078.0299999999997
13635.0,1,Low-Value / At-Risk,429.97831782824704,0.984504,2.0,259.0,1928.13
13636.0,0,High-Value / Low-Risk,650.0440613859857,0.0052852985,2.0,69.0,541.45
13637.0,0,High-Value / Low-Risk,852.6430353411284,0.0052788644,1.0,4.0,683.6
13639.0,1,Low-Value / At-Risk,157.066667734211,0.9948598,0.0,253.0,312.93
13640.0,1,Low-Value / At-Risk,102.11997980311752,0.99624145,0.0,428.0,405.0
13641.0,1,Low-Value / At-Risk,125.29963128447206,0.99567163,2.0,457.0,942.37
13642.0,0,High-Value / Low-Risk,343.5083356302178,0.009827809,1.0,32.0,514.72
13643.0,0,High-Value / Low-Risk,502.1104583389605,0.00686279,7.0,2.0,1725.23
13646.0,1,Low-Value / At-Risk,177.24453799041967,0.9947978,0.0,216.0,326.25
13647.0,0,High-Value / Low-Risk,612.6770209604597,0.011994692,3.0,51.0,1818.2
13648.0,1,Low-Value / At-Risk,394.3808753785912,0.98496026,6.0,217.0,1759.07
13649.0,0,High-Value / Low-Risk,684.1818290875706,0.007214896,5.0,73.0,1678.88
13650.0,0,High-Value / Low-Risk,609.6422940310881,0.007947278,5.0,24.0,2197.18
13651.0,1,Low-Value / At-Risk,189.0643226504456,0.9948598,0.0,198.0,132.65
13652.0,0,High-Value / Low-Risk,615.7616619150948,0.010635167,3.0,73.0,2114.01
13653.0,1,Low-Value / At-Risk,135.77009302145007,0.99624145,0.0,304.0,152.2
13654.0,0,High-Value / Low-Risk,1344.1442631282289,0.0067854533,7.0,18.0,4773.51
13655.0,0,High-Value / Low-Risk,543.913333274628,0.009809164,4.0,58.0,1731.19
13656.0,1,Low-Value / At-Risk,288.45208626463733,0.98810965,2.0,154.0,861.9
13657.0,0,High-Value / Low-Risk,571.1737724672217,0.00557618,0.0,18.0,152.34
13658.0,0,High-Value / Low-Risk,1078.579858731201,0.013702206,4.0,21.0,4319.63
13659.0,0,High-Value / Low-Risk,1511.2023231967564,0.008338621,10.0,22.0,4894.88
13660.0,1,Low-Value / At-Risk,176.63114051381973,0.9948598,0.0,217.0,314.59
13661.0,1,Low-Value / At-Risk,103.77906304314078,0.99624145,0.0,420.0,325.24
13662.0,0,High-Value / Low-Risk,603.3385055955633,0.0073518516,5.0,29.0,1885.29
13663.0,1,Low-Value / At-Risk,457.39375032211865,0.97850925,3.0,197.0,1858.04
13665.0,1,Low-Value / At-Risk,478.802546316648,0.984136,2.0,203.0,1711.6599999999999
13666.0,1,Low-Value / At-Risk,127.36833661606394,0.015199809,2.0,104.0,106.45
13668.0,0,High-Value / Low-Risk,2999.7667603769933,0.00582535,25.0,4.0,10787.23
13669.0,1,Low-Value / At-Risk,172.45361658805996,0.9948598,0.0,224.0,195.0
13671.0,1,Low-Value / At-Risk,180.37667753007827,0.9948598,0.0,211.0,194.95
13672.0,0,High-Value / Low-Risk,151.26041956698953,0.0154578835,2.0,118.0,419.9200000000001
13674.0,1,Low-Value / At-Risk,159.02348717953447,0.9948598,0.0,249.0,240.68
13675.0,0,High-Value / Low-Risk,295.3072949449007,0.00557618,0.0,101.0,308.44
13676.0,1,Low-Value / At-Risk,117.85719356101362,0.99558556,1.0,356.0,243.9
13677.0,1,Low-Value / At-Risk,220.23787284468304,0.98888373,1.0,221.0,556.19
13679.0,1,Low-Value / At-Risk,123.1026250481593,0.99567163,2.0,310.0,281.26
13680.0,0,High-Value / Low-Risk,2238.249732639684,0.9777117,9.0,154.0,10104.84
13682.0,0,High-Value / Low-Risk,678.8424512018684,0.00557618,0.0,4.0,59.5
13683.0,1,Low-Value / At-Risk,147.536464589133,0.9948598,0.0,274.0,258.6
13684.0,0,High-Value / Low-Risk,254.499726715223,0.014868524,3.0,102.0,596.98
13686.0,1,Low-Value / At-Risk,209.46220408035123,0.9864123,1.0,197.0,337.03999999999996
13687.0,1,Low-Value / At-Risk,156.10623240283596,0.9948598,0.0,255.0,11880.84
13688.0,1,Low-Value / At-Risk,97.44663685965052,0.99624145,0.0,452.0,375.5
13689.0,1,Low-Value / At-Risk,153.2942268586607,0.9948598,0.0,261.0,349.5
13691.0,1,Low-Value / At-Risk,179.11060776298865,0.9948598,0.0,213.0,210.78
13692.0,0,High-Value / Low-Risk,908.6560131559588,0.007929999,3.0,30.0,2497.66
13693.0,0,High-Value / Low-Risk,457.17835845532,0.9785372,8.0,191.0,2011.82
13694.0,0,High-Value / Low-Risk,44417.09529522805,0.011339491,67.0,9.0,159642.54
13695.0,0,High-Value / Low-Risk,377.07640548284775,0.007991374,5.0,6.0,892.52
13696.0,1,Low-Value / At-Risk,520.9333088935332,0.9874117,2.0,238.0,2020.4
13698.0,1,Low-Value / At-Risk,130.29172530910196,0.99567163,1.0,413.0,465.53000000000003
13699.0,1,Low-Value / At-Risk,116.29768986109048,0.99624145,0.0,367.0,455.57
13700.0,0,High-Value / Low-Risk,490.21944399785355,0.0069276174,6.0,57.0,1292.0
13701.0,1,Low-Value / At-Risk,152.37930065855133,0.9948598,0.0,263.0,161.0
13702.0,1,Low-Value / At-Risk,152.83539261832414,0.9948598,0.0,262.0,135.18
13703.0,1,Low-Value / At-Risk,232.27455530789143,0.9876917,1.0,135.0,425.56
13705.0,1,Low-Value / At-Risk,484.1477644259064,0.9823068,4.0,190.0,1641.61
13706.0,0,High-Value / Low-Risk,204.78919380349333,0.020371089,1.0,119.0,631.1700000000001
13707.0,0,High-Value / Low-Risk,1098.507280463981,0.010417748,3.0,84.0,3365.8599999999997
13708.0,0,High-Value / Low-Risk,319.4045927149778,0.00557618,0.0,88.0,294.88
13709.0,0,High-Value / Low-Risk,488.8541403108245,0.9788071,4.0,132.0,1738.4
13710.0,1,Low-Value / At-Risk,139.88851051824517,0.9885274,1.0,240.0,329.04
13711.0,0,High-Value / Low-Risk,571.2473379011765,0.011199492,7.0,35.0,1792.26
13712.0,0,High-Value / Low-Risk,186.4024523998684,0.020919112,1.0,63.0,766.4200000000001
13713.0,1,Low-Value / At-Risk,257.35489673004275,0.98939425,2.0,225.0,743.26
13714.0,1,Low-Value / At-Risk,144.20361287747954,0.99624145,0.0,282.0,161.35
13715.0,0,High-Value / Low-Risk,2160.0552530776195,0.009214192,15.0,98.0,8483.29
13716.0,0,High-Value / Low-Risk,323.4669092612676,0.00557618,0.0,86.0,138.28
13717.0,0,High-Value / Low-Risk,473.633426927279,0.009319847,3.0,57.0,888.8800000000001
13718.0,0,High-Value / Low-Risk,460.2177699289413,0.0052788644,1.0,63.0,306.55
13719.0,0,High-Value / Low-Risk,776.6699542342255,0.008618994,7.0,22.0,2111.33
13720.0,0,High-Value / Low-Risk,560.895015802256,0.0052788644,1.0,55.0,432.1
13721.0,1,Low-Value / At-Risk,179.7414091935839,0.9948598,0.0,212.0,217.4
13722.0,0,High-Value / Low-Risk,1301.2943223830675,0.00969895,4.0,99.0,4723.469999999999
13723.0,0,High-Value / Low-Risk,426.5231593249869,0.009809164,4.0,34.0,1209.2
13724.0,1,Low-Value / At-Risk,97.076437999954,0.99624145,0.0,454.0,213.01
13725.0,0,High-Value / Low-Risk,970.2675251304496,0.00799843,5.0,42.0,1751.6
13727.0,1,Low-Value / At-Risk,82.28555892465172,0.99567163,3.0,428.0,746.5699999999999
13728.0,0,High-Value / Low-Risk,729.5080530709206,0.007018309,12.0,15.0,2332.96
13729.0,1,Low-Value / At-Risk,189.7342756053233,0.9845217,2.0,252.0,724.73
13731.0,0,High-Value / Low-Risk,744.6995497257999,0.0052788644,1.0,36.0,610.59
13733.0,1,Low-Value / At-Risk,166.34633335074528,0.9887172,1.0,227.0,487.03000000000003
13734.0,1,Low-Value / At-Risk,1278.2547918219786,0.9954699,2.0,325.0,6701.640000000001
13735.0,0,High-Value / Low-Risk,2100.7674136066103,0.0065561603,8.0,51.0,7863.13
13736.0,0,High-Value / Low-Risk,537.1557861263899,0.0121224085,4.0,77.0,2391.84
13737.0,0,High-Value / Low-Risk,577.7089345723941,0.00557618,0.0,17.0,339.59999999999997
13738.0,1,Low-Value / At-Risk,179.11060776298865,0.9948598,0.0,213.0,440.93
13739.0,1,Low-Value / At-Risk,122.7228898340449,0.99624145,0.0,344.0,75.3
13740.0,0,High-Value / Low-Risk,440.1592152600175,0.013888762,4.0,57.0,1597.77
13741.0,0,High-Value / Low-Risk,847.7149493662196,0.0052788644,1.0,0.0,363.13
13742.0,0,High-Value / Low-Risk,1674.4268765816005,0.0076704687,6.0,1.0,2156.02
13743.0,0,High-Value / Low-Risk,601.4978209766227,0.0052788644,1.0,34.0,353.15999999999997
13744.0,0,High-Value / Low-Risk,282.2111509841477,0.00557618,0.0,109.0,893.16
13745.0,1,Low-Value / At-Risk,117.3662999608551,0.99624145,0.0,363.0,477.32
13746.0,1,Low-Value / At-Risk,169.02728269817595,0.9948598,0.0,230.0,176.69
13747.0,1,Low-Value / At-Risk,228.19210466765273,0.9876917,1.0,190.0,249.39999999999998
13748.0,0,High-Value / Low-Risk,567.4804233458127,0.0071375836,6.0,49.0,1900.95
13750.0,0,High-Value / Low-Risk,832.876934380356,0.006811411,7.0,113.0,2643.7200000000003
13751.0,0,High-Value / Low-Risk,288.6101939163535,0.00557618,0.0,105.0,296.25
13752.0,0,High-Value / Low-Risk,517.6447938667154,0.009260914,4.0,1.0,1295.98
13753.0,0,High-Value / Low-Risk,464.53743801178786,0.013960619,3.0,104.0,2094.57
13754.0,1,Low-Value / At-Risk,241.40638062102033,0.9876917,1.0,134.0,320.45000000000005
13756.0,0,High-Value / Low-Risk,1677.941617907878,0.0057805316,13.0,0.0,5729.79
13757.0,1,Low-Value / At-Risk,90.70206205860724,0.99624145,0.0,491.0,195.55
13758.0,0,High-Value / Low-Risk,2145.3055513917934,0.0059375954,11.0,18.0,8475.11
13760.0,0,High-Value / Low-Risk,433.0267845359488,0.012854935,3.0,73.0,1211.94
13761.0,1,Low-Value / At-Risk,209.00946018610125,0.99567163,2.0,319.0,881.52
13762.0,0,High-Value / Low-Risk,672.0821759071944,0.012756701,4.0,35.0,2472.48
13763.0,1,Low-Value / At-Risk,235.04636667639588,0.9876917,1.0,234.0,3502.48
13764.0,1,Low-Value / At-Risk,383.8614276932218,0.98529786,2.0,154.0,1923.44
13765.0,1,Low-Value / At-Risk,94.21317936245823,0.99624145,0.0,470.0,352.82
13766.0,1,Low-Value / At-Risk,132.94309702758974,0.99624145,0.0,312.0,190.35
13767.0,0,High-Value / Low-Risk,6886.1250101900205,0.0059138495,45.0,20.0,25561.46
13768.0,1,Low-Value / At-Risk,67.79604177816647,0.99567163,1.0,543.0,875.97
13769.0,0,High-Value / Low-Risk,1304.328503207966,0.005846484,13.0,24.0,4451.92
13770.0,1,Low-Value / At-Risk,235.0246516038109,0.9809837,3.0,239.0,785.37
13771.0,0,High-Value / Low-Risk,1243.9906293399283,0.010248945,5.0,16.0,4559.22
13772.0,0,High-Value / Low-Risk,610.8610404642394,0.00969895,4.0,56.0,2210.5099999999998
13773.0,1,Low-Value / At-Risk,157.77951209827404,0.98819643,1.0,213.0,301.53999999999996
13775.0,1,Low-Value / At-Risk,106.59325685025804,0.99624145,0.0,407.0,1049.66
13777.0,0,High-Value / Low-Risk,10127.203456422572,0.0059138495,35.0,1.0,41857.58
13778.0,1,Low-Value / At-Risk,197.93005798735575,0.99558556,2.0,308.0,945.79
13779.0,1,Low-Value / At-Risk,126.365663940929,0.99624145,0.0,332.0,161.13
13780.0,1,Low-Value / At-Risk,172.45361658805996,0.9948598,0.0,224.0,375.81
13781.0,0,High-Value / Low-Risk,223.04519579858515,0.015893774,2.0,67.0,778.83
13782.0,0,High-Value / Low-Risk,415.743689100791,0.008311498,8.0,51.0,1243.02
13783.0,1,Low-Value / At-Risk,281.2942424155501,0.99567163,3.0,304.0,1542.09
13784.0,0,High-Value / Low-Risk,758.7206245073685,0.00651681,8.0,2.0,1475.87
13785.0,1,Low-Value / At-Risk,200.92708011431964,0.9848409,2.0,245.0,542.49
13786.0,0,High-Value / Low-Risk,712.5305432641287,0.9809988,5.0,184.0,3358.9399999999996
13787.0,1,Low-Value / At-Risk,323.2432745455327,0.98488694,4.0,181.0,1019.86
13788.0,1,Low-Value / At-Risk,129.57087389097768,0.99624145,0.0,322.0,3.75
13789.0,1,Low-Value / At-Risk,184.284811656696,0.9948598,0.0,205.0,239.46
13792.0,0,High-Value / Low-Risk,223.73232531654585,0.018909086,1.0,104.0,263.0
13793.0,1,Low-Value / At-Risk,95.44478724923468,0.99624145,0.0,463.0,96.0
13794.0,1,Low-Value / At-Risk,117.3662999608551,0.99624145,0.0,363.0,126.03
13795.0,1,Low-Value / At-Risk,275.9373163590014,0.9797967,3.0,205.0,836.3
13796.0,1,Low-Value / At-Risk,131.57333857191188,0.99624145,0.0,316.0,289.7
13797.0,1,Low-Value / At-Risk,307.7229292613341,0.9874215,2.0,253.0,1179.45
13798.0,0,High-Value / Low-Risk,17497.261803424895,0.00626204,74.0,3.0,61484.74
13799.0,0,High-Value / Low-Risk,730.1233868691477,0.011185001,7.0,111.0,2456.41
13800.0,1,Low-Value / At-Risk,385.9185519248162,0.9840186,2.0,126.0,1679.56
13802.0,0,High-Value / Low-Risk,7223.691260208582,0.009157128,16.0,71.0,24790.75
13803.0,0,High-Value / Low-Risk,394.7762056050868,0.016769389,2.0,72.0,1338.9099999999999
13804.0,0,High-Value / Low-Risk,520.397109393247,0.009124107,2.0,106.0,1296.3600000000001
13807.0,1,Low-Value / At-Risk,200.8575806233322,0.9883857,2.0,184.0,534.8
13809.0,1,Low-Value / At-Risk,400.3509534603834,0.9848409,2.0,122.0,679.7
13811.0,0,High-Value / Low-Risk,805.2682161477524,0.0052788644,1.0,0.0,519.75
13813.0,1,Low-Value / At-Risk,232.33250268138613,0.99567163,3.0,344.0,1218.6100000000001
13814.0,1,Low-Value / At-Risk,122.7228898340449,0.99624145,0.0,344.0,678.2
13815.0,0,High-Value / Low-Risk,1021.4507448021797,0.9862309,4.0,135.0,3992.3900000000003
13817.0,1,Low-Value / At-Risk,212.71476713759964,0.9948598,0.0,168.0,110.7
13818.0,1,Low-Value / At-Risk,160.52344947093042,0.9948598,0.0,246.0,61.28
13819.0,0,High-Value / Low-Risk,614.8232973175329,0.009424584,5.0,118.0,2642.35
13820.0,1,Low-Value / At-Risk,208.3856024251841,0.9849731,2.0,235.0,660.6500000000001
13821.0,0,High-Value / Low-Risk,381.0568071451317,0.01114125,4.0,78.0,1295.24
13823.0,0,High-Value / Low-Risk,583.1788203869306,0.9844482,4.0,197.0,2445.79
13824.0,0,High-Value / Low-Risk,1021.7188678837458,0.0065931594,9.0,20.0,2848.8
13825.0,1,Low-Value / At-Risk,95.3744953959088,0.99567163,1.0,438.0,255.59000000000003
13829.0,1,Low-Value / At-Risk,164.6654778492404,0.9948598,0.0,238.0,102.0
13830.0,1,Low-Value / At-Risk,108.63273488097136,0.99624145,0.0,398.0,156.85000000000002
13831.0,0,High-Value / Low-Risk,1504.2896479798098,0.006660206,14.0,17.0,5918.58
13832.0,1,Low-Value / At-Risk,164.13605406962557,0.9948598,0.0,239.0,561.49
13833.0,1,Low-Value / At-Risk,174.21949799642076,0.9948598,0.0,221.0,316.56
13834.0,1,Low-Value / At-Risk,107.996261924367,0.99567163,1.0,393.0,324.19
13835.0,0,High-Value / Low-Risk,267.1373342931763,0.01128461,3.0,32.0,589.15
13836.0,1,Low-Value / At-Risk,253.16845702617533,0.9876917,1.0,216.0,620.37
13837.0,0,High-Value / Low-Risk,402.6065058191614,0.011089926,1.0,28.0,271.24
13838.0,1,Low-Value / At-Risk,496.75473140280866,0.97730196,3.0,186.0,1512.47
13839.0,1,Low-Value / At-Risk,136.1319534355813,0.99624145,0.0,303.0,139.95000000000002
13840.0,1,Low-Value / At-Risk,167.36474990148085,0.9948598,0.0,233.0,651.4
13841.0,0,High-Value / Low-Risk,362.6989776340205,0.00557618,0.0,69.0,85.0
13842.0,0,High-Value / Low-Risk,1286.0241525505717,0.005846484,12.0,16.0,4072.76
13843.0,1,Low-Value / At-Risk,189.0643226504456,0.9948598,0.0,198.0,319.75
13846.0,0,High-Value / Low-Risk,562.8907736388717,0.010315307,2.0,59.0,1106.66
13847.0,1,Low-Value / At-Risk,83.9947127768616,0.99624145,0.0,536.0,310.72
13848.0,0,High-Value / Low-Risk,757.092313619883,0.008347237,6.0,114.0,3015.0
13849.0,1,Low-Value / At-Risk,490.9778284668733,0.98265797,2.0,214.0,1931.35
13851.0,0,High-Value / Low-Risk,667.4913556187121,0.009239038,4.0,105.0,2201.32
13852.0,1,Low-Value / At-Risk,102.32445638175244,0.99624145,0.0,427.0,187.35
13854.0,0,High-Value / Low-Risk,2812.7879810733493,0.005846484,28.0,13.0,9303.98
13855.0,1,Low-Value / At-Risk,265.2253123771346,0.9953714,3.0,317.0,1310.34
13856.0,0,High-Value / Low-Risk,438.0054138489492,0.0110312905,9.0,0.0,972.53
13857.0,1,Low-Value / At-Risk,306.00573986212,0.98092914,4.0,210.0,1000.91
13859.0,1,Low-Value / At-Risk,206.19120121554192,0.98888373,1.0,143.0,515.86
13861.0,1,Low-Value / At-Risk,169.69954299714468,0.98858184,1.0,246.0,273.26
13862.0,0,High-Value / Low-Risk,920.2893671803562,0.011525748,4.0,4.0,1499.24
13863.0,0,High-Value / Low-Risk,441.5561204007482,0.014304487,3.0,64.0,1239.55
13864.0,1,Low-Value / At-Risk,185.62550203354877,0.9948598,0.0,203.0,662.4000000000001
13865.0,0,High-Value / Low-Risk,472.42023616996505,0.0052788644,1.0,3.0,282.52
13867.0,0,High-Value / Low-Risk,479.17219182675296,0.00557618,0.0,35.0,138.85
13869.0,0,High-Value / Low-Risk,1612.5335575104746,0.008011388,8.0,79.0,6591.58
13870.0,0,High-Value / Low-Risk,933.0066114958472,0.0069826986,6.0,104.0,3485.17
13871.0,0,High-Value / Low-Risk,1037.270957491303,0.0065561603,8.0,23.0,3878.33
13872.0,1,Low-Value / At-Risk,212.5317771760716,0.99567163,2.0,344.0,919.5699999999999
13873.0,0,High-Value / Low-Risk,361.6648163747734,0.007136887,6.0,35.0,879.72
13874.0,0,High-Value / Low-Risk,571.7837936143992,0.9831956,6.0,175.0,2049.15
13875.0,0,High-Value / Low-Risk,1217.3515890825229,0.0067897867,10.0,1.0,4095.46
13877.0,1,Low-Value / At-Risk,137.02675228840647,0.99567163,1.0,287.0,332.44000000000005
13878.0,1,Low-Value / At-Risk,132.02353538681632,0.99558556,2.0,364.0,1191.53
13879.0,1,Low-Value / At-Risk,95.62336641332332,0.99624145,0.0,462.0,395.5
13880.0,0,High-Value / Low-Risk,1022.4566285177472,0.0060232366,9.0,3.0,2511.46
13881.0,0,High-Value / Low-Risk,9274.106734971958,0.0057805316,19.0,30.0,31589.04
13883.0,0,High-Value / Low-Risk,1745.4096520120506,0.005971654,9.0,35.0,5603.67
13884.0,0,High-Value / Low-Risk,616.7066349976641,0.007214896,5.0,94.0,1297.13
13885.0,0,High-Value / Low-Risk,863.0590424168247,0.0052788644,1.0,6.0,506.79999999999995
13887.0,0,High-Value / Low-Risk,552.4334381145162,0.00557618,0.0,21.0,349.55
13888.0,0,High-Value / Low-Risk,656.4951573033537,0.010853607,3.0,35.0,1802.94
13889.0,1,Low-Value / At-Risk,412.83579430721994,0.9836828,4.0,199.0,1574.33
13890.0,1,Low-Value / At-Risk,348.98960740350054,0.98258764,4.0,175.0,1233.92
13891.0,1,Low-Value / At-Risk,262.5272246522228,0.9827251,2.0,195.0,863.56
13892.0,0,High-Value / Low-Risk,196.3617449574308,0.018562594,2.0,63.0,689.2
13893.0,0,High-Value / Low-Risk,274.60191983444514,0.00557618,0.0,114.0,821.1
13894.0,1,Low-Value / At-Risk,256.61783146891094,0.9936521,0.0,127.0,160.85
13895.0,1,Low-Value / At-Risk,204.8181341217648,0.99567163,1.0,332.0,1415.4499999999998
13896.0,1,Low-Value / At-Risk,99.34083566092134,0.99624145,0.0,442.0,388.55
13897.0,1,Low-Value / At-Risk,185.1662711284854,0.9895321,1.0,255.0,849.56
13898.0,1,Low-Value / At-Risk,256.40941544482416,0.9876917,1.0,142.0,686.4000000000001
13899.0,0,High-Value / Low-Risk,313.49965690860137,0.00557618,0.0,91.0,298.5
13900.0,0,High-Value / Low-Risk,559.9062984557012,0.012203148,4.0,9.0,1602.0900000000001
13901.0,0,High-Value / Low-Risk,998.0920973990052,0.011363594,8.0,73.0,3457.44
13902.0,1,Low-Value / At-Risk,642.8358526519787,0.99541974,4.0,449.0,34023.259999999995
13903.0,1,Low-Value / At-Risk,176.63114051381973,0.9948598,0.0,217.0,165.45000000000002
13904.0,1,Low-Value / At-Risk,279.11723469388227,0.00557618,0.0,111.0,201.12
13905.0,1,Low-Value / At-Risk,82.23794168340548,0.99624145,0.0,549.0,312.65
13906.0,1,Low-Value / At-Risk,171.29614907936426,0.9948598,0.0,226.0,42.0
13907.0,1,Low-Value / At-Risk,88.04589357274128,0.99624145,0.0,508.0,136.8
13908.0,0,High-Value / Low-Risk,643.748666097624,0.0052788644,1.0,31.0,781.11
13909.0,1,Low-Value / At-Risk,182.0966662157983,0.98831475,1.0,240.0,286.59999999999997
13911.0,0,High-Value / Low-Risk,1170.3726813452045,0.005846484,15.0,14.0,3357.99
13912.0,1,Low-Value / At-Risk,163.61002894112784,0.9948598,0.0,240.0,124.95
13913.0,1,Low-Value / At-Risk,129.24304688341337,0.99624145,0.0,323.0,42.22
13915.0,1,Low-Value / At-Risk,180.37667753007827,0.9948598,0.0,211.0,70.80000000000001
13916.0,1,Low-Value / At-Risk,282.8725760301488,0.99552035,3.0,280.0,1275.81
13917.0,0,High-Value / Low-Risk,644.1089321671316,0.00557618,0.0,8.0,65.38
13918.0,0,High-Value / Low-Risk,360.12831533600365,0.00557618,0.0,70.0,198.2
13919.0,1,Low-Value / At-Risk,218.70462798047544,0.98888373,1.0,241.0,903.87
13920.0,1,Low-Value / At-Risk,384.02587092018285,0.9878499,3.0,248.0,1774.6799999999998
13921.0,1,Low-Value / At-Risk,247.85930570987605,0.9805321,3.0,219.0,730.7
13922.0,1,Low-Value / At-Risk,323.28173400224017,0.9851126,2.0,168.0,865.2
13927.0,1,Low-Value / At-Risk,156.5849752327842,0.9948598,0.0,254.0,359.27
13929.0,0,High-Value / Low-Risk,845.6062446881572,0.9787063,7.0,143.0,3064.3
13931.0,0,High-Value / Low-Risk,925.5083425940952,0.007143807,6.0,97.0,4398.0599999999995
13932.0,0,High-Value / Low-Risk,279.11723469388227,0.00557618,0.0,111.0,307.4
13934.0,0,High-Value / Low-Risk,336.30141334578883,0.00557618,0.0,80.0,922.1
13935.0,1,Low-Value / At-Risk,423.5822974935063,0.99558556,2.0,413.0,6116.92
13936.0,1,Low-Value / At-Risk,222.43498371888205,0.9876917,1.0,199.0,563.08
13937.0,1,Low-Value / At-Risk,175.4170165554215,0.9948598,0.0,219.0,721.28
13939.0,1,Low-Value / At-Risk,437.02883894173567,0.97707874,4.0,128.0,1176.9099999999999
13941.0,0,High-Value / Low-Risk,1962.5428612713808,0.005893099,10.0,114.0,8128.299999999999
13942.0,1,Low-Value / At-Risk,120.6934119253979,0.99624145,0.0,351.0,320.0
13943.0,1,Low-Value / At-Risk,109.56445552216329,0.99624145,0.0,394.0,246.54
13944.0,1,Low-Value / At-Risk,94.21317936245823,0.99624145,0.0,470.0,200.43
13945.0,1,Low-Value / At-Risk,257.81125621958176,0.9889839,1.0,211.0,854.15
13946.0,0,High-Value / Low-Risk,506.02641436946783,0.011328484,4.0,18.0,1800.63
13948.0,1,Low-Value / At-Risk,198.7132104974349,0.9809837,3.0,177.0,548.76
13950.0,0,High-Value / Low-Risk,378.9324929226,0.00557618,0.0,63.0,179.30999999999997
13951.0,0,High-Value / Low-Risk,548.2273235071366,0.0052788644,1.0,53.0,516.05
13952.0,0,High-Value / Low-Risk,3305.629886559034,0.0067897867,10.0,34.0,12823.52
13953.0,0,High-Value / Low-Risk,1296.0531521470325,0.008790499,7.0,27.0,4875.0
13955.0,1,Low-Value / At-Risk,315.94155922202634,0.9838704,1.0,122.0,427.31
13956.0,0,High-Value / Low-Risk,509.4570220606305,0.0052788644,1.0,60.0,293.66999999999996
13957.0,1,Low-Value / At-Risk,197.55816449543437,0.98697287,2.0,234.0,458.25
13958.0,0,High-Value / Low-Risk,1001.6467347609386,0.9852872,4.0,196.0,4709.23
13959.0,0,High-Value / Low-Risk,459.776106379981,0.011465019,4.0,98.0,815.4200000000001
13961.0,1,Low-Value / At-Risk,181.66080636263035,0.9948598,0.0,209.0,538.4
13962.0,0,High-Value / Low-Risk,238.08712638584683,0.018909086,1.0,62.0,310.85
13963.0,0,High-Value / Low-Risk,494.82245318524474,0.964218,16.0,125.0,3011.87
13964.0,1,Low-Value / At-Risk,207.96232622160912,0.9876917,1.0,204.0,438.9
13965.0,1,Low-Value / At-Risk,184.0642866116613,0.9949321,2.0,293.0,996.61
13966.0,1,Low-Value / At-Risk,157.55133728654704,0.9948598,0.0,252.0,390.86
13967.0,1,Low-Value / At-Risk,179.11060776298865,0.9948598,0.0,213.0,85.6
13968.0,1,Low-Value / At-Risk,163.61002894112784,0.9948598,0.0,240.0,123.66
13969.0,0,High-Value / Low-Risk,1951.268430702743,0.006073028,20.0,35.0,5819.01
13970.0,1,Low-Value / At-Risk,356.495057437372,0.9876917,1.0,203.0,846.55
13971.0,0,High-Value / Low-Risk,894.2190528021317,0.006630903,8.0,31.0,2883.83
13972.0,0,High-Value / Low-Risk,571.1737724672217,0.00557618,0.0,18.0,145.9
13973.0,0,High-Value / Low-Risk,290.25572436040807,0.00557618,0.0,104.0,264.7
13974.0,1,Low-Value / At-Risk,108.40227738732573,0.99624145,0.0,399.0,264.13
13975.0,0,High-Value / Low-Risk,1081.3135049756547,0.006734647,7.0,32.0,3794.17
13976.0,0,High-Value / Low-Risk,383.09694643816533,0.013514764,3.0,23.0,1192.3600000000001
13977.0,1,Low-Value / At-Risk,170.15414047373773,0.9948598,0.0,228.0,519.8100000000001
13979.0,0,High-Value / Low-Risk,627.295764775056,0.9796348,4.0,210.0,2540.06
13980.0,1,Low-Value / At-Risk,188.54809457967957,0.9851837,3.0,256.0,599.78
13981.0,1,Low-Value / At-Risk,167.91527582129314,0.9948598,0.0,232.0,331.14
13982.0,0,High-Value / Low-Risk,800.7190987646793,0.9779423,6.0,143.0,3477.58
13983.0,0,High-Value / Low-Risk,1792.6358803073692,0.0057805316,14.0,4.0,6186.08
13984.0,0,High-Value / Low-Risk,538.4245238480602,0.006680929,8.0,66.0,1845.3200000000002
13985.0,0,High-Value / Low-Risk,1319.2617894719388,0.005971654,9.0,1.0,4126.03
13987.0,1,Low-Value / At-Risk,282.38633485431114,0.98559755,1.0,196.0,682.54
13988.0,0,High-Value / Low-Risk,639.0554003698455,0.010714441,3.0,17.0,1965.9199999999998
13989.0,0,High-Value / Low-Risk,593.5849041371392,0.010216381,3.0,56.0,1656.65
13990.0,0,High-Value / Low-Risk,502.9778248336222,0.00557618,0.0,30.0,311.3
13992.0,1,Low-Value / At-Risk,178.78267309978412,0.9886308,1.0,197.0,142.7
13993.0,0,High-Value / Low-Risk,1277.3312215761284,0.005846484,12.0,22.0,4802.17
13995.0,0,High-Value / Low-Risk,845.2746652537571,0.006981472,9.0,62.0,2818.77
13996.0,1,Low-Value / At-Risk,306.9451411863249,0.9850655,1.0,203.0,845.76
13997.0,1,Low-Value / At-Risk,144.26928449788386,0.99558556,1.0,336.0,382.31
13998.0,1,Low-Value / At-Risk,187.06012880801012,0.98967934,2.0,263.0,566.7
13999.0,0,High-Value / Low-Risk,1911.3702223484488,0.008573359,20.0,31.0,6847.27
14000.0,0,High-Value / Low-Risk,588.3812102002373,0.013410818,4.0,28.0,2046.3400000000001
14001.0,0,High-Value / Low-Risk,1571.2434020984629,0.00669462,6.0,49.0,3796.15
14003.0,1,Low-Value / At-Risk,82.23794168340548,0.99624145,0.0,549.0,209.41
14004.0,0,High-Value / Low-Risk,946.4711093569108,0.011455916,2.0,105.0,2575.83
14005.0,0,High-Value / Low-Risk,493.175187436829,0.00557618,0.0,32.0,187.16
14006.0,0,High-Value / Low-Risk,597.5727560120225,0.010446097,5.0,58.0,1896.57
14007.0,1,Low-Value / At-Risk,127.31043497008518,0.99624145,0.0,329.0,79.48
14008.0,1,Low-Value / At-Risk,159.02348717953447,0.9948598,0.0,249.0,509.04
14009.0,0,High-Value / Low-Risk,487.78472052177426,0.012493541,2.0,15.0,1099.91
14010.0,1,Low-Value / At-Risk,112.45812584609936,0.99624145,0.0,382.0,445.15
14011.0,1,Low-Value / At-Risk,147.19756350401076,0.99558556,1.0,297.0,457.82
14012.0,0,High-Value / Low-Risk,307.8099372780743,0.00557618,0.0,94.0,328.8
14013.0,0,High-Value / Low-Risk,288.55956413067736,0.013350455,2.0,92.0,730.05
14014.0,1,Low-Value / At-Risk,449.4708166483835,0.98774403,1.0,193.0,1443.0299999999997
14016.0,0,High-Value / Low-Risk,2730.097772080447,0.006981472,9.0,24.0,10326.83
14017.0,1,Low-Value / At-Risk,110.99241853542864,0.99624145,0.0,388.0,229.75
14018.0,1,Low-Value / At-Risk,95.62336641332332,0.99624145,0.0,462.0,367.15
14020.0,1,Low-Value / At-Risk,189.2211840108805,0.99558556,1.0,293.0,606.21
14021.0,0,High-Value / Low-Risk,584.2842267634134,0.00734112,5.0,28.0,1586.38
14022.0,0,High-Value / Low-Risk,324.7739218947163,0.020554444,1.0,42.0,792.1500000000001
14023.0,0,High-Value / Low-Risk,367.9525701858749,0.00557618,0.0,67.0,273.14
14024.0,1,Low-Value / At-Risk,182.9633840402838,0.9948598,0.0,207.0,318.04
14025.0,1,Low-Value / At-Risk,73.73155490611921,0.99477875,7.0,281.0,4057.9
14026.0,1,Low-Value / At-Risk,184.12533704926983,0.99558556,1.0,287.0,713.1099999999999
14028.0,1,Low-Value / At-Risk,116.29768986109048,0.99624145,0.0,367.0,10396.5
14030.0,0,High-Value / Low-Risk,1893.6205836648296,0.0057805316,12.0,60.0,7337.219999999999
14031.0,0,High-Value / Low-Risk,8243.467270309218,0.0059138495,31.0,13.0,31616.87
14032.0,0,High-Value / Low-Risk,971.908375001624,0.006039774,9.0,23.0,3410.25
14033.0,1,Low-Value / At-Risk,114.98900693320218,0.99624145,0.0,372.0,109.44
14035.0,0,High-Value / Low-Risk,741.9337625708018,0.0072584297,5.0,84.0,2129.2799999999997
14036.0,0,High-Value / Low-Risk,295.3072949449007,0.00557618,0.0,101.0,626.65
14037.0,1,Low-Value / At-Risk,244.2143806246717,0.98571223,4.0,181.0,801.55
14038.0,0,High-Value / Low-Risk,524.6059886376586,0.015281738,2.0,24.0,2225.82
14039.0,1,Low-Value / At-Risk,110.03633983282542,0.99624145,0.0,392.0,115.08
14040.0,0,High-Value / Low-Risk,2819.3412715884856,0.0086505385,25.0,32.0,10480.03
14041.0,0,High-Value / Low-Risk,329.75877768389756,0.00557618,0.0,83.0,141.41
14042.0,1,Low-Value / At-Risk,83.17465535004465,0.99624145,0.0,542.0,431.98
14043.0,1,Low-Value / At-Risk,120.46844919579168,0.99567163,1.0,308.0,304.25
14044.0,0,High-Value / Low-Risk,761.3229187491116,0.96878135,5.0,126.0,2640.27
14045.0,0,High-Value / Low-Risk,2108.118689641528,0.98081243,12.0,154.0,10905.03
14046.0,1,Low-Value / At-Risk,295.3072949449007,0.00557618,0.0,101.0,151.59
14047.0,0,High-Value / Low-Risk,1043.3787914932182,0.006039774,9.0,16.0,3582.34
14048.0,1,Low-Value / At-Risk,405.2106616500364,0.9784621,1.0,122.0,748.69
14049.0,0,High-Value / Low-Risk,3340.271225831396,0.006734647,7.0,17.0,10615.77
14051.0,0,High-Value / Low-Risk,3350.640311100358,0.0057805316,22.0,30.0,12657.09
14052.0,1,Low-Value / At-Risk,182.9633840402838,0.9948598,0.0,207.0,255.45
14053.0,1,Low-Value / At-Risk,190.491819673195,0.988741,1.0,214.0,312.05
14055.0,1,Low-Value / At-Risk,180.48692946730088,0.99567163,1.0,394.0,795.3199999999999
14056.0,0,High-Value / Low-Risk,3430.839473490602,0.0044238186,10.0,1.0,3695.32
14057.0,0,High-Value / Low-Risk,1406.7283563693663,0.0059375954,10.0,16.0,4867.41
14058.0,1,Low-Value / At-Risk,158.11670378432964,0.99558556,1.0,279.0,469.19000000000005
14059.0,0,High-Value / Low-Risk,329.75877768389756,0.00557618,0.0,83.0,183.6
14060.0,0,High-Value / Low-Risk,2318.5126246132386,0.005846484,19.0,0.0,6773.76
14061.0,1,Low-Value / At-Risk,196.3123014495875,0.9946694,2.0,324.0,917.4300000000001
14062.0,0,High-Value / Low-Risk,5284.969190486196,0.0057805316,15.0,56.0,19973.98
14063.0,1,Low-Value / At-Risk,1.2124993405156372,0.99526596,6.0,503.0,9471.5
14064.0,0,High-Value / Low-Risk,838.5652423938377,0.0059603285,11.0,28.0,2820.84
14065.0,1,Low-Value / At-Risk,308.1980018468059,0.98755974,2.0,206.0,891.02
14066.0,0,High-Value / Low-Risk,329.75877768389756,0.00557618,0.0,83.0,152.55
14068.0,1,Low-Value / At-Risk,392.9210082020618,0.983451,3.0,137.0,1528.37
14069.0,1,Low-Value / At-Risk,123.40599239107422,0.99558556,1.0,331.0,230.06
14070.0,1,Low-Value / At-Risk,89.12052895093397,0.99624145,0.0,501.0,326.55
14071.0,0,High-Value / Low-Risk,473.1438910385846,0.0052788644,1.0,77.0,356.81
14072.0,1,Low-Value / At-Risk,92.00830946476565,0.99624145,0.0,483.0,390.85
14074.0,1,Low-Value / At-Risk,99.72855268991182,0.99624145,0.0,440.0,219.4
14075.0,0,High-Value / Low-Risk,478.0953317794834,0.014030046,2.0,78.0,1090.53
14077.0,0,High-Value / Low-Risk,337.5910918236465,0.01031356,2.0,42.0,315.27
14078.0,0,High-Value / Low-Risk,509.51890083914225,0.007644261,7.0,1.0,1469.52
14080.0,1,Low-Value / At-Risk,285.8994880935956,0.9845776,3.0,230.0,1070.08
14081.0,0,High-Value / Low-Risk,1269.4522163343472,0.0075645475,7.0,119.0,5370.1
14082.0,1,Low-Value / At-Risk,253.9278786249075,0.9850655,1.0,181.0,413.36
14083.0,0,High-Value / Low-Risk,338.2651407772785,0.007466465,5.0,16.0,878.3000000000001
14084.0,1,Low-Value / At-Risk,127.31043497008518,0.99624145,0.0,329.0,150.5
14085.0,0,High-Value / Low-Risk,2370.589348762818,0.0057805316,22.0,15.0,8453.84
14086.0,1,Low-Value / At-Risk,145.43561302660603,0.99624145,0.0,279.0,39.95
14087.0,1,Low-Value / At-Risk,182.9630093340081,0.9890465,1.0,221.0,651.8
14088.0,0,High-Value / Low-Risk,8344.637032753992,0.0077959686,3.0,7.0,28899.829999999998
14090.0,1,Low-Value / At-Risk,239.7177685634355,0.9944782,0.0,141.0,76.32000000000001
14091.0,1,Low-Value / At-Risk,620.6555395798712,0.99567163,1.0,471.0,9530.08
14092.0,0,High-Value / Low-Risk,1476.831111835288,0.0058918116,15.0,13.0,4950.01
14094.0,1,Low-Value / At-Risk,155.63041220000892,0.9948598,0.0,256.0,335.22
14095.0,1,Low-Value / At-Risk,83.5826716565802,0.99624145,0.0,539.0,2.95
14097.0,1,Low-Value / At-Risk,169.2077232546698,0.99558556,1.0,298.0,422.86
14099.0,0,High-Value / Low-Risk,1108.712897729071,0.005846484,13.0,35.0,3983.0
14101.0,0,High-Value / Low-Risk,2626.4315111848623,0.0061033447,10.0,14.0,8144.53
14104.0,1,Low-Value / At-Risk,245.95441790302337,0.9848756,2.0,206.0,552.37
14105.0,0,High-Value / Low-Risk,1503.6747130373828,0.01049997,4.0,56.0,5988.83
14106.0,1,Low-Value / At-Risk,81.58168092914649,0.99624145,0.0,554.0,214.8
14107.0,0,High-Value / Low-Risk,1050.7156148294614,0.006734647,7.0,37.0,3649.15
14108.0,1,Low-Value / At-Risk,55.26163934671906,0.99567163,1.0,548.0,447.05
14110.0,0,High-Value / Low-Risk,2497.001894760314,0.010108459,21.0,37.0,9006.32
14111.0,0,High-Value / Low-Risk,393.620077897415,0.00557618,0.0,58.0,94.2
14112.0,0,High-Value / Low-Risk,1056.0123277865837,0.011060205,6.0,20.0,4071.94
14113.0,0,High-Value / Low-Risk,1014.8050511946536,0.96245855,11.0,171.0,5685.6900000000005
14114.0,0,High-Value / Low-Risk,476.3697177869391,0.0076454836,6.0,90.0,1364.09
14115.0,1,Low-Value / At-Risk,207.56588881284665,0.99567163,1.0,318.0,622.67
14118.0,1,Low-Value / At-Risk,161.0297542691887,0.9948598,0.0,245.0,458.45
14119.0,1,Low-Value / At-Risk,124.64183446860702,0.9889392,1.0,192.0,183.37
14122.0,1,Low-Value / At-Risk,161.38465302902148,0.9843985,2.0,223.0,362.42
14123.0,1,Low-Value / At-Risk,82.10584582986142,0.99624145,0.0,550.0,436.18
14126.0,1,Low-Value / At-Risk,153.2942268586607,0.9948598,0.0,261.0,466.33
14127.0,0,High-Value / Low-Risk,773.6527161944866,0.010062315,4.0,73.0,1642.6000000000001
14128.0,0,High-Value / Low-Risk,233.9896077025276,0.020371089,1.0,72.0,592.25
14129.0,0,High-Value / Low-Risk,620.3066546770235,0.010134578,4.0,77.0,1826.38
14130.0,0,High-Value / Low-Risk,480.90340119943744,0.98078823,3.0,136.0,1882.67
14131.0,1,Low-Value / At-Risk,95.089623713985,0.99624145,0.0,465.0,187.87
14132.0,0,High-Value / Low-Risk,717.5831217739316,0.00557618,0.0,0.0,306.86
14133.0,1,Low-Value / At-Risk,167.37418996328023,0.98958033,1.0,132.0,623.5
14134.0,0,High-Value / Low-Risk,1655.9864587786003,0.9657097,10.0,199.0,11123.35
14135.0,0,High-Value / Low-Risk,1957.9868543788912,0.0057805316,16.0,3.0,7395.07
14136.0,1,Low-Value / At-Risk,384.3674548839072,0.98652333,4.0,217.0,1570.8100000000002
14137.0,1,Low-Value / At-Risk,87.44337867039546,0.99624145,0.0,512.0,332.7
14139.0,1,Low-Value / At-Risk,133.31785248298985,0.99558556,2.0,307.0,670.98
14142.0,1,Low-Value / At-Risk,264.31562207558187,0.98831475,1.0,190.0,983.1500000000001
14144.0,1,Low-Value / At-Risk,136.1319534355813,0.99624145,0.0,303.0,30.6
14145.0,0,High-Value / Low-Risk,1259.3641242791773,0.010817474,3.0,34.0,4986.45
14146.0,0,High-Value / Low-Risk,1893.608498318651,0.0069296146,6.0,71.0,7163.03
14147.0,0,High-Value / Low-Risk,732.3939292185989,0.010473592,5.0,102.0,2289.6
14148.0,0,High-Value / Low-Risk,273.0429343352195,0.018909086,1.0,50.0,466.29
14149.0,0,High-Value / Low-Risk,470.2734103555939,0.00557618,0.0,37.0,446.62
14150.0,1,Low-Value / At-Risk,205.8468651151679,0.9948598,0.0,176.0,306.18
14151.0,1,Low-Value / At-Risk,102.4625336164483,0.99567163,1.0,490.0,679.45
14152.0,0,High-Value / Low-Risk,531.9449439347982,0.009809164,4.0,51.0,1690.56
14153.0,1,Low-Value / At-Risk,137.22921480501512,0.99624145,0.0,300.0,233.4
14154.0,0,High-Value / Low-Risk,1754.845317429719,0.0075572664,5.0,56.0,6460.7
14155.0,0,High-Value / Low-Risk,329.75877768389756,0.00557618,0.0,83.0,118.75
14156.0,0,High-Value / Low-Risk,65098.886844176195,0.009198846,88.0,3.0,231564.35
14157.0,0,High-Value / Low-Risk,324.618886742492,0.010836068,3.0,102.0,847.07
14159.0,0,High-Value / Low-Risk,1196.6219850262987,0.0067693787,10.0,4.0,4350.77
14160.0,1,Low-Value / At-Risk,11.368673679814131,0.99530655,6.0,427.0,8421.470000000001
14161.0,0,High-Value / Low-Risk,870.9107044136545,0.008423,6.0,32.0,3318.88
14162.0,1,Low-Value / At-Risk,282.2111509841477,0.00557618,0.0,109.0,177.68
14163.0,0,High-Value / Low-Risk,510.59246453792906,0.011692872,2.0,16.0,898.5
14165.0,1,Low-Value / At-Risk,311.5797608602436,0.00557618,0.0,92.0,122.54
14166.0,1,Low-Value / At-Risk,134.03735762709917,0.99558556,1.0,322.0,256.85
14167.0,0,High-Value / Low-Risk,357.03181270760786,0.01806133,5.0,80.0,980.65
14168.0,1,Low-Value / At-Risk,142.35357711782453,0.9885274,1.0,237.0,370.45
14169.0,1,Low-Value / At-Risk,173.16233661108038,0.9876917,1.0,247.0,616.03
14170.0,1,Low-Value / At-Risk,265.2593163755361,0.9828205,2.0,192.0,597.33
14171.0,1,Low-Value / At-Risk,82.50341325632112,0.99624145,0.0,547.0,135.0
14172.0,1,Low-Value / At-Risk,55.80851293235928,0.99558556,2.0,422.0,402.72
14173.0,0,High-Value / Low-Risk,163.8105345629175,0.015071864,2.0,36.0,249.2
14175.0,0,High-Value / Low-Risk,1236.1564631341002,0.9831131,5.0,146.0,4779.16
14176.0,0,High-Value / Low-Risk,573.0710459850422,0.011556641,3.0,114.0,916.01
14177.0,1,Low-Value / At-Risk,393.6974262140488,0.96854466,5.0,198.0,1669.9299999999998
14180.0,0,High-Value / Low-Risk,2142.827332385715,0.006073028,22.0,2.0,5004.35
14181.0,1,Low-Value / At-Risk,151.83057377792707,0.9885274,1.0,227.0,310.55
14182.0,1,Low-Value / At-Risk,213.22822531153216,0.98840415,3.0,260.0,678.77
14183.0,1,Low-Value / At-Risk,187.99527322823425,0.9886846,1.0,228.0,286.29
14185.0,1,Low-Value / At-Risk,232.0779583195194,0.9948598,0.0,148.0,197.65
14186.0,1,Low-Value / At-Risk,383.120286604289,0.98882014,4.0,244.0,1550.63
14187.0,1,Low-Value / At-Risk,141.01818939513575,0.99624145,0.0,290.0,123.5
14188.0,0,High-Value / Low-Risk,555.1355796618803,0.0102725765,1.0,31.0,760.9
14189.0,0,High-Value / Low-Risk,1727.3827493775775,0.008298188,7.0,17.0,3316.38
14190.0,1,Low-Value / At-Risk,92.00830946476565,0.99624145,0.0,483.0,79.9
14191.0,0,High-Value / Low-Risk,353.1478691253782,0.009863286,4.0,1.0,919.6
14192.0,1,Low-Value / At-Risk,184.284811656696,0.9948598,0.0,205.0,293.74
14193.0,0,High-Value / Low-Risk,407.16495020934946,0.015594976,1.0,86.0,779.34
14194.0,0,High-Value / Low-Risk,3030.9369337798635,0.0057805316,13.0,13.0,10728.94
14195.0,0,High-Value / Low-Risk,690.464851202455,0.00969895,4.0,18.0,2615.6
14197.0,1,Low-Value / At-Risk,170.72323186225776,0.9948598,0.0,227.0,390.05
14198.0,0,High-Value / Low-Risk,371.9306682017231,0.011133966,5.0,56.0,1051.63
14199.0,0,High-Value / Low-Risk,488.4027778498674,0.0094798235,3.0,35.0,1091.7
14200.0,1,Low-Value / At-Risk,100.91009016549596,0.99624145,0.0,434.0,379.2
14201.0,0,High-Value / Low-Risk,390.2630875156371,0.0071231383,6.0,3.0,857.2
14202.0,1,Low-Value / At-Risk,282.78306190955357,0.9832788,2.0,198.0,847.76
14203.0,1,Low-Value / At-Risk,178.48422621859189,0.9948598,0.0,214.0,339.34
14204.0,1,Low-Value / At-Risk,215.92407454860063,0.9881473,2.0,239.0,901.9300000000001
14205.0,0,High-Value / Low-Risk,716.5028784841898,0.0068894387,6.0,81.0,2170.4
14206.0,0,High-Value / Low-Risk,547.9282032365315,0.00910548,2.0,56.0,1185.0099999999998
14207.0,1,Low-Value / At-Risk,88.6567737308766,0.99624145,0.0,504.0,157.8
14208.0,1,Low-Value / At-Risk,116.03357356945848,0.99624145,0.0,368.0,415.31
14209.0,0,High-Value / Low-Risk,1231.166760260271,0.0061729546,11.0,30.0,4002.99
14210.0,0,High-Value / Low-Risk,1554.0501526835003,0.0067797387,13.0,14.0,5555.33
14211.0,0,High-Value / Low-Risk,912.30197030172,0.0059603285,11.0,24.0,3071.08
14212.0,1,Low-Value / At-Risk,152.83539261832414,0.9948598,0.0,262.0,1119.66
14213.0,1,Low-Value / At-Risk,174.21949799642076,0.9948598,0.0,221.0,1192.2
14214.0,0,High-Value / Low-Risk,307.8099372780743,0.00557618,0.0,94.0,638.65
14215.0,0,High-Value / Low-Risk,733.2708716666045,0.0071528703,6.0,3.0,2724.88
14216.0,1,Low-Value / At-Risk,168.46944133246623,0.9948598,0.0,231.0,310.74
14217.0,0,High-Value / Low-Risk,1000.8760852802023,0.005846484,13.0,1.0,2401.16
14219.0,1,Low-Value / At-Risk,186.38844167976137,0.9889839,1.0,226.0,543.89
14220.0,0,High-Value / Low-Risk,554.6633327061891,0.011039622,3.0,64.0,1515.0
14221.0,0,High-Value / Low-Risk,1594.2835611447383,0.006880212,9.0,7.0,4738.52
14223.0,0,High-Value / Low-Risk,334.0917491963343,0.00557618,0.0,81.0,304.9
14224.0,0,High-Value / Low-Risk,538.937286240206,0.007889073,6.0,32.0,1343.1
14225.0,1,Low-Value / At-Risk,411.4891584852468,0.98977065,3.0,251.0,2037.02
14226.0,0,High-Value / Low-Risk,971.0574913973404,0.009519855,2.0,27.0,2479.74
14227.0,0,High-Value / Low-Risk,1616.0067244508346,0.006734647,7.0,13.0,5414.72
14228.0,1,Low-Value / At-Risk,285.7119528075612,0.9874215,2.0,254.0,745.5
14229.0,0,High-Value / Low-Risk,751.4710809267233,0.011465019,4.0,108.0,1808.97
14230.0,1,Low-Value / At-Risk,262.2922624685062,0.982771,1.0,252.0,979.8
14231.0,0,High-Value / Low-Risk,634.4288173456783,0.007884733,3.0,0.0,1235.62
14232.0,0,High-Value / Low-Risk,684.9297936743396,0.0052788644,1.0,3.0,1003.97
14233.0,0,High-Value / Low-Risk,737.6564646941547,0.009876819,5.0,28.0,2400.65
14235.0,0,High-Value / Low-Risk,909.0714893800985,0.010157372,4.0,43.0,2837.6800000000003
14236.0,1,Low-Value / At-Risk,485.6572503840459,0.9838394,3.0,189.0,1443.08
14237.0,1,Low-Value / At-Risk,210.26767958694865,0.98888373,1.0,190.0,632.14
14238.0,1,Low-Value / At-Risk,169.63761313795132,0.98534656,2.0,143.0,434.23
14239.0,0,High-Value / Low-Risk,961.42793079335,0.005846484,15.0,17.0,3177.36
14240.0,0,High-Value / Low-Risk,296.4332009819939,0.018909086,1.0,42.0,584.0
14241.0,0,High-Value / Low-Risk,157.35901628367972,0.021226825,1.0,0.0,333.7
14242.0,0,High-Value / Low-Risk,372.7054516311866,0.011089926,1.0,51.0,280.54999999999995
14243.0,0,High-Value / Low-Risk,1805.2354750939037,0.006272265,11.0,62.0,6355.35
14244.0,1,Low-Value / At-Risk,93.01297018621337,0.99624145,0.0,477.0,366.42
14245.0,0,High-Value / Low-Risk,1003.71486762344,0.0052788644,1.0,36.0,1693.45
14246.0,0,High-Value / Low-Risk,381.7811911825812,0.00557618,0.0,62.0,449.64
14247.0,0,High-Value / Low-Risk,360.72627236349376,0.009960804,4.0,95.0,772.66
14248.0,1,Low-Value / At-Risk,406.72910202982933,0.9835866,2.0,135.0,1032.95
14249.0,0,High-Value / Low-Risk,913.3086575812596,0.9847515,7.0,227.0,5625.46
14252.0,1,Low-Value / At-Risk,189.0643226504456,0.9948598,0.0,198.0,350.99
14253.0,1,Low-Value / At-Risk,140.17340081208891,0.99558556,1.0,310.0,363.4
14254.0,1,Low-Value / At-Risk,159.02348717953447,0.9948598,0.0,249.0,601.03
14256.0,0,High-Value / Low-Risk,519.5076600179577,0.014084714,3.0,77.0,2473.9900000000002
14257.0,0,High-Value / Low-Risk,956.227277885939,0.0072584297,5.0,1.0,3885.32
14258.0,0,High-Value / Low-Risk,7227.845160504859,0.007360089,18.0,16.0,26989.18
14260.0,1,Low-Value / At-Risk,187.840649767071,0.9954699,1.0,288.0,824.28
14262.0,0,High-Value / Low-Risk,396.6960790945763,0.00557618,0.0,57.0,240.0
14263.0,1,Low-Value / At-Risk,163.61002894112784,0.9948598,0.0,240.0,322.93
14264.0,0,High-Value / Low-Risk,399.0275547208472,0.010762411,4.0,62.0,1299.09
14265.0,1,Low-Value / At-Risk,252.28525719198603,0.99558556,1.0,281.0,843.17
14266.0,1,Low-Value / At-Risk,161.0297542691887,0.9948598,0.0,245.0,40.56
14267.0,0,High-Value / Low-Risk,343.1101697305817,0.005509901,0.0,77.0,836.36
14268.0,1,Low-Value / At-Risk,142.19607326036885,0.99624145,0.0,287.0,354.85
14269.0,1,Low-Value / At-Risk,155.63041220000892,0.9948598,0.0,256.0,295.73
14270.0,1,Low-Value / At-Risk,232.0779583195194,0.9948598,0.0,148.0,492.65
14271.0,0,High-Value / Low-Risk,257.99084405477237,0.017775968,1.0,42.0,219.13
14272.0,0,High-Value / Low-Risk,279.1643259723656,0.014383329,2.0,71.0,614.94
14273.0,0,High-Value / Low-Risk,568.981280105911,0.0052788644,1.0,34.0,218.7
14274.0,1,Low-Value / At-Risk,88.81082130308934,0.99624145,0.0,503.0,256.6
14275.0,1,Low-Value / At-Risk,360.3775733896855,0.980375,4.0,212.0,1189.3799999999999
14276.0,0,High-Value / Low-Risk,404.78070174116,0.011253631,3.0,106.0,1324.1399999999999
14277.0,0,High-Value / Low-Risk,3762.423681312448,0.013883493,4.0,29.0,14274.59
14278.0,1,Low-Value / At-Risk,171.29614907936426,0.9948598,0.0,226.0,205.83
14279.0,1,Low-Value / At-Risk,111.49412597015926,0.99567163,1.0,337.0,191.86
14280.0,0,High-Value / Low-Risk,605.4320616081874,0.00557618,0.0,13.0,134.04
14281.0,1,Low-Value / At-Risk,171.872930890697,0.9948598,0.0,225.0,245.15
14282.0,0,High-Value / Low-Risk,1697.6289382846114,0.005846484,14.0,20.0,5929.5
14283.0,1,Low-Value / At-Risk,148.00724996918635,0.99558556,3.0,280.0,628.44
14284.0,1,Low-Value / At-Risk,94.21317936245823,0.99624145,0.0,470.0,704.4
14285.0,1,Low-Value / At-Risk,291.1416435386753,0.99567163,3.0,330.0,1374.4099999999999
14286.0,0,High-Value / Low-Risk,1174.4719867235829,0.0121012125,3.0,59.0,5901.09
14287.0,0,High-Value / Low-Risk,591.2427044032949,0.005509901,0.0,15.0,83.28
14288.0,0,High-Value / Low-Risk,502.9778248336222,0.00557618,0.0,30.0,426.6
14289.0,0,High-Value / Low-Risk,601.6417802646587,0.005222459,2.0,16.0,594.22
14290.0,0,High-Value / Low-Risk,603.5796929119116,0.9812098,3.0,178.0,2979.4700000000003
14291.0,0,High-Value / Low-Risk,1529.946328081535,0.0065561603,8.0,27.0,5634.31
14292.0,0,High-Value / Low-Risk,1652.4976284518525,0.006811805,6.0,21.0,5479.53
14293.0,0,High-Value / Low-Risk,613.7990283270296,0.9700244,5.0,122.0,2729.39
14294.0,1,Low-Value / At-Risk,172.45361658805996,0.9948598,0.0,224.0,375.34
14295.0,1,Low-Value / At-Risk,447.146050244679,0.9864871,2.0,255.0,2186.71
14296.0,1,Low-Value / At-Risk,199.04656302161032,0.98831475,1.0,238.0,456.4
14297.0,0,High-Value / Low-Risk,313.49965690860137,0.00557618,0.0,91.0,232.6
14298.0,0,High-Value / Low-Risk,19400.503994020615,0.0059138495,34.0,7.0,70161.18000000001
14299.0,0,High-Value / Low-Risk,1538.5192330416933,0.9702985,19.0,135.0,12099.81
14301.0,1,Low-Value / At-Risk,362.2795218112458,0.9895019,2.0,233.0,1352.04
14302.0,1,Low-Value / At-Risk,235.7026592204283,0.98614305,2.0,247.0,742.9000000000001
14303.0,1,Low-Value / At-Risk,185.80324025798103,0.9876917,1.0,224.0,277.94
14304.0,0,High-Value / Low-Risk,487.1697511111601,0.01505029,2.0,39.0,1725.01
14306.0,1,Low-Value / At-Risk,301.7390446109185,0.98014724,3.0,195.0,1058.0800000000002
14307.0,0,High-Value / Low-Risk,1049.9042107445964,0.007157596,6.0,36.0,3770.29
14309.0,0,High-Value / Low-Risk,782.1306260587311,0.007214896,5.0,51.0,2364.16
14310.0,1,Low-Value / At-Risk,159.02348717953447,0.9948598,0.0,249.0,492.1
14311.0,0,High-Value / Low-Risk,228.11392480267517,0.019909555,1.0,59.0,516.45
14312.0,0,High-Value / Low-Risk,851.384145176334,0.0067508956,8.0,3.0,2333.29
14314.0,1,Low-Value / At-Risk,160.02032321193255,0.9948598,0.0,247.0,109.8
14315.0,0,High-Value / Low-Risk,495.7624360932925,0.010817474,3.0,8.0,1572.8899999999999
14316.0,1,Low-Value / At-Risk,345.1854045287672,0.98521125,3.0,239.0,1370.34
14318.0,1,Low-Value / At-Risk,146.2687236336533,0.9948598,0.0,277.0,158.02
14319.0,1,Low-Value / At-Risk,163.08736979865665,0.9948598,0.0,241.0,494.85
14320.0,0,High-Value / Low-Risk,439.1069484651197,0.013168374,4.0,23.0,1346.75
14321.0,1,Low-Value / At-Risk,404.31149880019353,0.98431313,2.0,150.0,1014.13
14322.0,1,Low-Value / At-Risk,187.47853943985183,0.97920334,3.0,246.0,474.1
14323.0,0,High-Value / Low-Risk,402.9954490460834,0.00557618,0.0,55.0,299.82
14324.0,1,Low-Value / At-Risk,177.5880456583776,0.989737,1.0,226.0,701.61
14325.0,1,Low-Value / At-Risk,111.47672051855652,0.99624145,0.0,386.0,245.48
14326.0,0,High-Value / Low-Risk,380.1353560843284,0.014134563,2.0,59.0,940.98
14327.0,1,Low-Value / At-Risk,406.6802203136328,0.98153794,4.0,199.0,1583.28
14329.0,0,High-Value / Low-Risk,1884.041040267066,0.0064204386,9.0,90.0,7037.98
14330.0,1,Low-Value / At-Risk,99.72855268991182,0.99624145,0.0,440.0,200.63
14332.0,1,Low-Value / At-Risk,354.8765612496659,0.9876917,1.0,198.0,1077.2
14334.0,0,High-Value / Low-Risk,1245.3353951953754,0.0076054735,8.0,20.0,3444.5
14336.0,0,High-Value / Low-Risk,923.51100390844,0.005211679,2.0,15.0,1114.39
14338.0,0,High-Value / Low-Risk,334.0646380415714,0.019909555,1.0,13.0,919.85
14339.0,0,High-Value / Low-Risk,325.10896164474536,0.018909086,1.0,59.0,620.27
14340.0,0,High-Value / Low-Risk,479.17219182675296,0.00557618,0.0,35.0,134.7
14341.0,0,High-Value / Low-Risk,839.3476184366067,0.006680929,8.0,32.0,2988.19
14342.0,0,High-Value / Low-Risk,350.41222929379956,0.01211275,2.0,27.0,559.48
14343.0,1,Low-Value / At-Risk,297.1628884038974,0.99029845,3.0,238.0,1088.91
14344.0,0,High-Value / Low-Risk,1057.634725134454,0.005846484,17.0,23.0,3089.65
14346.0,0,High-Value / Low-Risk,491.3748425442041,0.012284668,2.0,114.0,1556.61
14347.0,1,Low-Value / At-Risk,81.71209342711667,0.99624145,0.0,553.0,82.6
14348.0,0,High-Value / Low-Risk,343.1101697305817,0.00557618,0.0,77.0,409.57
14350.0,0,High-Value / Low-Risk,464.27408450108777,0.01392,2.0,91.0,972.03
14352.0,0,High-Value / Low-Risk,867.9463927853183,0.0052788644,1.0,51.0,845.3199999999999
14353.0,0,High-Value / Low-Risk,298.29963460607485,0.009386261,2.0,32.0,376.5
14355.0,1,Low-Value / At-Risk,314.446298960825,0.9834103,2.0,182.0,1014.45
14358.0,1,Low-Value / At-Risk,212.9953521569668,0.9876917,1.0,206.0,400.06
14361.0,1,Low-Value / At-Risk,109.33002904561616,0.99624145,0.0,395.0,214.71
14363.0,1,Low-Value / At-Risk,199.6574763505912,0.9876917,1.0,219.0,227.47
14364.0,0,High-Value / Low-Risk,2808.694877668395,0.005222459,2.0,4.0,2161.85
14365.0,1,Low-Value / At-Risk,175.3879639743427,0.9895321,1.0,211.0,634.6800000000001
14366.0,1,Low-Value / At-Risk,123.31534944585576,0.99624145,0.0,342.0,136.0
14367.0,0,High-Value / Low-Risk,3476.0367747309847,0.00573896,4.0,1.0,4145.52
14368.0,1,Low-Value / At-Risk,245.49106678630957,0.9944782,0.0,136.0,155.0
14369.0,1,Low-Value / At-Risk,96.1002288921439,0.99567163,1.0,459.0,469.13
14370.0,1,Low-Value / At-Risk,264.4259104895935,0.98950255,4.0,267.0,1175.78
14371.0,1,Low-Value / At-Risk,277.5956639644973,0.00557618,0.0,112.0,100.5
14372.0,1,Low-Value / At-Risk,182.4559495885864,0.98888373,1.0,260.0,860.08
14373.0,1,Low-Value / At-Risk,206.68094753640904,0.9948598,0.0,175.0,76.55
14374.0,1,Low-Value / At-Risk,118.73002478221022,0.99624145,0.0,358.0,108.0
14375.0,0,High-Value / Low-Risk,432.3323571833084,0.0130511895,2.0,2.0,1132.99
14376.0,1,Low-Value / At-Risk,89.27619466559442,0.99624145,0.0,500.0,215.46
14377.0,0,High-Value / Low-Risk,684.4599889927435,0.0052788644,1.0,8.0,617.05
14378.0,1,Low-Value / At-Risk,100.11931007207428,0.99624145,0.0,438.0,131.25
14379.0,0,High-Value / Low-Risk,446.3313640680107,0.016360357,2.0,112.0,1031.79
14381.0,1,Low-Value / At-Risk,150.13912629556197,0.9948598,0.0,268.0,428.66
14382.0,1,Low-Value / At-Risk,182.9633840402838,0.9948598,0.0,207.0,620.73
14384.0,1,Low-Value / At-Risk,131.2353026720021,0.99624145,0.0,317.0,58.5
14386.0,1,Low-Value / At-Risk,276.09064883635267,0.00557618,0.0,113.0,142.4
14388.0,0,High-Value / Low-Risk,1400.705767811192,0.0061033447,10.0,20.0,4661.35
14389.0,0,High-Value / Low-Risk,453.12238335225175,0.010940257,3.0,7.0,1165.69
14390.0,0,High-Value / Low-Risk,1302.4459614909056,0.0071336175,5.0,28.0,2783.09
14391.0,1,Low-Value / At-Risk,109.79989027667612,0.99624145,0.0,393.0,135.6
14392.0,1,Low-Value / At-Risk,159.02348717953447,0.9948598,0.0,249.0,266.4
14393.0,0,High-Value / Low-Risk,479.17219182675296,0.00557618,0.0,35.0,67.95
14394.0,1,Low-Value / At-Risk,112.70618537162228,0.99624145,0.0,381.0,93.8
14395.0,0,High-Value / Low-Risk,2119.824615824584,0.0067797387,14.0,39.0,6326.24
14396.0,1,Low-Value / At-Risk,390.3947610137212,0.9860282,4.0,188.0,1744.29
14397.0,0,High-Value / Low-Risk,704.8525391789451,0.0052788644,1.0,15.0,242.24
14398.0,1,Low-Value / At-Risk,212.29112977223963,0.98888373,1.0,218.0,707.79
14399.0,1,Low-Value / At-Risk,386.9865913574975,0.98472875,7.0,211.0,2113.16
14400.0,1,Low-Value / At-Risk,235.9125362784328,0.98888373,1.0,225.0,1157.77
14401.0,0,High-Value / Low-Risk,748.432063548108,0.9828508,10.0,132.0,3296.54
14402.0,1,Low-Value / At-Risk,94.38717254121067,0.99624145,0.0,469.0,285.6
14403.0,0,High-Value / Low-Risk,487.1111603642793,0.010957861,3.0,34.0,1380.71
14404.0,0,High-Value / Low-Risk,632.0851580043693,0.008249363,8.0,76.0,2148.37
14405.0,1,Low-Value / At-Risk,185.62550203354877,0.9948598,0.0,203.0,195.0
14407.0,0,High-Value / Low-Risk,902.7899459412776,0.0052788644,1.0,22.0,1002.6800000000001
14408.0,0,High-Value / Low-Risk,722.2733852207316,0.008251961,6.0,6.0,2585.03
14409.0,0,High-Value / Low-Risk,705.9915885070129,0.97642297,4.0,135.0,2362.74
14410.0,0,High-Value / Low-Risk,1154.802195683554,0.0075140684,6.0,23.0,2323.8700000000003
14411.0,1,Low-Value / At-Risk,256.61783146891094,0.9936521,0.0,127.0,1063.0
14412.0,1,Low-Value / At-Risk,163.08736979865665,0.9948598,0.0,241.0,656.16
14413.0,1,Low-Value / At-Risk,185.83284039100909,0.9846771,2.0,179.0,427.57
14414.0,1,Low-Value / At-Risk,278.6197821755479,0.9807093,1.0,175.0,1119.55
14415.0,0,High-Value / Low-Risk,2383.2474619496,0.0057805316,14.0,15.0,8590.57
14417.0,1,Low-Value / At-Risk,184.95272272889355,0.9948598,0.0,204.0,604.2
14419.0,0,High-Value / Low-Risk,402.5443479427275,0.009516429,2.0,69.0,510.40999999999997
14420.0,1,Low-Value / At-Risk,310.84184105805923,0.99011654,2.0,213.0,1251.65
14421.0,0,High-Value / Low-Risk,437.19243594283114,0.013150731,4.0,28.0,2111.44
14422.0,0,High-Value / Low-Risk,1693.8428955778345,0.007716986,13.0,84.0,6409.1900000000005
14423.0,0,High-Value / Low-Risk,287.8185315846901,0.015657643,2.0,35.0,916.61
14425.0,1,Low-Value / At-Risk,193.6615000101047,0.98534656,2.0,251.0,661.39
14426.0,0,High-Value / Low-Risk,2584.4578630837323,0.008014048,8.0,93.0,8741.85
14427.0,1,Low-Value / At-Risk,172.1617168617887,0.99558556,1.0,311.0,900.1800000000001
14428.0,0,High-Value / Low-Risk,361.85243514765386,0.011089926,1.0,56.0,330.62
14429.0,1,Low-Value / At-Risk,174.81620299696948,0.9948598,0.0,220.0,516.28
14430.0,1,Low-Value / At-Risk,232.2948565264814,0.99542063,1.0,328.0,1220.9
14431.0,0,High-Value / Low-Risk,661.5493288182706,0.011785982,3.0,119.0,2614.2
14433.0,1,Low-Value / At-Risk,144.20361287747954,0.99624145,0.0,282.0,289.6
14435.0,1,Low-Value / At-Risk,130.89900111893434,0.99624145,0.0,318.0,90.42
14436.0,1,Low-Value / At-Risk,115.50892671156778,0.99624145,0.0,370.0,182.64
14437.0,1,Low-Value / At-Risk,291.9498548241364,0.9892033,4.0,182.0,958.84
14438.0,1,Low-Value / At-Risk,261.8945369244709,0.99070215,0.0,123.0,131.9
14439.0,0,High-Value / Low-Risk,1937.968233295456,0.9827185,4.0,136.0,9443.039999999999
14440.0,0,High-Value / Low-Risk,1210.49693096219,0.9651393,8.0,133.0,5466.76
14441.0,0,High-Value / Low-Risk,933.9735345341488,0.008891486,7.0,72.0,3255.64
14442.0,0,High-Value / Low-Risk,1396.811180910042,0.007546237,5.0,21.0,5367.0199999999995
14443.0,0,High-Value / Low-Risk,650.6329397875996,0.98021895,2.0,127.0,1574.67
14444.0,1,Low-Value / At-Risk,147.96394891819256,0.9948598,0.0,273.0,132.04
14445.0,1,Low-Value / At-Risk,148.39392096634063,0.9948598,0.0,272.0,221.65
14446.0,0,High-Value / Low-Risk,369.08999889544793,0.015161391,1.0,63.0,504.77
14447.0,0,High-Value / Low-Risk,542.9408919679968,0.012195213,2.0,13.0,1149.53
14448.0,1,Low-Value / At-Risk,201.77564693068712,0.9948598,0.0,181.0,102.35
14449.0,0,High-Value / Low-Risk,1025.0098862461923,0.008010179,4.0,63.0,1977.0
14450.0,0,High-Value / Low-Risk,374.699543164838,0.0073518516,5.0,60.0,914.64
14451.0,0,High-Value / Low-Risk,975.939455448256,0.006086487,10.0,11.0,3006.1800000000003
14452.0,1,Low-Value / At-Risk,219.93239357795684,0.98831475,1.0,212.0,401.15000000000003
14453.0,0,High-Value / Low-Risk,652.451325230787,0.00557618,0.0,7.0,119.93
14454.0,1,Low-Value / At-Risk,302.2264401515584,0.98855466,4.0,193.0,977.3
14455.0,1,Low-Value / At-Risk,142.50885697197,0.984686,3.0,249.0,628.21
14457.0,1,Low-Value / At-Risk,256.61783146891094,0.9936521,0.0,127.0,113.64
14458.0,1,Low-Value / At-Risk,189.76746307932055,0.9948598,0.0,197.0,228.62
14459.0,1,Low-Value / At-Risk,94.5618099655416,0.99624145,0.0,468.0,3537.82
14460.0,1,Low-Value / At-Risk,249.170880616552,0.9736241,6.0,127.0,689.16
14461.0,0,High-Value / Low-Risk,1547.9052079657529,0.0075364155,9.0,78.0,5386.67
14462.0,0,High-Value / Low-Risk,803.6772793844098,0.0075337915,5.0,2.0,1401.71
14463.0,0,High-Value / Low-Risk,201.32486632763627,0.020457879,1.0,22.0,372.87
14464.0,1,Low-Value / At-Risk,94.37649543774684,0.99558556,1.0,385.0,111.0
14465.0,0,High-Value / Low-Risk,1146.5592982919766,0.008543818,9.0,63.0,3946.03
14466.0,0,High-Value / Low-Risk,1085.490118744778,0.005971654,9.0,4.0,3720.2
14467.0,0,High-Value / Low-Risk,513.3397930989585,0.96765053,8.0,129.0,1753.93
14468.0,1,Low-Value / At-Risk,82.10584582986142,0.99624145,0.0,550.0,204.24
14469.0,1,Low-Value / At-Risk,498.6305574301829,0.98956656,3.0,233.0,2112.21
14470.0,0,High-Value / Low-Risk,310.6038878743984,0.018909086,1.0,104.0,548.49
14471.0,1,Low-Value / At-Risk,116.2633702462846,0.99567163,1.0,408.0,400.95000000000005
14472.0,0,High-Value / Low-Risk,559.4901897198553,0.007943678,5.0,4.0,1821.01
14473.0,1,Low-Value / At-Risk,298.7742221842272,0.00557618,0.0,99.0,85.0
14474.0,1,Low-Value / At-Risk,109.0966043791954,0.99624145,0.0,396.0,730.42
14475.0,0,High-Value / Low-Risk,540.9625883122103,0.014366945,2.0,3.0,847.47
14476.0,0,High-Value / Low-Risk,350.20168372923615,0.00557618,0.0,74.0,215.7
14477.0,0,High-Value / Low-Risk,398.25310923912696,0.012960208,4.0,1.0,1183.0
14478.0,1,Low-Value / At-Risk,331.9981339661165,0.9857745,3.0,199.0,1276.6599999999999
14479.0,0,High-Value / Low-Risk,346.2471607863914,0.012238387,3.0,70.0,1299.11
14480.0,1,Low-Value / At-Risk,267.36366018971717,0.9846771,2.0,219.0,1020.47
14481.0,0,High-Value / Low-Risk,539.6177674140566,0.011587539,3.0,104.0,1977.84
14482.0,0,High-Value / Low-Risk,1057.3451644120537,0.0089891115,4.0,56.0,2527.86
14483.0,1,Low-Value / At-Risk,128.5102483184542,0.021509783,1.0,98.0,257.1
14484.0,1,Low-Value / At-Risk,174.56894811338208,0.9867661,2.0,218.0,749.06
14486.0,1,Low-Value / At-Risk,116.70468722433132,0.99558556,1.0,328.0,175.5
14487.0,1,Low-Value / At-Risk,277.0005084328585,0.9838704,1.0,185.0,382.38
14489.0,0,High-Value / Low-Risk,489.49209259759755,0.010635167,3.0,24.0,1574.93
14490.0,1,Low-Value / At-Risk,408.5494628272884,0.9876917,1.0,223.0,1273.47
14491.0,1,Low-Value / At-Risk,195.58704087078877,0.9948598,0.0,189.0,254.4
14492.0,1,Low-Value / At-Risk,264.3766399430963,0.98282963,6.0,247.0,1921.91
14493.0,0,High-Value / Low-Risk,652.7181970333548,0.9859752,4.0,207.0,2746.91
14494.0,1,Low-Value / At-Risk,127.60060992128916,0.9892971,1.0,218.0,261.9
14495.0,1,Low-Value / At-Risk,93.18255188617562,0.99624145,0.0,476.0,51.0
14496.0,0,High-Value / Low-Risk,678.1005024579688,0.9664738,6.0,128.0,2668.23
14497.0,1,Low-Value / At-Risk,222.4932609171796,0.9889959,1.0,126.0,697.06
14498.0,0,High-Value / Low-Risk,904.823285285746,0.006757882,6.0,3.0,2267.19
14499.0,0,High-Value / Low-Risk,639.4920996844796,0.011465019,4.0,95.0,1449.67
14500.0,0,High-Value / Low-Risk,661.0149688216452,0.00557618,0.0,6.0,284.85
14501.0,0,High-Value / Low-Risk,421.5165807578678,0.011089926,1.0,0.0,251.21
14502.0,0,High-Value / Low-Risk,1004.1028921305148,0.0093906075,4.0,51.0,1070.23
14504.0,0,High-Value / Low-Risk,697.8274352196438,0.005222459,2.0,60.0,542.71
14505.0,0,High-Value / Low-Risk,2427.310900796827,0.005902907,12.0,21.0,9282.96
14506.0,0,High-Value / Low-Risk,588.3412794663465,0.010635167,3.0,100.0,1845.36
14507.0,0,High-Value / Low-Risk,742.4717136558969,0.006885854,6.0,32.0,2516.56
14508.0,1,Low-Value / At-Risk,221.1413048035165,0.9825277,1.0,193.0,598.52
14509.0,1,Low-Value / At-Risk,120.6934119253979,0.99624145,0.0,351.0,110.95
14510.0,1,Low-Value / At-Risk,348.52001891413835,0.98326045,1.0,192.0,1007.28
14512.0,0,High-Value / Low-Risk,405.3116385415749,0.00748437,6.0,4.0,1223.47
14513.0,0,High-Value / Low-Risk,289.96665641318566,0.009104603,4.0,23.0,649.77
14514.0,0,High-Value / Low-Risk,956.7117558167874,0.0115565695,7.0,18.0,3946.74
14515.0,0,High-Value / Low-Risk,1000.0753880504808,0.006617812,6.0,8.0,2412.82
14516.0,1,Low-Value / At-Risk,126.0538517494737,0.99624145,0.0,333.0,163.92
14519.0,1,Low-Value / At-Risk,69.016528403876,0.99567163,1.0,500.0,206.09
14520.0,1,Low-Value / At-Risk,285.37467640753573,0.00557618,0.0,107.0,165.0
14521.0,1,Low-Value / At-Risk,134.3417077639658,0.99624145,0.0,308.0,199.45
14522.0,0,High-Value / Low-Risk,367.4645928532343,0.0128941005,4.0,15.0,1062.71
14524.0,0,High-Value / Low-Risk,792.0772688271643,0.009814186,4.0,53.0,1843.6100000000001
14525.0,0,High-Value / Low-Risk,1663.1383593273283,0.0057805316,12.0,2.0,5933.43
14526.0,1,Low-Value / At-Risk,183.62171608464033,0.9948598,0.0,206.0,262.4
14527.0,0,High-Value / Low-Risk,6306.978658570938,0.01171319,91.0,1.0,22790.06
14530.0,0,High-Value / Low-Risk,1507.760792993217,0.0057805316,12.0,2.0,4832.33
14531.0,1,Low-Value / At-Risk,138.72007705253228,0.99624145,0.0,296.0,376.34
14532.0,0,High-Value / Low-Risk,1141.5187083960395,0.0073528085,10.0,53.0,3859.18
14533.0,0,High-Value / Low-Risk,540.4201456979908,0.9875875,4.0,169.0,1950.15
14534.0,0,High-Value / Low-Risk,1239.399081282833,0.005846484,16.0,3.0,3683.31
14535.0,0,High-Value / Low-Risk,1175.7691846305995,0.011358255,6.0,65.0,4009.17
14536.0,0,High-Value / Low-Risk,345.44172912601016,0.00557618,0.0,76.0,171.8
14537.0,1,Low-Value / At-Risk,99.72855268991182,0.99624145,0.0,440.0,285.84000000000003
14538.0,0,High-Value / Low-Risk,292.7782900334694,0.014390544,3.0,73.0,1089.0900000000001
14540.0,0,High-Value / Low-Risk,814.7096052095508,0.97567797,8.0,126.0,2994.98
14541.0,0,High-Value / Low-Risk,655.8331678195441,0.0059603285,10.0,31.0,2051.78
14542.0,0,High-Value / Low-Risk,697.6694396634877,0.00557618,0.0,2.0,103.25
14543.0,0,High-Value / Low-Risk,3854.665375838424,0.007855335,28.0,7.0,13697.34
14544.0,1,Low-Value / At-Risk,548.4746032489093,0.9886846,1.0,178.0,2079.9
14545.0,1,Low-Value / At-Risk,90.70206205860724,0.99624145,0.0,491.0,349.25
14546.0,0,High-Value / Low-Risk,907.908866410646,0.0067854533,7.0,18.0,3494.69
14548.0,0,High-Value / Low-Risk,509.1794940517765,0.98491204,4.0,134.0,2301.09
14549.0,1,Low-Value / At-Risk,253.99699722950103,0.9871094,3.0,128.0,916.5500000000001
14550.0,1,Low-Value / At-Risk,245.62819224319557,0.9889839,1.0,205.0,587.69
14551.0,0,High-Value / Low-Risk,307.29292079845345,0.011644781,3.0,21.0,819.24
14552.0,1,Low-Value / At-Risk,168.46713196351843,0.98888373,1.0,197.0,346.21000000000004
14553.0,0,High-Value / Low-Risk,499.736630867941,0.009960804,4.0,35.0,1294.59
14555.0,0,High-Value / Low-Risk,593.4970141150748,0.012399868,4.0,119.0,2189.43
14556.0,1,Low-Value / At-Risk,119.44730342964444,0.99567163,2.0,413.0,835.3399999999999
14558.0,1,Low-Value / At-Risk,72.48614130756532,0.99567163,2.0,471.0,655.5
14559.0,1,Low-Value / At-Risk,182.9633840402838,0.9948598,0.0,207.0,75.6
14560.0,0,High-Value / Low-Risk,1470.414580778398,0.009376964,26.0,13.0,5108.26
14561.0,0,High-Value / Low-Risk,707.484602155113,0.00557618,0.0,1.0,222.07
14562.0,0,High-Value / Low-Risk,857.3032462402547,0.0061287414,9.0,49.0,2570.73
14563.0,1,Low-Value / At-Risk,136.29319643440527,0.99558556,1.0,326.0,664.3199999999999
14564.0,1,Low-Value / At-Risk,430.1388947772961,0.9890465,1.0,251.0,2605.62
14565.0,0,High-Value / Low-Risk,936.5040076931572,0.013948114,2.0,22.0,2587.65
14566.0,1,Low-Value / At-Risk,627.5568410271374,0.98967934,2.0,234.0,2660.0
14568.0,1,Low-Value / At-Risk,157.55133728654704,0.9948598,0.0,252.0,919.7
14569.0,1,Low-Value / At-Risk,154.6297314093661,0.9878477,2.0,269.0,371.59
14570.0,0,High-Value / Low-Risk,268.4380371115891,0.009827809,1.0,97.0,512.4
14571.0,1,Low-Value / At-Risk,162.56804439486464,0.9948598,0.0,242.0,161.65
14572.0,0,High-Value / Low-Risk,1223.0080501948169,0.0072584297,5.0,71.0,3854.37
14573.0,0,High-Value / Low-Risk,727.7108866298211,0.006630903,8.0,17.0,2346.9
14574.0,1,Low-Value / At-Risk,82.23794168340548,0.99624145,0.0,549.0,143.70000000000002
14575.0,1,Low-Value / At-Risk,135.41015343554122,0.99624145,0.0,305.0,460.71
14576.0,1,Low-Value / At-Risk,195.58704087078877,0.9948598,0.0,189.0,70.80000000000001
14577.0,0,High-Value / Low-Risk,313.62514152766016,0.010836497,4.0,49.0,982.5500000000001
14579.0,1,Low-Value / At-Risk,159.02348717953447,0.9948598,0.0,249.0,105.56
14580.0,1,Low-Value / At-Risk,125.43482570402338,0.99624145,0.0,335.0,14.85
14581.0,1,Low-Value / At-Risk,117.9080098847186,0.99624145,0.0,361.0,295.2
14583.0,0,High-Value / Low-Risk,389.64330504669846,0.009809164,4.0,2.0,1042.81
14584.0,0,High-Value / Low-Risk,426.43467763934865,0.007478302,5.0,14.0,1180.45
14585.0,1,Low-Value / At-Risk,244.0173877537736,0.9823299,3.0,199.0,986.22
14586.0,0,High-Value / Low-Risk,309.6833306338037,0.00557618,0.0,93.0,237.36
14587.0,0,High-Value / Low-Risk,1280.107717190602,0.008298188,7.0,1.0,1473.53
14588.0,1,Low-Value / At-Risk,109.33002904561616,0.99624145,0.0,395.0,135.39
14589.0,1,Low-Value / At-Risk,196.3397337607527,0.9948598,0.0,188.0,79.5
14590.0,1,Low-Value / At-Risk,11.412613698583018,0.98175794,18.0,241.0,3006.62
14591.0,0,High-Value / Low-Risk,502.9778248336222,0.00557618,0.0,30.0,250.22
14593.0,0,High-Value / Low-Risk,916.9998476443616,0.008048633,6.0,15.0,3426.11
14594.0,1,Low-Value / At-Risk,194.84010866040808,0.9948598,0.0,190.0,510.0
14595.0,1,Low-Value / At-Risk,210.93056730683432,0.9850641,2.0,130.0,587.65
14596.0,1,Low-Value / At-Risk,99.14810620496806,0.99624145,0.0,443.0,229.47
14597.0,0,High-Value / Low-Risk,875.5594429840668,0.007929999,3.0,8.0,1483.49
14598.0,1,Low-Value / At-Risk,111.47672051855652,0.99624145,0.0,386.0,162.07
14599.0,1,Low-Value / At-Risk,230.83605058723896,0.9884199,1.0,207.0,474.53999999999996
14600.0,1,Low-Value / At-Risk,384.42785502255794,0.9850655,1.0,122.0,865.17
14602.0,1,Low-Value / At-Risk,93.69502982659252,0.99624145,0.0,473.0,205.36
14603.0,0,High-Value / Low-Risk,313.49965690860137,0.00557618,0.0,91.0,660.0
14604.0,1,Low-Value / At-Risk,97.81967186032227,0.99624145,0.0,450.0,136.36
14605.0,1,Low-Value / At-Risk,268.1659256300936,0.98614305,2.0,191.0,936.31
14606.0,0,High-Value / Low-Risk,7300.543527867044,0.0063334485,134.0,2.0,25518.52
14607.0,0,High-Value / Low-Risk,1635.2832336839083,0.014341451,7.0,78.0,8063.13
14608.0,0,High-Value / Low-Risk,458.1884916482542,0.96913236,6.0,179.0,1761.79
14609.0,0,High-Value / Low-Risk,397.52279429005273,0.008036502,6.0,113.0,1028.6399999999999
14610.0,1,Low-Value / At-Risk,142.3446266321657,0.99392694,1.0,212.0,24.35
14611.0,1,Low-Value / At-Risk,193.6114629538148,0.98858184,1.0,260.0,604.3299999999999
14612.0,1,Low-Value / At-Risk,167.91527582129314,0.9948598,0.0,232.0,877.7
14613.0,1,Low-Value / At-Risk,89.74647362320388,0.99624145,0.0,497.0,76.32000000000001
14614.0,1,Low-Value / At-Risk,185.62550203354877,0.9948598,0.0,203.0,295.13
14615.0,1,Low-Value / At-Risk,263.9856019928953,0.9839274,4.0,211.0,951.76
14616.0,0,High-Value / Low-Risk,336.36091584590395,0.008032052,4.0,59.0,527.78
14617.0,1,Low-Value / At-Risk,185.975255055656,0.9876917,1.0,219.0,190.47000000000003
14618.0,1,Low-Value / At-Risk,388.63636973948127,0.9773122,3.0,154.0,1000.6800000000001
14619.0,0,High-Value / Low-Risk,268.01250001731387,0.020919112,1.0,62.0,1291.24
14620.0,0,High-Value / Low-Risk,498.0354830791611,0.0052788644,1.0,22.0,412.78
14621.0,0,High-Value / Low-Risk,508.4970697653126,0.010901721,5.0,4.0,1848.52
14622.0,0,High-Value / Low-Risk,707.484602155113,0.00557618,0.0,1.0,320.58000000000004
14623.0,0,High-Value / Low-Risk,588.9402847746048,0.0068894387,6.0,3.0,1563.51
14624.0,1,Low-Value / At-Risk,196.6182613011103,0.98602015,3.0,232.0,588.22
14625.0,0,High-Value / Low-Risk,1201.4557160267177,0.005971654,9.0,13.0,4497.88
14626.0,0,High-Value / Low-Risk,856.9674672456842,0.0077363877,7.0,50.0,3206.55
14627.0,1,Low-Value / At-Risk,190.475863355498,0.9948598,0.0,196.0,462.75
14628.0,0,High-Value / Low-Risk,467.10215323919806,0.011785982,3.0,59.0,1657.62
14630.0,1,Low-Value / At-Risk,136.86149864478307,0.99624145,0.0,301.0,338.65
14631.0,0,High-Value / Low-Risk,740.944904394723,0.011465019,4.0,52.0,1648.79
14632.0,0,High-Value / Low-Risk,338.5406359180683,0.00557618,0.0,79.0,114.56
14633.0,0,High-Value / Low-Risk,329.75877768389756,0.00557618,0.0,83.0,344.90000000000003
14634.0,1,Low-Value / At-Risk,182.71427467824577,0.98949146,3.0,254.0,2124.46
14635.0,1,Low-Value / At-Risk,149.2614156928755,0.9948598,0.0,270.0,215.22
14636.0,0,High-Value / Low-Risk,325.5372344066681,0.00557618,0.0,85.0,300.19
14637.0,1,Low-Value / At-Risk,90.22173619363836,0.99624145,0.0,494.0,106.68
14639.0,0,High-Value / Low-Risk,820.948237478934,0.010020739,4.0,108.0,3229.6
14640.0,0,High-Value / Low-Risk,585.9180599046656,0.014772251,4.0,44.0,1955.43
14643.0,1,Low-Value / At-Risk,343.18327609064687,0.98377293,3.0,175.0,1344.02
14644.0,0,High-Value / Low-Risk,425.2888972300764,0.011457007,4.0,115.0,1604.46
14645.0,0,High-Value / Low-Risk,179.75917934383557,0.020919112,1.0,92.0,519.9
14646.0,0,High-Value / Low-Risk,100625.39885679,0.00626204,65.0,8.0,363191.42
14647.0,0,High-Value / Low-Risk,232.19254267996257,0.020919112,1.0,18.0,519.97
14648.0,0,High-Value / Low-Risk,235.5822544814692,0.98161787,12.0,233.0,4543.6
14649.0,0,High-Value / Low-Risk,804.9360822962251,0.0075572664,5.0,29.0,2942.24
14650.0,1,Low-Value / At-Risk,106.81607309648288,0.99624145,0.0,406.0,62.5
14651.0,0,High-Value / Low-Risk,589.5775322210106,0.0068761637,6.0,28.0,1795.84
14653.0,0,High-Value / Low-Risk,469.09411793611025,0.98491204,4.0,155.0,1833.49
14654.0,1,Low-Value / At-Risk,81.4516842401165,0.99624145,0.0,555.0,246.86
14655.0,0,High-Value / Low-Risk,713.5807741548356,0.012854935,3.0,39.0,2756.84
14656.0,0,High-Value / Low-Risk,295.85922874208535,0.015908414,3.0,100.0,656.71
14657.0,0,High-Value / Low-Risk,603.0781646075103,0.010301244,3.0,99.0,1137.05
14659.0,0,High-Value / Low-Risk,966.7662677674056,0.0093906075,4.0,4.0,1381.76
14662.0,0,High-Value / Low-Risk,390.25842888359045,0.0077261636,5.0,51.0,1170.02
14663.0,1,Low-Value / At-Risk,160.02032321193255,0.9947978,0.0,247.0,490.6
14665.0,0,High-Value / Low-Risk,563.7888821754668,0.010533852,3.0,113.0,1645.6100000000001
14667.0,0,High-Value / Low-Risk,4608.818307554571,0.0059138495,36.0,31.0,16608.25
14668.0,1,Low-Value / At-Risk,152.83539261832414,0.9948598,0.0,262.0,111.63
14669.0,0,High-Value / Low-Risk,726.5426203214873,0.0134272,4.0,58.0,3243.9300000000003
14670.0,0,High-Value / Low-Risk,189.29810750241109,0.014761387,1.0,97.0,602.0
14671.0,1,Low-Value / At-Risk,113.60199776025372,0.99558556,1.0,366.0,1127.45
14672.0,0,High-Value / Low-Risk,383.4102262898748,0.013332303,3.0,51.0,1113.1399999999999
14673.0,1,Low-Value / At-Risk,668.3519652210719,0.98438245,2.0,184.0,2047.9
14674.0,1,Low-Value / At-Risk,128.26945425998693,0.99624145,0.0,326.0,173.66
14675.0,1,Low-Value / At-Risk,184.284811656696,0.9948598,0.0,205.0,462.15
14676.0,0,High-Value / Low-Risk,2129.6872759456755,0.0065561603,8.0,24.0,6957.07
14677.0,1,Low-Value / At-Risk,106.1504035882756,0.99624145,0.0,409.0,184.91
14678.0,1,Low-Value / At-Risk,109.0966043791954,0.99624145,0.0,396.0,403.39
14679.0,1,Low-Value / At-Risk,296.77603054973196,0.98930013,2.0,198.0,1289.44
14680.0,0,High-Value / Low-Risk,12072.453391284753,0.0059138495,43.0,15.0,43192.54
14681.0,0,High-Value / Low-Risk,328.5598316209244,0.011182359,3.0,28.0,770.15
14682.0,0,High-Value / Low-Risk,459.61956772342864,0.0073518516,5.0,4.0,1514.81
14683.0,1,Low-Value / At-Risk,107.03982352632462,0.99624145,0.0,405.0,146.56
14684.0,0,High-Value / Low-Risk,514.0913575930639,0.0085877795,2.0,32.0,751.53
14685.0,1,Low-Value / At-Risk,244.9245354537011,0.99541974,4.0,393.0,4619.79
14686.0,1,Low-Value / At-Risk,240.54571851510732,0.98303115,1.0,231.0,885.8299999999999
14687.0,1,Low-Value / At-Risk,260.90609476652594,0.98831475,1.0,217.0,773.68
14688.0,0,High-Value / Low-Risk,2445.195551129684,0.0061284946,16.0,15.0,4870.38
14689.0,0,High-Value / Low-Risk,529.2934349831323,0.00557618,0.0,25.0,112.8
14690.0,1,Low-Value / At-Risk,221.28121723780563,0.9869025,1.0,209.0,422.63
14691.0,0,High-Value / Low-Risk,508.02789100490946,0.00557618,0.0,29.0,439.6
14692.0,0,High-Value / Low-Risk,624.9811304589304,0.0061729546,10.0,52.0,1633.8400000000001
14693.0,0,High-Value / Low-Risk,568.8655320226876,0.006757882,6.0,81.0,1165.3600000000001
14694.0,1,Low-Value / At-Risk,100.91009016549596,0.99624145,0.0,434.0,244.31
14695.0,1,Low-Value / At-Risk,215.19649073974983,0.9946694,1.0,336.0,1620.0700000000002
14696.0,0,High-Value / Low-Risk,987.3870143967022,0.010971114,4.0,4.0,1860.34
14697.0,0,High-Value / Low-Risk,479.17219182675296,0.005509901,0.0,35.0,188.60999999999999
14699.0,0,High-Value / Low-Risk,341.552853343684,0.011175923,3.0,31.0,702.6
14700.0,0,High-Value / Low-Risk,1061.8767732386214,0.009127164,3.0,6.0,2438.56
14701.0,0,High-Value / Low-Risk,1059.9550687590888,0.0065561603,8.0,64.0,3763.4700000000003
14702.0,0,High-Value / Low-Risk,1090.7828273364123,0.005846484,17.0,98.0,4672.43
14704.0,1,Low-Value / At-Risk,148.43714016487792,0.98858184,1.0,241.0,266.65999999999997
14705.0,0,High-Value / Low-Risk,591.2427044032949,0.00557618,0.0,15.0,179.0
14706.0,1,Low-Value / At-Risk,100.7112255491709,0.99624145,0.0,435.0,390.69
14707.0,1,Low-Value / At-Risk,137.85031466866408,0.9885274,1.0,252.0,139.2
14708.0,1,Low-Value / At-Risk,572.9193411936421,0.98466957,2.0,185.0,1504.97
14709.0,0,High-Value / Low-Risk,1686.243183558913,0.0059138495,15.0,4.0,5908.33
14710.0,1,Low-Value / At-Risk,335.8179377612926,0.97909546,8.0,196.0,1316.46
14711.0,0,High-Value / Low-Risk,1979.226272279356,0.0056832256,5.0,2.0,1603.99
14712.0,1,Low-Value / At-Risk,166.2744741554259,0.9948598,0.0,235.0,411.0
14713.0,0,High-Value / Low-Risk,1240.1459404012926,0.005846484,16.0,3.0,4201.75
14714.0,1,Low-Value / At-Risk,249.40870116286365,0.9894292,2.0,224.0,746.05
14715.0,0,High-Value / Low-Risk,367.8543080950468,0.012336815,5.0,115.0,1204.62
14716.0,1,Low-Value / At-Risk,153.2942268586607,0.9948598,0.0,261.0,235.77
14717.0,1,Low-Value / At-Risk,82.10584582986142,0.99624145,0.0,550.0,81.3
14718.0,1,Low-Value / At-Risk,170.72323186225776,0.9948598,0.0,227.0,226.42
14719.0,0,High-Value / Low-Risk,370.6371534017109,0.00557618,0.0,66.0,223.46
14721.0,1,Low-Value / At-Risk,190.475863355498,0.9948598,0.0,196.0,115.77
14722.0,1,Low-Value / At-Risk,131.4651060324036,0.99558556,1.0,294.0,325.45
14723.0,1,Low-Value / At-Risk,394.9084055100428,0.9691905,6.0,175.0,1402.3600000000001
14724.0,1,Low-Value / At-Risk,106.59325685025804,0.99624145,0.0,407.0,345.25
14725.0,1,Low-Value / At-Risk,231.77213739430337,0.9806467,1.0,211.0,591.28
14726.0,1,Low-Value / At-Risk,94.03982686890134,0.99624145,0.0,471.0,124.75
14727.0,0,High-Value / Low-Risk,223.8234788752016,0.01361345,1.0,91.0,465.23
14728.0,1,Low-Value / At-Risk,169.02728269817595,0.9948598,0.0,230.0,190.58
14729.0,1,Low-Value / At-Risk,274.94079817520856,0.98318404,1.0,190.0,907.3800000000001
14730.0,0,High-Value / Low-Risk,624.9932326706199,0.005222459,2.0,49.0,555.6
14731.0,0,High-Value / Low-Risk,766.605469600907,0.0052788644,1.0,22.0,251.01999999999998
14732.0,0,High-Value / Low-Risk,1198.828897465395,0.005846484,13.0,3.0,4097.78
14733.0,0,High-Value / Low-Risk,7034.836832972584,0.00579163,10.0,21.0,14506.64
14734.0,1,Low-Value / At-Risk,302.6423632582679,0.9838753,3.0,242.0,1056.42
14735.0,0,High-Value / Low-Risk,2457.3518323616163,0.005981314,28.0,13.0,8729.880000000001
14736.0,1,Low-Value / At-Risk,136.49575011052303,0.99624145,0.0,302.0,401.08
14737.0,1,Low-Value / At-Risk,362.85041618191246,0.98559755,1.0,170.0,2823.62
14738.0,0,High-Value / Low-Risk,308.1922997052381,0.007859004,5.0,16.0,1033.14
14739.0,0,High-Value / Low-Risk,2598.1600007955467,0.007295581,20.0,36.0,9692.84
14740.0,0,High-Value / Low-Risk,1404.1192042797593,0.005893099,10.0,14.0,4161.06
14741.0,1,Low-Value / At-Risk,410.12917649625257,0.98368025,2.0,178.0,992.55
14742.0,1,Low-Value / At-Risk,157.55133728654704,0.9948598,0.0,252.0,579.85
14743.0,1,Low-Value / At-Risk,106.1504035882756,0.99624145,0.0,409.0,50.48
14744.0,0,High-Value / Low-Risk,1231.4127194374444,0.005971654,9.0,114.0,3713.13
14745.0,0,High-Value / Low-Risk,624.2677977498391,0.010905207,7.0,1.0,1933.22
14746.0,1,Low-Value / At-Risk,175.98573245007066,0.9853124,2.0,223.0,593.5
14747.0,0,High-Value / Low-Risk,370.6371534017109,0.00557618,0.0,66.0,328.2
14748.0,0,High-Value / Low-Risk,796.3794633879679,0.0068761637,6.0,29.0,2507.7
14749.0,1,Low-Value / At-Risk,138.72007705253228,0.99624145,0.0,296.0,310.15
14750.0,1,Low-Value / At-Risk,81.71209342711667,0.99624145,0.0,553.0,112.03
14751.0,1,Low-Value / At-Risk,65.22344462544976,0.99567163,1.0,501.0,126.45
14753.0,1,Low-Value / At-Risk,146.2687236336533,0.9948598,0.0,277.0,306.36
14754.0,0,High-Value / Low-Risk,328.5621946537059,0.010971176,4.0,112.0,1140.7
14755.0,0,High-Value / Low-Risk,1865.1049570145465,0.0057805316,14.0,24.0,6824.78
14756.0,1,Low-Value / At-Risk,337.7779954192136,0.9876917,1.0,199.0,1864.8000000000002
14758.0,0,High-Value / Low-Risk,843.7941832662482,0.0072584297,5.0,22.0,2587.85
14759.0,0,High-Value / Low-Risk,423.1619138783783,0.00557618,0.0,49.0,572.25
14760.0,1,Low-Value / At-Risk,274.60191983444514,0.00557618,0.0,114.0,89.2
14761.0,1,Low-Value / At-Risk,210.69092441819544,0.9876917,1.0,151.0,289.52
14762.0,0,High-Value / Low-Risk,198.9094970472959,0.018989203,1.0,80.0,417.57
14766.0,0,High-Value / Low-Risk,1636.8538016993205,0.00723796,7.0,30.0,5248.97
14767.0,1,Low-Value / At-Risk,140.62989114087074,0.99624145,0.0,291.0,382.81
14769.0,0,High-Value / Low-Risk,2894.805303925504,0.0057805316,12.0,18.0,10934.48
14770.0,0,High-Value / Low-Risk,954.5496916801652,0.011007636,7.0,49.0,3637.64
14771.0,1,Low-Value / At-Risk,128.34683710483318,0.99567163,1.0,438.0,594.62
14773.0,1,Low-Value / At-Risk,106.1504035882756,0.99624145,0.0,409.0,140.55
14774.0,1,Low-Value / At-Risk,122.42879176219608,0.99624145,0.0,345.0,241.45
14775.0,1,Low-Value / At-Risk,195.58704087078877,0.9948598,0.0,189.0,813.12
14776.0,0,High-Value / Low-Risk,1159.3866992518867,0.0075140684,6.0,35.0,2244.6
14777.0,1,Low-Value / At-Risk,174.81620299696948,0.9948598,0.0,220.0,307.56
14778.0,1,Low-Value / At-Risk,259.2292508736751,0.9930854,0.0,125.0,334.05
14779.0,0,High-Value / Low-Risk,351.9122536991746,0.010367296,2.0,97.0,386.15
14782.0,1,Low-Value / At-Risk,245.49106678630957,0.9944782,0.0,136.0,200.1
14783.0,1,Low-Value / At-Risk,93.18255188617562,0.99624145,0.0,476.0,307.3
14784.0,1,Low-Value / At-Risk,254.41046351365657,0.9850655,1.0,140.0,274.62
14786.0,1,Low-Value / At-Risk,116.29768986109048,0.99624145,0.0,367.0,90.96
14787.0,1,Low-Value / At-Risk,141.80126238152286,0.99624145,0.0,288.0,110.65
14788.0,1,Low-Value / At-Risk,105.27565343938517,0.99624145,0.0,413.0,476.88
14790.0,0,High-Value / Low-Risk,544.3115947923318,0.007790511,6.0,70.0,1933.72
14791.0,1,Low-Value / At-Risk,103.1506232336896,0.99624145,0.0,423.0,303.63
14793.0,1,Low-Value / At-Risk,120.40895810166356,0.99624145,0.0,352.0,396.91
14794.0,0,High-Value / Low-Risk,714.6608592009683,0.0075880564,6.0,20.0,1313.53
14796.0,0,High-Value / Low-Risk,1815.4551524688263,0.005846484,18.0,34.0,6345.900000000001
14797.0,1,Low-Value / At-Risk,128.9168762771872,0.99624145,0.0,324.0,300.31
14798.0,1,Low-Value / At-Risk,251.94824931170243,0.9850546,5.0,127.0,626.25
14799.0,1,Low-Value / At-Risk,81.58168092914649,0.99624145,0.0,554.0,180.45
14800.0,0,High-Value / Low-Risk,3533.5295817645883,0.00579163,10.0,8.0,6817.39
14803.0,0,High-Value / Low-Risk,438.63536984846223,0.0052788644,1.0,92.0,730.79
14805.0,1,Low-Value / At-Risk,265.68885441734915,0.987538,3.0,130.0,659.24
14806.0,1,Low-Value / At-Risk,155.63041220000892,0.9948598,0.0,256.0,110.04
14807.0,1,Low-Value / At-Risk,151.07712916329876,0.98888373,1.0,207.0,519.29
14809.0,1,Low-Value / At-Risk,100.11931007207428,0.99624145,0.0,438.0,686.76
14810.0,0,High-Value / Low-Risk,1074.3389025976478,0.0064494344,9.0,15.0,1727.8400000000001
14811.0,1,Low-Value / At-Risk,184.95272272889355,0.9948598,0.0,204.0,170.5
14812.0,1,Low-Value / At-Risk,104.84366650890829,0.99624145,0.0,415.0,185.8
14813.0,1,Low-Value / At-Risk,299.2379043415083,0.9828514,2.0,186.0,1090.87
14814.0,1,Low-Value / At-Risk,108.63273488097136,0.99624145,0.0,398.0,159.21
14816.0,0,High-Value / Low-Risk,598.2524733711759,0.00557618,0.0,14.0,271.85
14817.0,0,High-Value / Low-Risk,1135.5333259734214,0.006811805,6.0,17.0,3609.86
14818.0,0,High-Value / Low-Risk,279.49693331307765,0.013200659,3.0,70.0,630.86
14819.0,0,High-Value / Low-Risk,174.36524062687485,0.020285623,2.0,9.0,282.80999999999995
14820.0,1,Low-Value / At-Risk,270.927560227681,0.9776808,4.0,197.0,767.47
14821.0,1,Low-Value / At-Risk,415.2656769487554,0.9780527,4.0,183.0,1286.4499999999998
14822.0,1,Low-Value / At-Risk,136.49575011052303,0.99624145,0.0,302.0,157.70000000000002
14823.0,0,High-Value / Low-Risk,620.3261710380998,0.005509901,0.0,11.0,210.65
14824.0,0,High-Value / Low-Risk,617.2411295861558,0.9756404,5.0,196.0,2895.2
14825.0,0,High-Value / Low-Risk,1334.6018765006515,0.005846484,16.0,21.0,3724.0400000000004
14826.0,1,Low-Value / At-Risk,122.6482098726687,0.99567163,1.0,398.0,385.20000000000005
14828.0,0,High-Value / Low-Risk,2636.3179713804207,0.007426429,12.0,13.0,9839.46
14829.0,0,High-Value / Low-Risk,803.3588512666063,0.007925541,4.0,1.0,1526.92
14831.0,1,Low-Value / At-Risk,174.8842231101419,0.99567163,1.0,497.0,1676.5700000000002
14833.0,1,Low-Value / At-Risk,131.91312228261384,0.99624145,0.0,315.0,94.8
14834.0,0,High-Value / Low-Risk,317.82403236593245,0.017137278,1.0,57.0,729.55
14835.0,1,Low-Value / At-Risk,122.35918820898806,0.99558556,1.0,345.0,297.0
14837.0,0,High-Value / Low-Risk,702.988645598663,0.010406688,5.0,18.0,2303.08
14838.0,1,Low-Value / At-Risk,231.20288887024256,0.9885111,1.0,240.0,773.6700000000001
14839.0,1,Low-Value / At-Risk,216.8192148524396,0.9902086,2.0,235.0,915.28
14840.0,0,High-Value / Low-Risk,163.08247221281675,0.020275377,1.0,84.0,362.71000000000004
14841.0,0,High-Value / Low-Risk,1414.7671023115925,0.0059375954,10.0,91.0,5649.09
14842.0,0,High-Value / Low-Risk,1272.0441245797608,0.0102725765,1.0,8.0,1688.48
14843.0,1,Low-Value / At-Risk,157.066667734211,0.9948598,0.0,253.0,211.8
14844.0,0,High-Value / Low-Risk,1168.7993798528123,0.011648267,4.0,58.0,4387.17
14845.0,1,Low-Value / At-Risk,104.62900074632591,0.99624145,0.0,416.0,150.0
14846.0,1,Low-Value / At-Risk,161.53926786278942,0.9948598,0.0,244.0,437.4
14847.0,1,Low-Value / At-Risk,328.6619766375704,0.98774403,1.0,224.0,1039.55
14848.0,1,Low-Value / At-Risk,174.21949799642076,0.9948598,0.0,221.0,310.56
14849.0,0,High-Value / Low-Risk,2957.666696194605,0.0067087486,15.0,30.0,10245.82
14850.0,0,High-Value / Low-Risk,567.7659138839429,0.97687507,3.0,128.0,1794.0100000000002
14851.0,0,High-Value / Low-Risk,173.01507342668285,0.020919112,1.0,73.0,524.19
14852.0,0,High-Value / Low-Risk,1155.0087849192378,0.00989505,7.0,69.0,3800.89
14853.0,0,High-Value / Low-Risk,361.10324810800194,0.010755909,3.0,28.0,1115.5700000000002
14854.0,0,High-Value / Low-Risk,823.9654372324909,0.006942993,6.0,44.0,2754.36
14855.0,1,Low-Value / At-Risk,1051.148266897808,0.9954699,2.0,291.0,5874.650000000001
14857.0,1,Low-Value / At-Risk,503.7168684489196,0.986451,2.0,259.0,2478.73
14858.0,1,Low-Value / At-Risk,129.57087389097768,0.99624145,0.0,322.0,180.75
14859.0,0,High-Value / Low-Risk,232.52342063327305,0.020919112,1.0,21.0,648.76
14861.0,1,Low-Value / At-Risk,308.89486318301863,0.975804,7.0,197.0,1254.94
14865.0,1,Low-Value / At-Risk,121.8048716274714,0.986537,2.0,189.0,114.72
14866.0,0,High-Value / Low-Risk,701.6316598403964,0.97513366,5.0,183.0,6554.0
14867.0,0,High-Value / Low-Risk,883.0923957154159,0.008780578,14.0,2.0,2952.06
14868.0,0,High-Value / Low-Risk,745.1372932839971,0.007884733,3.0,50.0,1669.75
14869.0,1,Low-Value / At-Risk,501.7786044180516,0.9845494,3.0,205.0,2078.54
14870.0,0,High-Value / Low-Risk,536.9214409037822,0.012649105,4.0,78.0,1838.95
14871.0,0,High-Value / Low-Risk,333.43760984549175,0.0154859135,6.0,72.0,985.19
14872.0,1,Low-Value / At-Risk,209.9371854216159,0.99558556,2.0,300.0,816.6
14873.0,0,High-Value / Low-Risk,255.87096913115545,0.019909555,1.0,27.0,854.1299999999999
14874.0,1,Low-Value / At-Risk,120.40895810166356,0.99624145,0.0,352.0,116.18
14875.0,0,High-Value / Low-Risk,331.24352848025893,0.018909086,1.0,79.0,1759.08
14876.0,1,Low-Value / At-Risk,107.04112871356946,0.99558556,1.0,338.0,256.7
14877.0,1,Low-Value / At-Risk,164.979823231252,0.98858184,1.0,235.0,437.0
14878.0,0,High-Value / Low-Risk,1089.925561655727,0.005846484,15.0,18.0,3471.44
14879.0,1,Low-Value / At-Risk,89.12052895093397,0.99624145,0.0,501.0,185.06
14880.0,0,High-Value / Low-Risk,533.2208371922941,0.0052788644,1.0,2.0,363.27
14882.0,0,High-Value / Low-Risk,335.6368038131883,0.9619767,9.0,207.0,3038.45
14883.0,0,High-Value / Low-Risk,513.1811992459335,0.00557618,0.0,28.0,310.56
14884.0,1,Low-Value / At-Risk,91.51407878552706,0.99624145,0.0,486.0,120.6
14885.0,1,Low-Value / At-Risk,313.7450059740256,0.9878542,1.0,244.0,832.8
14886.0,0,High-Value / Low-Risk,362.6989776340205,0.00557618,0.0,69.0,364.8
14888.0,0,High-Value / Low-Risk,534.8932779813299,0.00557618,0.0,24.0,369.2
14889.0,1,Low-Value / At-Risk,226.9131918136887,0.9948598,0.0,153.0,135.9
14890.0,0,High-Value / Low-Risk,261.243797557019,0.014700491,2.0,70.0,817.25
14891.0,0,High-Value / Low-Risk,576.5031866428009,0.009280754,2.0,4.0,1001.73
14892.0,1,Low-Value / At-Risk,88.19782259620533,0.99624145,0.0,507.0,202.35
14893.0,1,Low-Value / At-Risk,100.91009016549596,0.99624145,0.0,434.0,571.76
14894.0,1,Low-Value / At-Risk,204.60814820047807,0.9890465,1.0,260.0,837.0600000000001
14895.0,0,High-Value / Low-Risk,4592.1452595212395,0.0106045,15.0,21.0,17900.61
14896.0,0,High-Value / Low-Risk,598.6365138710581,0.009814617,7.0,21.0,2092.42
14897.0,0,High-Value / Low-Risk,529.871368202331,0.010726983,4.0,113.0,1949.6599999999999
14898.0,0,High-Value / Low-Risk,786.7371558637496,0.0061896807,11.0,57.0,2815.22
14899.0,1,Low-Value / At-Risk,179.7414091935839,0.9948598,0.0,212.0,1384.88
14900.0,1,Low-Value / At-Risk,124.21485331435144,0.99624145,0.0,339.0,13.919999999999998
14901.0,1,Low-Value / At-Risk,408.3277799590395,0.9722333,5.0,177.0,1365.4099999999999
14902.0,1,Low-Value / At-Risk,216.3882204337951,0.98888373,1.0,212.0,702.96
14903.0,0,High-Value / Low-Risk,1516.007123435553,0.005222459,2.0,17.0,1800.23
14904.0,1,Low-Value / At-Risk,223.58363430864975,0.9876917,1.0,225.0,615.2
14905.0,0,High-Value / Low-Risk,485.0572688651222,0.010477902,6.0,50.0,1663.79
14907.0,0,High-Value / Low-Risk,846.9915686004899,0.9657887,7.0,177.0,3625.38
14908.0,1,Low-Value / At-Risk,145.02261098968802,0.99624145,0.0,280.0,104.1
14909.0,1,Low-Value / At-Risk,355.49602864256923,0.989664,2.0,254.0,1404.6799999999998
14911.0,0,High-Value / Low-Risk,50334.94883912556,0.00626204,165.0,0.0,178197.96
14912.0,0,High-Value / Low-Risk,449.7431928216965,0.013426675,2.0,63.0,1464.52
14913.0,0,High-Value / Low-Risk,1312.804494795853,0.007916244,5.0,90.0,3461.53
14915.0,0,High-Value / Low-Risk,487.3404675408258,0.0071331314,8.0,94.0,1646.05
14916.0,0,High-Value / Low-Risk,530.3438350240826,0.9784816,4.0,141.0,2069.02
14917.0,1,Low-Value / At-Risk,105.27565343938517,0.99624145,0.0,413.0,1123.75
14918.0,0,High-Value / Low-Risk,813.4256774783852,0.98152465,5.0,221.0,4345.66
14919.0,1,Low-Value / At-Risk,119.284437861036,0.99624145,0.0,356.0,359.35
14920.0,0,High-Value / Low-Risk,431.7881221123258,0.013220171,1.0,29.0,1607.17
14921.0,0,High-Value / Low-Risk,571.1737724672217,0.00557618,0.0,18.0,903.01
14922.0,1,Low-Value / At-Risk,235.2637682615778,0.9889839,1.0,210.0,843.74
14924.0,0,High-Value / Low-Risk,301.0023404124722,0.014383329,2.0,62.0,931.01
14926.0,1,Low-Value / At-Risk,157.71376947510402,0.9885274,1.0,198.0,359.4
14927.0,1,Low-Value / At-Risk,179.11060776298865,0.9948598,0.0,213.0,308.2
14928.0,1,Low-Value / At-Risk,98.95612361737294,0.99624145,0.0,444.0,223.91000000000005
14929.0,1,Low-Value / At-Risk,164.6654778492404,0.9948598,0.0,238.0,612.8100000000001
14930.0,0,High-Value / Low-Risk,1071.853951954561,0.012977201,3.0,91.0,3977.9
14931.0,0,High-Value / Low-Risk,396.6960790945763,0.00557618,0.0,57.0,243.0
14932.0,1,Low-Value / At-Risk,431.53819102254425,0.9846383,1.0,182.0,879.66
14933.0,1,Low-Value / At-Risk,346.8563770330009,0.9876917,1.0,260.0,1770.0
14934.0,0,High-Value / Low-Risk,799.005975375753,0.011939174,2.0,99.0,2341.4
14935.0,0,High-Value / Low-Risk,592.3269016702811,0.019909555,1.0,114.0,2849.83
14936.0,0,High-Value / Low-Risk,1633.0061563871402,0.010333979,3.0,92.0,5850.15
14938.0,1,Low-Value / At-Risk,113.2056047361672,0.99624145,0.0,379.0,2322.43
14940.0,1,Low-Value / At-Risk,168.77960518148706,0.9890465,1.0,234.0,531.49
14941.0,1,Low-Value / At-Risk,109.33002904561616,0.99624145,0.0,395.0,182.1
14942.0,1,Low-Value / At-Risk,247.93861211386545,0.983952,3.0,218.0,746.56
14943.0,1,Low-Value / At-Risk,92.50791057802093,0.99624145,0.0,480.0,107.62
14944.0,0,High-Value / Low-Risk,1493.9485258453774,0.006734647,7.0,3.0,5616.450000000001
14945.0,1,Low-Value / At-Risk,169.02728269817595,0.9948598,0.0,230.0,179.4
14947.0,1,Low-Value / At-Risk,233.6095783397708,0.9847861,3.0,205.0,758.97
14948.0,0,High-Value / Low-Risk,474.6808033132324,0.00557618,0.0,36.0,278.4
14949.0,1,Low-Value / At-Risk,178.16134286240182,0.9949744,3.0,286.0,515.0
14952.0,0,High-Value / Low-Risk,3626.5268660562106,0.0057805316,19.0,23.0,13064.47
14953.0,1,Low-Value / At-Risk,268.4422174713958,0.9854767,1.0,235.0,721.45
14954.0,1,Low-Value / At-Risk,86.26276628271475,0.99624145,0.0,520.0,167.27
14955.0,1,Low-Value / At-Risk,82.23794168340548,0.99624145,0.0,549.0,163.77
14956.0,1,Low-Value / At-Risk,164.6654778492404,0.9948598,0.0,238.0,1325.0
14957.0,0,High-Value / Low-Risk,130.99488733973163,0.020275377,1.0,70.0,333.29
14958.0,0,High-Value / Low-Risk,287.1377347422722,0.011817424,4.0,2.0,850.54
14959.0,0,High-Value / Low-Risk,508.9084431891713,0.0052788644,1.0,32.0,422.38
14961.0,0,High-Value / Low-Risk,3216.9821585264235,0.0057805316,14.0,49.0,12545.130000000001
14962.0,0,High-Value / Low-Risk,223.93086533453084,0.012482122,3.0,87.0,366.91
14963.0,0,High-Value / Low-Risk,889.2927223936774,0.0066932533,6.0,0.0,1970.8799999999999
14964.0,0,High-Value / Low-Risk,376.12621197573407,0.00557618,0.0,64.0,206.21
14966.0,1,Low-Value / At-Risk,285.8295674397171,0.98065794,3.0,204.0,924.52
14967.0,1,Low-Value / At-Risk,374.6643696738074,0.9841706,2.0,258.0,1518.81
14968.0,1,Low-Value / At-Risk,147.1114464269933,0.9948598,0.0,275.0,353.65
14969.0,1,Low-Value / At-Risk,86.26276628271475,0.99624145,0.0,520.0,906.23
14970.0,0,High-Value / Low-Risk,1221.5126527827656,0.0103237275,7.0,69.0,4109.54
14972.0,1,Low-Value / At-Risk,189.0643226504456,0.9948598,0.0,198.0,30.300000000000004
14973.0,0,High-Value / Low-Risk,449.4172193778745,0.00557618,0.0,42.0,654.6
14975.0,1,Low-Value / At-Risk,164.6654778492404,0.9948598,0.0,238.0,192.45
14976.0,0,High-Value / Low-Risk,515.9293529825391,0.010768941,2.0,13.0,450.26
14977.0,1,Low-Value / At-Risk,83.17465535004465,0.99624145,0.0,542.0,31.929999999999996
14978.0,0,High-Value / Low-Risk,1006.922248856814,0.0068690586,8.0,52.0,2748.0
14979.0,1,Low-Value / At-Risk,81.84292373311442,0.99624145,0.0,552.0,439.46
14980.0,1,Low-Value / At-Risk,81.58168092914649,0.99624145,0.0,554.0,150.68
14981.0,0,High-Value / Low-Risk,240.1731500133306,0.018909086,1.0,63.0,372.92
14982.0,1,Low-Value / At-Risk,110.75184339804744,0.99624145,0.0,389.0,234.88
14983.0,1,Low-Value / At-Risk,88.35027713873045,0.99624145,0.0,506.0,183.2
14984.0,1,Low-Value / At-Risk,331.5662003050965,0.9842704,2.0,205.0,1058.1399999999999
14985.0,0,High-Value / Low-Risk,346.7110538204561,0.011584109,1.0,15.0,296.75
14986.0,1,Low-Value / At-Risk,160.53711691573932,0.9895321,1.0,193.0,566.9
14987.0,1,Low-Value / At-Risk,415.6664801049758,0.9714533,5.0,182.0,1550.65
14988.0,0,High-Value / Low-Risk,711.9310227229598,0.0068761637,6.0,28.0,2066.6
14989.0,1,Low-Value / At-Risk,92.84400496906056,0.99624145,0.0,478.0,342.4
14990.0,1,Low-Value / At-Risk,96.35101185003094,0.99567163,1.0,429.0,305.42
14991.0,1,Low-Value / At-Risk,160.02032321193255,0.9948598,0.0,247.0,314.67
14992.0,1,Low-Value / At-Risk,154.22022183002937,0.9948598,0.0,259.0,210.5
14993.0,1,Low-Value / At-Risk,112.95534256582452,0.99624145,0.0,380.0,36.13
14994.0,1,Low-Value / At-Risk,314.61107681663736,0.9763288,4.0,199.0,956.68
14995.0,1,Low-Value / At-Risk,302.3238433104889,0.00557618,0.0,97.0,119.31
14996.0,1,Low-Value / At-Risk,137.97061392447327,0.99624145,0.0,298.0,442.29
14997.0,1,Low-Value / At-Risk,93.8671115263544,0.99624145,0.0,472.0,230.4
14998.0,0,High-Value / Low-Risk,258.87328553808584,0.015924346,2.0,58.0,524.5
14999.0,1,Low-Value / At-Risk,106.1504035882756,0.99624145,0.0,409.0,129.48000000000002
15001.0,1,Low-Value / At-Risk,180.37667753007827,0.9947978,0.0,211.0,228.85999999999999
15002.0,0,High-Value / Low-Risk,1088.104758642829,0.0075645475,7.0,113.0,4323.11
15003.0,1,Low-Value / At-Risk,147.77386878210595,0.9946472,5.0,290.0,1060.7
15005.0,0,High-Value / Low-Risk,3042.5510369028034,0.0063334485,40.0,4.0,10738.75
15006.0,1,Low-Value / At-Risk,149.2614156928755,0.9948598,0.0,270.0,323.05
15008.0,1,Low-Value / At-Risk,159.38452752024182,0.99558556,1.0,297.0,360.0
15011.0,1,Low-Value / At-Risk,222.91231455298475,0.9876917,1.0,212.0,416.6
15012.0,1,Low-Value / At-Risk,232.51300580966085,0.98831475,1.0,190.0,628.64
15013.0,1,Low-Value / At-Risk,20.616651949481223,0.9943738,9.0,304.0,1641.3
15015.0,1,Low-Value / At-Risk,21.57986408929533,0.9943738,10.0,318.0,2354.52
15016.0,1,Low-Value / At-Risk,227.22304857503016,0.98279953,2.0,210.0,460.26
15018.0,0,High-Value / Low-Risk,329.85955171497596,0.011584109,1.0,69.0,402.59000000000003
15019.0,0,High-Value / Low-Risk,329.75877768389756,0.00557618,0.0,83.0,266.0
15020.0,1,Low-Value / At-Risk,190.475863355498,0.9948598,0.0,196.0,203.42
15021.0,0,High-Value / Low-Risk,729.665302382235,0.007214896,5.0,35.0,1554.1
15022.0,1,Low-Value / At-Risk,90.22173619363836,0.99624145,0.0,494.0,281.05
15023.0,0,High-Value / Low-Risk,2378.4399657771983,0.0061033447,11.0,35.0,8202.5
15024.0,0,High-Value / Low-Risk,1069.4734356367658,0.006990682,6.0,113.0,3102.27
15025.0,1,Low-Value / At-Risk,111.7204611678046,0.99624145,0.0,385.0,628.13
15026.0,0,High-Value / Low-Risk,402.13104259628545,0.011983479,3.0,57.0,823.39
15027.0,0,High-Value / Low-Risk,862.3444946336605,0.006798677,6.0,36.0,2783.5699999999997
15028.0,1,Low-Value / At-Risk,327.69719680675536,0.9828205,2.0,185.0,716.55
15029.0,1,Low-Value / At-Risk,100.51314373266484,0.99624145,0.0,436.0,365.1
15030.0,0,High-Value / Low-Risk,497.82745278662526,0.008066065,6.0,85.0,1614.39
15031.0,0,High-Value / Low-Risk,731.4222509821234,0.0106231775,8.0,99.0,2639.27
15032.0,0,High-Value / Low-Risk,3321.365425244765,0.0071040224,6.0,73.0,13780.65
15033.0,0,High-Value / Low-Risk,708.4535928326934,0.010768941,2.0,25.0,1165.8400000000001
15034.0,0,High-Value / Low-Risk,2259.2114831135323,0.0060596243,9.0,49.0,6669.62
15037.0,1,Low-Value / At-Risk,192.63322117817592,0.9947978,0.0,193.0,402.51
15038.0,0,High-Value / Low-Risk,813.982410056916,0.0067709307,6.0,4.0,1121.82
15039.0,0,High-Value / Low-Risk,9838.435975681556,0.00626204,64.0,1.0,34209.78
15040.0,1,Low-Value / At-Risk,118.73002478221022,0.99624145,0.0,358.0,7.49
15041.0,1,Low-Value / At-Risk,153.2942268586607,0.9948598,0.0,261.0,113.25
15042.0,0,High-Value / Low-Risk,167.52714919070974,0.020275377,1.0,16.0,315.45000000000005
15043.0,1,Low-Value / At-Risk,166.23703107414457,0.99532783,4.0,280.0,2321.8
15044.0,0,High-Value / Low-Risk,3408.6861075604847,0.0057805316,21.0,24.0,12754.29
15045.0,0,High-Value / Low-Risk,350.20168372923615,0.00557618,0.0,74.0,388.9
15046.0,0,High-Value / Low-Risk,1439.9043195503116,0.005846484,17.0,11.0,4897.13
15047.0,0,High-Value / Low-Risk,323.4669092612676,0.00557618,0.0,86.0,343.62
15048.0,0,High-Value / Low-Risk,322.7953239510588,0.011584109,1.0,37.0,355.15
15049.0,1,Low-Value / At-Risk,315.443458474684,0.00557618,0.0,90.0,121.17000000000002
15050.0,1,Low-Value / At-Risk,464.4524267526673,0.9889839,1.0,238.0,2411.7
15051.0,0,High-Value / Low-Risk,543.8409510802898,0.98287785,5.0,196.0,2543.55
15052.0,1,Low-Value / At-Risk,245.49106678630957,0.9944782,0.0,136.0,215.78
15053.0,0,High-Value / Low-Risk,300.5385116230569,0.00557618,0.0,98.0,222.65
15055.0,1,Low-Value / At-Risk,159.65261486502536,0.99567163,2.0,291.0,560.0699999999999
15056.0,1,Low-Value / At-Risk,124.82185573103774,0.99624145,0.0,337.0,133.45
15057.0,0,High-Value / Low-Risk,854.1792339209095,0.011357799,4.0,92.0,3255.96
15058.0,0,High-Value / Low-Risk,653.057725453442,0.006811411,7.0,60.0,2025.8
15059.0,0,High-Value / Low-Risk,796.2803233302781,0.006660206,12.0,32.0,2754.0699999999997
15061.0,0,High-Value / Low-Risk,31407.86944665062,0.00626204,55.0,1.0,114563.55
15062.0,0,High-Value / Low-Risk,745.4869831059622,0.008122792,6.0,34.0,2411.8
15063.0,0,High-Value / Low-Risk,502.9778248336222,0.00557618,0.0,30.0,370.7999999999999
15064.0,1,Low-Value / At-Risk,303.54921478006014,0.98982227,3.0,227.0,1154.41
15065.0,0,High-Value / Low-Risk,912.2562903572356,0.012935363,2.0,44.0,1575.13
15067.0,0,High-Value / Low-Risk,783.9695523833798,0.013552858,2.0,99.0,2981.17
15068.0,0,High-Value / Low-Risk,283.70471798026114,0.015220379,2.0,73.0,863.45
15070.0,1,Low-Value / At-Risk,224.6569440208748,0.98853326,2.0,189.0,843.25
15071.0,0,High-Value / Low-Risk,428.11810255364327,0.014030046,2.0,92.0,1062.16
15072.0,1,Low-Value / At-Risk,138.72007705253228,0.99624145,0.0,296.0,187.52
15073.0,0,High-Value / Low-Risk,747.5760974191114,0.0071291737,6.0,2.0,2606.57
15074.0,1,Low-Value / At-Risk,271.4129939632042,0.9886846,1.0,246.0,817.4599999999998
15076.0,1,Low-Value / At-Risk,107.01866249263504,0.99624145,1.0,309.0,566.8900000000001
15077.0,1,Low-Value / At-Risk,405.5406582285769,0.99567163,1.0,311.0,2428.08
15078.0,0,High-Value / Low-Risk,3407.505923024813,0.0059138495,23.0,7.0,12192.93
15079.0,0,High-Value / Low-Risk,929.8061780037864,0.011170739,7.0,29.0,3767.35
15080.0,1,Low-Value / At-Risk,188.1546227413602,0.9889839,1.0,244.0,546.25
15081.0,0,High-Value / Low-Risk,737.5812533129183,0.0072376137,8.0,25.0,1708.97
15082.0,1,Low-Value / At-Risk,91.67823098811144,0.99624145,0.0,485.0,93.35
15083.0,1,Low-Value / At-Risk,352.6314340180227,0.00557618,0.0,73.0,88.2
15084.0,1,Low-Value / At-Risk,262.12461963055125,0.98831475,1.0,196.0,965.1999999999999
15085.0,1,Low-Value / At-Risk,82.63679311772971,0.99624145,0.0,546.0,347.54
15086.0,1,Low-Value / At-Risk,106.66645414163206,0.99558556,1.0,381.0,218.53
15087.0,0,High-Value / Low-Risk,300.5385116230569,0.00557618,0.0,98.0,306.94
15090.0,1,Low-Value / At-Risk,259.2292508736751,0.9930854,0.0,125.0,381.32
15091.0,1,Low-Value / At-Risk,90.70206205860724,0.99624145,0.0,491.0,565.9
15092.0,0,High-Value / Low-Risk,384.6943973299708,0.012423903,2.0,32.0,776.46
15093.0,0,High-Value / Low-Risk,3687.4072170014415,0.0057805316,17.0,23.0,13125.77
15094.0,1,Low-Value / At-Risk,112.99289755744697,0.99609214,1.0,280.0,83.0
15095.0,0,High-Value / Low-Risk,766.9982482166973,0.007408969,5.0,20.0,2541.54
15097.0,1,Low-Value / At-Risk,108.17279637896593,0.99624145,0.0,400.0,660.27
15100.0,0,High-Value / Low-Risk,786.9022613980444,0.9669661,6.0,150.0,2894.7
15101.0,1,Low-Value / At-Risk,449.29227502935777,0.986394,4.0,176.0,1262.69
15102.0,1,Low-Value / At-Risk,123.45322881588048,0.99558556,1.0,347.0,554.67
15104.0,0,High-Value / Low-Risk,882.250377095722,0.0052788644,1.0,13.0,1027.44
15105.0,1,Low-Value / At-Risk,225.29697464465556,0.98831475,1.0,247.0,795.98
15106.0,0,High-Value / Low-Risk,700.9771220758087,0.0052788644,1.0,28.0,778.45
15107.0,0,High-Value / Low-Risk,332.0007671812895,0.96975875,8.0,128.0,940.35
15108.0,0,High-Value / Low-Risk,992.378027257436,0.0052788644,1.0,4.0,542.45
15109.0,0,High-Value / Low-Risk,286.67849742449573,0.014713225,2.0,62.0,983.0999999999999
15110.0,1,Low-Value / At-Risk,307.32732438798104,0.9868851,2.0,135.0,679.4000000000001
15111.0,1,Low-Value / At-Risk,458.3302905112798,0.98309016,2.0,189.0,1451.8899999999999
15112.0,1,Low-Value / At-Risk,102.11997980311752,0.99624145,0.0,428.0,209.4
15114.0,0,High-Value / Low-Risk,706.0240209879959,0.010062315,4.0,34.0,1357.47
15115.0,1,Low-Value / At-Risk,82.23794168340548,0.99624145,0.0,549.0,191.74
15116.0,0,High-Value / Low-Risk,552.4334381145162,0.00557618,0.0,21.0,479.65
15117.0,0,High-Value / Low-Risk,381.830693502475,0.013426675,2.0,32.0,1246.5900000000001
15119.0,0,High-Value / Low-Risk,381.7811911825812,0.00557618,0.0,62.0,266.4
15121.0,0,High-Value / Low-Risk,288.6101939163535,0.00557618,0.0,105.0,295.15
15122.0,0,High-Value / Low-Risk,1168.632437293501,0.0075315526,8.0,21.0,3794.3
15123.0,0,High-Value / Low-Risk,1049.4474034652667,0.010714441,3.0,23.0,3526.33
15124.0,0,High-Value / Low-Risk,187.90877627812296,0.01652348,2.0,8.0,357.38
15125.0,0,High-Value / Low-Risk,3325.383794160709,0.006734647,7.0,24.0,12807.11
15126.0,1,Low-Value / At-Risk,143.97229379916405,0.99567163,1.0,353.0,449.49
15127.0,1,Low-Value / At-Risk,125.12758928149256,0.99624145,0.0,336.0,304.97
15128.0,0,High-Value / Low-Risk,400.131822106228,0.018909086,1.0,36.0,796.38
15129.0,0,High-Value / Low-Risk,1591.5734397700658,0.005846484,14.0,27.0,4533.16
15131.0,1,Low-Value / At-Risk,180.37667753007827,0.9948598,0.0,211.0,80.28
15132.0,0,High-Value / Low-Risk,567.3300058256588,0.0052788644,1.0,16.0,489.87
15133.0,0,High-Value / Low-Risk,524.5596589417008,0.011542074,3.0,74.0,1482.38
15134.0,0,High-Value / Low-Risk,404.65776374956056,0.007884733,3.0,30.0,447.75
15135.0,0,High-Value / Low-Risk,181.50628417658663,0.020275377,1.0,56.0,305.68
15137.0,1,Low-Value / At-Risk,184.2698077573432,0.99567163,1.0,337.0,823.4
15138.0,1,Low-Value / At-Risk,181.01646046238608,0.9948598,0.0,210.0,502.52
15139.0,0,High-Value / Low-Risk,303.3689586733883,0.011584109,1.0,56.0,178.95999999999998
15140.0,0,High-Value / Low-Risk,740.5987140912355,0.0077959686,3.0,15.0,2016.89
15141.0,1,Low-Value / At-Risk,180.9256257305832,0.9891209,5.0,274.0,1388.47
15142.0,1,Low-Value / At-Risk,493.2081413911093,0.9878499,3.0,227.0,2121.18
15143.0,0,High-Value / Low-Risk,302.0611331701064,0.018909086,1.0,42.0,563.63
15144.0,0,High-Value / Low-Risk,2026.608436799787,0.0057805316,13.0,34.0,7274.89
15145.0,0,High-Value / Low-Risk,725.1649214710174,0.0052788644,1.0,44.0,724.03
15146.0,0,High-Value / Low-Risk,283.78406613190873,0.00557618,0.0,108.0,834.22
15147.0,0,High-Value / Low-Risk,396.6960790945763,0.00557618,0.0,57.0,623.5
15149.0,1,Low-Value / At-Risk,209.36414899738145,0.9954699,1.0,394.0,1003.8100000000001
15150.0,0,High-Value / Low-Risk,1240.0207187466826,0.010044102,3.0,3.0,5004.68
15151.0,1,Low-Value / At-Risk,461.98533769458663,0.9886846,1.0,240.0,2085.61
15152.0,0,High-Value / Low-Risk,282.45050540129023,0.021226825,1.0,4.0,1274.24
15154.0,1,Low-Value / At-Risk,139.09787388907927,0.99624145,0.0,295.0,1091.99
15155.0,1,Low-Value / At-Risk,187.67358835874592,0.9948598,0.0,200.0,383.97
15157.0,1,Low-Value / At-Risk,417.8691236923105,0.98534817,2.0,175.0,1803.5
15158.0,1,Low-Value / At-Risk,176.021981315481,0.9948598,0.0,218.0,204.62
15159.0,0,High-Value / Low-Risk,4333.016896348316,0.006201539,11.0,1.0,9151.59
15160.0,1,Low-Value / At-Risk,293.6082133621148,0.9823299,3.0,174.0,589.27
15161.0,1,Low-Value / At-Risk,184.284811656696,0.9948598,0.0,205.0,119.92
15162.0,1,Low-Value / At-Risk,82.37046347078063,0.99624145,0.0,548.0,312.9
15163.0,0,High-Value / Low-Risk,635.9792667132612,0.00557618,0.0,9.0,155.0
15164.0,0,High-Value / Low-Risk,526.702863657043,0.007644261,7.0,25.0,1594.05
15165.0,1,Low-Value / At-Risk,194.84010866040808,0.9948598,0.0,190.0,975.5
15166.0,1,Low-Value / At-Risk,143.3938245963808,0.99624145,0.0,284.0,167.16
15167.0,1,Low-Value / At-Risk,377.73948036629025,0.9800219,3.0,137.0,1659.67
15169.0,1,Low-Value / At-Risk,143.49752629200768,0.98958033,1.0,199.0,569.22
15170.0,1,Low-Value / At-Risk,173.03824599838552,0.9948598,0.0,223.0,81.15
15171.0,1,Low-Value / At-Risk,232.0779583195194,0.9948598,0.0,148.0,1289.5
15172.0,0,High-Value / Low-Risk,689.5063661534022,0.0052788644,1.0,13.0,526.2
15173.0,1,Low-Value / At-Risk,338.10560565750535,0.98364186,6.0,197.0,1494.6
15174.0,1,Low-Value / At-Risk,249.61054425180052,0.9869025,1.0,139.0,481.46
15176.0,1,Low-Value / At-Risk,91.84297348402684,0.99624145,0.0,484.0,988.04
15177.0,1,Low-Value / At-Risk,162.56804439486464,0.9948598,0.0,242.0,948.93
15178.0,1,Low-Value / At-Risk,343.1101697305817,0.00557618,0.0,77.0,40.5
15179.0,0,High-Value / Low-Risk,1715.035291157165,0.007924693,10.0,50.0,6740.09
15180.0,1,Low-Value / At-Risk,259.18862716820803,0.9834379,2.0,184.0,904.4300000000001
15181.0,0,High-Value / Low-Risk,262.1462740821924,0.014737764,2.0,86.0,810.72
15182.0,0,High-Value / Low-Risk,762.6706022971047,0.010710802,5.0,85.0,2746.58
15183.0,1,Low-Value / At-Risk,86.24432098302157,0.99558556,2.0,364.0,639.9300000000001
15184.0,0,High-Value / Low-Risk,208.00551386394991,0.014831356,2.0,7.0,518.42
15186.0,1,Low-Value / At-Risk,276.1730649286206,0.99567163,2.0,291.0,991.79
15187.0,0,High-Value / Low-Risk,508.02789100490946,0.00557618,0.0,29.0,431.6
15188.0,1,Low-Value / At-Risk,83.17465535004465,0.99624145,0.0,542.0,310.43
15189.0,0,High-Value / Low-Risk,3072.4475465781447,0.0061284946,20.0,1.0,6829.2
15190.0,1,Low-Value / At-Risk,158.0390116095072,0.9948598,0.0,251.0,834.4399999999999
15191.0,1,Low-Value / At-Risk,152.6977475183806,0.9946694,1.0,280.0,588.05
15192.0,0,High-Value / Low-Risk,499.7286681709573,0.012017911,3.0,8.0,1675.06
15194.0,0,High-Value / Low-Risk,2374.6263510413014,0.0057805316,20.0,15.0,8472.34
15196.0,1,Low-Value / At-Risk,130.30392172516247,0.9892971,1.0,249.0,316.25
15197.0,0,High-Value / Low-Risk,487.316895203657,0.00945443,4.0,69.0,1571.15
15198.0,1,Low-Value / At-Risk,177.60255399225292,0.98478055,2.0,225.0,377.71000000000004
15199.0,0,High-Value / Low-Risk,932.0543548477827,0.00828336,7.0,52.0,2510.85
15200.0,1,Low-Value / At-Risk,133.29000944534255,0.99624145,0.0,311.0,549.05
15201.0,0,High-Value / Low-Risk,426.0426482550034,0.010755909,3.0,21.0,1208.68
15203.0,0,High-Value / Low-Risk,940.1298552201132,0.007941006,9.0,15.0,3265.28
15204.0,1,Low-Value / At-Risk,207.5218319853539,0.9948598,0.0,174.0,316.58
15206.0,1,Low-Value / At-Risk,311.5797608602436,0.00557618,0.0,92.0,17.700000000000003
15207.0,1,Low-Value / At-Risk,201.38085967806623,0.9845574,2.0,233.0,683.92
15208.0,1,Low-Value / At-Risk,202.76948754306457,0.9876917,1.0,170.0,165.8
15209.0,1,Low-Value / At-Risk,82.50341325632112,0.99624145,0.0,547.0,178.98000000000002
15210.0,0,High-Value / Low-Risk,424.5052049286646,0.013948114,2.0,42.0,1176.19
15211.0,1,Low-Value / At-Risk,200.980692759464,0.9948598,0.0,182.0,766.14
15212.0,0,High-Value / Low-Risk,281.7174181810715,0.014438975,1.0,58.0,208.28
15213.0,1,Low-Value / At-Risk,246.59557383009255,0.99347526,1.0,135.0,328.34999999999997
15214.0,0,High-Value / Low-Risk,619.0740086926669,0.0052788644,1.0,0.0,651.6300000000001
15215.0,1,Low-Value / At-Risk,458.5178583322128,0.9789201,3.0,210.0,1687.49
15216.0,1,Low-Value / At-Risk,100.7112255491709,0.99624145,0.0,435.0,389.49
15217.0,1,Low-Value / At-Risk,112.95534256582452,0.99624145,0.0,380.0,426.24
15218.0,0,High-Value / Low-Risk,2244.318502266756,0.007855335,13.0,34.0,7501.9400000000005
15219.0,1,Low-Value / At-Risk,95.089623713985,0.99624145,0.0,465.0,379.7
15220.0,0,High-Value / Low-Risk,865.312360968561,0.005222459,2.0,20.0,858.19
15221.0,0,High-Value / Low-Risk,694.2304930889443,0.97814494,3.0,183.0,2465.45
15222.0,0,High-Value / Low-Risk,845.8098074763423,0.9791045,10.0,135.0,3550.91
15223.0,0,High-Value / Low-Risk,419.0595070106621,0.011817424,4.0,42.0,1417.95
15224.0,1,Low-Value / At-Risk,309.59510526227035,0.9826665,4.0,175.0,871.36
15225.0,0,High-Value / Low-Risk,416.2178530811047,0.00557618,0.0,51.0,409.4
15226.0,1,Low-Value / At-Risk,256.61783146891094,0.9936521,0.0,127.0,154.41
15227.0,0,High-Value / Low-Risk,709.4375412960746,0.008036502,6.0,32.0,2145.9100000000003
15228.0,0,High-Value / Low-Risk,949.7716473307698,0.013552858,2.0,111.0,3098.41
15229.0,1,Low-Value / At-Risk,107.4901505521922,0.99624145,0.0,403.0,160.5
15230.0,0,High-Value / Low-Risk,506.5629990672731,0.0052788644,1.0,56.0,429.60000000000014
15231.0,1,Low-Value / At-Risk,100.11931007207428,0.99624145,0.0,438.0,250.26
15233.0,1,Low-Value / At-Risk,176.021981315481,0.9948598,0.0,218.0,59.400000000000006
15234.0,0,High-Value / Low-Risk,309.6833306338037,0.00557618,0.0,93.0,197.0
15235.0,0,High-Value / Low-Risk,1751.9588485840218,0.006272265,11.0,34.0,2937.81
15236.0,0,High-Value / Low-Risk,273.12921331343597,0.00557618,0.0,115.0,321.05
15237.0,0,High-Value / Low-Risk,707.9787794272996,0.0052788644,1.0,20.0,1093.6499999999999
15238.0,0,High-Value / Low-Risk,707.484602155113,0.00557618,0.0,1.0,300.14
15240.0,0,High-Value / Low-Risk,1002.1163815514494,0.0060853674,9.0,8.0,3798.79
15241.0,0,High-Value / Low-Risk,765.2919615971101,0.0068761637,6.0,0.0,2359.08
15242.0,1,Low-Value / At-Risk,164.13605406962557,0.9948598,0.0,239.0,302.04
15243.0,1,Low-Value / At-Risk,157.55133728654704,0.9948598,0.0,252.0,610.6
15244.0,0,High-Value / Low-Risk,184.77954191806649,0.020769272,1.0,65.0,578.45
15245.0,0,High-Value / Low-Risk,1284.6261960275342,0.006811805,6.0,4.0,3832.7200000000003
15246.0,0,High-Value / Low-Risk,321.83157994852553,0.014188772,2.0,55.0,780.4000000000001
15247.0,1,Low-Value / At-Risk,190.60138538789585,0.99558556,1.0,294.0,620.06
15248.0,1,Low-Value / At-Risk,317.64533489546005,0.98995507,2.0,228.0,1893.93
15249.0,0,High-Value / Low-Risk,1670.5549404358646,0.005971654,9.0,13.0,5418.91
15250.0,1,Low-Value / At-Risk,96.5263870821952,0.99624145,0.0,457.0,60.0
15251.0,0,High-Value / Low-Risk,4001.1996558085616,0.008547143,10.0,27.0,13935.27
15252.0,1,Low-Value / At-Risk,312.9981054530213,0.985906,2.0,238.0,1362.6299999999999
15253.0,1,Low-Value / At-Risk,322.3104482537503,0.98939425,2.0,220.0,1136.8899999999999
15254.0,1,Low-Value / At-Risk,139.0551667326248,0.99558556,1.0,363.0,787.99
15255.0,0,High-Value / Low-Risk,623.2397754161736,0.96707314,6.0,213.0,2838.57
15256.0,1,Low-Value / At-Risk,113.45697925516453,0.99624145,0.0,378.0,71.95
15257.0,0,High-Value / Low-Risk,335.09925933254164,0.018909086,1.0,100.0,685.9
15258.0,0,High-Value / Low-Risk,483.7500132841586,0.00557618,0.0,34.0,315.66
15259.0,1,Low-Value / At-Risk,264.43635283468166,0.99567163,2.0,329.0,1182.38
15260.0,0,High-Value / Low-Risk,2456.776872559057,0.008294194,17.0,3.0,8647.94
15261.0,1,Low-Value / At-Risk,269.3070788490042,0.98463875,2.0,198.0,1253.18
15262.0,1,Low-Value / At-Risk,272.0498402122478,0.98359215,2.0,140.0,418.82
15264.0,1,Low-Value / At-Risk,121.84480815308422,0.99624145,0.0,347.0,454.66
15265.0,0,High-Value / Low-Risk,642.6760232647745,0.015893774,2.0,52.0,2551.76
15266.0,1,Low-Value / At-Risk,276.3274249202336,0.9784772,4.0,155.0,852.21
15268.0,1,Low-Value / At-Risk,207.32163443565696,0.99503565,1.0,295.0,961.9000000000001
15269.0,1,Low-Value / At-Risk,290.81398812805884,0.9850655,1.0,197.0,816.56
15270.0,0,High-Value / Low-Risk,2015.1366120951827,0.005893099,11.0,55.0,7459.12
15271.0,0,High-Value / Low-Risk,1232.8966980145128,0.005846484,13.0,21.0,2938.08
15272.0,1,Low-Value / At-Risk,293.53453333260256,0.98975873,3.0,267.0,1363.54
15273.0,1,Low-Value / At-Risk,104.62900074632591,0.99624145,0.0,416.0,228.96
15276.0,1,Low-Value / At-Risk,195.2592120277043,0.98385274,1.0,211.0,514.22
15277.0,1,Low-Value / At-Risk,162.56804439486464,0.9948598,0.0,242.0,220.44
15278.0,1,Low-Value / At-Risk,135.1323749212044,0.99549735,1.0,378.0,496.15999999999997
15279.0,1,Low-Value / At-Risk,431.697985308443,0.9833234,4.0,171.0,1580.54
15280.0,1,Low-Value / At-Risk,145.56253536211324,0.99558556,1.0,305.0,293.1
15281.0,0,High-Value / Low-Risk,2562.9262793615244,0.0059161875,11.0,14.0,8138.83
15282.0,1,Low-Value / At-Risk,111.2340419517194,0.99624145,0.0,387.0,348.59
15283.0,1,Low-Value / At-Risk,153.30883972295752,0.99205196,2.0,207.0,148.32999999999998
15284.0,1,Low-Value / At-Risk,131.2353026720021,0.99624145,0.0,317.0,24.75
15285.0,1,Low-Value / At-Risk,172.45361658805996,0.9948598,0.0,224.0,94.92
15287.0,1,Low-Value / At-Risk,172.86667127276942,0.9843062,2.0,196.0,369.34000000000003
15288.0,0,High-Value / Low-Risk,982.489845657626,0.006811805,6.0,17.0,3191.76
15289.0,0,High-Value / Low-Risk,301.8334882176255,0.014846965,2.0,66.0,1028.76
15290.0,0,High-Value / Low-Risk,1497.6713938265611,0.005846484,14.0,20.0,4585.63
15291.0,0,High-Value / Low-Risk,2905.45828639657,0.0059138495,31.0,64.0,11812.85
15292.0,0,High-Value / Low-Risk,571.1737724672217,0.00557618,0.0,18.0,180.94
15293.0,1,Low-Value / At-Risk,92.1742421448822,0.99624145,0.0,482.0,247.5
15294.0,1,Low-Value / At-Risk,170.72323186225776,0.9948598,0.0,227.0,233.35
15295.0,1,Low-Value / At-Risk,94.03982686890134,0.99624145,0.0,471.0,217.24
15296.0,0,High-Value / Low-Risk,2290.4926049039805,0.010302936,6.0,0.0,8747.56
15298.0,0,High-Value / Low-Risk,1827.7972773600504,0.0057805316,15.0,4.0,6436.67
15299.0,0,High-Value / Low-Risk,1510.510030640517,0.010578251,4.0,80.0,5919.54
15301.0,0,High-Value / Low-Risk,2577.262205116661,0.0066748094,8.0,4.0,5309.0
15302.0,1,Low-Value / At-Risk,82.50341325632112,0.99624145,0.0,547.0,308.0
15303.0,0,High-Value / Low-Risk,351.54503622566807,0.014426548,2.0,107.0,1224.1799999999998
15304.0,0,High-Value / Low-Risk,492.1201141309707,0.0075337915,5.0,35.0,606.75
15305.0,1,Low-Value / At-Risk,114.98900693320218,0.99624145,0.0,372.0,93.6
15306.0,1,Low-Value / At-Risk,176.20986897215496,0.9951389,5.0,317.0,2310.38
15308.0,0,High-Value / Low-Risk,313.49965690860137,0.00557618,0.0,91.0,310.47
15309.0,1,Low-Value / At-Risk,79.30984736418065,0.99567163,3.0,427.0,797.96
15310.0,1,Low-Value / At-Risk,139.09787388907927,0.99624145,0.0,295.0,1634.64
15311.0,0,High-Value / Low-Risk,25173.21810266748,0.00626204,149.0,2.0,89434.37
15312.0,0,High-Value / Low-Risk,750.7401733476604,0.0061676037,9.0,32.0,2613.2400000000002
15314.0,0,High-Value / Low-Risk,376.25581755743167,0.009386261,2.0,16.0,820.4499999999999
15316.0,1,Low-Value / At-Risk,237.48397840959095,0.9944782,0.0,143.0,165.0
15317.0,1,Low-Value / At-Risk,90.22173619363836,0.99624145,0.0,494.0,129.75
15319.0,0,High-Value / Low-Risk,297.03060404482346,0.00557618,0.0,100.0,204.5
15321.0,0,High-Value / Low-Risk,1424.9803498671502,0.008914976,5.0,108.0,5120.89
15322.0,1,Low-Value / At-Risk,139.85968223292087,0.99624145,0.0,293.0,711.18
15323.0,1,Low-Value / At-Risk,117.49786115901506,0.99567163,2.0,379.0,434.6
15324.0,1,Low-Value / At-Risk,86.55491894037766,0.99624145,0.0,518.0,140.22000000000003
15325.0,1,Low-Value / At-Risk,376.996315682037,0.98614097,5.0,212.0,1439.72
15326.0,1,Low-Value / At-Risk,444.6413427375228,0.983303,4.0,150.0,1700.52
15328.0,1,Low-Value / At-Risk,172.45361658805996,0.9948598,0.0,224.0,107.24
15329.0,0,High-Value / Low-Risk,439.9288790524385,0.9761573,7.0,191.0,1934.63
15331.0,1,Low-Value / At-Risk,196.2704706592004,0.99524236,1.0,316.0,767.91
15332.0,0,High-Value / Low-Risk,1648.20497976752,0.979619,3.0,183.0,6553.74
15333.0,0,High-Value / Low-Risk,529.2934349831323,0.00557618,0.0,25.0,1028.56
15336.0,1,Low-Value / At-Risk,176.021981315481,0.9948598,0.0,218.0,240.5
15337.0,1,Low-Value / At-Risk,170.15414047373773,0.9948598,0.0,228.0,373.02
15338.0,1,Low-Value / At-Risk,90.22173619363836,0.99624145,0.0,494.0,283.43
15339.0,0,High-Value / Low-Risk,494.06308197924545,0.97690237,4.0,135.0,1511.67
15340.0,1,Low-Value / At-Risk,113.45697925516453,0.99624145,0.0,378.0,105.5
15341.0,1,Low-Value / At-Risk,151.02723451649956,0.9948598,0.0,266.0,382.2
15346.0,1,Low-Value / At-Risk,317.5231121692758,0.97992116,2.0,149.0,596.12
15347.0,1,Low-Value / At-Risk,374.60435763438625,0.98216623,3.0,183.0,1363.6000000000001
15349.0,0,High-Value / Low-Risk,678.8424512018684,0.00557618,0.0,4.0,366.11
15350.0,1,Low-Value / At-Risk,262.22805868350576,0.9846383,1.0,190.0,663.2500000000001
15351.0,1,Low-Value / At-Risk,514.591231340707,0.98196524,3.0,186.0,2052.85
15352.0,1,Low-Value / At-Risk,116.82954923390326,0.99624145,0.0,365.0,114.95
15353.0,0,High-Value / Low-Risk,862.9973824914947,0.0070047635,6.0,71.0,3175.95
15356.0,0,High-Value / Low-Risk,1118.9051282835762,0.007332376,7.0,35.0,1900.26
15358.0,0,High-Value / Low-Risk,3625.002126218066,0.00582535,21.0,24.0,13066.28
15359.0,1,Low-Value / At-Risk,8.176262524490474,0.99567163,3.0,479.0,181.35
15361.0,1,Low-Value / At-Risk,328.7695414355858,0.9775122,3.0,178.0,689.07
15362.0,1,Low-Value / At-Risk,155.5452877102528,0.98958033,1.0,265.0,613.0799999999999
15363.0,1,Low-Value / At-Risk,362.9098277500277,0.9884199,1.0,189.0,1004.11
15364.0,0,High-Value / Low-Risk,357.594012952969,0.00557618,0.0,71.0,331.80000000000007
15365.0,0,High-Value / Low-Risk,684.7426130145722,0.979924,3.0,132.0,2451.42
15366.0,0,High-Value / Low-Risk,521.108793413899,0.98179483,5.0,175.0,1892.11
15367.0,0,High-Value / Low-Risk,1133.426803745996,0.006734647,7.0,62.0,4619.92
15368.0,1,Low-Value / At-Risk,180.37667753007827,0.9948598,0.0,211.0,275.8
15369.0,1,Low-Value / At-Risk,383.4652631643167,0.99504685,7.0,309.0,6251.26
15370.0,0,High-Value / Low-Risk,817.0181493354688,0.010743212,3.0,20.0,2480.9
15371.0,1,Low-Value / At-Risk,92.67565287733976,0.99624145,0.0,479.0,59.400000000000006
15372.0,0,High-Value / Low-Risk,766.3316520064718,0.98092586,4.0,267.0,4009.66
15373.0,0,High-Value / Low-Risk,892.941591687562,0.0061729546,10.0,27.0,2197.23
15374.0,1,Low-Value / At-Risk,99.5343163546922,0.99624145,0.0,441.0,139.32
15375.0,1,Low-Value / At-Risk,88.19782259620533,0.99624145,0.0,507.0,60.959999999999994
15376.0,0,High-Value / Low-Risk,461.70131301169016,0.00557618,0.0,39.0,654.17
15377.0,1,Low-Value / At-Risk,411.57157624352897,0.98532134,2.0,199.0,1211.75
15378.0,1,Low-Value / At-Risk,154.4728770384664,0.99558556,1.0,279.0,246.5
15379.0,0,High-Value / Low-Risk,2283.370340817119,0.0071718893,6.0,3.0,4747.04
15380.0,0,High-Value / Low-Risk,499.2609455336817,0.977437,6.0,182.0,2018.9
15381.0,0,High-Value / Low-Risk,671.2777269441524,0.011131425,4.0,30.0,1890.57
15382.0,0,High-Value / Low-Risk,2360.1578435422957,0.0067854533,7.0,1.0,9904.96
15384.0,1,Low-Value / At-Risk,535.6865334721996,0.982239,2.0,176.0,1688.95
15385.0,1,Low-Value / At-Risk,178.3302813465428,0.9895321,1.0,209.0,625.2
15386.0,0,High-Value / Low-Risk,688.1257869048195,0.00557618,0.0,3.0,394.14
15387.0,1,Low-Value / At-Risk,133.98930040699992,0.99624145,0.0,309.0,468.65
15388.0,0,High-Value / Low-Risk,321.4228616227879,0.00557618,0.0,87.0,140.54
15389.0,1,Low-Value / At-Risk,440.9437409663032,0.9842427,3.0,217.0,2233.8
15390.0,1,Low-Value / At-Risk,284.35256298007175,0.9869025,1.0,213.0,1216.6599999999999
15391.0,1,Low-Value / At-Risk,107.94428565842304,0.99624145,0.0,401.0,289.87
15392.0,1,Low-Value / At-Risk,552.2000940805372,0.98295677,3.0,177.0,1715.0700000000002
15393.0,0,High-Value / Low-Risk,261.28757663270625,0.014352011,3.0,98.0,783.58
15394.0,0,High-Value / Low-Risk,1270.7564758226813,0.006734647,7.0,21.0,4539.7
15395.0,1,Low-Value / At-Risk,238.595630844801,0.9944782,0.0,142.0,107.45
15396.0,1,Low-Value / At-Risk,108.17279637896593,0.99624145,0.0,400.0,508.2000000000001
15397.0,1,Low-Value / At-Risk,286.9832829819896,0.00557618,0.0,106.0,94.0
15400.0,0,High-Value / Low-Risk,465.40385371704394,0.012640431,4.0,1.0,1044.9
15401.0,1,Low-Value / At-Risk,138.92162950308904,0.9885274,1.0,269.0,216.95000000000002
15402.0,0,High-Value / Low-Risk,503.9891636324254,0.01269674,4.0,13.0,1644.76
15403.0,1,Low-Value / At-Risk,107.20847981935516,0.99567163,1.0,308.0,170.88
15404.0,1,Low-Value / At-Risk,193.36326330895716,0.9948598,0.0,192.0,257.06
15405.0,0,High-Value / Low-Risk,237.63289941391497,0.020371089,1.0,6.0,659.84
15406.0,0,High-Value / Low-Risk,271.1961403209648,0.009959628,1.0,118.0,717.4499999999999
15407.0,0,High-Value / Low-Risk,791.1572964587136,0.009594094,2.0,0.0,740.73
15408.0,0,High-Value / Low-Risk,334.0917491963343,0.00557618,0.0,81.0,267.18
15409.0,1,Low-Value / At-Risk,83.71956856254864,0.99624145,0.0,538.0,131.25
15410.0,0,High-Value / Low-Risk,866.0595816964737,0.0073940805,5.0,20.0,3035.7700000000004
15413.0,1,Low-Value / At-Risk,24.552286373288055,0.99543214,4.0,508.0,6798.72
15414.0,1,Low-Value / At-Risk,390.59167249841784,0.00557618,0.0,59.0,36.2
15415.0,1,Low-Value / At-Risk,252.7981748944771,0.9936521,0.0,130.0,572.8100000000001
15416.0,0,High-Value / Low-Risk,799.4963742088307,0.011514183,3.0,56.0,2862.9300000000003
15418.0,1,Low-Value / At-Risk,183.40636068109131,0.98858184,1.0,242.0,452.32000000000005
15420.0,1,Low-Value / At-Risk,208.90958005112597,0.98682624,5.0,251.0,743.0
15421.0,0,High-Value / Low-Risk,1013.8411916421562,0.009232577,7.0,32.0,3594.34
15422.0,0,High-Value / Low-Risk,476.2258857848184,0.96854466,5.0,140.0,1619.97
15423.0,1,Low-Value / At-Risk,90.27791797860144,0.99558556,1.0,398.0,223.39
15424.0,0,High-Value / Low-Risk,320.52345580863874,0.011976966,1.0,71.0,597.78
15425.0,1,Low-Value / At-Risk,401.57968420224114,0.98950654,3.0,217.0,1944.5700000000002
15426.0,0,High-Value / Low-Risk,615.1151048045529,0.010134578,4.0,74.0,1830.98
15428.0,1,Low-Value / At-Risk,215.46993495402447,0.98473823,2.0,204.0,668.97
15430.0,1,Low-Value / At-Risk,147.99133081702686,0.99558556,1.0,284.0,954.75
15431.0,1,Low-Value / At-Risk,130.56442058680918,0.99624145,0.0,319.0,153.24
15432.0,1,Low-Value / At-Risk,118.73002478221022,0.99624145,0.0,358.0,149.57
15433.0,0,High-Value / Low-Risk,530.1556821869881,0.0052788644,1.0,30.0,533.3
15434.0,0,High-Value / Low-Risk,574.4299082798273,0.0070610195,6.0,17.0,1832.54
15436.0,0,High-Value / Low-Risk,416.2178530811047,0.00557618,0.0,51.0,489.05
15437.0,0,High-Value / Low-Risk,168.05540444541634,0.020919112,1.0,79.0,393.45
15439.0,1,Low-Value / At-Risk,242.97651996152968,0.9837946,2.0,221.0,1269.0500000000002
15440.0,0,High-Value / Low-Risk,529.2934349831323,0.00557618,0.0,25.0,125.8
15441.0,1,Low-Value / At-Risk,317.35178855223114,0.98422223,2.0,213.0,1254.21
15442.0,0,High-Value / Low-Risk,373.3614042124175,0.00557618,0.0,65.0,594.0
15443.0,0,High-Value / Low-Risk,661.531641638426,0.97923493,7.0,137.0,2376.73
15445.0,0,High-Value / Low-Risk,160.60668006859365,0.020275377,1.0,81.0,284.5
15446.0,1,Low-Value / At-Risk,168.86577719675992,0.985089,2.0,193.0,403.95000000000005
15447.0,1,Low-Value / At-Risk,240.20649665985223,0.98371917,3.0,147.0,492.88
15448.0,1,Low-Value / At-Risk,226.533374981603,0.9889959,1.0,129.0,788.81
15449.0,0,High-Value / Low-Risk,690.7516581742609,0.0052788644,1.0,2.0,647.7
15451.0,1,Low-Value / At-Risk,146.8947166035162,0.98846996,1.0,251.0,233.21
15452.0,0,High-Value / Low-Risk,408.4980941929117,0.0185251,3.0,81.0,1507.63
15453.0,0,High-Value / Low-Risk,678.8424512018684,0.00557618,0.0,4.0,197.09
15454.0,1,Low-Value / At-Risk,164.00655979602112,0.98831475,1.0,179.0,305.59
15455.0,1,Low-Value / At-Risk,105.05921558428976,0.99624145,0.0,414.0,38.25
15456.0,0,High-Value / Low-Risk,606.9635452904735,0.011645561,8.0,100.0,2119.27
15457.0,0,High-Value / Low-Risk,338.5406359180683,0.00557618,0.0,79.0,237.07
15458.0,1,Low-Value / At-Risk,175.4170165554215,0.9948598,0.0,219.0,208.8
15459.0,1,Low-Value / At-Risk,169.25542644152438,0.9885738,1.0,234.0,202.82999999999998
15460.0,1,Low-Value / At-Risk,210.08614149755212,0.9948598,0.0,171.0,216.76
15461.0,1,Low-Value / At-Risk,159.48239542736852,0.98858184,1.0,277.0,429.7
15462.0,0,High-Value / Low-Risk,230.1291572693445,0.018909086,1.0,4.0,607.45
15464.0,1,Low-Value / At-Risk,224.91124327221735,0.9948598,0.0,155.0,1048.85
15465.0,0,High-Value / Low-Risk,2831.8687071500817,0.0057805316,25.0,50.0,10464.49
15466.0,1,Low-Value / At-Risk,212.76390189092655,0.98853326,2.0,206.0,1236.48
15468.0,1,Low-Value / At-Risk,181.66080636263035,0.9948598,0.0,209.0,962.97
15469.0,1,Low-Value / At-Risk,156.10623240283596,0.9948598,0.0,255.0,335.7
15470.0,1,Low-Value / At-Risk,110.03633983282542,0.99624145,0.0,392.0,63.419999999999995
15471.0,1,Low-Value / At-Risk,299.798653570623,0.98831475,1.0,197.0,847.08
15473.0,1,Low-Value / At-Risk,153.2942268586607,0.9948598,0.0,261.0,274.8
15474.0,1,Low-Value / At-Risk,105.49298558634209,0.99624145,0.0,412.0,163.1
15476.0,1,Low-Value / At-Risk,595.6428700146081,0.98349607,2.0,197.0,2209.9799999999996
15477.0,1,Low-Value / At-Risk,94.91303192494316,0.99624145,0.0,466.0,368.4
15478.0,1,Low-Value / At-Risk,110.03633983282542,0.99624145,0.0,392.0,541.06
15479.0,1,Low-Value / At-Risk,82.10584582986142,0.99624145,0.0,550.0,147.4
15480.0,1,Low-Value / At-Risk,512.5637678702583,0.99567163,1.0,286.0,2686.75
15481.0,1,Low-Value / At-Risk,176.021981315481,0.9948598,0.0,218.0,1993.34
15482.0,0,High-Value / Low-Risk,1373.4720319146495,0.0074197496,8.0,67.0,4975.04
15483.0,0,High-Value / Low-Risk,276.97358915544066,0.0104114385,4.0,83.0,736.1
15484.0,1,Low-Value / At-Risk,159.46910482703493,0.99567163,1.0,357.0,1061.69
15485.0,0,High-Value / Low-Risk,966.992564832248,0.9799748,4.0,153.0,4475.14
15486.0,1,Low-Value / At-Risk,122.7228898340449,0.99624145,0.0,344.0,102.0
15487.0,1,Low-Value / At-Risk,89.90433684501849,0.99624145,0.0,496.0,231.32
15488.0,1,Low-Value / At-Risk,147.88480566086494,0.9814177,3.0,273.0,340.59999999999997
15489.0,0,High-Value / Low-Risk,521.7751991989339,0.0076321815,5.0,28.0,1633.5900000000001
15490.0,1,Low-Value / At-Risk,160.02032321193255,0.9948598,0.0,247.0,217.6
15491.0,0,High-Value / Low-Risk,1149.8247981610727,0.005342379,1.0,35.0,1644.92
15493.0,0,High-Value / Low-Risk,961.0496973262676,0.0072584297,5.0,66.0,3255.94
15494.0,1,Low-Value / At-Risk,419.33079772917387,0.9949321,2.0,295.0,2480.8199999999997
15495.0,1,Low-Value / At-Risk,190.475863355498,0.9948598,0.0,196.0,246.5
15496.0,1,Low-Value / At-Risk,98.19557573887936,0.99624145,0.0,448.0,146.14
15497.0,0,High-Value / Low-Risk,2125.093390584179,0.9798707,7.0,136.0,8365.789999999999
15498.0,0,High-Value / Low-Risk,4795.047374388236,0.0057805316,22.0,6.0,19866.03
15499.0,1,Low-Value / At-Risk,83.44622194255159,0.99624145,0.0,540.0,161.6
15501.0,1,Low-Value / At-Risk,202.12248177138616,0.9876917,1.0,221.0,402.5
15502.0,0,High-Value / Low-Risk,1729.291018631489,0.0089891115,4.0,92.0,6249.0
15503.0,1,Low-Value / At-Risk,130.16417452366568,0.9892971,1.0,179.0,267.15
15504.0,1,Low-Value / At-Risk,127.74265768466148,0.99567163,2.0,337.0,359.77
15506.0,1,Low-Value / At-Risk,427.9576564040316,0.98466957,2.0,198.0,1060.77
15508.0,0,High-Value / Low-Risk,1417.9913814211009,0.0055754976,3.0,6.0,1000.27
15509.0,1,Low-Value / At-Risk,189.76746307932055,0.9948598,0.0,197.0,166.51
15510.0,1,Low-Value / At-Risk,233.13932986862616,0.9948598,0.0,147.0,250.0
15512.0,1,Low-Value / At-Risk,181.9390269462104,0.98399484,2.0,176.0,311.78000000000003
15513.0,0,High-Value / Low-Risk,5388.536205114949,0.0057805316,20.0,16.0,19061.79
15514.0,0,High-Value / Low-Risk,1324.772252739249,0.0059375954,10.0,42.0,5017.25
15515.0,1,Low-Value / At-Risk,184.95272272889355,0.9948598,0.0,204.0,171.81
15517.0,0,High-Value / Low-Risk,419.66098580156967,0.00557618,0.0,50.0,267.03
15518.0,0,High-Value / Low-Risk,956.079625977007,0.006880212,9.0,32.0,3264.06
15519.0,1,Low-Value / At-Risk,228.5854120092393,0.9876917,1.0,200.0,344.61
15521.0,0,High-Value / Low-Risk,1599.1631763536125,0.0065561603,8.0,29.0,5763.67
15523.0,0,High-Value / Low-Risk,1330.3283168742323,0.96032906,13.0,205.0,16947.98
15524.0,1,Low-Value / At-Risk,103.1506232336896,0.99624145,0.0,423.0,151.4
15525.0,1,Low-Value / At-Risk,413.45374308875665,0.9838704,1.0,190.0,783.71
15527.0,0,High-Value / Low-Risk,1159.584263448292,0.007295581,13.0,36.0,4045.05
15528.0,0,High-Value / Low-Risk,357.594012952969,0.00557618,0.0,71.0,229.33
15529.0,0,High-Value / Low-Risk,1537.434489593871,0.007917132,7.0,27.0,3046.38
15530.0,0,High-Value / Low-Risk,340.4774471469434,0.019909555,1.0,63.0,864.5
15532.0,0,High-Value / Low-Risk,622.9457343008886,0.9715949,6.0,175.0,2535.5699999999997
15534.0,1,Low-Value / At-Risk,83.17465535004465,0.99624145,0.0,542.0,162.25
15535.0,0,High-Value / Low-Risk,536.1332860956993,0.010781862,3.0,53.0,962.8100000000001
15536.0,1,Low-Value / At-Risk,171.29614907936426,0.9948598,0.0,226.0,259.09
15538.0,1,Low-Value / At-Risk,110.18979441158662,0.9951389,5.0,354.0,3358.4
15540.0,1,Low-Value / At-Risk,193.36326330895716,0.9948598,0.0,192.0,247.38
15542.0,1,Low-Value / At-Risk,164.30660795159443,0.9946694,1.0,329.0,918.45
15543.0,0,High-Value / Low-Risk,221.693950270125,0.019160364,1.0,105.0,242.84
15544.0,0,High-Value / Low-Risk,1901.181706928916,0.007295581,14.0,28.0,6375.1900000000005
15545.0,1,Low-Value / At-Risk,196.3397337607527,0.9948598,0.0,188.0,270.65999999999997
15546.0,1,Low-Value / At-Risk,103.1506232336896,0.99624145,0.0,423.0,1079.1000000000001
15547.0,0,High-Value / Low-Risk,2027.878237429857,0.0057805316,16.0,11.0,7549.68
15548.0,1,Low-Value / At-Risk,105.49298558634209,0.99624145,0.0,412.0,158.09
15549.0,0,High-Value / Low-Risk,462.63371771581205,0.9697165,5.0,133.0,1594.8
15550.0,0,High-Value / Low-Risk,519.1889063764045,0.007084585,6.0,118.0,1781.07
15551.0,1,Low-Value / At-Risk,393.8154965606915,0.9798456,3.0,211.0,1274.02
15552.0,0,High-Value / Low-Risk,145.69297110338294,0.020275377,1.0,34.0,252.52
15554.0,0,High-Value / Low-Risk,307.8099372780743,0.00557618,0.0,94.0,217.2
15555.0,0,High-Value / Low-Risk,2393.7565612854064,0.006660206,21.0,7.0,9082.29
15558.0,1,Low-Value / At-Risk,96.7090430407844,0.99624145,0.0,456.0,214.13
15559.0,1,Low-Value / At-Risk,111.7204611678046,0.99624145,0.0,385.0,1109.4
15560.0,1,Low-Value / At-Risk,178.48422621859189,0.9947978,0.0,214.0,153.51999999999998
15561.0,0,High-Value / Low-Risk,437.4598915267975,0.013450022,4.0,32.0,1399.55
15562.0,1,Low-Value / At-Risk,178.63749620918574,0.9848231,2.0,168.0,673.3800000000001
15563.0,0,High-Value / Low-Risk,625.5566879647097,0.015111164,4.0,17.0,2202.18
15564.0,1,Low-Value / At-Risk,108.76523599230914,0.99580425,1.0,280.0,70.74000000000001
15566.0,1,Low-Value / At-Risk,116.92697053984706,0.9892461,1.0,209.0,227.87
15569.0,0,High-Value / Low-Risk,733.727315870578,0.9761727,5.0,149.0,2499.14
15570.0,0,High-Value / Low-Risk,2475.112515011999,0.0057805316,18.0,23.0,7670.94
15571.0,0,High-Value / Low-Risk,692.1568805508064,0.9651393,8.0,203.0,3401.2
15572.0,0,High-Value / Low-Risk,790.2145768080926,0.009606467,4.0,65.0,2391.85
15573.0,1,Low-Value / At-Risk,97.758228468019,0.99567163,2.0,435.0,599.73
15574.0,1,Low-Value / At-Risk,560.8588191499872,0.98193294,3.0,175.0,1406.6
15575.0,1,Low-Value / At-Risk,100.51314373266484,0.99624145,0.0,436.0,30.1
15577.0,1,Low-Value / At-Risk,118.21725023759852,0.991323,2.0,122.0,168.75
15579.0,1,Low-Value / At-Risk,390.3340851606203,0.98058206,3.0,130.0,1153.5
15580.0,1,Low-Value / At-Risk,363.6364912041002,0.97301054,7.0,193.0,1381.19
15581.0,0,High-Value / Low-Risk,1254.2087249488134,0.011249837,23.0,43.0,4732.68
15582.0,0,High-Value / Low-Risk,470.2734103555939,0.00557618,0.0,37.0,303.61
15583.0,1,Low-Value / At-Risk,192.63322117817592,0.9948598,0.0,193.0,107.86
15584.0,1,Low-Value / At-Risk,151.34225171190877,0.9895321,1.0,216.0,552.39
15586.0,1,Low-Value / At-Risk,125.74959110048736,0.99567163,2.0,409.0,1139.1000000000001
15587.0,1,Low-Value / At-Risk,410.6327186813793,0.98168635,3.0,168.0,953.2800000000001
15588.0,1,Low-Value / At-Risk,90.22173619363836,0.99624145,0.0,494.0,579.6
15589.0,0,High-Value / Low-Risk,489.80730911645406,0.009697256,1.0,72.0,478.53
15590.0,1,Low-Value / At-Risk,425.3768633118782,0.97814494,3.0,199.0,1496.6
15591.0,1,Low-Value / At-Risk,84.61293600140111,0.99567163,2.0,399.0,217.9
15594.0,0,High-Value / Low-Risk,416.2178530811047,0.00557618,0.0,51.0,267.91
15595.0,1,Low-Value / At-Risk,135.77009302145007,0.99624145,0.0,304.0,357.6
15596.0,0,High-Value / Low-Risk,1256.3097410098244,0.007332376,7.0,31.0,3113.14
15597.0,1,Low-Value / At-Risk,110.03633983282542,0.99624145,0.0,392.0,238.8
15598.0,1,Low-Value / At-Risk,161.53926786278942,0.9948598,0.0,244.0,307.34
15599.0,0,High-Value / Low-Risk,369.8360818353345,0.018909086,1.0,21.0,937.15
15600.0,1,Low-Value / At-Risk,312.2662212276931,0.98659736,3.0,245.0,1199.31
15601.0,0,High-Value / Low-Risk,3683.6143801970256,0.0057805316,21.0,20.0,12932.15
15602.0,0,High-Value / Low-Risk,723.1116027454412,0.0060053263,11.0,17.0,2475.59
15603.0,1,Low-Value / At-Risk,95.089623713985,0.99624145,0.0,465.0,40.0
15605.0,0,High-Value / Low-Risk,485.41075691091504,0.0070085856,6.0,69.0,1428.75
15606.0,0,High-Value / Low-Risk,1345.3045960853594,0.005846484,13.0,39.0,4137.18
15607.0,0,High-Value / Low-Risk,430.38947197084445,0.98511744,8.0,153.0,1708.97
15608.0,1,Low-Value / At-Risk,167.91527582129314,0.9948598,0.0,232.0,692.3
15609.0,0,High-Value / Low-Risk,707.484602155113,0.00557618,0.0,1.0,298.48
15611.0,0,High-Value / Low-Risk,634.0117005026906,0.00766458,15.0,8.0,1837.93
15613.0,1,Low-Value / At-Risk,102.32445638175244,0.99624145,0.0,427.0,433.72
15614.0,1,Low-Value / At-Risk,557.6503076814699,0.98558235,2.0,254.0,3147.36
15615.0,0,High-Value / Low-Risk,4470.99523012861,0.0059138495,29.0,0.0,16196.19
15616.0,1,Low-Value / At-Risk,156.10623240283596,0.9948598,0.0,255.0,317.11
15617.0,1,Low-Value / At-Risk,325.1200200831302,0.98324513,2.0,213.0,828.55
15620.0,0,High-Value / Low-Risk,656.4208851712557,0.010764528,2.0,37.0,1264.19
15622.0,0,High-Value / Low-Risk,1786.2554247375122,0.0075645475,7.0,14.0,6745.05
15623.0,1,Low-Value / At-Risk,475.65409842587655,0.9890259,6.0,210.0,2136.02
15624.0,0,High-Value / Low-Risk,541.9914221213504,0.0052788644,1.0,23.0,311.4
15625.0,0,High-Value / Low-Risk,865.4800935598215,0.007144047,5.0,52.0,2397.47
15626.0,1,Low-Value / At-Risk,299.66038939103095,0.9876917,1.0,146.0,673.6
15627.0,1,Low-Value / At-Risk,198.0447424697744,0.98888373,1.0,274.0,566.9000000000001
15628.0,0,High-Value / Low-Risk,968.833626813132,0.0061287414,9.0,72.0,3473.03
15629.0,1,Low-Value / At-Risk,356.89776340617215,0.98939425,2.0,267.0,2240.9
15630.0,0,High-Value / Low-Risk,219.259745423073,0.019909555,1.0,21.0,691.9100000000001
15631.0,1,Low-Value / At-Risk,96.16313858594536,0.99624145,0.0,459.0,596.67
15632.0,0,High-Value / Low-Risk,1137.9459013402798,0.005222459,2.0,42.0,1242.5
15633.0,1,Low-Value / At-Risk,8.117363999860647,0.99405956,12.0,326.0,4352.46
15634.0,1,Low-Value / At-Risk,187.67358835874592,0.9948598,0.0,200.0,311.1
15635.0,1,Low-Value / At-Risk,179.7414091935839,0.9948598,0.0,212.0,100.35
15636.0,0,High-Value / Low-Risk,345.8079508470756,0.016025223,2.0,99.0,1026.52
15637.0,1,Low-Value / At-Risk,166.41285465244565,0.98998696,3.0,230.0,574.23
15638.0,0,High-Value / Low-Risk,651.8242127721296,0.9760636,4.0,195.0,2265.2
15639.0,1,Low-Value / At-Risk,173.29245602274852,0.98888373,1.0,268.0,639.76
15640.0,0,High-Value / Low-Risk,4834.026245038695,0.0057805316,17.0,2.0,18187.34
15641.0,0,High-Value / Low-Risk,1330.458264664163,0.006119883,10.0,77.0,4763.7300000000005
15642.0,1,Low-Value / At-Risk,82.63679311772971,0.99624145,0.0,546.0,105.78000000000002
15643.0,0,High-Value / Low-Risk,624.3767272810637,0.004696065,1.0,8.0,664.0
15644.0,0,High-Value / Low-Risk,530.5470633662844,0.0052788644,1.0,73.0,423.19
15645.0,1,Low-Value / At-Risk,146.342527404241,0.993755,1.0,231.0,443.15999999999997
15646.0,0,High-Value / Low-Risk,615.5176183969005,0.007736783,3.0,63.0,867.01
15647.0,1,Low-Value / At-Risk,167.91527582129314,0.9948598,0.0,232.0,169.0
15648.0,0,High-Value / Low-Risk,690.0504544255452,0.0052788644,1.0,21.0,657.35
15649.0,0,High-Value / Low-Risk,743.5151392696567,0.98012376,3.0,153.0,2170.35
15650.0,1,Low-Value / At-Risk,140.4708246986201,0.99558556,1.0,338.0,553.88
15651.0,0,High-Value / Low-Risk,303.5799303313706,0.016958572,2.0,77.0,840.0799999999999
15652.0,1,Low-Value / At-Risk,389.4120871858516,0.98213434,3.0,204.0,1082.6
15655.0,0,High-Value / Low-Risk,387.6097621402632,0.00557618,0.0,60.0,560.67
15656.0,0,High-Value / Low-Risk,401.7875522563832,0.0052788644,1.0,37.0,306.86
15658.0,0,High-Value / Low-Risk,680.9204234242618,0.00686279,7.0,7.0,2423.47
15659.0,1,Low-Value / At-Risk,137.84087065025346,0.98869306,1.0,203.0,226.04
15660.0,0,High-Value / Low-Risk,682.9108844845147,0.0068690586,8.0,21.0,1951.15
15661.0,0,High-Value / Low-Risk,397.03715322724554,0.9716584,7.0,134.0,1215.9499999999998
15662.0,1,Low-Value / At-Risk,93.74463187637978,0.99567163,1.0,478.0,283.73
15664.0,1,Low-Value / At-Risk,213.90583561722283,0.9874472,2.0,266.0,845.1
15665.0,0,High-Value / Low-Risk,913.3044613816704,0.010720997,3.0,60.0,3249.33
15666.0,1,Low-Value / At-Risk,166.9133987404445,0.99558556,1.0,289.0,632.94
15668.0,0,High-Value / Low-Risk,483.7500132841586,0.00557618,0.0,34.0,76.32000000000001
15669.0,0,High-Value / Low-Risk,336.30141334578883,0.00557618,0.0,80.0,198.8
15670.0,0,High-Value / Low-Risk,188.63288690922553,0.020371089,1.0,113.0,325.20000000000005
15671.0,0,High-Value / Low-Risk,969.1474049965602,0.0052852985,2.0,59.0,1033.13
15672.0,1,Low-Value / At-Risk,83.17465535004465,0.99624145,0.0,542.0,45.3
15673.0,0,High-Value / Low-Risk,1514.4094025506472,0.008936604,6.0,31.0,5319.5
15674.0,0,High-Value / Low-Risk,1501.3460799495874,0.008608155,10.0,32.0,5546.58
15675.0,0,High-Value / Low-Risk,224.29998070648708,0.017137278,1.0,97.0,263.35
15676.0,0,High-Value / Low-Risk,297.03060404482346,0.00557618,0.0,100.0,897.8
15677.0,1,Low-Value / At-Risk,234.26667338026664,0.9889839,1.0,238.0,648.4
15678.0,1,Low-Value / At-Risk,380.9573894917167,0.98858184,1.0,212.0,1541.19
15680.0,0,High-Value / Low-Risk,826.9730464963851,0.9739707,7.0,183.0,3652.79
15681.0,0,High-Value / Low-Risk,658.9890091429357,0.0067709307,6.0,97.0,1909.22
15682.0,1,Low-Value / At-Risk,113.60819618742514,0.99567163,1.0,416.0,318.24
15683.0,1,Low-Value / At-Risk,141.01818939513575,0.99624145,0.0,290.0,330.79
15684.0,1,Low-Value / At-Risk,93.09280380564611,0.9961683,2.0,364.0,173.95
15685.0,1,Low-Value / At-Risk,150.58186917679438,0.9948598,0.0,267.0,55.98
15686.0,1,Low-Value / At-Risk,165.19833336959886,0.9948598,0.0,237.0,90.0
15687.0,0,High-Value / Low-Risk,1291.5162018240433,0.009367056,4.0,3.0,1679.45
15688.0,1,Low-Value / At-Risk,166.2744741554259,0.9948598,0.0,235.0,190.57
15689.0,1,Low-Value / At-Risk,144.77974595146236,0.9885274,1.0,178.0,370.43
15691.0,0,High-Value / Low-Risk,214.02187237957276,0.020915207,3.0,69.0,571.3
15693.0,1,Low-Value / At-Risk,93.18255188617562,0.99624145,0.0,476.0,37.5
15694.0,0,High-Value / Low-Risk,2057.888489068991,0.0057805316,16.0,4.0,7318.11
15695.0,0,High-Value / Low-Risk,319.40710259799715,0.015306154,2.0,83.0,1131.04
15696.0,0,High-Value / Low-Risk,905.5302789906424,0.0059603285,10.0,37.0,2808.01
15697.0,1,Low-Value / At-Risk,88.35027713873045,0.99624145,0.0,506.0,246.75
15698.0,1,Low-Value / At-Risk,99.5343163546922,0.99624145,0.0,441.0,46.2
15702.0,1,Low-Value / At-Risk,139.85968223292087,0.99624145,0.0,293.0,112.57
15703.0,0,High-Value / Low-Risk,334.0917491963343,0.00557618,0.0,81.0,211.5
15704.0,0,High-Value / Low-Risk,874.2739319642608,0.010511183,3.0,4.0,3031.66
15705.0,0,High-Value / Low-Risk,571.1737724672217,0.00557618,0.0,18.0,143.1
15708.0,0,High-Value / Low-Risk,1620.4022299037465,0.008116735,6.0,39.0,3082.78
15709.0,0,High-Value / Low-Risk,165.65246806175583,0.020275377,1.0,100.0,327.85
15710.0,1,Low-Value / At-Risk,166.81782778585148,0.9948598,0.0,234.0,898.87
15711.0,1,Low-Value / At-Risk,150.55099942574964,0.99567163,1.0,373.0,420.25
15712.0,0,High-Value / Low-Risk,733.981142857579,0.0077946917,7.0,104.0,2699.85
15713.0,1,Low-Value / At-Risk,240.33096347383884,0.985089,2.0,183.0,825.24
15714.0,1,Low-Value / At-Risk,152.28300843306485,0.9864515,2.0,270.0,453.93
15715.0,1,Low-Value / At-Risk,98.4015903104442,0.99558556,2.0,372.0,658.02
15716.0,0,High-Value / Low-Risk,833.3934586200767,0.0063645327,9.0,18.0,2837.92
15717.0,0,High-Value / Low-Risk,323.6747782934294,0.009809164,4.0,51.0,607.0
15718.0,1,Low-Value / At-Risk,119.0065850306577,0.99624145,0.0,357.0,293.79
15719.0,0,High-Value / Low-Risk,2123.537743858827,0.005981314,24.0,16.0,7606.77
15720.0,1,Low-Value / At-Risk,116.29768986109048,0.99624145,0.0,367.0,143.19
15722.0,0,High-Value / Low-Risk,1175.5402361647134,0.00886933,6.0,4.0,3806.19
15723.0,1,Low-Value / At-Risk,339.90156818791047,0.9798456,3.0,181.0,947.65
15724.0,0,High-Value / Low-Risk,345.4395176327763,0.012195213,2.0,18.0,310.85
15726.0,1,Low-Value / At-Risk,182.9633840402838,0.9948598,0.0,207.0,321.91
15727.0,0,High-Value / Low-Risk,2069.1264628411113,0.005893099,10.0,15.0,7517.42
15728.0,1,Low-Value / At-Risk,266.7586907797783,0.9876917,1.0,196.0,544.6
15729.0,0,High-Value / Low-Risk,289.45924381819003,0.009261811,2.0,29.0,192.55
15730.0,0,High-Value / Low-Risk,574.2818760878451,0.009519855,2.0,23.0,1073.13
15731.0,1,Low-Value / At-Risk,115.50892671156778,0.99624145,0.0,370.0,125.3
15732.0,0,High-Value / Low-Risk,563.9244559423098,0.010796702,8.0,29.0,1682.07
15733.0,1,Low-Value / At-Risk,298.7742221842272,0.00557618,0.0,99.0,162.3
15734.0,0,High-Value / Low-Risk,562.9896688903121,0.013386115,2.0,17.0,1502.5000000000002
15735.0,1,Low-Value / At-Risk,164.6654778492404,0.9948598,0.0,238.0,327.68
15736.0,1,Low-Value / At-Risk,157.55133728654704,0.9947978,0.0,252.0,1815.72
15737.0,0,High-Value / Low-Risk,802.4472379827172,0.0050825486,2.0,3.0,729.73
15738.0,0,High-Value / Low-Risk,3300.956711406286,0.007360089,30.0,0.0,11489.61
15741.0,1,Low-Value / At-Risk,144.7667696998639,0.9879637,1.0,275.0,208.62
15742.0,1,Low-Value / At-Risk,100.51314373266484,0.99624145,0.0,436.0,156.87
15743.0,0,High-Value / Low-Risk,707.484602155113,0.00557618,0.0,1.0,322.55
15745.0,0,High-Value / Low-Risk,409.4993172816693,0.00557618,0.0,53.0,302.85
15747.0,1,Low-Value / At-Risk,430.5672383588913,0.9755703,5.0,192.0,1588.57
15748.0,1,Low-Value / At-Risk,151.02723451649956,0.9947978,0.0,266.0,465.45
15749.0,0,High-Value / Low-Risk,13298.646735031203,0.008546682,1.0,52.0,44534.3
15750.0,0,High-Value / Low-Risk,1305.4235382516151,0.0059375954,11.0,100.0,4944.28
15751.0,1,Low-Value / At-Risk,210.4629151599126,0.98807436,6.0,277.0,1380.44
15752.0,0,High-Value / Low-Risk,1087.4605034563433,0.010829926,4.0,66.0,2615.34
15753.0,1,Low-Value / At-Risk,264.61537813972967,0.99070215,0.0,121.0,79.2
15754.0,0,High-Value / Low-Risk,505.36903759502985,0.01723844,6.0,63.0,2670.8399999999997
15755.0,0,High-Value / Low-Risk,1178.211675733833,0.009157128,12.0,52.0,4249.6
15756.0,0,High-Value / Low-Risk,562.9447986946547,0.0052788644,1.0,30.0,249.12
15757.0,0,High-Value / Low-Risk,875.8993084056168,0.009002229,4.0,34.0,2487.3
15759.0,0,High-Value / Low-Risk,303.4963708497984,0.014874286,6.0,35.0,830.9300000000001
15761.0,1,Low-Value / At-Risk,154.22022183002937,0.9948598,0.0,259.0,143.05
15764.0,0,High-Value / Low-Risk,1064.6952951574915,0.009215076,3.0,1.0,2917.63
15765.0,1,Low-Value / At-Risk,92.00830946476565,0.99624145,0.0,483.0,370.63
15766.0,1,Low-Value / At-Risk,170.02459051273743,0.9889959,1.0,273.0,516.0
15768.0,0,High-Value / Low-Risk,4279.393033375695,0.018334864,31.0,20.0,15458.41
15769.0,0,High-Value / Low-Risk,16584.465070166014,0.0059138495,29.0,14.0,60341.32
15770.0,1,Low-Value / At-Risk,101.91631938046234,0.99624145,0.0,429.0,321.45
15771.0,1,Low-Value / At-Risk,138.3720415918632,0.99567163,2.0,421.0,1006.54
15772.0,1,Low-Value / At-Risk,166.2744741554259,0.9948598,0.0,235.0,280.88
15773.0,1,Low-Value / At-Risk,171.29614907936426,0.9948598,0.0,226.0,138.84
15774.0,1,Low-Value / At-Risk,285.6228914123545,0.98867387,4.0,235.0,1057.8899999999999
15775.0,0,High-Value / Low-Risk,146.58522270347578,0.019147266,1.0,62.0,150.5
15777.0,0,High-Value / Low-Risk,767.8896797931994,0.007214896,5.0,58.0,1762.61
15778.0,1,Low-Value / At-Risk,159.52034561573055,0.9948598,0.0,248.0,307.95
15779.0,1,Low-Value / At-Risk,133.6857633418825,0.99558556,1.0,280.0,124.08
15780.0,0,High-Value / Low-Risk,456.5384028423754,0.010324293,2.0,0.0,475.28000000000003
15781.0,1,Low-Value / At-Risk,263.2479048558397,0.99070215,0.0,122.0,83.35
15782.0,1,Low-Value / At-Risk,160.02032321193255,0.9948598,0.0,247.0,1399.36
15784.0,1,Low-Value / At-Risk,185.96771135614668,0.99567163,1.0,284.0,848.3299999999999
15785.0,0,High-Value / Low-Risk,1400.851926689624,0.0060596243,9.0,14.0,4971.36
15786.0,1,Low-Value / At-Risk,643.4654431598775,0.98888373,1.0,234.0,3582.62
15788.0,1,Low-Value / At-Risk,128.59234953854912,0.99624145,0.0,325.0,221.83
15789.0,0,High-Value / Low-Risk,553.2548780028806,0.98827213,4.0,175.0,1962.01
15791.0,0,High-Value / Low-Risk,987.8923187028804,0.0122014405,3.0,21.0,3218.89
15792.0,1,Low-Value / At-Risk,231.17298750443595,0.98888373,1.0,216.0,933.8399999999999
15793.0,0,High-Value / Low-Risk,482.4709230163678,0.008149952,5.0,85.0,1740.6000000000001
15794.0,1,Low-Value / At-Risk,43.32409956951662,0.99567163,1.0,553.0,777.0
15795.0,1,Low-Value / At-Risk,324.2326332993915,0.98356783,5.0,247.0,1369.8600000000001
15796.0,0,High-Value / Low-Risk,1343.7697895661072,0.005846484,12.0,4.0,3713.19
15797.0,0,High-Value / Low-Risk,706.481454869919,0.011514183,3.0,31.0,2438.88
15798.0,1,Low-Value / At-Risk,339.92668321612996,0.9954541,2.0,309.0,1535.37
15799.0,0,High-Value / Low-Risk,455.1210951443072,0.012570967,2.0,2.0,1021.39
15800.0,0,High-Value / Low-Risk,254.74977533250097,0.013709471,2.0,63.0,788.0
15803.0,1,Low-Value / At-Risk,313.6982128715869,0.98505545,2.0,262.0,1513.84
15804.0,0,High-Value / Low-Risk,591.2427044032949,0.00557618,0.0,15.0,525.36
15805.0,0,High-Value / Low-Risk,1989.9179656277663,0.0057805316,14.0,2.0,7365.17
15806.0,0,High-Value / Low-Risk,309.6833306338037,0.00557618,0.0,93.0,300.36
15807.0,1,Low-Value / At-Risk,225.3628184062374,0.98880273,1.0,225.0,913.62
15808.0,0,High-Value / Low-Risk,3016.0648018705288,0.972976,20.0,123.0,18409.93
15809.0,0,High-Value / Low-Risk,553.6916273249683,0.007214896,5.0,1.0,1157.8799999999999
15810.0,0,High-Value / Low-Risk,744.4664668153473,0.0073981555,5.0,49.0,2461.1800000000003
15811.0,0,High-Value / Low-Risk,1160.448548874176,0.008893583,4.0,22.0,2873.14
15812.0,0,High-Value / Low-Risk,1270.4221092297455,0.010809986,9.0,6.0,4454.55
15813.0,0,High-Value / Low-Risk,1037.698343329232,0.0052788644,1.0,24.0,1303.9099999999999
15814.0,1,Low-Value / At-Risk,221.94296884793937,0.98831475,1.0,210.0,689.1099999999999
15815.0,0,High-Value / Low-Risk,1388.401750504876,0.0052852985,2.0,29.0,1394.08
15816.0,1,Low-Value / At-Risk,118.45474810965052,0.99624145,0.0,359.0,144.15
15817.0,1,Low-Value / At-Risk,631.022609916565,0.9894599,2.0,237.0,2766.3999999999996
15818.0,1,Low-Value / At-Risk,107.03982352632462,0.99624145,0.0,405.0,340.5
15819.0,0,High-Value / Low-Risk,978.8566401774176,0.0072690407,5.0,16.0,3206.48
15820.0,1,Low-Value / At-Risk,245.49106678630957,0.9944782,0.0,136.0,206.98
15822.0,1,Low-Value / At-Risk,325.0172916790494,0.98652333,4.0,176.0,1394.79
15823.0,1,Low-Value / At-Risk,42.42355833565064,0.99567163,1.0,546.0,3867.17
15824.0,1,Low-Value / At-Risk,255.3054859169564,0.98858184,1.0,270.0,890.94
15826.0,0,High-Value / Low-Risk,351.93866507228415,0.020919112,1.0,27.0,1663.97
15827.0,0,High-Value / Low-Risk,895.8663068187394,0.005970247,17.0,32.0,2869.67
15828.0,1,Low-Value / At-Risk,193.36326330895716,0.9948598,0.0,192.0,1108.82
15831.0,1,Low-Value / At-Risk,239.7177685634355,0.9944782,0.0,141.0,309.94
15832.0,0,High-Value / Low-Risk,357.594012952969,0.00557618,0.0,71.0,836.79
15833.0,1,Low-Value / At-Risk,81.58168092914649,0.99624145,0.0,554.0,80.4
15834.0,0,High-Value / Low-Risk,963.9366605533156,0.011455916,2.0,94.0,2818.1099999999997
15835.0,0,High-Value / Low-Risk,383.0017370989582,0.011584109,1.0,77.0,488.31
15837.0,1,Low-Value / At-Risk,136.49575011052303,0.99624145,0.0,302.0,385.03
15838.0,0,High-Value / Low-Risk,13755.16234423412,0.0057805316,20.0,7.0,48728.799999999996
15841.0,0,High-Value / Low-Risk,608.4401669724632,0.007031554,6.0,35.0,2131.61
15842.0,1,Low-Value / At-Risk,248.72466865284872,0.98831475,1.0,210.0,548.8
15843.0,1,Low-Value / At-Risk,265.9971790370231,0.99070215,0.0,120.0,118.95000000000002
15845.0,0,High-Value / Low-Risk,706.6058895450775,0.007408969,5.0,27.0,2251.67
15846.0,1,Low-Value / At-Risk,186.3032030768072,0.9948598,0.0,202.0,107.01
15847.0,0,High-Value / Low-Risk,281.2016440939967,0.010836068,3.0,105.0,613.98
15848.0,1,Low-Value / At-Risk,100.11931007207428,0.99624145,0.0,438.0,139.94
15850.0,1,Low-Value / At-Risk,273.34352079730206,0.9808574,3.0,193.0,819.87
15851.0,1,Low-Value / At-Risk,123.01840563357376,0.99624145,0.0,343.0,109.73
15852.0,0,High-Value / Low-Risk,221.78852475476197,0.012269739,2.0,3.0,257.26
15854.0,0,High-Value / Low-Risk,1120.5875490829328,0.005846484,14.0,21.0,4193.55
15855.0,0,High-Value / Low-Risk,407.0216341522312,0.009260914,4.0,0.0,815.1700000000001
15856.0,0,High-Value / Low-Risk,6738.939185699268,0.0059138495,30.0,20.0,24772.24
15857.0,1,Low-Value / At-Risk,160.02032321193255,0.9948598,0.0,247.0,273.48
15858.0,0,High-Value / Low-Risk,903.9915347859436,0.0061287414,9.0,106.0,3337.7400000000002
15859.0,1,Low-Value / At-Risk,159.02348717953447,0.9948598,0.0,249.0,438.46
15860.0,0,High-Value / Low-Risk,590.3299349303313,0.0060053263,11.0,49.0,1945.76
15861.0,0,High-Value / Low-Risk,546.4793887645452,0.010294527,4.0,84.0,1950.61
15862.0,0,High-Value / Low-Risk,666.2754264336872,0.009195935,7.0,21.0,2581.27
15863.0,0,High-Value / Low-Risk,156.65697974498607,0.04227465,3.0,9.0,299.06
15864.0,1,Low-Value / At-Risk,322.26483731178877,0.9838704,1.0,133.0,486.86
15865.0,0,High-Value / Low-Risk,354.753577474866,0.015419354,2.0,30.0,1667.72
15867.0,0,High-Value / Low-Risk,1916.1075656158248,0.006941546,23.0,13.0,6957.97
15868.0,1,Low-Value / At-Risk,108.17279637896593,0.99624145,0.0,400.0,94.53
15869.0,0,High-Value / Low-Risk,158.64990210670427,0.013886862,1.0,94.0,323.66
15870.0,1,Low-Value / At-Risk,200.64106775375805,0.9834472,1.0,213.0,508.52
15871.0,1,Low-Value / At-Risk,156.5849752327842,0.9948598,0.0,254.0,33.099999999999994
15872.0,1,Low-Value / At-Risk,223.3457192437262,0.98774403,1.0,195.0,434.75
15873.0,1,Low-Value / At-Risk,117.22935216639598,0.99558556,1.0,316.0,313.92
15874.0,0,High-Value / Low-Risk,2546.6690447295828,0.0057805316,13.0,34.0,9041.68
15875.0,1,Low-Value / At-Risk,95.44478724923468,0.99624145,0.0,463.0,111.72
15876.0,1,Low-Value / At-Risk,378.890757879953,0.9876917,1.0,226.0,1449.1399999999999
15878.0,1,Low-Value / At-Risk,107.9384776822718,0.99567163,1.0,378.0,330.77
15879.0,1,Low-Value / At-Risk,337.24402676111623,0.9863643,3.0,221.0,1157.3
15880.0,1,Low-Value / At-Risk,197.8626707005174,0.9948598,0.0,186.0,686.5600000000001
15881.0,1,Low-Value / At-Risk,408.396650557077,0.97804284,2.0,129.0,501.39000000000004
15882.0,0,High-Value / Low-Risk,464.4574145957304,0.007668371,5.0,15.0,1491.4199999999998
15884.0,1,Low-Value / At-Risk,96.0680235319674,0.9951066,1.0,249.0,249.70000000000002
15885.0,1,Low-Value / At-Risk,202.70885787020688,0.9772575,11.0,200.0,1572.47
15886.0,1,Low-Value / At-Risk,267.2326349003046,0.98265797,1.0,233.0,871.78
15887.0,1,Low-Value / At-Risk,292.5055394091256,0.9846978,2.0,223.0,1027.15
15888.0,1,Low-Value / At-Risk,188.48988296564713,0.9879637,1.0,217.0,260.85
15889.0,1,Low-Value / At-Risk,409.0099459235382,0.96773607,6.0,186.0,1649.28
15890.0,1,Low-Value / At-Risk,196.56598689231873,0.98301435,2.0,211.0,535.65
15891.0,0,High-Value / Low-Risk,445.46743474275047,0.00557618,0.0,43.0,521.97
15892.0,1,Low-Value / At-Risk,91.51407878552706,0.99624145,0.0,486.0,128.2
15893.0,1,Low-Value / At-Risk,137.97061392447327,0.99624145,0.0,298.0,305.28000000000003
15894.0,0,High-Value / Low-Risk,289.4530981770701,0.011584109,1.0,70.0,418.99
15897.0,0,High-Value / Low-Risk,620.3261710380998,0.005509901,0.0,11.0,222.05
15898.0,0,High-Value / Low-Risk,1442.790450846108,0.007295581,22.0,43.0,5206.67
15899.0,1,Low-Value / At-Risk,198.63305194437112,0.9948598,0.0,185.0,112.5
15900.0,1,Low-Value / At-Risk,238.36579310234777,0.98205984,2.0,230.0,549.29
15901.0,1,Low-Value / At-Risk,136.0065908541382,0.9878477,2.0,268.0,321.49
15902.0,1,Low-Value / At-Risk,189.76746307932055,0.9948598,0.0,197.0,145.01
15903.0,0,High-Value / Low-Risk,1361.7239321487086,0.0068633547,6.0,44.0,4454.72
15905.0,1,Low-Value / At-Risk,118.180746090469,0.99624145,0.0,360.0,114.69
15906.0,0,High-Value / Low-Risk,929.7825504287384,0.009042829,4.0,36.0,1671.11
15907.0,0,High-Value / Low-Risk,518.4409668511909,0.00557618,0.0,27.0,251.18
15908.0,1,Low-Value / At-Risk,233.71744604378236,0.99558556,1.0,307.0,764.57
15910.0,0,High-Value / Low-Risk,687.026936842467,0.0061729546,10.0,24.0,2000.23
15911.0,1,Low-Value / At-Risk,5.850189563614315,0.99541795,6.0,440.0,1685.8899999999999
15912.0,0,High-Value / Low-Risk,249.04497864969912,0.014706246,4.0,50.0,951.5699999999999
15913.0,1,Low-Value / At-Risk,120.6934119253979,0.99624145,0.0,351.0,6.300000000000001
15914.0,1,Low-Value / At-Risk,191.18958281965823,0.9947978,0.0,195.0,205.98999999999998
15915.0,1,Low-Value / At-Risk,176.021981315481,0.9948598,0.0,218.0,429.0
15916.0,0,High-Value / Low-Risk,758.6648478608959,0.006630903,8.0,8.0,2747.6099999999997
15917.0,0,High-Value / Low-Risk,223.9423805517163,0.014523468,3.0,64.0,560.63
15918.0,0,High-Value / Low-Risk,227.0224762672626,0.013754392,2.0,7.0,582.88
15919.0,1,Low-Value / At-Risk,198.63305194437112,0.9948598,0.0,185.0,541.44
15920.0,1,Low-Value / At-Risk,162.92439869414707,0.98667055,3.0,241.0,404.14
15921.0,1,Low-Value / At-Risk,207.6800380400353,0.9828514,2.0,213.0,456.43
15922.0,1,Low-Value / At-Risk,194.84010866040808,0.9948598,0.0,190.0,739.0
15923.0,1,Low-Value / At-Risk,195.58704087078877,0.9948598,0.0,189.0,254.16
15924.0,1,Low-Value / At-Risk,82.37046347078063,0.99624145,0.0,548.0,102.82
15925.0,0,High-Value / Low-Risk,620.3261710380998,0.00557618,0.0,11.0,207.15
15926.0,1,Low-Value / At-Risk,118.45474810965052,0.99624145,0.0,359.0,134.44
15927.0,1,Low-Value / At-Risk,95.26687425705256,0.99624145,0.0,464.0,123.39
15928.0,1,Low-Value / At-Risk,93.69502982659252,0.99624145,0.0,473.0,293.53
15929.0,1,Low-Value / At-Risk,95.80261550007036,0.99624145,0.0,461.0,594.0
15931.0,1,Low-Value / At-Risk,161.0297542691887,0.9948598,0.0,245.0,239.9
15932.0,0,High-Value / Low-Risk,1191.9284716994564,0.005509227,3.0,31.0,1273.25
15934.0,1,Low-Value / At-Risk,316.38388518427735,0.9876917,1.0,234.0,2190.66
15935.0,0,High-Value / Low-Risk,399.8208119903727,0.00557618,0.0,56.0,108.04
15936.0,1,Low-Value / At-Risk,192.9189370063985,0.9886308,1.0,196.0,282.79
15938.0,0,High-Value / Low-Risk,374.3550996373996,0.006934716,7.0,18.0,665.53
15939.0,0,High-Value / Low-Risk,3184.4724371932907,0.0076748286,8.0,13.0,7522.18
15940.0,1,Low-Value / At-Risk,255.3318127509027,0.9936521,0.0,128.0,35.8
15941.0,1,Low-Value / At-Risk,97.076437999954,0.99624145,0.0,454.0,405.0
15943.0,1,Low-Value / At-Risk,78.92337626173965,0.99567163,1.0,466.0,271.29
15944.0,0,High-Value / Low-Risk,504.37978017064506,0.012259612,3.0,93.0,2164.24
15945.0,1,Low-Value / At-Risk,269.0373957784187,0.9809837,3.0,182.0,827.27
15946.0,1,Low-Value / At-Risk,358.1478720212643,0.99481934,1.0,319.0,2304.18
15948.0,1,Low-Value / At-Risk,163.08736979865665,0.9948598,0.0,241.0,553.85
15950.0,0,High-Value / Low-Risk,1381.1610434453858,0.9722425,6.0,176.0,5844.02
15951.0,0,High-Value / Low-Risk,399.3872407855232,0.014438975,1.0,102.0,680.12
15952.0,0,High-Value / Low-Risk,449.4172193778745,0.00557618,0.0,42.0,232.65
15953.0,0,High-Value / Low-Risk,793.4829860688342,0.005846484,13.0,28.0,2836.31
15954.0,1,Low-Value / At-Risk,106.81607309648288,0.99624145,0.0,406.0,187.8
15955.0,0,High-Value / Low-Risk,1784.566854230672,0.005893099,10.0,20.0,5687.72
15956.0,1,Low-Value / At-Risk,143.06502375019153,0.99567163,1.0,368.0,617.5999999999999
15957.0,1,Low-Value / At-Risk,165.19833336959886,0.9947978,0.0,237.0,501.21
15958.0,1,Low-Value / At-Risk,217.03717924919303,0.98279953,2.0,220.0,388.64
15959.0,1,Low-Value / At-Risk,89.43240543303898,0.99624145,0.0,499.0,579.49
15960.0,1,Low-Value / At-Risk,188.68981540015827,0.98216623,3.0,191.0,410.95000000000005
15961.0,1,Low-Value / At-Risk,190.475863355498,0.9948598,0.0,196.0,451.29
15962.0,1,Low-Value / At-Risk,151.02723451649956,0.9948598,0.0,266.0,295.83
15964.0,1,Low-Value / At-Risk,92.50791057802093,0.99624145,0.0,480.0,272.96000000000004
15965.0,0,High-Value / Low-Risk,539.3942077577826,0.96765053,8.0,184.0,2323.6400000000003
15966.0,1,Low-Value / At-Risk,150.58186917679438,0.9948598,0.0,267.0,426.53
15967.0,0,High-Value / Low-Risk,737.2798363100395,0.9638582,9.0,135.0,2796.5699999999997
15968.0,1,Low-Value / At-Risk,184.284811656696,0.9948598,0.0,205.0,415.3
15969.0,0,High-Value / Low-Risk,407.7751009692305,0.011626379,2.0,2.0,769.65
15970.0,1,Low-Value / At-Risk,211.4125374295449,0.98888373,1.0,120.0,1017.32
15971.0,0,High-Value / Low-Risk,814.2121902465655,0.006190174,9.0,59.0,2784.1800000000003
15972.0,1,Low-Value / At-Risk,309.58113170661034,0.987435,3.0,273.0,1810.27
15973.0,1,Low-Value / At-Risk,402.0823445055529,0.9876917,1.0,183.0,973.44
15974.0,0,High-Value / Low-Risk,1523.1061068931958,0.0053616758,3.0,1.0,2054.85
15976.0,0,High-Value / Low-Risk,634.5721153506406,0.011064534,4.0,37.0,1511.5900000000001
15978.0,1,Low-Value / At-Risk,484.0716320879168,0.98774403,1.0,249.0,2180.64
15979.0,1,Low-Value / At-Risk,103.99024933506838,0.99624145,0.0,419.0,329.22
15980.0,0,High-Value / Low-Risk,1064.7848880474412,0.014236044,2.0,71.0,4955.0
15981.0,0,High-Value / Low-Risk,2556.029394960661,0.010152234,16.0,27.0,7576.49
15982.0,1,Low-Value / At-Risk,103.35925517643749,0.99624145,0.0,422.0,324.51
15983.0,0,High-Value / Low-Risk,871.8737832577015,0.969349,6.0,177.0,3632.07
15984.0,0,High-Value / Low-Risk,1835.0769392066736,0.007620258,19.0,50.0,6703.7300000000005
15985.0,0,High-Value / Low-Risk,851.2167647578731,0.009002229,4.0,53.0,2472.44
15986.0,1,Low-Value / At-Risk,189.0643226504456,0.9948598,0.0,198.0,186.3
15987.0,0,High-Value / Low-Risk,624.6250477842239,0.007736783,3.0,16.0,746.9300000000001
15988.0,1,Low-Value / At-Risk,159.10084361473545,0.99567163,1.0,368.0,609.56
15989.0,1,Low-Value / At-Risk,144.93329126019455,0.9890465,1.0,192.0,372.51
15990.0,0,High-Value / Low-Risk,541.0332452071603,0.013326371,5.0,104.0,1619.31
15991.0,1,Low-Value / At-Risk,120.6934119253979,0.99624145,0.0,351.0,150.55
15992.0,1,Low-Value / At-Risk,331.90406273581334,0.9878542,1.0,213.0,854.61
15994.0,1,Low-Value / At-Risk,201.997241334873,0.98888373,1.0,228.0,775.1100000000001
15995.0,1,Low-Value / At-Risk,168.46944133246623,0.9948598,0.0,231.0,696.19
15996.0,0,High-Value / Low-Risk,698.8242005159019,0.010865163,3.0,80.0,1281.49
15998.0,0,High-Value / Low-Risk,1756.86383762167,0.0062493975,11.0,79.0,7000.59
15999.0,1,Low-Value / At-Risk,81.84292373311442,0.99624145,0.0,552.0,20.4
16001.0,1,Low-Value / At-Risk,189.0643226504456,0.9948598,0.0,198.0,583.39
16002.0,1,Low-Value / At-Risk,99.34083566092134,0.99624145,0.0,442.0,169.21
16003.0,0,High-Value / Low-Risk,971.3858488451476,0.9799748,4.0,176.0,4059.46
16004.0,1,Low-Value / At-Risk,426.9435089533201,0.99567163,3.0,291.0,2146.39
16005.0,0,High-Value / Low-Risk,947.4594658612124,0.0067709307,6.0,87.0,1998.0
16006.0,0,High-Value / Low-Risk,274.276767641565,0.015161391,1.0,28.0,347.17
16007.0,0,High-Value / Low-Risk,657.4659745753723,0.010417748,3.0,32.0,1742.9499999999998
16008.0,0,High-Value / Low-Risk,1699.52610785716,0.0057805316,12.0,21.0,5044.5
16010.0,0,High-Value / Low-Risk,1032.3894965119464,0.0060232366,9.0,62.0,1724.06
16011.0,0,High-Value / Low-Risk,1107.2915915458668,0.005846484,19.0,1.0,3744.46
16012.0,1,Low-Value / At-Risk,311.3525610548992,0.98888373,1.0,218.0,1574.5
16013.0,0,High-Value / Low-Risk,9141.022794760514,0.0059138495,35.0,1.0,33117.16
16014.0,0,High-Value / Low-Risk,239.2645025335846,0.014790694,2.0,108.0,730.8199999999999
16016.0,0,High-Value / Low-Risk,1119.7244258016008,0.007214896,5.0,13.0,1842.75
16017.0,1,Low-Value / At-Risk,276.6411742211931,0.98499775,3.0,234.0,1341.95
16018.0,1,Low-Value / At-Risk,116.17794260894212,0.9892461,1.0,213.0,289.23
16019.0,0,High-Value / Low-Risk,4320.91320106747,0.0057805316,19.0,49.0,16169.11
16021.0,1,Low-Value / At-Risk,242.0142012671809,0.98774403,1.0,212.0,532.25
16022.0,0,High-Value / Low-Risk,343.1101697305817,0.00557618,0.0,77.0,628.28
16023.0,0,High-Value / Low-Risk,684.4568913704584,0.0052788644,1.0,9.0,500.69000000000005
16024.0,1,Low-Value / At-Risk,170.15414047373773,0.9947978,0.0,228.0,232.96
16027.0,0,High-Value / Low-Risk,562.8132131792268,0.00875246,11.0,35.0,1630.41
16028.0,1,Low-Value / At-Risk,105.49298558634209,0.99624145,0.0,412.0,82.2
16029.0,0,High-Value / Low-Risk,18913.644877607137,0.00626204,51.0,3.0,69429.81
16030.0,1,Low-Value / At-Risk,257.9169106808279,0.9930854,0.0,126.0,331.24
16031.0,0,High-Value / Low-Risk,376.12621197573407,0.00557618,0.0,64.0,305.63
16032.0,1,Low-Value / At-Risk,63.19473092366839,0.98843646,5.0,273.0,1970.45
16033.0,0,High-Value / Low-Risk,2459.7619650867564,0.0061284946,15.0,17.0,5297.4
16034.0,0,High-Value / Low-Risk,626.7704732647388,0.007214896,5.0,13.0,928.72
16035.0,1,Low-Value / At-Risk,113.70947356110722,0.99624145,0.0,377.0,217.73
16036.0,0,High-Value / Low-Risk,459.2921757370568,0.01505029,2.0,80.0,1986.65
16037.0,0,High-Value / Low-Risk,466.348385336629,0.009809164,4.0,86.0,1509.3400000000001
16038.0,0,High-Value / Low-Risk,571.1737724672217,0.00557618,0.0,18.0,316.95
16039.0,1,Low-Value / At-Risk,188.35779777611447,0.98831475,1.0,240.0,456.40000000000003
16040.0,0,High-Value / Low-Risk,499.4659461727374,0.009794886,4.0,85.0,1525.78
16042.0,1,Low-Value / At-Risk,348.87035234892676,0.98296344,2.0,149.0,1092.8
16043.0,0,High-Value / Low-Risk,741.523645918989,0.0075140684,6.0,28.0,1759.0900000000001
16044.0,1,Low-Value / At-Risk,157.55133728654704,0.9948598,0.0,252.0,340.84000000000003
16045.0,0,High-Value / Low-Risk,978.458850475102,0.0089891115,4.0,62.0,2955.48
16046.0,1,Low-Value / At-Risk,113.2056047361672,0.99624145,0.0,379.0,235.78
16048.0,1,Low-Value / At-Risk,402.2549773990151,0.9826056,2.0,190.0,1075.23
16049.0,1,Low-Value / At-Risk,320.87304965931565,0.9812657,2.0,192.0,787.89
16050.0,1,Low-Value / At-Risk,191.94411601213625,0.9864123,1.0,200.0,162.8
16051.0,1,Low-Value / At-Risk,89.58916412245361,0.99624145,0.0,498.0,188.44
16053.0,1,Low-Value / At-Risk,506.7733918078392,0.9823627,2.0,230.0,2122.8900000000003
16054.0,1,Low-Value / At-Risk,340.87402653495974,0.98960096,2.0,235.0,1327.98
16055.0,0,High-Value / Low-Risk,470.2734103555939,0.00557618,0.0,37.0,134.8
16057.0,0,High-Value / Low-Risk,720.4168110980011,0.012823924,4.0,28.0,2651.27
16058.0,1,Low-Value / At-Risk,173.03824599838552,0.9948598,0.0,223.0,62.7
16059.0,0,High-Value / Low-Risk,920.5418469685256,0.007113874,8.0,71.0,2405.61
16060.0,1,Low-Value / At-Risk,194.24105433538296,0.9890541,2.0,217.0,541.95
16061.0,1,Low-Value / At-Risk,159.52034561573055,0.9948598,0.0,248.0,89.65
16062.0,0,High-Value / Low-Risk,808.6386191059819,0.0089891115,4.0,58.0,2288.01
16063.0,0,High-Value / Low-Risk,343.1101697305817,0.00557618,0.0,77.0,335.32
16064.0,1,Low-Value / At-Risk,83.17465535004465,0.99624145,0.0,542.0,111.0
16065.0,0,High-Value / Low-Risk,460.9069346282828,0.97513366,5.0,182.0,2382.62
16067.0,1,Low-Value / At-Risk,294.80619602575126,0.99567163,2.0,379.0,3395.29
16068.0,1,Low-Value / At-Risk,105.93035503342688,0.99624145,0.0,410.0,122.93
16069.0,1,Low-Value / At-Risk,166.81782778585148,0.9948598,0.0,234.0,457.7
16071.0,1,Low-Value / At-Risk,173.04941498068996,0.99567163,2.0,344.0,750.5600000000001
16072.0,0,High-Value / Low-Risk,962.1314218861556,0.013386115,2.0,105.0,4328.89
16073.0,1,Low-Value / At-Risk,274.60191983444514,0.00557618,0.0,114.0,122.4
16074.0,1,Low-Value / At-Risk,182.9633840402838,0.9948598,0.0,207.0,265.25
16075.0,1,Low-Value / At-Risk,166.05464658291746,0.99558556,1.0,319.0,736.9300000000001
16076.0,0,High-Value / Low-Risk,529.2934349831323,0.00557618,0.0,25.0,305.45000000000005
16077.0,1,Low-Value / At-Risk,99.34083566092134,0.99624145,0.0,442.0,2300.4
16078.0,0,High-Value / Low-Risk,129.45692144568486,0.021186395,1.0,100.0,362.99
16080.0,0,High-Value / Low-Risk,279.5839329179446,0.01392,2.0,91.0,515.6600000000001
16081.0,0,High-Value / Low-Risk,866.9622284708408,0.0072374837,5.0,2.0,2645.65
16082.0,1,Low-Value / At-Risk,91.35051370763092,0.99624145,0.0,487.0,106.75
16083.0,1,Low-Value / At-Risk,387.22884235896794,0.9830223,2.0,177.0,1371.78
16084.0,0,High-Value / Low-Risk,271.67227130056324,0.00557618,0.0,116.0,436.18
16085.0,0,High-Value / Low-Risk,533.3879820181032,0.00858144,8.0,53.0,1670.74
16086.0,0,High-Value / Low-Risk,663.4448300471269,0.00686279,7.0,17.0,2330.66
16087.0,1,Low-Value / At-Risk,438.6775157760826,0.97998774,4.0,206.0,1739.92
16088.0,1,Low-Value / At-Risk,185.298130835754,0.99558556,1.0,392.0,1437.4299999999998
16089.0,1,Low-Value / At-Risk,178.3186831318056,0.9886308,1.0,203.0,271.44
16090.0,1,Low-Value / At-Risk,99.5343163546922,0.99624145,0.0,441.0,205.91
16091.0,0,High-Value / Low-Risk,591.2427044032949,0.00557618,0.0,15.0,157.25
16092.0,0,High-Value / Low-Risk,447.2827648107233,0.011357902,3.0,14.0,1363.81
16094.0,0,High-Value / Low-Risk,1000.1045472393484,0.0075645475,7.0,36.0,2869.43
16095.0,1,Low-Value / At-Risk,147.96394891819256,0.9948598,0.0,273.0,447.05
16096.0,0,High-Value / Low-Risk,418.0878061526819,0.0114917625,3.0,81.0,1584.97
16097.0,0,High-Value / Low-Risk,396.6960790945763,0.00557618,0.0,57.0,185.05
16098.0,0,High-Value / Low-Risk,1096.7260240477688,0.006315265,10.0,2.0,3664.69
16099.0,0,High-Value / Low-Risk,437.810622166946,0.010803467,4.0,42.0,1159.6
16100.0,1,Low-Value / At-Risk,145.43561302660603,0.99624145,0.0,279.0,582.64
16101.0,1,Low-Value / At-Risk,405.38430966264445,0.9887744,2.0,251.0,1938.46
16103.0,0,High-Value / Low-Risk,1705.9465504812893,0.010197468,17.0,3.0,5567.33
16104.0,1,Low-Value / At-Risk,415.5801967464224,0.98601043,6.0,235.0,2476.25
16105.0,0,High-Value / Low-Risk,713.3117864293941,0.011918946,4.0,65.0,2386.19
16108.0,1,Low-Value / At-Risk,373.2326920714645,0.9861398,2.0,251.0,1393.42
16109.0,0,High-Value / Low-Risk,270.67482212716106,0.014928261,2.0,35.0,939.48
16110.0,0,High-Value / Low-Risk,407.0519237815693,0.01211275,2.0,79.0,1175.72
16111.0,1,Low-Value / At-Risk,161.0297542691887,0.9948598,0.0,245.0,562.48
16112.0,1,Low-Value / At-Risk,249.91860990331477,0.9799182,1.0,150.0,136.14
16115.0,0,High-Value / Low-Risk,591.7016832942775,0.0076454836,6.0,29.0,1418.07
16116.0,0,High-Value / Low-Risk,513.1811992459335,0.00557618,0.0,28.0,612.78
16117.0,0,High-Value / Low-Risk,304.02002801807043,0.015226283,2.0,6.0,654.4
16118.0,1,Low-Value / At-Risk,94.38717254121067,0.99624145,0.0,469.0,4376.25
16119.0,1,Low-Value / At-Risk,344.5210008441661,0.9849748,5.0,211.0,1297.45
16120.0,1,Low-Value / At-Risk,164.13605406962557,0.9947978,0.0,239.0,1747.77
16121.0,0,High-Value / Low-Risk,391.7017733090641,0.0127419485,2.0,32.0,897.8699999999999
16122.0,1,Low-Value / At-Risk,348.0042798151162,0.9803729,3.0,149.0,566.76
16124.0,1,Low-Value / At-Risk,426.5933670345012,0.98632693,3.0,134.0,1772.49
16125.0,0,High-Value / Low-Risk,513.8673113565767,0.98063606,13.0,184.0,4587.65
16126.0,0,High-Value / Low-Risk,2861.478710904376,0.0057805316,12.0,1.0,10203.03
16127.0,1,Low-Value / At-Risk,83.0395341369801,0.99624145,0.0,543.0,145.06
16128.0,0,High-Value / Low-Risk,913.230115520406,0.0071336175,5.0,99.0,2309.13
16129.0,1,Low-Value / At-Risk,405.8806799040948,0.984136,2.0,224.0,1396.05
16130.0,1,Low-Value / At-Risk,297.57987559192964,0.98521125,3.0,239.0,987.48
16131.0,0,High-Value / Low-Risk,1880.619412301873,0.008724521,5.0,24.0,8115.4
16132.0,1,Low-Value / At-Risk,156.0528542218648,0.99558556,1.0,361.0,664.2
16133.0,0,High-Value / Low-Risk,5143.772224667247,0.006004535,30.0,2.0,15194.59
16134.0,1,Low-Value / At-Risk,420.27661619345105,0.98535997,3.0,176.0,1810.78
16135.0,0,High-Value / Low-Risk,278.88198633954414,0.019909555,1.0,79.0,819.4499999999999
16136.0,0,High-Value / Low-Risk,150.65116128365034,0.021327764,1.0,94.0,396.72
16137.0,1,Low-Value / At-Risk,89.74647362320388,0.99624145,0.0,497.0,422.7
16138.0,1,Low-Value / At-Risk,239.259042886546,0.9868303,2.0,195.0,910.3500000000001
16139.0,0,High-Value / Low-Risk,170.84153422425743,0.015610033,2.0,23.0,615.54
16140.0,1,Low-Value / At-Risk,255.1679541402938,0.9876917,1.0,188.0,956.56
16141.0,1,Low-Value / At-Risk,166.81782778585148,0.9948598,0.0,234.0,335.54
16142.0,0,High-Value / Low-Risk,370.6371534017109,0.00557618,0.0,66.0,535.34
16143.0,0,High-Value / Low-Risk,1142.3163304372542,0.0060596243,9.0,29.0,4060.06
16144.0,0,High-Value / Low-Risk,378.9324929226,0.00557618,0.0,63.0,175.2
16145.0,0,High-Value / Low-Risk,1376.6845740592014,0.0063161603,11.0,43.0,4322.2300000000005
16146.0,0,High-Value / Low-Risk,490.8856333804983,0.009386261,2.0,20.0,871.38
16147.0,1,Low-Value / At-Risk,438.2395193871161,0.9814084,3.0,217.0,2023.91
16148.0,0,High-Value / Low-Risk,214.1852627831992,0.018909086,1.0,113.0,386.62
16149.0,1,Low-Value / At-Risk,160.52344947093042,0.9948598,0.0,246.0,141.70000000000002
16150.0,0,High-Value / Low-Risk,893.115546670333,0.00830989,6.0,87.0,3307.0499999999997
16152.0,0,High-Value / Low-Risk,325.5372344066681,0.00557618,0.0,85.0,1829.04
16153.0,0,High-Value / Low-Risk,1138.523075432533,0.0093091335,8.0,2.0,4009.36
16155.0,1,Low-Value / At-Risk,295.5927628566554,0.98535997,3.0,198.0,796.9
16156.0,0,High-Value / Low-Risk,1165.749666447461,0.0061896807,11.0,23.0,4156.71
16158.0,1,Low-Value / At-Risk,29.91033968987061,0.99504685,7.0,339.0,628.32
16159.0,0,High-Value / Low-Risk,334.4728460453006,0.018020116,3.0,98.0,1232.79
16161.0,0,High-Value / Low-Risk,3046.5875842724604,0.006073028,32.0,15.0,9544.34
16162.0,1,Low-Value / At-Risk,362.6989776340205,0.00557618,0.0,69.0,37.4
16163.0,0,High-Value / Low-Risk,645.9180385080263,0.007639173,5.0,49.0,2849.5800000000004
16165.0,1,Low-Value / At-Risk,129.57087389097768,0.99624145,0.0,322.0,79.9
16166.0,1,Low-Value / At-Risk,144.49933135828132,0.989737,1.0,245.0,435.83000000000004
16167.0,1,Low-Value / At-Risk,299.60749822004874,0.98458636,3.0,231.0,1386.1200000000001
16168.0,0,High-Value / Low-Risk,2389.9340075456953,0.006935941,40.0,3.0,8244.18
16170.0,0,High-Value / Low-Risk,1906.7651186995165,0.010035603,16.0,0.0,5928.82
16172.0,0,High-Value / Low-Risk,526.6298844604745,0.011461226,3.0,58.0,943.72
16174.0,1,Low-Value / At-Risk,224.1743789683183,0.99558556,3.0,308.0,1237.2
16175.0,0,High-Value / Low-Risk,503.7773347583227,0.011260226,4.0,21.0,1265.83
16176.0,1,Low-Value / At-Risk,429.8431771448976,0.98425955,3.0,238.0,2052.69
16177.0,1,Low-Value / At-Risk,342.520743589705,0.9880392,5.0,253.0,1915.36
16178.0,1,Low-Value / At-Risk,176.021981315481,0.9948598,0.0,218.0,414.7
16180.0,0,High-Value / Low-Risk,2766.203266358016,0.010838117,6.0,27.0,8741.12
16182.0,0,High-Value / Low-Risk,1808.6519451193808,0.006811805,6.0,20.0,5871.0
16183.0,1,Low-Value / At-Risk,178.82147115495653,0.98626673,2.0,211.0,739.1
16184.0,0,High-Value / Low-Risk,513.1811992459335,0.00557618,0.0,28.0,148.22
16185.0,0,High-Value / Low-Risk,237.57792436219017,0.018989203,1.0,49.0,450.31
16186.0,0,High-Value / Low-Risk,1789.8423880167725,0.006477404,16.0,6.0,6366.52
16187.0,0,High-Value / Low-Risk,2064.3761407693582,0.0054978584,3.0,20.0,2564.64
16188.0,0,High-Value / Low-Risk,503.8089863427264,0.009261811,2.0,43.0,671.5699999999999
16190.0,0,High-Value / Low-Risk,574.4502892216971,0.9784348,6.0,211.0,2508.4700000000003
16191.0,0,High-Value / Low-Risk,3490.6950542442323,0.005893099,11.0,79.0,13123.18
16192.0,1,Low-Value / At-Risk,81.84292373311442,0.99624145,0.0,552.0,351.3
16193.0,0,High-Value / Low-Risk,347.2168279685639,0.017775968,1.0,53.0,630.4300000000001
16194.0,1,Low-Value / At-Risk,193.36326330895716,0.9948598,0.0,192.0,308.59999999999997
16195.0,1,Low-Value / At-Risk,83.44622194255159,0.99624145,0.0,540.0,323.25
16196.0,1,Low-Value / At-Risk,135.41015343554122,0.99624145,0.0,305.0,93.3
16197.0,1,Low-Value / At-Risk,136.51158422232322,0.9943493,8.0,286.0,2016.71
16198.0,1,Low-Value / At-Risk,156.5849752327842,0.9948598,0.0,254.0,629.36
16199.0,1,Low-Value / At-Risk,268.16131429810116,0.9712077,6.0,209.0,942.75
16200.0,0,High-Value / Low-Risk,857.1848297922746,0.98352677,6.0,199.0,4562.83
16201.0,1,Low-Value / At-Risk,167.91527582129314,0.9948598,0.0,232.0,248.65
16202.0,0,High-Value / Low-Risk,606.0939985884414,0.9732636,6.0,177.0,2501.99
16203.0,0,High-Value / Low-Risk,395.61021219967665,0.009319847,3.0,44.0,839.9399999999999
16204.0,1,Low-Value / At-Risk,166.45714632689192,0.9890465,1.0,197.0,538.53
16205.0,1,Low-Value / At-Risk,380.9233890358929,0.9834013,2.0,213.0,1069.23
16206.0,0,High-Value / Low-Risk,718.0266687093517,0.006039774,9.0,25.0,2341.26
16208.0,0,High-Value / Low-Risk,971.2475589319936,0.008948022,8.0,106.0,3273.7799999999997
16209.0,0,High-Value / Low-Risk,803.6419894902446,0.012296679,5.0,3.0,2452.2200000000003
16210.0,0,High-Value / Low-Risk,7612.430522693399,0.0057805316,20.0,30.0,27976.420000000002
16211.0,1,Low-Value / At-Risk,228.5269155363983,0.9876917,1.0,238.0,543.5699999999999
16212.0,0,High-Value / Low-Risk,338.9377457247187,0.014934376,2.0,100.0,1101.52
16214.0,0,High-Value / Low-Risk,538.168019056176,0.009280754,2.0,69.0,1725.17
16216.0,0,High-Value / Low-Risk,327.63434882209117,0.00557618,0.0,84.0,914.93
16217.0,0,High-Value / Low-Risk,444.31818910260694,0.0052788644,1.0,52.0,304.25
16218.0,0,High-Value / Low-Risk,1263.801768470462,0.0064433445,8.0,23.0,3084.05
16219.0,1,Low-Value / At-Risk,131.2353026720021,0.99624145,0.0,317.0,40.8
16221.0,0,High-Value / Low-Risk,722.0996401886479,0.007147142,7.0,92.0,1684.57
16222.0,1,Low-Value / At-Risk,287.0116996030925,0.9890465,1.0,135.0,1345.22
16223.0,1,Low-Value / At-Risk,365.86350418484375,0.9850655,1.0,191.0,1102.35
16224.0,0,High-Value / Low-Risk,523.6418408924792,0.0085877795,2.0,57.0,864.45
16225.0,0,High-Value / Low-Risk,695.4602500897938,0.010931706,9.0,94.0,2187.7000000000003
16226.0,0,High-Value / Low-Risk,417.8740236898385,0.007925541,4.0,20.0,672.1700000000001
16227.0,0,High-Value / Low-Risk,405.4300320326277,0.013065594,2.0,42.0,1027.22
16228.0,1,Low-Value / At-Risk,321.21078352131514,0.98281014,1.0,202.0,890.81
16229.0,0,High-Value / Low-Risk,788.1509217383931,0.009002229,4.0,29.0,2215.46
16230.0,0,High-Value / Low-Risk,902.9497229106672,0.0052788644,1.0,6.0,542.03
16231.0,1,Low-Value / At-Risk,341.9912135724319,0.9783875,3.0,196.0,1078.22
16232.0,0,High-Value / Low-Risk,656.8327510810556,0.010216381,3.0,32.0,2088.56
16233.0,0,High-Value / Low-Risk,459.0216380541732,0.9721096,7.0,146.0,1755.53
16234.0,1,Low-Value / At-Risk,145.9722806596246,0.99558556,2.0,293.0,333.18
16235.0,0,High-Value / Low-Risk,746.3031719143303,0.0075140684,6.0,3.0,1851.69
16237.0,1,Low-Value / At-Risk,156.5849752327842,0.9948598,0.0,254.0,136.65
16238.0,1,Low-Value / At-Risk,164.13605406962557,0.9948598,0.0,239.0,63.66
16239.0,0,High-Value / Low-Risk,732.9663095968896,0.009104603,4.0,6.0,1425.8999999999999
16241.0,0,High-Value / Low-Risk,1414.3515710953525,0.007070343,6.0,29.0,2552.35
16242.0,0,High-Value / Low-Risk,1321.1189931916497,0.0075581856,7.0,31.0,4264.09
16244.0,0,High-Value / Low-Risk,479.77959505481505,0.012063112,1.0,28.0,2579.38
16245.0,0,High-Value / Low-Risk,352.6314340180227,0.00557618,0.0,73.0,453.98
16246.0,1,Low-Value / At-Risk,250.42298381066132,0.98827565,1.0,276.0,827.25
16249.0,0,High-Value / Low-Risk,697.923005898019,0.0052788644,1.0,18.0,1020.53
16250.0,0,High-Value / Low-Risk,552.2341200186171,0.0085877795,2.0,78.0,791.38
16251.0,1,Low-Value / At-Risk,127.31043497008518,0.99624145,0.0,329.0,128.31
16252.0,1,Low-Value / At-Risk,188.36638360882347,0.9948598,0.0,199.0,295.09000000000003
16253.0,0,High-Value / Low-Risk,1392.1015286120494,0.007834573,5.0,72.0,5276.6900000000005
16254.0,1,Low-Value / At-Risk,333.22831020880994,0.98611325,2.0,195.0,985.14
16255.0,0,High-Value / Low-Risk,1006.0660649005398,0.0061729546,10.0,63.0,3348.56
16256.0,0,High-Value / Low-Risk,456.1121534292327,0.013903732,2.0,83.0,1579.3700000000001
16258.0,0,High-Value / Low-Risk,2343.0502549620223,0.0075646625,8.0,36.0,7771.47
16259.0,1,Low-Value / At-Risk,168.94331919986314,0.98301435,1.0,227.0,361.94000000000005
16261.0,0,High-Value / Low-Risk,382.7282724714304,0.011585861,2.0,63.0,567.58
16262.0,1,Low-Value / At-Risk,191.18958281965823,0.9948598,0.0,195.0,755.15
16263.0,1,Low-Value / At-Risk,163.61002894112784,0.9948598,0.0,240.0,351.01
16264.0,1,Low-Value / At-Risk,200.74204865822776,0.9876917,1.0,255.0,837.53
16265.0,0,High-Value / Low-Risk,2209.203387032384,0.0071718893,6.0,77.0,4163.31
16266.0,0,High-Value / Low-Risk,463.4908427688612,0.0075645475,7.0,17.0,1267.9
16267.0,1,Low-Value / At-Risk,106.37136894539476,0.99624145,0.0,408.0,186.66
16269.0,1,Low-Value / At-Risk,156.5849752327842,0.9948598,0.0,254.0,717.57
16270.0,1,Low-Value / At-Risk,210.95508507859907,0.9948598,0.0,170.0,1141.24
16271.0,0,High-Value / Low-Risk,512.5207598364713,0.9907465,4.0,175.0,2152.0
16273.0,1,Low-Value / At-Risk,60.77638977808376,0.99567163,1.0,465.0,336.04
16274.0,1,Low-Value / At-Risk,194.84010866040808,0.9948598,0.0,190.0,675.5
16275.0,0,High-Value / Low-Risk,538.5893901901186,0.01652348,2.0,13.0,2151.11
16276.0,1,Low-Value / At-Risk,289.04238697904725,0.99558556,1.0,296.0,1818.79
16277.0,1,Low-Value / At-Risk,82.10584582986142,0.99624145,0.0,550.0,188.69
16278.0,1,Low-Value / At-Risk,174.80917374937462,0.99558556,1.0,297.0,551.46
16279.0,0,High-Value / Low-Risk,970.1784906273392,0.98399276,5.0,202.0,4195.5
16280.0,1,Low-Value / At-Risk,83.17465535004465,0.99624145,0.0,542.0,238.05
16281.0,1,Low-Value / At-Risk,233.60097266488353,0.9895321,1.0,240.0,1361.96
16282.0,1,Low-Value / At-Risk,353.4065692326408,0.9887876,2.0,156.0,1307.58
16283.0,0,High-Value / Low-Risk,777.7837556718835,0.011030558,3.0,25.0,3110.82
16284.0,1,Low-Value / At-Risk,181.01646046238608,0.9948598,0.0,210.0,205.8
16285.0,1,Low-Value / At-Risk,95.44478724923468,0.99624145,0.0,463.0,176.9
16286.0,1,Low-Value / At-Risk,119.6035322057518,0.99558556,1.0,294.0,328.95
16287.0,1,Low-Value / At-Risk,268.6202229584353,0.9805321,3.0,193.0,864.48
16288.0,1,Low-Value / At-Risk,142.19607326036885,0.99624145,0.0,287.0,129.85
16289.0,1,Low-Value / At-Risk,145.43561302660603,0.99624145,0.0,279.0,136.31
16290.0,1,Low-Value / At-Risk,264.6245519440101,0.99558556,3.0,281.0,2069.3
16292.0,1,Low-Value / At-Risk,298.2953725964166,0.9895564,3.0,197.0,951.51
16293.0,0,High-Value / Low-Risk,976.399613769828,0.0070225503,6.0,24.0,3538.7000000000003
16294.0,1,Low-Value / At-Risk,139.85968223292087,0.99624145,0.0,293.0,126.05
16296.0,1,Low-Value / At-Risk,77.16770055581559,0.99567163,3.0,443.0,1313.67
16297.0,0,High-Value / Low-Risk,325.5372344066681,0.00557618,0.0,85.0,301.9
16298.0,0,High-Value / Low-Risk,420.7678052702461,0.008061778,4.0,3.0,601.8
16299.0,1,Low-Value / At-Risk,139.47773661270418,0.99624145,0.0,294.0,193.65
16300.0,1,Low-Value / At-Risk,335.1468081884002,0.98619264,2.0,247.0,1392.43
16301.0,1,Low-Value / At-Risk,81.71209342711667,0.99624145,0.0,553.0,107.33
16303.0,0,High-Value / Low-Risk,908.4289798231912,0.97682184,4.0,150.0,3394.82
16304.0,1,Low-Value / At-Risk,87.59323257082723,0.99624145,0.0,511.0,381.66
16306.0,0,High-Value / Low-Risk,577.6170795429266,0.007070343,6.0,30.0,1192.82
16307.0,1,Low-Value / At-Risk,315.9246898625883,0.9872586,2.0,246.0,1194.92
16308.0,0,High-Value / Low-Risk,783.0994576544674,0.010742608,4.0,34.0,3520.0
16309.0,0,High-Value / Low-Risk,396.6960790945763,0.00557618,0.0,57.0,334.2
16310.0,1,Low-Value / At-Risk,174.9139769644858,0.98831475,1.0,231.0,460.08
16312.0,1,Low-Value / At-Risk,159.02348717953447,0.9948598,0.0,249.0,171.15
16314.0,1,Low-Value / At-Risk,484.9288385554587,0.98330414,2.0,206.0,1491.4
16315.0,1,Low-Value / At-Risk,210.42086504384255,0.98858184,1.0,147.0,402.71000000000004
16316.0,0,High-Value / Low-Risk,1773.6734126760557,0.0066748094,8.0,23.0,4635.11
16317.0,0,High-Value / Low-Risk,457.7120617513658,0.014564876,2.0,114.0,1421.62
16319.0,0,High-Value / Low-Risk,483.7500132841586,0.00557618,0.0,34.0,404.4
16320.0,0,High-Value / Low-Risk,1417.590598968254,0.011397543,4.0,30.0,5443.21
16321.0,1,Low-Value / At-Risk,171.93109692021537,0.9815595,3.0,122.0,454.55
16323.0,0,High-Value / Low-Risk,195.1301240527745,0.019909555,1.0,13.0,353.66
16325.0,0,High-Value / Low-Risk,921.033491204454,0.0060853674,9.0,62.0,3194.08
16326.0,0,High-Value / Low-Risk,692.301819467198,0.009212064,12.0,31.0,2156.71
16327.0,0,High-Value / Low-Risk,2515.27181872442,0.005902907,13.0,16.0,9295.56
16328.0,1,Low-Value / At-Risk,112.95534256582452,0.99624145,0.0,380.0,310.83
16329.0,1,Low-Value / At-Risk,407.1209101698846,0.9812098,3.0,244.0,1703.0700000000002
16330.0,1,Low-Value / At-Risk,188.9670450638228,0.98281485,2.0,241.0,382.41999999999996
16331.0,1,Low-Value / At-Risk,465.9956935839005,0.9820601,3.0,249.0,2037.7
16332.0,1,Low-Value / At-Risk,276.10798079234985,0.9763288,4.0,122.0,536.99
16333.0,0,High-Value / Low-Risk,10373.657791701038,0.0073892563,7.0,9.0,13087.2
16334.0,1,Low-Value / At-Risk,133.98930040699992,0.99624145,0.0,309.0,277.48
16335.0,1,Low-Value / At-Risk,90.04052793044795,0.99526596,6.0,368.0,2774.0
16336.0,1,Low-Value / At-Risk,548.6865454513592,0.98282284,2.0,237.0,3517.6899999999996
16339.0,1,Low-Value / At-Risk,295.3072949449007,0.00557618,0.0,101.0,109.95
16340.0,1,Low-Value / At-Risk,286.40284298650334,0.98831475,1.0,256.0,976.99
16341.0,0,High-Value / Low-Risk,739.9656187221328,0.010817474,3.0,18.0,2676.57
16343.0,1,Low-Value / At-Risk,172.45361658805996,0.9948598,0.0,224.0,316.59
16344.0,1,Low-Value / At-Risk,197.12576482940284,0.99567163,2.0,326.0,741.3199999999999
16345.0,1,Low-Value / At-Risk,137.22921480501512,0.99624145,0.0,300.0,623.33
16346.0,1,Low-Value / At-Risk,186.3032030768072,0.9948598,0.0,202.0,224.51
16347.0,0,High-Value / Low-Risk,517.3797310820347,0.9661637,7.0,205.0,2621.76
16348.0,0,High-Value / Low-Risk,483.8769837513884,0.009386261,2.0,8.0,909.75
16349.0,1,Low-Value / At-Risk,285.37467640753573,0.00557618,0.0,107.0,53.5
16350.0,0,High-Value / Low-Risk,558.504814485967,0.97977144,4.0,150.0,1514.12
16351.0,0,High-Value / Low-Risk,729.0474120390708,0.98675376,12.0,149.0,3330.03
16353.0,0,High-Value / Low-Risk,1492.4423758055466,0.005846484,21.0,34.0,5479.03
16354.0,1,Low-Value / At-Risk,274.76200973417156,0.9834103,2.0,196.0,733.71
16355.0,1,Low-Value / At-Risk,193.36326330895716,0.9948598,0.0,192.0,416.35
16356.0,0,High-Value / Low-Risk,279.88001215889415,0.009104603,4.0,14.0,415.87
16357.0,0,High-Value / Low-Risk,298.4405596997642,0.014438975,1.0,30.0,347.39
16358.0,0,High-Value / Low-Risk,444.8404285772558,0.015594976,1.0,1.0,1354.3000000000002
16359.0,0,High-Value / Low-Risk,685.140561735885,0.0059603285,11.0,31.0,1963.09
16362.0,1,Low-Value / At-Risk,156.5849752327842,0.9948598,0.0,254.0,212.17
16365.0,0,High-Value / Low-Risk,665.2240770785743,0.0075315526,8.0,70.0,2256.14
16366.0,1,Low-Value / At-Risk,221.83119677942335,0.99567163,2.0,399.0,1220.83
16367.0,1,Low-Value / At-Risk,253.35011376964655,0.9846383,1.0,179.0,728.8199999999999
16368.0,1,Low-Value / At-Risk,157.55133728654704,0.9948598,0.0,252.0,142.78
16369.0,0,High-Value / Low-Risk,542.3678354954448,0.00997746,4.0,13.0,1465.6
16370.0,0,High-Value / Low-Risk,449.4172193778745,0.00557618,0.0,42.0,275.54
16371.0,1,Low-Value / At-Risk,151.4752457117439,0.9948598,0.0,265.0,157.2
16372.0,1,Low-Value / At-Risk,342.7492581855953,0.982239,2.0,226.0,960.6800000000001
16373.0,1,Low-Value / At-Risk,208.14480801100737,0.9876917,1.0,199.0,309.49
16374.0,0,High-Value / Low-Risk,455.63025681482407,0.011542074,3.0,79.0,1448.82
16375.0,1,Low-Value / At-Risk,142.19607326036885,0.99624145,0.0,287.0,104.0
16377.0,0,High-Value / Low-Risk,302.71039854636024,0.020371089,1.0,84.0,1308.48
16378.0,0,High-Value / Low-Risk,472.504552656401,0.009836713,2.0,64.0,362.95
16381.0,1,Low-Value / At-Risk,171.44088440775434,0.9876917,1.0,212.0,258.7
16382.0,1,Low-Value / At-Risk,173.03800376607194,0.98888373,1.0,225.0,353.1
16383.0,0,High-Value / Low-Risk,731.2178606081131,0.014312711,5.0,85.0,2607.24
16384.0,0,High-Value / Low-Risk,403.2151670688445,0.015746515,2.0,80.0,1183.55
16385.0,1,Low-Value / At-Risk,258.54806494180616,0.98243713,2.0,183.0,622.95
16386.0,0,High-Value / Low-Risk,249.39751620087765,0.015161391,1.0,70.0,846.49
16387.0,1,Low-Value / At-Risk,347.8487284273298,0.97610414,4.0,139.0,918.5500000000001
16388.0,1,Low-Value / At-Risk,94.21317936245823,0.99624145,0.0,470.0,186.05
16389.0,0,High-Value / Low-Risk,791.8613290415907,0.0052788644,1.0,22.0,670.17
16390.0,1,Low-Value / At-Risk,132.04624157249262,0.9950498,2.0,353.0,467.5
16391.0,1,Low-Value / At-Risk,369.3660965890372,0.98484,3.0,217.0,1100.21
16392.0,0,High-Value / Low-Risk,331.7661713070728,0.015924346,2.0,86.0,761.8
16393.0,0,High-Value / Low-Risk,981.5663807929192,0.005846484,15.0,2.0,3488.29
16394.0,0,High-Value / Low-Risk,556.5109381195178,0.0052788644,1.0,65.0,619.3
16395.0,0,High-Value / Low-Risk,651.9160281131359,0.9655213,8.0,140.0,2500.66
16396.0,1,Low-Value / At-Risk,139.85968223292087,0.99624145,0.0,293.0,137.8
16397.0,1,Low-Value / At-Risk,98.7648835625142,0.99624145,0.0,445.0,127.88
16398.0,0,High-Value / Low-Risk,360.12831533600365,0.00557618,0.0,70.0,1169.95
16399.0,0,High-Value / Low-Risk,306.0541681659382,0.015594976,1.0,52.0,409.86
16400.0,0,High-Value / Low-Risk,525.7911912362318,0.9826734,7.0,212.0,2855.51
16401.0,0,High-Value / Low-Risk,1811.957828642504,0.005846484,13.0,27.0,4411.0199999999995
16402.0,0,High-Value / Low-Risk,277.36933880858174,0.011584109,1.0,81.0,511.40000000000003
16403.0,1,Low-Value / At-Risk,254.0586580691507,0.9936521,0.0,129.0,177.5
16405.0,0,High-Value / Low-Risk,359.8955214575578,0.0102725765,1.0,119.0,167.25
16406.0,1,Low-Value / At-Risk,146.13427800499375,0.989099,1.0,267.0,389.61
16407.0,0,High-Value / Low-Risk,845.4633008021826,0.007147142,7.0,11.0,1489.46
16408.0,1,Low-Value / At-Risk,106.37136894539476,0.99624145,0.0,408.0,231.93
16409.0,0,High-Value / Low-Risk,1179.715064701321,0.006935284,8.0,59.0,4483.72
16410.0,1,Low-Value / At-Risk,81.97417385907129,0.99624145,0.0,551.0,130.32
16411.0,1,Low-Value / At-Risk,324.1454669627325,0.9842666,2.0,186.0,827.04
16412.0,1,Low-Value / At-Risk,209.95354152500695,0.9804788,3.0,210.0,495.4
16413.0,1,Low-Value / At-Risk,193.36326330895716,0.9948598,0.0,192.0,266.78000000000003
16414.0,0,High-Value / Low-Risk,211.44011359249765,0.015119151,3.0,97.0,484.26
16415.0,1,Low-Value / At-Risk,142.57367257525686,0.99567163,1.0,400.0,509.09000000000003
16416.0,1,Low-Value / At-Risk,424.5600217741627,0.9763288,4.0,207.0,1921.48
16417.0,1,Low-Value / At-Risk,133.98930040699992,0.99624145,0.0,309.0,35.7
16418.0,0,High-Value / Low-Risk,435.6595823646928,0.009386261,2.0,43.0,572.58
16419.0,0,High-Value / Low-Risk,344.9481999731223,0.011182359,3.0,92.0,1032.12
16420.0,1,Low-Value / At-Risk,179.11060776298865,0.9948598,0.0,213.0,75.0
16421.0,1,Low-Value / At-Risk,222.8926254351798,0.98803896,2.0,193.0,526.27
16422.0,0,High-Value / Low-Risk,14470.870204197668,0.00626204,67.0,2.0,47995.47
16424.0,0,High-Value / Low-Risk,297.4284499247,0.014438975,1.0,8.0,443.06
16425.0,1,Low-Value / At-Risk,267.39353451321495,0.02495311,0.0,119.0,302.7
16426.0,0,High-Value / Low-Risk,309.6833306338037,0.00557618,0.0,93.0,328.37
16427.0,0,High-Value / Low-Risk,426.691433077919,0.0052788644,1.0,80.0,241.06
16428.0,1,Low-Value / At-Risk,211.5245143744348,0.9868706,1.0,230.0,660.28
16430.0,1,Low-Value / At-Risk,280.1683901089763,0.9776808,4.0,198.0,802.0899999999999
16431.0,0,High-Value / Low-Risk,546.9523795273558,0.004696065,1.0,30.0,642.81
16433.0,1,Low-Value / At-Risk,171.872930890697,0.9948598,0.0,225.0,200.26
16434.0,0,High-Value / Low-Risk,547.4976926064954,0.006811411,7.0,9.0,1943.71
16435.0,1,Low-Value / At-Risk,197.81458321641472,0.99558556,1.0,329.0,1011.57
16436.0,1,Low-Value / At-Risk,47.17075764750351,0.99567163,2.0,485.0,329.34
16437.0,1,Low-Value / At-Risk,230.4240091701185,0.9876917,1.0,198.0,301.25
16439.0,1,Low-Value / At-Risk,83.5826716565802,0.99624145,0.0,539.0,310.70000000000005
16440.0,0,High-Value / Low-Risk,259.9565660604716,0.020554444,1.0,31.0,488.76
16441.0,0,High-Value / Low-Risk,316.7003937163984,0.010755909,3.0,108.0,858.28
16442.0,0,High-Value / Low-Risk,256.9401040043398,0.011952491,3.0,44.0,719.71
16443.0,1,Low-Value / At-Risk,124.82185573103774,0.99624145,0.0,337.0,162.24
16444.0,0,High-Value / Low-Risk,1108.6408327923089,0.005846484,13.0,11.0,3241.99
16445.0,1,Low-Value / At-Risk,236.60742313494663,0.9848011,1.0,203.0,372.21999999999997
16446.0,1,Low-Value / At-Risk,546.4592178997158,0.00557618,0.0,22.0,2.9
16447.0,1,Low-Value / At-Risk,135.60818713090885,0.99567163,1.0,407.0,516.13
16448.0,0,High-Value / Low-Risk,244.9685600504043,0.020554444,1.0,15.0,367.87
16449.0,0,High-Value / Low-Risk,600.720447846877,0.0052788644,1.0,14.0,707.69
16450.0,1,Low-Value / At-Risk,224.35215795145496,0.99567163,1.0,401.0,1193.81
16451.0,1,Low-Value / At-Risk,167.86784470997918,0.99567163,1.0,378.0,746.1800000000001
16452.0,1,Low-Value / At-Risk,93.11474458057091,0.99567163,1.0,447.0,332.17
16453.0,1,Low-Value / At-Risk,106.20358130341349,0.99558556,1.0,347.0,251.71
16454.0,1,Low-Value / At-Risk,62.12320835400976,0.99624145,1.0,423.0,24.05
16455.0,0,High-Value / Low-Risk,1050.525209714954,0.006734647,7.0,21.0,3676.97
16456.0,0,High-Value / Low-Risk,1945.5986880156247,0.006981472,9.0,44.0,6281.15
16457.0,0,High-Value / Low-Risk,479.17219182675296,0.00557618,0.0,35.0,208.36
16458.0,0,High-Value / Low-Risk,1481.240470976464,0.006073028,18.0,4.0,3538.3
16459.0,1,Low-Value / At-Risk,82.63679311772971,0.99624145,0.0,546.0,71.78999999999999
16461.0,1,Low-Value / At-Risk,198.40796610184736,0.99558556,1.0,407.0,1457.8
16462.0,0,High-Value / Low-Risk,389.3585846000588,0.0052788644,1.0,2.0,68.0
16463.0,0,High-Value / Low-Risk,552.4334381145162,0.00557618,0.0,21.0,319.37
16465.0,1,Low-Value / At-Risk,228.39380878290464,0.9876917,1.0,237.0,746.24
16466.0,0,High-Value / Low-Risk,798.3875526825286,0.012884181,9.0,25.0,2559.2000000000003
16467.0,1,Low-Value / At-Risk,235.67081942007013,0.99526596,6.0,325.0,2869.16
16468.0,1,Low-Value / At-Risk,253.63678270332045,0.99558556,1.0,287.0,712.62
16469.0,0,High-Value / Low-Risk,245.9763828102625,0.012493541,1.0,63.0,455.36
16470.0,0,High-Value / Low-Risk,619.3546284079371,0.006811411,7.0,9.0,2041.8700000000001
16471.0,0,High-Value / Low-Risk,371.36430026556866,0.013388886,3.0,91.0,1189.98
16472.0,1,Low-Value / At-Risk,175.2864646764046,0.98888373,1.0,251.0,789.5999999999999
16473.0,0,High-Value / Low-Risk,345.63724653405177,0.011837219,2.0,104.0,372.53
16475.0,0,High-Value / Low-Risk,315.443458474684,0.00557618,0.0,90.0,310.0
16476.0,1,Low-Value / At-Risk,159.52034561573055,0.9948598,0.0,248.0,350.35
16477.0,0,High-Value / Low-Risk,1462.0143969726423,0.007762221,8.0,31.0,3378.07
16481.0,1,Low-Value / At-Risk,89.43240543303898,0.99624145,0.0,499.0,453.38
16483.0,0,High-Value / Low-Risk,635.9792667132612,0.00557618,0.0,9.0,139.35
16484.0,0,High-Value / Low-Risk,652.451325230787,0.00557618,0.0,7.0,285.7
16485.0,1,Low-Value / At-Risk,382.3422834621058,0.98673475,3.0,249.0,1931.03
16486.0,1,Low-Value / At-Risk,119.84405771532074,0.99624145,0.0,354.0,134.36
16487.0,1,Low-Value / At-Risk,104.49735980873037,0.99567163,1.0,394.0,209.4
16489.0,1,Low-Value / At-Risk,232.1663010783971,0.9876917,1.0,197.0,303.70000000000005
16490.0,1,Low-Value / At-Risk,157.066667734211,0.9948598,0.0,253.0,205.41000000000005
16491.0,1,Low-Value / At-Risk,169.02728269817595,0.9948598,0.0,230.0,801.66
16492.0,1,Low-Value / At-Risk,119.0065850306577,0.99624145,0.0,357.0,385.56
16493.0,0,High-Value / Low-Risk,340.815262250193,0.014512695,4.0,102.0,1148.26
16494.0,0,High-Value / Low-Risk,276.09064883635267,0.00557618,0.0,113.0,826.53
16495.0,0,High-Value / Low-Risk,309.6833306338037,0.005509901,0.0,93.0,246.51
16496.0,0,High-Value / Low-Risk,746.1333377947531,0.010417748,3.0,24.0,1916.29
16497.0,0,High-Value / Low-Risk,1489.971957071175,0.005846484,15.0,20.0,5280.29
16499.0,0,High-Value / Low-Risk,550.8754033041537,0.9680195,7.0,177.0,2578.34
16500.0,1,Low-Value / At-Risk,299.0316593877915,0.9773122,3.0,147.0,608.05
16501.0,1,Low-Value / At-Risk,187.67358835874592,0.9948598,0.0,200.0,1237.23
16502.0,1,Low-Value / At-Risk,100.31584010015972,0.99624145,0.0,437.0,266.5
16503.0,0,High-Value / Low-Risk,1342.94320660357,0.0066748094,8.0,31.0,3275.7999999999997
16507.0,1,Low-Value / At-Risk,110.75184339804744,0.99624145,0.0,389.0,152.76
16508.0,1,Low-Value / At-Risk,98.38461387575444,0.99624145,0.0,447.0,248.8
16509.0,0,High-Value / Low-Risk,276.09064883635267,0.00557618,0.0,113.0,363.7
16510.0,1,Low-Value / At-Risk,440.9926317534936,0.98484045,5.0,189.0,2079.75
16511.0,0,High-Value / Low-Risk,386.8953888366497,0.010755909,3.0,83.0,1207.51
16515.0,0,High-Value / Low-Risk,727.5268821749356,0.0075140684,6.0,63.0,2211.5
16517.0,0,High-Value / Low-Risk,307.8099372780743,0.00557618,0.0,94.0,162.7
16518.0,0,High-Value / Low-Risk,313.75180295489884,0.015924346,2.0,101.0,665.75
16519.0,1,Low-Value / At-Risk,187.93362207575464,0.98638505,2.0,182.0,444.88
16520.0,0,High-Value / Low-Risk,807.0671400229826,0.0072584297,5.0,3.0,2482.62
16521.0,1,Low-Value / At-Risk,360.26824469709555,0.9801471,1.0,232.0,1144.26
16522.0,1,Low-Value / At-Risk,214.57890285019204,0.9876917,1.0,252.0,433.36
16523.0,0,High-Value / Low-Risk,1590.4400887494378,0.005893099,11.0,16.0,5333.46
16524.0,1,Low-Value / At-Risk,145.37101047314536,0.9892112,1.0,263.0,308.14
16525.0,0,High-Value / Low-Risk,5528.120749116792,0.00626204,37.0,1.0,19742.3
16526.0,1,Low-Value / At-Risk,107.94428565842304,0.99624145,0.0,401.0,426.85
16527.0,1,Low-Value / At-Risk,163.08736979865665,0.9948598,0.0,241.0,1044.38
16529.0,0,High-Value / Low-Risk,770.2344116270119,0.010394978,3.0,7.0,2012.0
16530.0,1,Low-Value / At-Risk,91.67823098811144,0.99624145,0.0,485.0,48.349999999999994
16531.0,0,High-Value / Low-Risk,623.3721456266525,0.008723688,6.0,111.0,1538.57
16532.0,0,High-Value / Low-Risk,976.285824486356,0.9827418,2.0,155.0,3918.24
16534.0,1,Low-Value / At-Risk,96.16313858594536,0.99624145,0.0,459.0,635.9
16535.0,1,Low-Value / At-Risk,186.3032030768072,0.9948598,0.0,202.0,387.84
16537.0,1,Low-Value / At-Risk,96.34442022877089,0.99624145,0.0,458.0,10.55
16538.0,1,Low-Value / At-Risk,125.81393679703956,0.99558556,1.0,358.0,399.62
16539.0,0,High-Value / Low-Risk,1433.536417187094,0.0064433445,8.0,36.0,3396.81
16540.0,1,Low-Value / At-Risk,168.46944133246623,0.9948598,0.0,231.0,226.7
16541.0,1,Low-Value / At-Risk,81.84292373311442,0.99624145,0.0,552.0,424.03
16542.0,1,Low-Value / At-Risk,176.021981315481,0.9948598,0.0,218.0,137.7
16543.0,1,Low-Value / At-Risk,106.37136894539476,0.99624145,0.0,408.0,292.21
16544.0,1,Low-Value / At-Risk,119.75063417717496,0.9950498,1.0,336.0,376.70000000000005
16545.0,1,Low-Value / At-Risk,193.36326330895716,0.9948598,0.0,192.0,350.52
16546.0,0,High-Value / Low-Risk,1597.9252459160828,0.011849122,3.0,107.0,5606.47
16547.0,1,Low-Value / At-Risk,117.3662999608551,0.99624145,0.0,363.0,111.71
16548.0,1,Low-Value / At-Risk,104.62900074632591,0.99624145,0.0,416.0,30.15
16549.0,0,High-Value / Low-Risk,112.44260879883689,0.96176076,23.0,151.0,9147.039999999999
16550.0,0,High-Value / Low-Risk,2329.457234829802,0.008294194,15.0,2.0,8556.59
16551.0,1,Low-Value / At-Risk,436.42325459739175,0.98296404,4.0,153.0,1626.07
16552.0,0,High-Value / Low-Risk,378.03937964955435,0.012063112,1.0,59.0,475.0200000000001
16553.0,0,High-Value / Low-Risk,4768.06929281577,0.0057805316,14.0,22.0,15655.37
16554.0,0,High-Value / Low-Risk,628.9406791341411,0.008231118,6.0,39.0,2318.73
16555.0,1,Low-Value / At-Risk,129.57087389097768,0.99624145,0.0,322.0,1629.7900000000002
16556.0,0,High-Value / Low-Risk,1813.831823033684,0.0069643757,13.0,18.0,6337.610000000001
16558.0,0,High-Value / Low-Risk,2544.411264001358,0.005846484,25.0,9.0,8985.6
16559.0,1,Low-Value / At-Risk,178.48422621859189,0.9948598,0.0,214.0,185.2
16560.0,0,High-Value / Low-Risk,579.2809891343784,0.9826484,6.0,175.0,2539.15
16562.0,1,Low-Value / At-Risk,139.85968223292087,0.99624145,0.0,293.0,223.86
16563.0,0,High-Value / Low-Risk,722.7497286297087,0.98230284,4.0,217.0,3345.02
16564.0,1,Low-Value / At-Risk,111.47672051855652,0.99624145,0.0,386.0,87.8
16565.0,1,Low-Value / At-Risk,273.695721580446,0.98535997,3.0,181.0,773.05
16566.0,0,High-Value / Low-Risk,482.9238337407667,0.0052788644,1.0,9.0,280.12
16567.0,0,High-Value / Low-Risk,463.35574869784966,0.011584109,1.0,11.0,865.6
16568.0,1,Low-Value / At-Risk,239.31479093379093,0.98858184,1.0,244.0,1020.9000000000001
16569.0,1,Low-Value / At-Risk,70.60609499761875,0.99567163,3.0,448.0,1331.03
16570.0,0,High-Value / Low-Risk,1652.385825254223,0.0061033447,10.0,22.0,5169.139999999999
16571.0,0,High-Value / Low-Risk,993.9598182782886,0.007296313,7.0,98.0,3263.73
16572.0,0,High-Value / Low-Risk,311.5797608602436,0.00557618,0.0,92.0,342.58
16573.0,0,High-Value / Low-Risk,285.37467640753573,0.00557618,0.0,107.0,292.63
16574.0,1,Low-Value / At-Risk,167.2047814089518,0.989099,1.0,240.0,850.3399999999999
16576.0,1,Low-Value / At-Risk,223.6026368878799,0.98831475,1.0,237.0,540.87
16577.0,1,Low-Value / At-Risk,92.00830946476565,0.99624145,0.0,483.0,380.0
16578.0,1,Low-Value / At-Risk,99.14810620496806,0.99624145,0.0,443.0,156.6
16579.0,1,Low-Value / At-Risk,162.56804439486464,0.9948598,0.0,242.0,295.05
16583.0,1,Low-Value / At-Risk,215.94857845519527,0.9884581,1.0,190.0,531.4
16584.0,0,High-Value / Low-Risk,658.8138702663069,0.011911216,3.0,71.0,2839.53
16585.0,1,Low-Value / At-Risk,127.08267522559548,0.99567163,1.0,410.0,341.59000000000003
16586.0,0,High-Value / Low-Risk,447.70790819567134,0.015746515,2.0,65.0,1462.78
16587.0,0,High-Value / Low-Risk,423.1619138783783,0.00557618,0.0,49.0,225.15
16588.0,1,Low-Value / At-Risk,443.16708710777584,0.98792493,3.0,203.0,1361.28
16589.0,1,Low-Value / At-Risk,150.58186917679438,0.9948598,0.0,267.0,153.12
16590.0,1,Low-Value / At-Risk,248.16889741004496,0.9876917,1.0,217.0,605.9
16592.0,0,High-Value / Low-Risk,1500.6684479393211,0.0057805316,12.0,0.0,5215.21
16593.0,0,High-Value / Low-Risk,363.28985263293765,0.007206471,6.0,6.0,996.6099999999999
16595.0,1,Low-Value / At-Risk,339.7258375172126,0.9805321,3.0,193.0,1450.02
16596.0,1,Low-Value / At-Risk,186.1008558139622,0.9845471,2.0,183.0,450.13
16598.0,1,Low-Value / At-Risk,293.603941060316,0.00557618,0.0,102.0,145.04999999999998
16599.0,1,Low-Value / At-Risk,186.3032030768072,0.9948598,0.0,202.0,172.8
16600.0,0,High-Value / Low-Risk,460.9821978867614,0.006630903,8.0,70.0,1577.3500000000001
16601.0,1,Low-Value / At-Risk,209.0307739636718,0.98774403,1.0,207.0,439.45
16602.0,1,Low-Value / At-Risk,184.284811656696,0.9948598,0.0,205.0,235.25
16604.0,1,Low-Value / At-Risk,90.6879948419912,0.99558556,1.0,379.0,432.45
16605.0,1,Low-Value / At-Risk,83.31021723182906,0.99624145,0.0,541.0,60.48
16606.0,1,Low-Value / At-Risk,189.86119465547253,0.9876917,1.0,221.0,357.66
16607.0,0,High-Value / Low-Risk,1510.4198044968416,0.005846484,16.0,24.0,4076.22
16608.0,1,Low-Value / At-Risk,240.3093821165344,0.989099,1.0,270.0,1288.72
16609.0,0,High-Value / Low-Risk,1964.6437313129045,0.005222459,2.0,14.0,1987.62
16610.0,0,High-Value / Low-Risk,474.6808033132324,0.00557618,0.0,36.0,75.66
16611.0,0,High-Value / Low-Risk,602.4486840643209,0.013015159,5.0,3.0,1785.13
16612.0,0,High-Value / Low-Risk,715.9617411286199,0.007157596,6.0,3.0,2766.67
16614.0,1,Low-Value / At-Risk,226.3182441462602,0.98858184,1.0,219.0,673.5999999999999
16615.0,1,Low-Value / At-Risk,99.14810620496806,0.99624145,0.0,443.0,291.5
16617.0,0,High-Value / Low-Risk,412.8310899419878,0.00557618,0.0,52.0,151.85
16618.0,0,High-Value / Low-Risk,811.8807205848632,0.010111723,2.0,27.0,1441.29
16619.0,0,High-Value / Low-Risk,392.62937153992783,0.014963937,3.0,80.0,1938.33
16620.0,0,High-Value / Low-Risk,328.0152105476059,0.01972301,4.0,77.0,1675.73
16621.0,0,High-Value / Low-Risk,633.5741182649764,0.0052788644,1.0,32.0,490.70000000000005
16622.0,1,Low-Value / At-Risk,118.180746090469,0.99624145,0.0,360.0,225.4
16623.0,0,High-Value / Low-Risk,395.65161926845406,0.013388886,3.0,62.0,1015.24
16624.0,0,High-Value / Low-Risk,598.2524733711759,0.00557618,0.0,14.0,426.43
16625.0,0,High-Value / Low-Risk,648.9968642507786,0.009091336,4.0,91.0,1654.03
16626.0,0,High-Value / Low-Risk,929.0226319834012,0.0052788644,1.0,1.0,1391.88
16628.0,0,High-Value / Low-Risk,356.7037077550574,0.009653572,3.0,35.0,842.96
16630.0,1,Low-Value / At-Risk,172.45361658805996,0.9948598,0.0,224.0,106.8
16631.0,1,Low-Value / At-Risk,192.57267806919663,0.99530655,5.0,298.0,1892.52
16632.0,1,Low-Value / At-Risk,157.971654346808,0.99558556,1.0,302.0,406.4
16633.0,0,High-Value / Low-Risk,416.2178530811047,0.00557618,0.0,51.0,447.52
16634.0,0,High-Value / Low-Risk,550.9225238681348,0.007622227,5.0,39.0,1814.6100000000001
16635.0,1,Low-Value / At-Risk,173.03824599838552,0.9948598,0.0,223.0,473.0
16636.0,1,Low-Value / At-Risk,667.0825031303974,0.98275685,3.0,255.0,3802.04
16637.0,0,High-Value / Low-Risk,449.4172193778745,0.00557618,0.0,42.0,303.62
16638.0,0,High-Value / Low-Risk,944.1332666855504,0.0064494344,9.0,74.0,1961.25
16639.0,0,High-Value / Low-Risk,460.1007678145429,0.00905493,2.0,23.0,961.6200000000001
16640.0,1,Low-Value / At-Risk,178.48422621859189,0.9948598,0.0,214.0,179.4
16641.0,1,Low-Value / At-Risk,86.55491894037766,0.99624145,0.0,518.0,323.40000000000003
16642.0,0,High-Value / Low-Risk,342.25474389810876,0.018909086,1.0,24.0,696.85
16643.0,0,High-Value / Low-Risk,407.77200998936365,0.018909086,1.0,62.0,923.11
16644.0,0,High-Value / Low-Risk,508.02789100490946,0.00557618,0.0,29.0,722.41
16645.0,1,Low-Value / At-Risk,81.84292373311442,0.99624145,0.0,552.0,160.39
16646.0,1,Low-Value / At-Risk,151.02723451649956,0.9948598,0.0,266.0,678.8
16647.0,0,High-Value / Low-Risk,263.54097514252544,0.012977072,2.0,21.0,455.59000000000003
16648.0,1,Low-Value / At-Risk,146.73249295472746,0.9885274,1.0,272.0,382.14
16649.0,1,Low-Value / At-Risk,124.82185573103774,0.99624145,0.0,337.0,306.58000000000004
16650.0,1,Low-Value / At-Risk,189.819075691268,0.9886253,4.0,237.0,1397.69
16651.0,1,Low-Value / At-Risk,107.4901505521922,0.99624145,0.0,403.0,136.2
16652.0,0,High-Value / Low-Risk,4113.077158989394,0.008543818,9.0,29.0,13831.04
16654.0,0,High-Value / Low-Risk,602.6271227989166,0.0074891816,6.0,4.0,1647.45
16655.0,0,High-Value / Low-Risk,1221.9829750320682,0.0065561603,8.0,2.0,3984.55
16656.0,0,High-Value / Low-Risk,3277.8735006729116,0.007426429,18.0,9.0,11764.85
16657.0,0,High-Value / Low-Risk,357.594012952969,0.00557618,0.0,71.0,242.55
16658.0,1,Low-Value / At-Risk,301.31634499038285,0.9857437,4.0,185.0,804.07
16659.0,0,High-Value / Low-Risk,661.0149688216452,0.00557618,0.0,6.0,39.12
16660.0,0,High-Value / Low-Risk,358.0456637612198,0.010518028,4.0,27.0,996.2600000000001
16661.0,1,Low-Value / At-Risk,172.1574760272559,0.9953642,3.0,357.0,986.6300000000001
16662.0,1,Low-Value / At-Risk,180.37667753007827,0.9948598,0.0,211.0,163.8
16663.0,1,Low-Value / At-Risk,82.63679311772971,0.99624145,0.0,546.0,165.0
16664.0,1,Low-Value / At-Risk,111.47672051855652,0.99624145,0.0,386.0,109.2
16665.0,1,Low-Value / At-Risk,203.38461309205277,0.9948598,0.0,179.0,135.39999999999998
16666.0,1,Low-Value / At-Risk,100.11931007207428,0.99624145,0.0,438.0,106.96
16667.0,0,High-Value / Low-Risk,295.3072949449007,0.00557618,0.0,101.0,203.35
16668.0,0,High-Value / Low-Risk,315.2846523954752,0.009737626,7.0,31.0,678.28
16670.0,0,High-Value / Low-Risk,1514.006813772232,0.0057805316,12.0,64.0,5882.47
16672.0,0,High-Value / Low-Risk,3661.9227786046217,0.005311409,8.0,1.0,4154.34
16673.0,1,Low-Value / At-Risk,89.90433684501849,0.99624145,0.0,496.0,188.83
16675.0,1,Low-Value / At-Risk,214.31026964727576,0.9889839,1.0,258.0,608.8599999999999
16676.0,0,High-Value / Low-Risk,975.8534801626604,0.00872309,4.0,30.0,1868.28
16677.0,1,Low-Value / At-Risk,255.19975619078903,0.9879637,1.0,228.0,880.62
16678.0,0,High-Value / Low-Risk,1292.3759521788163,0.00573896,4.0,14.0,1266.65
16679.0,1,Low-Value / At-Risk,325.5840970487067,0.98279953,2.0,183.0,793.06
16680.0,1,Low-Value / At-Risk,99.373659968129,0.99558556,1.0,345.0,637.75
16681.0,0,High-Value / Low-Risk,390.42400721835907,0.010976693,3.0,22.0,1027.34
16682.0,0,High-Value / Low-Risk,678.8424512018684,0.00557618,0.0,4.0,525.5
16683.0,1,Low-Value / At-Risk,120.97921417739352,0.99624145,0.0,350.0,320.25
16684.0,0,High-Value / Low-Risk,29207.326478118302,0.0057805316,26.0,22.0,105565.15
16686.0,0,High-Value / Low-Risk,959.0758328967322,0.0061896807,10.0,11.0,3237.66
16687.0,1,Low-Value / At-Risk,182.9633840402838,0.9948598,0.0,207.0,157.63
16690.0,0,High-Value / Low-Risk,272.34740742443125,0.00922785,2.0,18.0,213.95
16691.0,1,Low-Value / At-Risk,164.07082366779835,0.98774403,1.0,235.0,178.82999999999998
16692.0,0,High-Value / Low-Risk,745.1955042812108,0.009772578,3.0,73.0,1764.6999999999998
16693.0,0,High-Value / Low-Risk,309.9769092013582,0.016220812,3.0,88.0,875.01
16694.0,1,Low-Value / At-Risk,83.44622194255159,0.99624145,0.0,540.0,98.3
16695.0,1,Low-Value / At-Risk,113.45697925516453,0.99624145,0.0,378.0,193.15
16696.0,0,High-Value / Low-Risk,1041.7084394926978,0.0052852985,2.0,20.0,558.9000000000001
16697.0,0,High-Value / Low-Risk,393.620077897415,0.00557618,0.0,58.0,112.75
16698.0,0,High-Value / Low-Risk,1179.783888374715,0.0052788644,1.0,43.0,1998.0
16699.0,1,Low-Value / At-Risk,285.1343029177943,0.97736484,6.0,197.0,994.6
16700.0,0,High-Value / Low-Risk,1936.216024486689,0.0057805316,15.0,18.0,7039.39
16701.0,0,High-Value / Low-Risk,1872.53229322911,0.0067797387,18.0,6.0,6716.72
16702.0,1,Low-Value / At-Risk,298.4378758570605,0.99020714,3.0,232.0,1109.53
16704.0,1,Low-Value / At-Risk,91.84222671087994,0.99567163,1.0,435.0,695.66
16705.0,0,High-Value / Low-Risk,9219.507630567034,0.0057805316,17.0,24.0,36088.55
16707.0,1,Low-Value / At-Risk,206.1734062899751,0.9838859,3.0,217.0,551.11
16709.0,0,High-Value / Low-Risk,1971.80465552155,0.005893099,10.0,16.0,8042.18
16710.0,0,High-Value / Low-Risk,1532.9399783140263,0.005846484,17.0,24.0,5503.69
16711.0,0,High-Value / Low-Risk,479.9845984390647,0.007859004,5.0,119.0,1816.25
16712.0,0,High-Value / Low-Risk,878.1854140045739,0.008477753,3.0,29.0,1825.9299999999998
16713.0,0,High-Value / Low-Risk,2756.7236051524246,0.0069643757,23.0,52.0,10249.19
16714.0,1,Low-Value / At-Risk,384.14766675929405,0.9839092,1.0,134.0,1514.8
16715.0,1,Low-Value / At-Risk,113.2056047361672,0.99624145,0.0,379.0,323.8
16716.0,0,High-Value / Low-Risk,383.344176033759,0.014242971,2.0,83.0,2149.6800000000003
16717.0,0,High-Value / Low-Risk,793.5017738147719,0.96775836,6.0,183.0,3435.1000000000004
16718.0,0,High-Value / Low-Risk,806.6748273504734,0.9840539,4.0,186.0,3647.53
16719.0,0,High-Value / Low-Risk,883.6005514356928,0.0061729546,10.0,52.0,3156.11
16720.0,1,Low-Value / At-Risk,158.0845987500597,0.9890465,1.0,193.0,448.24
16721.0,0,High-Value / Low-Risk,338.5406359180683,0.00557618,0.0,79.0,292.47
16722.0,0,High-Value / Low-Risk,1821.726083410612,0.0057805316,14.0,0.0,6511.73
16723.0,1,Low-Value / At-Risk,146.1603061744507,0.98958033,1.0,260.0,712.48
16724.0,1,Low-Value / At-Risk,174.21949799642076,0.9948598,0.0,221.0,147.35
16725.0,0,High-Value / Low-Risk,518.4562192304072,0.0059603285,11.0,119.0,1880.66
16726.0,0,High-Value / Low-Risk,864.2589529808755,0.00923614,4.0,13.0,1501.5800000000002
16727.0,1,Low-Value / At-Risk,333.43142336689016,0.9833609,3.0,181.0,1437.42
16728.0,0,High-Value / Low-Risk,475.6196350403912,0.0052788644,1.0,53.0,326.93
16729.0,0,High-Value / Low-Risk,3846.910239237932,0.0055059567,7.0,7.0,3125.5
16730.0,0,High-Value / Low-Risk,480.2898627189248,0.011089926,1.0,51.0,480.94000000000005
16731.0,1,Low-Value / At-Risk,95.089623713985,0.99624145,0.0,465.0,174.05
16732.0,1,Low-Value / At-Risk,772.088202882376,0.9848952,2.0,220.0,3783.8900000000003
16733.0,1,Low-Value / At-Risk,122.13610123155516,0.99624145,0.0,346.0,259.68
16735.0,0,High-Value / Low-Risk,1383.659714931815,0.0070509636,9.0,56.0,5067.92
16736.0,1,Low-Value / At-Risk,326.6566286529278,0.9950997,4.0,322.0,2956.56
16737.0,1,Low-Value / At-Risk,109.56445552216329,0.99624145,0.0,394.0,417.6
16738.0,1,Low-Value / At-Risk,274.60191983444514,0.00557618,0.0,114.0,3.75
16739.0,1,Low-Value / At-Risk,120.12584317786872,0.99624145,0.0,353.0,463.43
16740.0,1,Low-Value / At-Risk,179.7414091935839,0.9948598,0.0,212.0,236.81
16741.0,1,Low-Value / At-Risk,99.34083566092134,0.99624145,0.0,442.0,173.06
16742.0,1,Low-Value / At-Risk,8.107800782943205,0.99405956,12.0,309.0,2387.71
16743.0,0,High-Value / Low-Risk,1108.168630838603,0.006981472,9.0,28.0,3076.92
16745.0,0,High-Value / Low-Risk,3619.445236723582,0.0058722296,9.0,0.0,4123.04
16746.0,0,High-Value / Low-Risk,4007.311044258967,0.00603903,30.0,11.0,14256.22
16748.0,0,High-Value / Low-Risk,923.960558390762,0.0059603285,11.0,34.0,3031.63
16749.0,1,Low-Value / At-Risk,450.13126217809906,0.99567163,1.0,408.0,4387.08
16750.0,0,High-Value / Low-Risk,423.1619138783783,0.00557618,0.0,49.0,118.7
16752.0,1,Low-Value / At-Risk,195.58704087078877,0.9948598,0.0,189.0,415.0
16754.0,0,High-Value / Low-Risk,652.4854135332546,0.9798861,18.0,189.0,67502.47
16755.0,0,High-Value / Low-Risk,666.3147850314663,0.011571035,5.0,43.0,2312.22
16756.0,0,High-Value / Low-Risk,461.618621461777,0.0078537185,6.0,31.0,1312.3700000000001
16757.0,1,Low-Value / At-Risk,239.2678599330501,0.9869025,1.0,135.0,270.48
16760.0,1,Low-Value / At-Risk,160.02032321193255,0.9948598,0.0,247.0,228.0
16763.0,0,High-Value / Low-Risk,233.8524298948119,0.021226825,1.0,15.0,964.7
16765.0,0,High-Value / Low-Risk,232.24649338817412,0.016318223,1.0,111.0,454.75
16766.0,0,High-Value / Low-Risk,315.443458474684,0.005509901,0.0,90.0,1145.6
16767.0,0,High-Value / Low-Risk,1631.22474350794,0.007559395,6.0,36.0,5137.91
16768.0,0,High-Value / Low-Risk,423.14750324347864,0.010477902,6.0,88.0,1413.28
16769.0,0,High-Value / Low-Risk,289.1248050172961,0.015893774,2.0,77.0,1141.75
16770.0,0,High-Value / Low-Risk,922.9078978180598,0.007217543,7.0,53.0,1818.51
16771.0,0,High-Value / Low-Risk,931.692488990122,0.006734647,7.0,92.0,3348.2400000000002
16772.0,1,Low-Value / At-Risk,733.1078035480726,0.98465157,2.0,240.0,3723.55
16773.0,1,Low-Value / At-Risk,117.93345357626536,0.9892461,1.0,253.0,249.65
16774.0,1,Low-Value / At-Risk,242.18340296564725,0.98975873,3.0,240.0,932.93
16775.0,0,High-Value / Low-Risk,1195.556831634016,0.0067508956,8.0,22.0,2053.0299999999997
16776.0,1,Low-Value / At-Risk,167.91527582129314,0.9948598,0.0,232.0,231.57
16777.0,0,High-Value / Low-Risk,441.3046033522402,0.012711016,3.0,74.0,1258.66
16778.0,1,Low-Value / At-Risk,313.49965690860137,0.00557618,0.0,91.0,93.18
16779.0,0,High-Value / Low-Risk,6976.141496886292,0.011645357,39.0,36.0,26419.28
16780.0,0,High-Value / Low-Risk,277.90959267116136,0.017137278,1.0,76.0,342.25
16781.0,1,Low-Value / At-Risk,254.16461206017124,0.98882186,1.0,189.0,934.25
16782.0,0,High-Value / Low-Risk,2736.722114252613,0.005981314,29.0,21.0,9506.81
16783.0,1,Low-Value / At-Risk,157.066667734211,0.9948598,0.0,253.0,391.95
16784.0,1,Low-Value / At-Risk,277.97128185425333,0.9798456,3.0,193.0,788.93
16785.0,1,Low-Value / At-Risk,171.29614907936426,0.9948598,0.0,226.0,533.78
16786.0,1,Low-Value / At-Risk,181.01646046238608,0.9948598,0.0,210.0,51.84
16787.0,1,Low-Value / At-Risk,295.6546469033609,0.98630464,3.0,214.0,1035.4299999999998
16788.0,0,High-Value / Low-Risk,462.4046420469449,0.017339375,3.0,71.0,1648.34
16791.0,0,High-Value / Low-Risk,807.9996659083977,0.0063645327,9.0,30.0,2880.31
16792.0,0,High-Value / Low-Risk,222.4921795140179,0.012769156,3.0,99.0,623.46
16794.0,1,Low-Value / At-Risk,277.7528428896412,0.98258454,4.0,197.0,868.2
16795.0,1,Low-Value / At-Risk,573.8854241465407,0.9837015,2.0,182.0,2492.3900000000003
16797.0,1,Low-Value / At-Risk,472.77673912309774,0.9830875,4.0,210.0,1827.77
16798.0,1,Low-Value / At-Risk,191.56388816985083,0.99567163,2.0,371.0,848.71
16799.0,1,Low-Value / At-Risk,203.3832166920802,0.9878542,1.0,249.0,495.98
16801.0,0,High-Value / Low-Risk,1078.982279728075,0.0049234685,2.0,9.0,1478.88
16802.0,1,Low-Value / At-Risk,103.22076690702988,0.99567163,1.0,496.0,582.61
16804.0,1,Low-Value / At-Risk,321.4228616227879,0.00557618,0.0,87.0,118.05
16805.0,1,Low-Value / At-Risk,235.9913254727443,0.98930013,2.0,177.0,836.42
16806.0,0,High-Value / Low-Risk,621.6472439676438,0.0052788644,1.0,37.0,388.41999999999996
16807.0,0,High-Value / Low-Risk,569.344827573114,0.011918946,4.0,32.0,1654.1200000000001
16808.0,0,High-Value / Low-Risk,313.49965690860137,0.00557618,0.0,91.0,166.5
16809.0,0,High-Value / Low-Risk,441.79314298595034,0.00734112,5.0,25.0,1155.82
16810.0,0,High-Value / Low-Risk,339.0359063040159,0.018909086,1.0,9.0,842.04
16812.0,1,Low-Value / At-Risk,384.9064154188868,0.98121464,3.0,177.0,2392.0
16813.0,0,High-Value / Low-Risk,828.3191618295615,0.0052788644,1.0,8.0,316.8
16814.0,0,High-Value / Low-Risk,3411.484106954744,0.006073028,26.0,9.0,10153.57
16815.0,1,Low-Value / At-Risk,169.33249198149804,0.98888373,1.0,270.0,410.97
16816.0,1,Low-Value / At-Risk,349.7013572003419,0.9799182,1.0,130.0,325.45
16817.0,0,High-Value / Low-Risk,1352.1941086861948,0.0058577056,10.0,2.0,2379.58
16818.0,0,High-Value / Low-Risk,1641.855827118568,0.005222459,2.0,8.0,1147.97
16819.0,1,Low-Value / At-Risk,144.20361287747954,0.99624145,0.0,282.0,182.59
16821.0,1,Low-Value / At-Risk,189.0643226504456,0.9948598,0.0,198.0,113.35
16822.0,1,Low-Value / At-Risk,88.81082130308934,0.99624145,0.0,503.0,181.39
16823.0,0,High-Value / Low-Risk,658.8204766032096,0.007084585,6.0,44.0,2260.09
16824.0,1,Low-Value / At-Risk,181.01646046238608,0.9948598,0.0,210.0,225.6
16825.0,0,High-Value / Low-Risk,538.9931526302012,0.009319847,3.0,2.0,1370.4099999999999
16827.0,1,Low-Value / At-Risk,196.8591301380513,0.9762948,4.0,210.0,387.18
16829.0,1,Low-Value / At-Risk,184.284811656696,0.9948598,0.0,205.0,316.1
16830.0,1,Low-Value / At-Risk,225.84437190724665,0.98468405,2.0,259.0,881.5900000000001
16831.0,1,Low-Value / At-Risk,112.70618537162228,0.99624145,0.0,381.0,91.8
16832.0,0,High-Value / Low-Risk,350.4661061080863,0.008170105,4.0,1.0,417.61
16833.0,0,High-Value / Low-Risk,630.9205492975501,0.010533852,3.0,76.0,1973.8
16834.0,0,High-Value / Low-Risk,210.9298708266284,0.022200307,1.0,44.0,898.96
16835.0,1,Low-Value / At-Risk,434.2271445343454,0.9845599,4.0,190.0,1439.31
16836.0,1,Low-Value / At-Risk,207.87018258278488,0.98831475,1.0,223.0,530.5
16837.0,0,High-Value / Low-Risk,2499.175903095018,0.0056832256,5.0,14.0,1814.7400000000002
16838.0,0,High-Value / Low-Risk,359.4776262390963,0.011253631,3.0,14.0,1159.61
16839.0,0,High-Value / Low-Risk,4036.1329415146142,0.0057805316,23.0,2.0,12759.41
16840.0,1,Low-Value / At-Risk,83.4426689908522,0.9961683,1.0,420.0,139.85
16841.0,0,High-Value / Low-Risk,929.2958823364672,0.0075315526,8.0,2.0,3079.42
16842.0,0,High-Value / Low-Risk,267.39353451321495,0.02495311,0.0,119.0,520.5699999999999
16843.0,0,High-Value / Low-Risk,3613.9731546338726,0.005902907,19.0,14.0,13216.76
16844.0,1,Low-Value / At-Risk,130.58436918706616,0.99558556,1.0,379.0,614.34
16845.0,1,Low-Value / At-Risk,100.7112255491709,0.99624145,0.0,435.0,253.88
16846.0,1,Low-Value / At-Risk,132.59925343525055,0.99558556,1.0,394.0,628.09
16847.0,1,Low-Value / At-Risk,100.7112255491709,0.99624145,0.0,435.0,421.4500000000001
16848.0,1,Low-Value / At-Risk,303.43635772816367,0.98326045,1.0,193.0,1130.2
16849.0,0,High-Value / Low-Risk,688.1257869048195,0.00557618,0.0,3.0,124.57
16850.0,1,Low-Value / At-Risk,229.98401991757945,0.9948598,0.0,150.0,332.41
16854.0,1,Low-Value / At-Risk,138.50855825567845,0.9897592,1.0,234.0,1408.96
16856.0,1,Low-Value / At-Risk,184.9114261700069,0.9876917,1.0,234.0,323.09000000000003
16857.0,1,Low-Value / At-Risk,154.22022183002937,0.9948598,0.0,259.0,352.8
16858.0,0,High-Value / Low-Risk,923.5455891181024,0.9694351,9.0,185.0,4668.28
16859.0,0,High-Value / Low-Risk,479.9165794616592,0.009809164,4.0,78.0,1444.4399999999998
16860.0,1,Low-Value / At-Risk,356.8640826989353,0.9895997,2.0,269.0,1610.6200000000001
16861.0,1,Low-Value / At-Risk,335.0236314041912,0.9814873,2.0,207.0,772.8299999999999
16862.0,1,Low-Value / At-Risk,126.28678880721256,0.99552035,3.0,364.0,662.33
16863.0,1,Low-Value / At-Risk,303.64994679791806,0.9869025,1.0,183.0,659.97
16864.0,1,Low-Value / At-Risk,191.56035184831097,0.98774403,1.0,251.0,409.25
16865.0,1,Low-Value / At-Risk,176.021981315481,0.9948598,0.0,218.0,130.95
16867.0,1,Low-Value / At-Risk,88.35027713873045,0.99624145,0.0,506.0,76.74000000000001
16868.0,1,Low-Value / At-Risk,182.37150220076177,0.9834379,2.0,211.0,393.39
16870.0,1,Low-Value / At-Risk,142.59309149830256,0.99624145,0.0,286.0,450.16
16871.0,0,High-Value / Low-Risk,1789.4617084261463,0.005211679,2.0,27.0,2037.82
16872.0,0,High-Value / Low-Risk,558.0170427834298,0.00938941,3.0,1.0,921.47
16873.0,0,High-Value / Low-Risk,2916.990156948454,0.006935284,8.0,14.0,10727.22
16874.0,1,Low-Value / At-Risk,190.475863355498,0.9948598,0.0,196.0,217.74
16875.0,0,High-Value / Low-Risk,726.1659085578649,0.012260276,6.0,113.0,2944.09
16876.0,1,Low-Value / At-Risk,174.81620299696948,0.9948598,0.0,220.0,136.01
16877.0,0,High-Value / Low-Risk,529.2934349831323,0.00557618,0.0,25.0,77.75
16880.0,0,High-Value / Low-Risk,260.5174933074441,0.021107282,1.0,6.0,591.66
16882.0,0,High-Value / Low-Risk,425.91552797702786,0.011089926,1.0,56.0,215.70000000000002
16883.0,0,High-Value / Low-Risk,758.7981983298282,0.010486433,17.0,4.0,2396.59
16884.0,1,Low-Value / At-Risk,114.41627466314208,0.99558556,1.0,373.0,644.08
16885.0,1,Low-Value / At-Risk,266.31711393536915,0.9846383,1.0,174.0,428.63
16886.0,1,Low-Value / At-Risk,147.96394891819256,0.9948598,0.0,273.0,134.0
16887.0,1,Low-Value / At-Risk,146.97964409196436,0.9892971,1.0,217.0,465.84000000000003
16888.0,1,Low-Value / At-Risk,161.91429976839115,0.98534656,2.0,217.0,437.15
16889.0,0,High-Value / Low-Risk,939.7158828591828,0.007916244,5.0,11.0,2530.9
16890.0,1,Low-Value / At-Risk,124.33196449908266,0.9954699,2.0,293.0,277.90999999999997
16891.0,1,Low-Value / At-Risk,360.4804724067752,0.98698574,6.0,188.0,1479.3799999999999
16892.0,0,High-Value / Low-Risk,168.50806707738047,0.015893774,2.0,0.0,339.54
16893.0,1,Low-Value / At-Risk,296.47389212365294,0.9838704,1.0,183.0,401.35
16894.0,1,Low-Value / At-Risk,105.03983078222603,0.99624145,1.0,319.0,1324.0600000000002
16895.0,1,Low-Value / At-Risk,271.3624031247331,0.9885578,3.0,255.0,902.28
16896.0,1,Low-Value / At-Risk,114.98900693320218,0.99624145,0.0,372.0,103.95
16897.0,0,High-Value / Low-Risk,312.23310643662654,0.0102725765,1.0,116.0,289.78
16898.0,1,Low-Value / At-Risk,258.49180897403755,0.9832788,2.0,185.0,623.64
16899.0,0,High-Value / Low-Risk,517.3377205720981,0.007736783,3.0,24.0,787.01
16901.0,1,Low-Value / At-Risk,82.63679311772971,0.99624145,0.0,546.0,204.26
16903.0,1,Low-Value / At-Risk,257.800853200034,0.9876917,1.0,197.0,689.04
16904.0,0,High-Value / Low-Risk,1560.012446108442,0.007762221,8.0,42.0,2662.4700000000003
16905.0,0,High-Value / Low-Risk,811.5546565021846,0.0059603285,11.0,53.0,2783.15
16906.0,0,High-Value / Low-Risk,472.8319402894659,0.009263575,4.0,3.0,1263.1200000000001
16907.0,0,High-Value / Low-Risk,642.0467731029748,0.0075140684,6.0,51.0,1310.25
16908.0,1,Low-Value / At-Risk,83.5826716565802,0.99624145,0.0,539.0,252.59
16911.0,1,Low-Value / At-Risk,77.67216437266953,0.99567163,1.0,452.0,255.25000000000003
16912.0,0,High-Value / Low-Risk,833.6443517617284,0.006952329,6.0,24.0,3070.59
16913.0,0,High-Value / Low-Risk,141.97628200382198,0.014383329,1.0,107.0,423.90999999999997
16915.0,0,High-Value / Low-Risk,433.051109668472,0.0076454836,6.0,65.0,1088.29
16916.0,1,Low-Value / At-Risk,358.2534444534119,0.9854855,2.0,189.0,739.32
16917.0,0,High-Value / Low-Risk,219.68508741570236,0.020919112,1.0,93.0,1857.83
16918.0,0,High-Value / Low-Risk,635.0639245031023,0.97993475,9.0,134.0,2420.25
16919.0,0,High-Value / Low-Risk,2288.893865852041,0.005846484,19.0,9.0,4584.81
16920.0,1,Low-Value / At-Risk,170.15414047373773,0.9948598,0.0,228.0,355.45
16921.0,1,Low-Value / At-Risk,143.06449085979034,0.9885274,1.0,259.0,276.88
16922.0,1,Low-Value / At-Risk,110.75184339804744,0.99624145,0.0,389.0,611.08
16923.0,0,High-Value / Low-Risk,3024.7516629053453,0.006004535,21.0,4.0,9963.24
16925.0,1,Low-Value / At-Risk,119.0065850306577,0.99624145,0.0,357.0,125.65
16926.0,1,Low-Value / At-Risk,400.21768971049266,0.98367405,4.0,188.0,1421.35
16927.0,0,High-Value / Low-Risk,300.8173541031575,0.011584109,1.0,93.0,341.45
16928.0,0,High-Value / Low-Risk,797.5715138473222,0.005846484,15.0,7.0,2272.49
16931.0,0,High-Value / Low-Risk,1620.074291921918,0.006272265,10.0,11.0,2532.51
16932.0,1,Low-Value / At-Risk,164.4192796246656,0.98858184,1.0,240.0,278.77
16933.0,0,High-Value / Low-Risk,713.29155959177,0.010500828,6.0,56.0,2842.75
16934.0,1,Low-Value / At-Risk,327.41447071272745,0.98602015,3.0,200.0,1160.06
16935.0,1,Low-Value / At-Risk,224.92474468362732,0.98463875,2.0,198.0,535.1
16936.0,1,Low-Value / At-Risk,186.3032030768072,0.9948598,0.0,202.0,288.49
16937.0,1,Low-Value / At-Risk,131.57333857191188,0.99624145,0.0,316.0,202.1
16938.0,0,High-Value / Low-Risk,1153.7331366157257,0.98345727,5.0,125.0,4574.400000000001
16939.0,1,Low-Value / At-Risk,156.56900633591533,0.99524236,2.0,305.0,449.0
16940.0,0,High-Value / Low-Risk,995.4058246305672,0.010165507,5.0,106.0,4135.46
16941.0,1,Low-Value / At-Risk,102.11997980311752,0.99624145,0.0,428.0,33.0
16942.0,0,High-Value / Low-Risk,1373.6574517320169,0.0052852985,2.0,6.0,908.24
16943.0,0,High-Value / Low-Risk,580.667540353749,0.010882055,2.0,28.0,816.73
16944.0,1,Low-Value / At-Risk,102.52975403540196,0.99624145,0.0,426.0,101.36
16945.0,0,High-Value / Low-Risk,1690.8086055680717,0.0057805316,14.0,18.0,5976.34
16946.0,1,Low-Value / At-Risk,254.59511944917307,0.9836679,4.0,200.0,1222.04
16947.0,0,High-Value / Low-Risk,257.53075863126725,0.0114917625,3.0,52.0,946.71
16948.0,0,High-Value / Low-Risk,295.86833748918275,0.011328036,5.0,78.0,674.29
16949.0,0,High-Value / Low-Risk,963.436711826756,0.010683164,3.0,2.0,893.75
16950.0,0,High-Value / Low-Risk,625.9628441663815,0.9761573,7.0,184.0,2769.81
16951.0,1,Low-Value / At-Risk,264.61537813972967,0.99070215,0.0,121.0,1053.79
16952.0,1,Low-Value / At-Risk,181.56610385441505,0.9846771,2.0,258.0,631.17
16954.0,0,High-Value / Low-Risk,1393.5387137306575,0.0086505385,13.0,71.0,4938.28
16955.0,0,High-Value / Low-Risk,418.7956795388315,0.0074933586,5.0,1.0,1309.4099999999999
16957.0,0,High-Value / Low-Risk,583.7534599316009,0.0052788644,1.0,56.0,416.64
16958.0,1,Low-Value / At-Risk,157.55133728654704,0.9948598,0.0,252.0,809.44
16960.0,0,High-Value / Low-Risk,518.3164805941783,0.0073518516,5.0,69.0,1735.96
16961.0,1,Low-Value / At-Risk,254.36683167945796,0.98774403,1.0,205.0,560.39
16962.0,1,Low-Value / At-Risk,171.29614907936426,0.9948598,0.0,226.0,251.04
16963.0,0,High-Value / Low-Risk,678.8424512018684,0.00557618,0.0,4.0,110.55
16964.0,1,Low-Value / At-Risk,82.10584582986142,0.99624145,0.0,550.0,207.85
16965.0,0,High-Value / Low-Risk,445.46743474275047,0.00557618,0.0,43.0,192.07
16966.0,0,High-Value / Low-Risk,1364.9092266151686,0.0052852985,2.0,14.0,1154.4
16967.0,0,High-Value / Low-Risk,661.0149688216452,0.00557618,0.0,6.0,319.02
16969.0,0,High-Value / Low-Risk,644.1089321671316,0.00557618,0.0,8.0,397.36
16970.0,1,Low-Value / At-Risk,99.14810620496806,0.99624145,0.0,443.0,71.4
16972.0,1,Low-Value / At-Risk,327.6954246998375,0.9878542,1.0,199.0,786.25
16973.0,1,Low-Value / At-Risk,185.62550203354877,0.9948598,0.0,203.0,127.0
16974.0,1,Low-Value / At-Risk,154.08157459723506,0.99558556,1.0,339.0,365.5
16975.0,1,Low-Value / At-Risk,284.4191632704575,0.9861794,2.0,240.0,926.12
16976.0,0,High-Value / Low-Risk,327.63434882209117,0.00557618,0.0,84.0,251.52
16977.0,1,Low-Value / At-Risk,210.50251185409292,0.98529786,2.0,212.0,496.0
16978.0,1,Low-Value / At-Risk,92.00830946476565,0.99624145,0.0,483.0,424.55
16979.0,0,High-Value / Low-Risk,626.2596887301274,0.011983479,3.0,114.0,1354.89
16980.0,0,High-Value / Low-Risk,697.9984340519459,0.009519855,2.0,72.0,1473.33
16983.0,0,High-Value / Low-Risk,1169.1713975019927,0.0082296,6.0,88.0,2401.31
16984.0,0,High-Value / Low-Risk,907.9764814847374,0.98598295,6.0,221.0,6273.45
16985.0,0,High-Value / Low-Risk,2267.238116489464,0.007295581,13.0,28.0,8374.4
16986.0,1,Low-Value / At-Risk,192.9598520566658,0.9904399,3.0,262.0,3015.55
16987.0,0,High-Value / Low-Risk,356.93257709288036,0.012329897,4.0,22.0,1101.95
16988.0,1,Low-Value / At-Risk,190.475863355498,0.9948598,0.0,196.0,256.55
16990.0,0,High-Value / Low-Risk,277.1760510094018,0.018909086,1.0,35.0,344.0
16991.0,1,Low-Value / At-Risk,164.6654778492404,0.9948598,0.0,238.0,1041.21
16992.0,0,High-Value / Low-Risk,1474.8134145713298,0.005971654,9.0,16.0,4533.34
16993.0,1,Low-Value / At-Risk,425.2988263913939,0.99558556,1.0,280.0,1950.95
16996.0,0,High-Value / Low-Risk,713.6949307145073,0.0075337915,5.0,62.0,1367.5300000000002
16997.0,0,High-Value / Low-Risk,447.897055138196,0.010882055,2.0,105.0,702.0
16998.0,0,High-Value / Low-Risk,330.7200843257092,0.0096280575,2.0,21.0,394.1
17000.0,1,Low-Value / At-Risk,227.24542998528528,0.9864123,1.0,213.0,406.3
17001.0,0,High-Value / Low-Risk,1423.1591650994314,0.0059603285,11.0,24.0,4453.17
17002.0,0,High-Value / Low-Risk,692.7525654415091,0.00969895,4.0,32.0,2071.34
17003.0,1,Low-Value / At-Risk,315.21279230283176,0.98213816,2.0,219.0,830.16
17004.0,1,Low-Value / At-Risk,312.80448870910413,0.9876917,1.0,209.0,1012.22
17005.0,1,Low-Value / At-Risk,182.95039339829728,0.99558556,1.0,287.0,742.36
17006.0,1,Low-Value / At-Risk,286.9616040763618,0.97874784,3.0,209.0,854.54
17007.0,0,High-Value / Low-Risk,435.452742122606,0.007884733,3.0,18.0,692.9
17008.0,1,Low-Value / At-Risk,160.52344947093042,0.9948598,0.0,246.0,81.36
17009.0,1,Low-Value / At-Risk,116.03357356945848,0.99624145,0.0,368.0,242.06
17011.0,1,Low-Value / At-Risk,57.755922563348875,0.99558556,1.0,464.0,400.79999999999995
17012.0,1,Low-Value / At-Risk,83.17465535004465,0.99624145,0.0,542.0,384.16
17015.0,0,High-Value / Low-Risk,697.6694396634877,0.00557618,0.0,2.0,524.5
17016.0,1,Low-Value / At-Risk,109.79989027667612,0.99624145,0.0,393.0,552.4
17017.0,0,High-Value / Low-Risk,2756.08406898578,0.0057805316,14.0,21.0,9910.17
17018.0,0,High-Value / Low-Risk,456.8499728957546,0.9793528,4.0,142.0,1772.6
17019.0,0,High-Value / Low-Risk,1028.177680455056,0.0066056293,8.0,78.0,3720.2200000000003
17020.0,1,Low-Value / At-Risk,219.8325311982416,0.99558556,1.0,359.0,935.62
17021.0,1,Low-Value / At-Risk,158.64906072861447,0.9873745,5.0,259.0,1182.22
17022.0,1,Low-Value / At-Risk,159.02348717953447,0.9948598,0.0,249.0,189.0
17023.0,1,Low-Value / At-Risk,257.85639103275514,0.9867661,2.0,234.0,800.1800000000001
17025.0,1,Low-Value / At-Risk,240.526805797646,0.98409724,2.0,190.0,1313.8400000000001
17026.0,0,High-Value / Low-Risk,313.570883077498,0.00922785,2.0,2.0,208.98000000000002
17027.0,0,High-Value / Low-Risk,304.66240328395736,0.007668371,5.0,100.0,880.7
17028.0,1,Low-Value / At-Risk,270.1012965944665,0.99567163,2.0,398.0,1593.83
17029.0,0,High-Value / Low-Risk,570.5865300301385,0.0077972636,5.0,53.0,1779.3
17031.0,1,Low-Value / At-Risk,278.70779097550854,0.98949146,3.0,195.0,2393.5
17032.0,1,Low-Value / At-Risk,214.58575975776995,0.99567163,3.0,420.0,2916.9700000000003
17033.0,0,High-Value / Low-Risk,547.8348648983069,0.0085877795,2.0,31.0,910.75
17034.0,0,High-Value / Low-Risk,334.11203337161453,0.016113877,2.0,104.0,680.1999999999999
17035.0,0,High-Value / Low-Risk,250.34761502237865,0.012238387,3.0,62.0,613.59
17036.0,1,Low-Value / At-Risk,187.67358835874592,0.9948598,0.0,200.0,176.9
17038.0,1,Low-Value / At-Risk,167.91527582129314,0.9948598,0.0,232.0,630.77
17039.0,1,Low-Value / At-Risk,103.56873339194443,0.99624145,0.0,421.0,1954.99
17040.0,1,Low-Value / At-Risk,116.29768986109048,0.99624145,0.0,367.0,13.52
17041.0,1,Low-Value / At-Risk,323.36865847155735,0.9828514,2.0,177.0,909.21
17042.0,0,High-Value / Low-Risk,676.5979756434883,0.0052788644,1.0,13.0,495.39
17043.0,0,High-Value / Low-Risk,286.30505640524893,0.011607226,4.0,83.0,1055.97
17044.0,0,High-Value / Low-Risk,1928.6977467601976,0.96183586,9.0,191.0,11013.82
17045.0,0,High-Value / Low-Risk,284.04489811283867,0.012074535,2.0,64.0,528.1899999999999
17046.0,1,Low-Value / At-Risk,330.2325813091492,0.983851,2.0,261.0,1264.0500000000002
17047.0,0,High-Value / Low-Risk,520.0063330582981,0.0121012125,3.0,22.0,1937.76
17048.0,0,High-Value / Low-Risk,581.80024080894,0.0076321815,5.0,99.0,1906.73
17049.0,0,High-Value / Low-Risk,1782.3142009984354,0.005971654,9.0,31.0,5869.3
17050.0,0,High-Value / Low-Risk,1167.4394059749989,0.0065561603,8.0,4.0,3823.41
17051.0,0,High-Value / Low-Risk,301.9630002446136,0.010940257,3.0,11.0,714.39
17054.0,0,High-Value / Low-Risk,1146.1992081224646,0.0052852985,2.0,24.0,918.8199999999999
17055.0,1,Low-Value / At-Risk,152.83539261832414,0.9948598,0.0,262.0,239.55
17056.0,1,Low-Value / At-Risk,81.4516842401165,0.99624145,0.0,555.0,128.60000000000002
17057.0,1,Low-Value / At-Risk,105.27565343938517,0.99624145,0.0,413.0,288.79
17058.0,0,High-Value / Low-Risk,732.2508957849377,0.0052788644,1.0,16.0,819.6600000000001
17059.0,0,High-Value / Low-Risk,1164.853848837525,0.0071847383,6.0,14.0,4018.16
17060.0,0,High-Value / Low-Risk,329.75877768389756,0.00557618,0.0,83.0,234.24
17061.0,0,High-Value / Low-Risk,2285.815025594686,0.00573896,4.0,9.0,3250.23
17062.0,0,High-Value / Low-Risk,527.4965212610476,0.9737037,5.0,130.0,1198.14
17063.0,0,High-Value / Low-Risk,673.6555770920168,0.008667324,6.0,106.0,2496.76
17064.0,1,Low-Value / At-Risk,236.38266465077425,0.9944782,0.0,144.0,147.85
17065.0,1,Low-Value / At-Risk,97.076437999954,0.99624145,0.0,454.0,194.7
17066.0,1,Low-Value / At-Risk,83.0395341369801,0.99624145,0.0,543.0,228.34
17067.0,1,Low-Value / At-Risk,59.42663354450091,0.99567163,1.0,541.0,454.53999999999996
17068.0,0,High-Value / Low-Risk,2550.214048094117,0.006430527,36.0,6.0,7244.04
17069.0,0,High-Value / Low-Risk,1083.725604230349,0.0067854533,7.0,43.0,4157.65
17070.0,1,Low-Value / At-Risk,170.72323186225776,0.9948598,0.0,227.0,133.18
17071.0,0,High-Value / Low-Risk,744.5154117536537,0.006811411,7.0,4.0,2416.19
17072.0,1,Low-Value / At-Risk,99.34083566092134,0.99624145,0.0,442.0,282.05
17074.0,1,Low-Value / At-Risk,113.2056047361672,0.99624145,0.0,379.0,203.05
17075.0,0,High-Value / Low-Risk,630.6865455485753,0.006630903,8.0,70.0,2103.68
17076.0,0,High-Value / Low-Risk,281.4175654885238,0.011457007,4.0,90.0,735.8699999999999
17077.0,1,Low-Value / At-Risk,109.33002904561616,0.99624145,0.0,395.0,306.0
17080.0,0,High-Value / Low-Risk,340.0971309060239,0.0074848663,5.0,86.0,746.23
17081.0,1,Low-Value / At-Risk,253.8033737492428,0.9820166,3.0,212.0,674.23
17082.0,0,High-Value / Low-Risk,712.1192483697165,0.9801887,3.0,135.0,3365.12
17083.0,0,High-Value / Low-Risk,984.6511883253918,0.006734647,7.0,112.0,3640.0299999999997
17084.0,1,Low-Value / At-Risk,179.11060776298865,0.9948598,0.0,213.0,2253.22
17085.0,0,High-Value / Low-Risk,2011.4450192793324,0.005981314,23.0,67.0,7535.26
17087.0,1,Low-Value / At-Risk,81.58168092914649,0.99624145,0.0,554.0,221.53
17088.0,0,High-Value / Low-Risk,360.12831533600365,0.00557618,0.0,70.0,1015.83
17089.0,1,Low-Value / At-Risk,185.62550203354877,0.9948598,0.0,203.0,128.45
17090.0,0,High-Value / Low-Risk,673.2670418080811,0.007147142,7.0,44.0,1754.58
17091.0,0,High-Value / Low-Risk,1722.9054613521491,0.0057805316,13.0,2.0,5977.75
17092.0,0,High-Value / Low-Risk,1154.6020314301647,0.010263598,6.0,94.0,3952.08
17093.0,1,Low-Value / At-Risk,106.1504035882756,0.99624145,0.0,409.0,235.88
17094.0,1,Low-Value / At-Risk,308.87099483322737,0.9876917,1.0,139.0,402.2
17095.0,0,High-Value / Low-Risk,493.8665304904105,0.008591226,5.0,116.0,1792.05
17096.0,0,High-Value / Low-Risk,952.6713054681512,0.009346208,7.0,78.0,2870.54
17097.0,1,Low-Value / At-Risk,377.6312178624479,0.98463875,2.0,141.0,673.67
17098.0,1,Low-Value / At-Risk,225.78150717121792,0.9829631,2.0,198.0,591.07
17099.0,1,Low-Value / At-Risk,120.97921417739352,0.99624145,0.0,350.0,582.17
17101.0,1,Low-Value / At-Risk,340.63149249858,0.98279953,2.0,211.0,885.3199999999999
17102.0,1,Low-Value / At-Risk,340.81001617382213,0.00557618,0.0,78.0,25.5
17103.0,1,Low-Value / At-Risk,83.5826716565802,0.99624145,0.0,539.0,424.3
17104.0,1,Low-Value / At-Risk,163.61002894112784,0.9948598,0.0,240.0,474.03
17105.0,1,Low-Value / At-Risk,261.8945369244709,0.99070215,0.0,123.0,319.4
17106.0,1,Low-Value / At-Risk,183.62171608464033,0.9948598,0.0,206.0,491.23
17107.0,0,High-Value / Low-Risk,2353.56178007451,0.008466405,5.0,25.0,9378.8
17108.0,1,Low-Value / At-Risk,92.50791057802093,0.99624145,0.0,480.0,174.95
17109.0,0,High-Value / Low-Risk,436.9232585040397,0.011908877,2.0,49.0,875.01
17110.0,1,Low-Value / At-Risk,132.00435245982533,0.99558556,1.0,337.0,347.4
17111.0,1,Low-Value / At-Risk,162.56804439486464,0.9948598,0.0,242.0,227.97
17112.0,1,Low-Value / At-Risk,130.56442058680918,0.99624145,0.0,319.0,205.17
17113.0,1,Low-Value / At-Risk,112.61948775915324,0.99530953,4.0,391.0,2322.59
17114.0,0,High-Value / Low-Risk,519.967409600721,0.011276594,3.0,25.0,446.09
17115.0,0,High-Value / Low-Risk,573.9312442508981,0.013230085,4.0,50.0,2234.01
17116.0,1,Low-Value / At-Risk,95.089623713985,0.99624145,0.0,465.0,389.78
17117.0,1,Low-Value / At-Risk,288.6101939163535,0.00557618,0.0,105.0,116.2
17118.0,1,Low-Value / At-Risk,247.87923877983857,0.9944782,0.0,134.0,157.02
17120.0,0,High-Value / Low-Risk,419.66098580156967,0.00557618,0.0,50.0,307.46
17121.0,1,Low-Value / At-Risk,175.4170165554215,0.9948598,0.0,219.0,314.74
17122.0,1,Low-Value / At-Risk,244.5934697020128,0.9833695,2.0,205.0,432.18
17123.0,1,Low-Value / At-Risk,228.63712863584465,0.98831475,1.0,256.0,621.37
17124.0,0,High-Value / Low-Risk,697.6694396634877,0.00557618,0.0,2.0,298.89
17126.0,0,High-Value / Low-Risk,675.9917620147246,0.009003999,5.0,116.0,1573.46
17127.0,1,Low-Value / At-Risk,307.7749862745118,0.9793528,4.0,245.0,1155.0300000000002
17128.0,1,Low-Value / At-Risk,228.9511931032469,0.9948598,0.0,151.0,157.09
17129.0,1,Low-Value / At-Risk,124.82185573103774,0.99624145,0.0,337.0,31.85
17132.0,1,Low-Value / At-Risk,284.8529559742521,0.9889839,1.0,269.0,1272.8
17133.0,0,High-Value / Low-Risk,3229.9594622321792,0.010367652,7.0,7.0,12208.880000000001
17134.0,0,High-Value / Low-Risk,317.24528900029327,0.018909086,1.0,81.0,542.6
17135.0,0,High-Value / Low-Risk,516.6897913717631,0.012383045,4.0,106.0,1309.18
17136.0,1,Low-Value / At-Risk,92.67565287733976,0.99624145,0.0,479.0,231.68
17137.0,1,Low-Value / At-Risk,264.63216463739695,0.9892643,4.0,233.0,1133.6299999999999
17138.0,0,High-Value / Low-Risk,885.3998380920599,0.012827867,6.0,92.0,4417.27
17139.0,0,High-Value / Low-Risk,3883.547890877223,0.005893099,11.0,27.0,13621.89
17140.0,0,High-Value / Low-Risk,376.12621197573407,0.00557618,0.0,64.0,465.32
17141.0,1,Low-Value / At-Risk,181.06911723680707,0.9845217,1.0,235.0,754.33
17142.0,0,High-Value / Low-Risk,407.4252516082743,0.0153340995,3.0,56.0,1283.75
17143.0,1,Low-Value / At-Risk,211.69801156649424,0.98888373,1.0,234.0,924.11
17145.0,1,Low-Value / At-Risk,527.2448148045652,0.9952565,2.0,329.0,3120.91
17146.0,0,High-Value / Low-Risk,1455.902985904717,0.01087214,11.0,80.0,5674.34
17147.0,0,High-Value / Low-Risk,746.2878464614904,0.006942993,6.0,23.0,2458.4700000000003
17149.0,1,Low-Value / At-Risk,150.13912629556197,0.9948598,0.0,268.0,143.10000000000002
17150.0,1,Low-Value / At-Risk,384.4906298797167,0.97792715,5.0,193.0,1375.65
17151.0,1,Low-Value / At-Risk,81.84292373311442,0.99624145,0.0,552.0,231.90000000000003
17152.0,0,High-Value / Low-Risk,1016.436444227808,0.009124107,2.0,11.0,2016.5
17155.0,1,Low-Value / At-Risk,119.963552723396,0.99528897,4.0,344.0,640.76
17156.0,1,Low-Value / At-Risk,134.3417077639658,0.99624145,0.0,308.0,591.87
17157.0,1,Low-Value / At-Risk,5.397269629355911,0.99405956,15.0,297.0,4832.9
17158.0,0,High-Value / Low-Risk,455.7899335538901,0.0121186515,3.0,49.0,1411.58
17159.0,1,Low-Value / At-Risk,171.92836362104302,0.99558556,1.0,294.0,560.71
17160.0,0,High-Value / Low-Risk,2029.810742539977,0.005902907,12.0,42.0,7896.2
17161.0,1,Low-Value / At-Risk,153.2942268586607,0.9948598,0.0,261.0,856.01
17162.0,0,High-Value / Low-Risk,951.9618161904696,0.009758288,3.0,7.0,1165.28
17163.0,1,Low-Value / At-Risk,162.03806585046487,0.9889959,1.0,262.0,406.68
17164.0,0,High-Value / Low-Risk,640.6213237337003,0.0052788644,1.0,29.0,943.22
17165.0,0,High-Value / Low-Risk,477.7786411723145,0.015500889,5.0,101.0,1794.3200000000002
17166.0,0,High-Value / Low-Risk,558.5408791068543,0.00557618,0.0,20.0,127.59
17167.0,1,Low-Value / At-Risk,349.753162522773,0.9853124,2.0,196.0,867.11
17168.0,1,Low-Value / At-Risk,131.91312228261384,0.99624145,0.0,315.0,400.2
17169.0,1,Low-Value / At-Risk,109.33002904561616,0.99624145,0.0,395.0,320.95
17170.0,1,Low-Value / At-Risk,213.76767966997252,0.9850655,1.0,191.0,178.68
17171.0,0,High-Value / Low-Risk,166.8645163900845,0.020298894,1.0,106.0,384.59000000000003
17172.0,1,Low-Value / At-Risk,159.50420744204257,0.98958033,1.0,247.0,638.81
17174.0,0,High-Value / Low-Risk,483.7500132841586,0.00557618,0.0,34.0,59.9
17175.0,0,High-Value / Low-Risk,276.09064883635267,0.00557618,0.0,113.0,519.08
17176.0,0,High-Value / Low-Risk,282.6213395310741,0.016855989,2.0,18.0,902.3199999999999
17177.0,1,Low-Value / At-Risk,129.57087389097768,0.99624145,0.0,322.0,119.5
17178.0,1,Low-Value / At-Risk,82.37046347078063,0.99624145,0.0,548.0,436.71
17179.0,0,High-Value / Low-Risk,539.2066478252565,0.009017736,4.0,49.0,1283.78
17180.0,0,High-Value / Low-Risk,657.1980009220433,0.006630903,8.0,58.0,2025.81
17181.0,1,Low-Value / At-Risk,205.40717733771388,0.98774403,1.0,190.0,380.97
17182.0,1,Low-Value / At-Risk,127.89843751518602,0.9893504,1.0,239.0,321.3
17184.0,1,Low-Value / At-Risk,112.4236984768896,0.99567163,1.0,386.0,198.41000000000003
17185.0,1,Low-Value / At-Risk,78.65401320033119,0.99558556,1.0,408.0,229.45999999999998
17187.0,0,High-Value / Low-Risk,216.33904892671023,0.020919112,1.0,43.0,467.71
17188.0,0,High-Value / Low-Risk,898.9472218469963,0.9672915,8.0,132.0,3543.1400000000003
17189.0,1,Low-Value / At-Risk,239.67954443510493,0.9854397,3.0,176.0,800.45
17190.0,0,High-Value / Low-Risk,449.3580182051233,0.013504004,3.0,24.0,1491.46
17191.0,0,High-Value / Low-Risk,1104.8960963398088,0.0062014423,9.0,8.0,3916.62
17192.0,1,Low-Value / At-Risk,120.12584317786872,0.99624145,0.0,353.0,77.83
17193.0,1,Low-Value / At-Risk,215.38961924053913,0.9885111,1.0,203.0,610.74
17194.0,1,Low-Value / At-Risk,209.14253193407495,0.98888373,1.0,177.0,776.66
17195.0,1,Low-Value / At-Risk,93.8671115263544,0.99624145,0.0,472.0,562.98
17196.0,1,Low-Value / At-Risk,161.53926786278942,0.9948598,0.0,244.0,352.9
17198.0,1,Low-Value / At-Risk,380.03556080574737,0.9807093,1.0,182.0,1043.32
17199.0,1,Low-Value / At-Risk,108.40227738732573,0.99624145,0.0,399.0,145.12
17200.0,1,Low-Value / At-Risk,155.85178346570868,0.98352975,1.0,204.0,356.71
17201.0,1,Low-Value / At-Risk,163.51673704727983,0.9956245,2.0,340.0,888.91
17202.0,1,Low-Value / At-Risk,165.19833336959886,0.9948598,0.0,237.0,160.65
17203.0,1,Low-Value / At-Risk,184.284811656696,0.9947978,0.0,205.0,2012.03
17204.0,0,High-Value / Low-Risk,1944.174142876857,0.0071336175,5.0,58.0,5190.29
17205.0,1,Low-Value / At-Risk,217.65800228964275,0.98858184,1.0,233.0,615.27
17207.0,1,Low-Value / At-Risk,94.38717254121067,0.99624145,0.0,469.0,302.37
17208.0,1,Low-Value / At-Risk,179.7414091935839,0.9948598,0.0,212.0,115.35
17209.0,1,Low-Value / At-Risk,73.66843936329417,0.99567163,2.0,466.0,611.6
17210.0,1,Low-Value / At-Risk,181.66080636263035,0.9948598,0.0,209.0,253.37
17211.0,0,High-Value / Low-Risk,823.5017107046012,0.006039774,9.0,50.0,2983.37
17212.0,0,High-Value / Low-Risk,311.14998821226146,0.012543763,2.0,70.0,794.41
17213.0,0,High-Value / Low-Risk,859.7286835482469,0.9743824,8.0,133.0,3338.02
17214.0,0,High-Value / Low-Risk,529.1701976855301,0.011159426,3.0,66.0,613.6700000000001
17215.0,1,Low-Value / At-Risk,144.6119509018861,0.99624145,0.0,281.0,186.15
17216.0,1,Low-Value / At-Risk,115.2483799424668,0.99624145,0.0,371.0,65.05
17217.0,0,High-Value / Low-Risk,152.63695229305395,0.020175306,1.0,51.0,218.0
17218.0,0,High-Value / Low-Risk,958.3939665043666,0.005846484,12.0,31.0,3178.54
17219.0,1,Low-Value / At-Risk,167.36474990148085,0.9948598,0.0,233.0,144.9
17220.0,0,High-Value / Low-Risk,818.5916763916798,0.006811411,7.0,23.0,2742.38
17221.0,1,Low-Value / At-Risk,104.16094579790531,0.99558556,1.0,408.0,643.39
17222.0,1,Low-Value / At-Risk,251.77571538907316,0.9948755,4.0,294.0,1234.96
17223.0,1,Low-Value / At-Risk,530.0047102703903,0.98043895,2.0,127.0,803.53
17224.0,1,Low-Value / At-Risk,130.89900111893434,0.99624145,0.0,318.0,100.86
17225.0,1,Low-Value / At-Risk,108.63273488097136,0.99624145,0.0,398.0,131.15
17226.0,1,Low-Value / At-Risk,242.9362531939327,0.9844583,2.0,125.0,900.12
17227.0,0,High-Value / Low-Risk,471.38929928933806,0.006811411,7.0,73.0,1448.86
17228.0,0,High-Value / Low-Risk,723.1760284979957,0.0068690586,8.0,24.0,1958.73
17230.0,0,High-Value / Low-Risk,2630.065428304062,0.008195003,13.0,81.0,9924.95
17231.0,0,High-Value / Low-Risk,1646.011322671293,0.005970247,17.0,7.0,5756.17
17233.0,1,Low-Value / At-Risk,135.19401649800668,0.9892971,1.0,265.0,369.98
17235.0,1,Low-Value / At-Risk,423.6405437509873,0.9692516,6.0,189.0,1696.7199999999998
17236.0,0,High-Value / Low-Risk,555.518068098924,0.0061287414,9.0,59.0,1576.95
17237.0,1,Low-Value / At-Risk,210.93676001495095,0.9838704,1.0,192.0,687.39
17238.0,0,High-Value / Low-Risk,1602.132147355852,0.005846484,20.0,1.0,5586.14
17239.0,1,Low-Value / At-Risk,462.57423557463767,0.98168635,3.0,129.0,1189.45
17240.0,1,Low-Value / At-Risk,105.27565343938517,0.99624145,0.0,413.0,130.6
17241.0,0,High-Value / Low-Risk,300.79611952617705,0.9837624,10.0,202.0,2744.14
17242.0,1,Low-Value / At-Risk,396.2834752653208,0.9885936,2.0,273.0,1754.2399999999998
17243.0,0,High-Value / Low-Risk,3325.7208831031276,0.008064135,50.0,53.0,15066.61
17244.0,1,Low-Value / At-Risk,226.40340082320057,0.98422223,1.0,200.0,871.14
17245.0,0,High-Value / Low-Risk,148.76387124574575,0.022637922,1.0,21.0,371.63
17246.0,1,Low-Value / At-Risk,89.75202836582463,0.99624145,1.0,363.0,38.92
17248.0,1,Low-Value / At-Risk,137.97061392447327,0.99624145,0.0,298.0,227.51
17249.0,1,Low-Value / At-Risk,161.0297542691887,0.9948598,0.0,245.0,68.03
17250.0,0,High-Value / Low-Risk,340.81001617382213,0.00557618,0.0,78.0,162.65
17251.0,1,Low-Value / At-Risk,223.007126054648,0.9843985,2.0,179.0,812.4300000000001
17252.0,0,High-Value / Low-Risk,688.1257869048195,0.00557618,0.0,3.0,341.96
17254.0,1,Low-Value / At-Risk,176.021981315481,0.9948598,0.0,218.0,198.29
17255.0,0,High-Value / Low-Risk,284.6789809342949,0.014270433,2.0,116.0,613.18
17256.0,1,Low-Value / At-Risk,201.64118081662684,0.98529786,2.0,129.0,386.83
17257.0,1,Low-Value / At-Risk,157.066667734211,0.9947978,0.0,253.0,192.73000000000002
17258.0,1,Low-Value / At-Risk,138.23906995400145,0.9887495,1.0,213.0,417.30000000000007
17259.0,1,Low-Value / At-Risk,471.2426286433379,0.97984356,3.0,185.0,1667.6100000000001
17260.0,1,Low-Value / At-Risk,170.15414047373773,0.9948598,0.0,228.0,120.95
17261.0,1,Low-Value / At-Risk,128.26945425998693,0.99624145,0.0,326.0,230.44
17262.0,0,High-Value / Low-Risk,736.9995599452901,0.006811411,7.0,44.0,2459.62
17263.0,0,High-Value / Low-Risk,529.2934349831323,0.00557618,0.0,25.0,63.440000000000005
17264.0,1,Low-Value / At-Risk,163.08736979865665,0.9948598,0.0,241.0,279.59
17266.0,1,Low-Value / At-Risk,121.51974511243948,0.99558556,1.0,316.0,207.09
17268.0,0,High-Value / Low-Risk,409.9331005969526,0.01059189,8.0,60.0,1246.73
17269.0,1,Low-Value / At-Risk,186.3032030768072,0.9948598,0.0,202.0,537.46
17270.0,1,Low-Value / At-Risk,137.08677388636696,0.99567163,1.0,286.0,604.4
17271.0,1,Low-Value / At-Risk,81.71209342711667,0.99624145,0.0,553.0,210.39
17272.0,0,High-Value / Low-Risk,1084.8560985405577,0.0052788644,1.0,16.0,1409.44
17273.0,1,Low-Value / At-Risk,163.08736979865665,0.9948598,0.0,241.0,141.12
17274.0,1,Low-Value / At-Risk,179.7414091935839,0.9948598,0.0,212.0,465.4
17275.0,1,Low-Value / At-Risk,187.67358835874592,0.9948598,0.0,200.0,114.52
17276.0,1,Low-Value / At-Risk,175.4170165554215,0.9948598,0.0,219.0,507.14
17277.0,0,High-Value / Low-Risk,510.7613377380539,0.011089926,1.0,44.0,1065.35
17278.0,0,High-Value / Low-Risk,209.92435046859168,0.018989203,1.0,58.0,271.24
17280.0,1,Low-Value / At-Risk,156.10623240283596,0.9948598,0.0,255.0,118.86
17281.0,1,Low-Value / At-Risk,274.62227933935384,0.98512065,5.0,191.0,797.8499999999999
17282.0,0,High-Value / Low-Risk,483.6089223995383,0.013552858,2.0,116.0,1378.1
17283.0,1,Low-Value / At-Risk,191.18958281965823,0.9948598,0.0,195.0,188.46
17284.0,0,High-Value / Low-Risk,723.5158675942922,0.011761748,2.0,52.0,1839.57
17285.0,1,Low-Value / At-Risk,96.32552613348008,0.99567163,1.0,445.0,420.84000000000003
17286.0,1,Low-Value / At-Risk,176.63114051381973,0.9947978,0.0,217.0,241.56
17287.0,0,High-Value / Low-Risk,1024.963493181333,0.005846484,14.0,22.0,3548.19
17288.0,0,High-Value / Low-Risk,1118.163988042582,0.0072536008,6.0,24.0,1743.95
17289.0,1,Low-Value / At-Risk,376.4715710125889,0.9790455,5.0,193.0,1134.98
17290.0,1,Low-Value / At-Risk,304.2987802443558,0.9804985,4.0,198.0,915.72
17291.0,1,Low-Value / At-Risk,259.2292508736751,0.9930854,0.0,125.0,550.8000000000001
17292.0,1,Low-Value / At-Risk,144.8101869688072,0.99558556,1.0,289.0,271.75
17293.0,0,High-Value / Low-Risk,661.6785334560959,0.9638582,9.0,125.0,2368.4700000000003
17294.0,1,Low-Value / At-Risk,91.51407878552706,0.99624145,0.0,486.0,467.78999999999996
17296.0,1,Low-Value / At-Risk,82.50341325632112,0.99624145,0.0,547.0,338.13
17298.0,1,Low-Value / At-Risk,202.7289225876721,0.9894599,2.0,191.0,443.24
17299.0,1,Low-Value / At-Risk,164.19079737021988,0.9886308,1.0,256.0,346.97
17300.0,1,Low-Value / At-Risk,225.9763863172398,0.9884199,1.0,207.0,393.64
17301.0,1,Low-Value / At-Risk,99.5343163546922,0.99624145,0.0,441.0,132.8
17302.0,0,High-Value / Low-Risk,401.73759709130456,0.0102725765,1.0,25.0,303.12
17303.0,1,Low-Value / At-Risk,204.1987782700716,0.9948598,0.0,178.0,250.04
17304.0,1,Low-Value / At-Risk,120.6934119253979,0.99624145,0.0,351.0,111.5
17305.0,1,Low-Value / At-Risk,95.089623713985,0.99624145,0.0,465.0,2135.46
17306.0,0,High-Value / Low-Risk,2258.436270843292,0.0073221857,8.0,21.0,4346.700000000001
17307.0,0,High-Value / Low-Risk,464.4196832143857,0.9685934,10.0,212.0,3999.8900000000003
17308.0,1,Low-Value / At-Risk,380.0201803097941,0.9878542,1.0,210.0,4511.76
17309.0,1,Low-Value / At-Risk,112.70770042583622,0.9937289,1.0,198.0,247.84
17310.0,1,Low-Value / At-Risk,212.57912178909393,0.98888373,1.0,204.0,1025.1
17311.0,0,High-Value / Low-Risk,719.7619732695588,0.9781463,4.0,133.0,2738.17
17314.0,0,High-Value / Low-Risk,909.49105194838,0.0097508915,11.0,73.0,3163.51
17315.0,0,High-Value / Low-Risk,3124.336687850671,0.006489238,23.0,8.0,6250.66
17316.0,1,Low-Value / At-Risk,165.19833336959886,0.9948598,0.0,237.0,124.45
17318.0,1,Low-Value / At-Risk,83.17465535004465,0.99624145,0.0,542.0,164.28
17319.0,1,Low-Value / At-Risk,91.51407878552706,0.99624145,0.0,486.0,29.1
17320.0,0,High-Value / Low-Risk,751.3615800704579,0.010279546,4.0,53.0,2605.25
17321.0,1,Low-Value / At-Risk,302.967887528402,0.9827251,2.0,211.0,1040.32
17322.0,1,Low-Value / At-Risk,291.18163688174434,0.98012376,4.0,193.0,922.59
17323.0,0,High-Value / Low-Risk,347.5002720892573,0.009658154,6.0,32.0,938.49
17324.0,0,High-Value / Low-Risk,564.6582792714485,0.9664401,8.0,148.0,2013.87
17325.0,0,High-Value / Low-Risk,265.3502741437917,0.013597235,2.0,97.0,609.5699999999999
17326.0,1,Low-Value / At-Risk,176.88927201704058,0.98888373,1.0,225.0,321.95
17327.0,1,Low-Value / At-Risk,166.82860255819216,0.98774403,1.0,226.0,152.35
17328.0,1,Low-Value / At-Risk,90.86330987419312,0.99624145,0.0,490.0,104.7
17329.0,1,Low-Value / At-Risk,209.37945680545863,0.9850798,2.0,132.0,724.6800000000001
17330.0,1,Low-Value / At-Risk,94.7091971357881,0.99624145,1.0,361.0,59.900000000000006
17332.0,1,Low-Value / At-Risk,78.15560015306386,0.99547136,4.0,345.0,827.77
17334.0,0,High-Value / Low-Risk,347.8137334687576,0.010089553,2.0,119.0,635.15
17335.0,1,Low-Value / At-Risk,185.23797737036293,0.9886651,1.0,200.0,508.0
17336.0,1,Low-Value / At-Risk,141.40864048436862,0.99624145,0.0,289.0,81.12
17337.0,0,High-Value / Low-Risk,1045.1789628993365,0.009862952,2.0,28.0,1993.47
17338.0,0,High-Value / Low-Risk,2998.3978244329724,0.0057805316,13.0,22.0,9141.890000000001
17339.0,1,Low-Value / At-Risk,183.40979819568184,0.9883066,1.0,182.0,179.0
17340.0,0,High-Value / Low-Risk,4730.13667198379,0.005893099,10.0,9.0,15854.34
17341.0,1,Low-Value / At-Risk,443.560989833676,0.9821613,1.0,183.0,1622.0700000000002
17342.0,1,Low-Value / At-Risk,344.52813903630494,0.98481596,3.0,196.0,1227.54
17343.0,1,Low-Value / At-Risk,356.76101639306415,0.98541534,5.0,172.0,1259.94
17344.0,1,Low-Value / At-Risk,82.77060514618431,0.99624145,0.0,545.0,307.54
17345.0,0,High-Value / Low-Risk,336.96628551507246,0.014243487,4.0,13.0,1195.27
17346.0,0,High-Value / Low-Risk,1365.6008302278956,0.005846484,16.0,4.0,3604.01
17348.0,0,High-Value / Low-Risk,433.0186476893751,0.009809164,4.0,114.0,1464.94
17349.0,1,Low-Value / At-Risk,279.6824512458178,0.9783875,3.0,197.0,741.5
17350.0,1,Low-Value / At-Risk,178.47334566368062,0.9897564,2.0,211.0,619.97
17351.0,0,High-Value / Low-Risk,493.7090219080652,0.010512888,8.0,90.0,1575.83
17352.0,1,Low-Value / At-Risk,87.2940369045399,0.99624145,0.0,513.0,36.25
17353.0,1,Low-Value / At-Risk,370.0874037692405,0.99558556,1.0,308.0,1502.0
17354.0,1,Low-Value / At-Risk,161.0297542691887,0.9947978,0.0,245.0,1750.4
17355.0,1,Low-Value / At-Risk,185.62550203354877,0.9948598,0.0,203.0,285.11
17356.0,1,Low-Value / At-Risk,289.855044734192,0.9836301,4.0,128.0,946.47
17358.0,1,Low-Value / At-Risk,337.64364512445115,0.97650164,4.0,120.0,866.05
17359.0,1,Low-Value / At-Risk,95.089623713985,0.99624145,0.0,465.0,156.6
17360.0,0,High-Value / Low-Risk,547.0780433919015,0.009280754,2.0,1.0,976.54
17361.0,0,High-Value / Low-Risk,190.55323435037093,0.015222352,2.0,3.0,656.36
17362.0,0,High-Value / Low-Risk,364.6161517989012,0.0070085856,6.0,56.0,1024.04
17363.0,1,Low-Value / At-Risk,220.8470821184278,0.9839611,1.0,212.0,940.86
17364.0,0,High-Value / Low-Risk,2587.6978474524826,0.0069643757,19.0,21.0,9332.62
17365.0,0,High-Value / Low-Risk,1582.6351933764263,0.0060596243,9.0,16.0,5320.610000000001
17366.0,1,Low-Value / At-Risk,309.8245566409321,0.9878542,1.0,249.0,1096.24
17367.0,0,High-Value / Low-Risk,402.9954490460834,0.00557618,0.0,55.0,168.4
17368.0,0,High-Value / Low-Risk,542.1209508508099,0.006811411,7.0,76.0,1802.3899999999999
17369.0,1,Low-Value / At-Risk,148.39392096634063,0.9948598,0.0,272.0,979.2
17371.0,1,Low-Value / At-Risk,145.4616865901864,0.98534656,2.0,178.0,332.28999999999996
17372.0,0,High-Value / Low-Risk,1066.7254956707077,0.0067852195,22.0,60.0,3749.33
17373.0,1,Low-Value / At-Risk,264.6707673185065,0.97874784,3.0,129.0,665.83
17374.0,0,High-Value / Low-Risk,492.2876393460476,0.01189512,2.0,35.0,727.11
17375.0,0,High-Value / Low-Risk,413.57618698706585,0.011983479,3.0,16.0,660.55
17376.0,1,Low-Value / At-Risk,229.80039853370135,0.98532504,2.0,128.0,356.28999999999996
17377.0,0,High-Value / Low-Risk,1200.2158086973177,0.0069426377,55.0,72.0,15811.07
17378.0,1,Low-Value / At-Risk,194.0988711358397,0.9948598,0.0,191.0,10.95
17380.0,1,Low-Value / At-Risk,194.8722447310461,0.98939425,2.0,251.0,645.0
17381.0,0,High-Value / Low-Risk,10107.833054780463,0.006004535,19.0,20.0,33544.89
17382.0,1,Low-Value / At-Risk,123.13090059658916,0.9715878,5.0,252.0,836.88
17383.0,1,Low-Value / At-Risk,149.2614156928755,0.9948598,0.0,270.0,110.7
17384.0,0,High-Value / Low-Risk,261.1722103841014,0.020088833,1.0,36.0,398.8
17386.0,1,Low-Value / At-Risk,186.3032030768072,0.9948598,0.0,202.0,126.35
17388.0,0,High-Value / Low-Risk,652.9086886573358,0.006630903,8.0,28.0,2195.21
17389.0,0,High-Value / Low-Risk,8437.0454213025,0.0057805316,33.0,2.0,30518.54
17390.0,1,Low-Value / At-Risk,165.19833336959886,0.9948598,0.0,237.0,149.3
17392.0,1,Low-Value / At-Risk,368.6165278718005,0.98368025,2.0,123.0,620.56
17393.0,1,Low-Value / At-Risk,199.15720393506712,0.9889839,1.0,227.0,381.15
17394.0,0,High-Value / Low-Risk,474.6808033132324,0.00557618,0.0,36.0,203.87
17395.0,1,Low-Value / At-Risk,128.59234953854912,0.99624145,0.0,325.0,97.5
17396.0,1,Low-Value / At-Risk,148.4017442699489,0.97343326,6.0,188.0,1873.8
17397.0,1,Low-Value / At-Risk,167.36474990148085,0.9948598,0.0,233.0,536.77
17398.0,0,High-Value / Low-Risk,632.6194907538438,0.0052788644,1.0,27.0,528.45
17400.0,0,High-Value / Low-Risk,944.0152453618084,0.010030129,6.0,27.0,3859.61
17401.0,1,Low-Value / At-Risk,118.73002478221022,0.99624145,0.0,358.0,114.85
17402.0,0,High-Value / Low-Risk,974.6449466006125,0.0059603285,11.0,50.0,3246.7
17403.0,1,Low-Value / At-Risk,150.58186917679438,0.9948598,0.0,267.0,118.95
17404.0,0,High-Value / Low-Risk,8673.195800236239,0.0057805316,13.0,28.0,29709.92
17406.0,0,High-Value / Low-Risk,1097.8797908602764,0.96245855,10.0,150.0,4905.05
17407.0,1,Low-Value / At-Risk,170.15414047373773,0.9948598,0.0,228.0,552.9
17408.0,1,Low-Value / At-Risk,98.92721286328376,0.99624145,1.0,317.0,283.44000000000005
17409.0,0,High-Value / Low-Risk,1984.867308793487,0.006734647,7.0,1.0,7793.51
17410.0,0,High-Value / Low-Risk,493.175187436829,0.00557618,0.0,32.0,302.4
17411.0,0,High-Value / Low-Risk,246.35632326489252,0.014737764,2.0,78.0,932.02
17412.0,0,High-Value / Low-Risk,1055.3825601315348,0.005970247,12.0,13.0,3869.28
17413.0,1,Low-Value / At-Risk,218.43847523021157,0.98831475,1.0,221.0,560.14
17414.0,0,High-Value / Low-Risk,586.3187738547479,0.0121224085,4.0,1.0,2069.52
17416.0,0,High-Value / Low-Risk,3757.727230506205,0.005893099,10.0,14.0,13853.04
17417.0,1,Low-Value / At-Risk,116.82954923390326,0.99624145,0.0,365.0,164.18
17418.0,1,Low-Value / At-Risk,279.45243990392385,0.9846383,1.0,140.0,373.99
17419.0,0,High-Value / Low-Risk,1307.9436256690872,0.005893099,11.0,66.0,4319.75
17420.0,1,Low-Value / At-Risk,271.4182730601362,0.98378974,2.0,190.0,616.45
17421.0,1,Low-Value / At-Risk,311.7818846623124,0.98412895,2.0,203.0,1059.41
17422.0,0,High-Value / Low-Risk,916.5316213491674,0.0075880564,6.0,37.0,2243.46
17423.0,0,High-Value / Low-Risk,435.5228301256129,0.015594976,1.0,34.0,869.96
17426.0,0,High-Value / Low-Risk,1150.5630190321358,0.011127364,3.0,99.0,4234.39
17428.0,0,High-Value / Low-Risk,5754.113253967426,0.0057805316,21.0,29.0,21851.73
17429.0,0,High-Value / Low-Risk,555.1636385389049,0.007884733,3.0,2.0,1208.68
17430.0,1,Low-Value / At-Risk,281.9604586563947,0.9841001,2.0,182.0,582.01
17431.0,1,Low-Value / At-Risk,252.7981748944771,0.9936521,0.0,130.0,403.3
17432.0,1,Low-Value / At-Risk,379.1259166238593,0.9793528,4.0,202.0,1385.6299999999999
17433.0,1,Low-Value / At-Risk,186.3032030768072,0.9948598,0.0,202.0,266.8
17435.0,1,Low-Value / At-Risk,170.15414047373773,0.9948598,0.0,228.0,331.35
17436.0,0,High-Value / Low-Risk,204.37763937129867,0.016690845,3.0,43.0,440.16
17437.0,1,Low-Value / At-Risk,122.13610123155516,0.99624145,0.0,346.0,373.17
17438.0,0,High-Value / Low-Risk,477.1132382346208,0.009809164,4.0,70.0,1422.7700000000002
17439.0,1,Low-Value / At-Risk,93.8671115263544,0.99624145,0.0,472.0,325.74
17440.0,0,High-Value / Low-Risk,179.50827420993113,0.013498682,1.0,64.0,261.78
17441.0,1,Low-Value / At-Risk,82.23794168340548,0.99624145,0.0,549.0,293.35
17442.0,0,High-Value / Low-Risk,944.071987652659,0.006880212,9.0,37.0,3186.57
17443.0,0,High-Value / Low-Risk,474.6808033132324,0.00557618,0.0,36.0,534.24
17446.0,1,Low-Value / At-Risk,256.61783146891094,0.9936521,0.0,127.0,68.10000000000001
17448.0,1,Low-Value / At-Risk,0.6044135121759086,0.99405956,12.0,346.0,14481.97
17449.0,0,High-Value / Low-Risk,1042.185171787212,0.0065561603,8.0,51.0,3749.98
17450.0,0,High-Value / Low-Risk,35966.23926109126,0.0057805316,13.0,9.0,108182.56
17454.0,0,High-Value / Low-Risk,533.5443948710854,0.009898615,9.0,9.0,1547.94
17455.0,0,High-Value / Low-Risk,558.5408791068543,0.00557618,0.0,20.0,131.7
17456.0,1,Low-Value / At-Risk,340.05110795991646,0.9878542,1.0,182.0,1225.42
17457.0,0,High-Value / Low-Risk,1571.4763553587456,0.0057805316,12.0,21.0,5644.75
17458.0,1,Low-Value / At-Risk,189.0643226504456,0.9948598,0.0,198.0,213.08
17460.0,0,High-Value / Low-Risk,669.1470869737058,0.0071878172,14.0,42.0,2068.42
17462.0,0,High-Value / Low-Risk,295.3072949449007,0.00557618,0.0,101.0,463.41
17463.0,0,High-Value / Low-Risk,518.6472836535028,0.010817474,3.0,50.0,1605.26
17464.0,1,Low-Value / At-Risk,181.77120230225276,0.99558556,1.0,339.0,710.98
17465.0,1,Low-Value / At-Risk,510.4364376900913,0.98741966,5.0,242.0,2542.79
17467.0,1,Low-Value / At-Risk,179.7414091935839,0.9948598,0.0,212.0,102.6
17468.0,1,Low-Value / At-Risk,193.36326330895716,0.9948598,0.0,192.0,57.8
17469.0,0,High-Value / Low-Risk,988.3793854576704,0.010273712,9.0,21.0,3485.6400000000003
17470.0,0,High-Value / Low-Risk,1010.3980907583356,0.00651681,8.0,34.0,2302.91
17471.0,1,Low-Value / At-Risk,140.62989114087074,0.99624145,0.0,291.0,321.65000000000003
17472.0,0,High-Value / Low-Risk,351.4990790538908,0.01128461,3.0,8.0,935.0999999999999
17473.0,1,Low-Value / At-Risk,246.55810505854743,0.9878542,1.0,225.0,607.0
17474.0,1,Low-Value / At-Risk,104.62900074632591,0.99624145,0.0,416.0,1047.0
17476.0,1,Low-Value / At-Risk,143.9860715276427,0.98958033,1.0,212.0,489.86
17477.0,1,Low-Value / At-Risk,132.68194444354256,0.99558556,1.0,429.0,1144.3
17478.0,1,Low-Value / At-Risk,251.1412193959555,0.98888373,1.0,225.0,1272.8000000000002
17479.0,1,Low-Value / At-Risk,98.00726312415554,0.99624145,0.0,449.0,389.2600000000001
17480.0,1,Low-Value / At-Risk,153.2942268586607,0.9948598,0.0,261.0,390.21
17482.0,1,Low-Value / At-Risk,235.0781814667494,0.99558556,1.0,304.0,778.19
17483.0,1,Low-Value / At-Risk,168.46944133246623,0.9948598,0.0,231.0,177.69
17484.0,1,Low-Value / At-Risk,94.67866181992578,0.99558556,1.0,393.0,209.57
17486.0,0,High-Value / Low-Risk,340.81001617382213,0.00557618,0.0,78.0,396.87
17487.0,1,Low-Value / At-Risk,82.77060514618431,0.99624145,0.0,545.0,160.55
17488.0,1,Low-Value / At-Risk,96.34442022877089,0.99624145,0.0,458.0,336.5
17489.0,0,High-Value / Low-Risk,508.02789100490946,0.00557618,0.0,29.0,208.56
17490.0,1,Low-Value / At-Risk,211.5981899550115,0.98888373,1.0,205.0,658.1800000000001
17491.0,0,High-Value / Low-Risk,1332.60104946015,0.0060596243,9.0,1.0,3747.06
17492.0,0,High-Value / Low-Risk,440.17160806481303,0.014134563,2.0,65.0,1122.42
17493.0,1,Low-Value / At-Risk,186.3032030768072,0.9948598,0.0,202.0,100.91
17494.0,1,Low-Value / At-Risk,130.89900111893434,0.99624145,0.0,318.0,54.7
17495.0,1,Low-Value / At-Risk,182.9633840402838,0.9948598,0.0,207.0,309.16
17496.0,1,Low-Value / At-Risk,376.1877907179552,0.9853426,3.0,175.0,1412.89
17497.0,1,Low-Value / At-Risk,138.94148126625538,0.9885274,1.0,207.0,287.25
17499.0,0,High-Value / Low-Risk,321.10270777422505,0.020919112,1.0,106.0,1341.3899999999999
17501.0,0,High-Value / Low-Risk,470.2734103555939,0.005509901,0.0,37.0,288.6
17504.0,0,High-Value / Low-Risk,2957.137977637037,0.0057805316,14.0,23.0,9565.12
17505.0,0,High-Value / Low-Risk,394.50747631338754,0.014383329,2.0,22.0,1776.63
17507.0,0,High-Value / Low-Risk,469.3276688302877,0.0102725765,1.0,78.0,605.5799999999999
17508.0,0,High-Value / Low-Risk,1136.670463643406,0.014666004,7.0,97.0,4579.23
17510.0,1,Low-Value / At-Risk,165.19833336959886,0.9948598,0.0,237.0,206.08
17511.0,0,High-Value / Low-Risk,32574.809442515987,0.0059138495,36.0,23.0,120291.57
17512.0,0,High-Value / Low-Risk,945.5674524591952,0.005970247,12.0,17.0,3845.25
17513.0,1,Low-Value / At-Risk,225.10620515559893,0.9889839,1.0,225.0,645.6
17514.0,1,Low-Value / At-Risk,91.51407878552706,0.99624145,0.0,486.0,334.18
17515.0,0,High-Value / Low-Risk,691.3578079521131,0.0081004705,7.0,23.0,1549.81
17516.0,0,High-Value / Low-Risk,500.7687038534108,0.010315307,2.0,34.0,644.6800000000001
17517.0,1,Low-Value / At-Risk,259.2292508736751,0.9930854,0.0,125.0,153.94
17518.0,1,Low-Value / At-Risk,156.21864169246575,0.98858184,1.0,242.0,329.42
17519.0,0,High-Value / Low-Risk,1179.0373165903738,0.0089957565,11.0,23.0,4221.05
17521.0,0,High-Value / Low-Risk,425.2716537772183,0.009386261,2.0,16.0,714.4100000000001
17522.0,0,High-Value / Low-Risk,695.7683626384402,0.0052788644,1.0,23.0,248.42000000000002
17524.0,1,Low-Value / At-Risk,223.23354387854147,0.98177963,1.0,178.0,539.14
17525.0,1,Low-Value / At-Risk,433.1026597152621,0.98514634,2.0,176.0,1161.9
17526.0,0,High-Value / Low-Risk,917.4323598428492,0.0061287414,9.0,107.0,3842.94
17527.0,0,High-Value / Low-Risk,479.17219182675296,0.00557618,0.0,35.0,292.11
17529.0,1,Low-Value / At-Risk,143.00663416547542,0.99567163,1.0,427.0,1240.25
17530.0,0,High-Value / Low-Risk,610.4688974106177,0.007206471,6.0,23.0,2119.7799999999997
17531.0,0,High-Value / Low-Risk,342.67694361291007,0.014645113,2.0,7.0,1266.82
17532.0,1,Low-Value / At-Risk,186.3032030768072,0.9948598,0.0,202.0,65.34
17533.0,1,Low-Value / At-Risk,158.0390116095072,0.9948598,0.0,251.0,34.8
17534.0,1,Low-Value / At-Risk,302.2575624583713,0.9891165,3.0,268.0,1445.47
17535.0,1,Low-Value / At-Risk,302.3238433104889,0.00557618,0.0,97.0,164.4
17536.0,1,Low-Value / At-Risk,160.1099599016446,0.9884581,1.0,237.0,288.33000000000004
17537.0,1,Low-Value / At-Risk,265.9971790370231,0.99070215,0.0,120.0,630.7
17539.0,1,Low-Value / At-Risk,149.38170098542616,0.99567163,2.0,445.0,1211.5700000000002
17540.0,1,Low-Value / At-Risk,428.1076897606037,0.9818979,4.0,133.0,1280.5
17541.0,1,Low-Value / At-Risk,128.26945425998693,0.99624145,0.0,326.0,124.46
17542.0,0,High-Value / Low-Risk,159.9636464937643,0.013886862,1.0,86.0,341.70000000000005
17543.0,1,Low-Value / At-Risk,116.56301231991944,0.99624145,0.0,366.0,120.05
17544.0,1,Low-Value / At-Risk,182.9633840402838,0.9947978,0.0,207.0,960.69
17545.0,1,Low-Value / At-Risk,251.4548187807395,0.98265797,1.0,207.0,802.58
17547.0,1,Low-Value / At-Risk,184.5759621644569,0.989099,1.0,192.0,727.85
17548.0,0,High-Value / Low-Risk,531.0988600895157,0.007736783,3.0,50.0,731.26
17550.0,0,High-Value / Low-Risk,794.7682079545633,0.012774833,6.0,14.0,2547.64
17551.0,1,Low-Value / At-Risk,205.8468651151679,0.9948598,0.0,176.0,306.84
17552.0,0,High-Value / Low-Risk,576.3801635335122,0.97909606,6.0,189.0,2453.4
17553.0,1,Low-Value / At-Risk,429.555975557131,0.99528754,2.0,289.0,2270.0
17555.0,1,Low-Value / At-Risk,322.2143986605722,0.9783875,3.0,151.0,769.9300000000001
17556.0,0,High-Value / Low-Risk,311.71112267887787,0.014438975,1.0,22.0,300.67
17557.0,1,Low-Value / At-Risk,82.23794168340548,0.99624145,0.0,549.0,34.0
17558.0,1,Low-Value / At-Risk,181.01646046238608,0.9948598,0.0,210.0,259.17
17559.0,1,Low-Value / At-Risk,127.31043497008518,0.99624145,0.0,329.0,167.62
17560.0,0,High-Value / Low-Risk,519.5441775376077,0.008867369,5.0,21.0,1526.9
17561.0,1,Low-Value / At-Risk,184.2533220035237,0.99011654,2.0,207.0,554.72
17563.0,1,Low-Value / At-Risk,82.81079103001683,0.99609214,1.0,395.0,392.38
17565.0,1,Low-Value / At-Risk,107.4901505521922,0.99624145,0.0,403.0,131.83
17567.0,0,High-Value / Low-Risk,1339.4254290103486,0.010686708,4.0,50.0,2898.52
17568.0,1,Low-Value / At-Risk,97.81967186032227,0.99624145,0.0,450.0,382.79
17569.0,1,Low-Value / At-Risk,231.02623205806148,0.9948598,0.0,149.0,344.14
17571.0,0,High-Value / Low-Risk,273.8705817601423,0.0131989885,2.0,94.0,565.19
17572.0,0,High-Value / Low-Risk,278.2134491967792,0.0070560738,7.0,55.0,648.46
17574.0,0,High-Value / Low-Risk,390.59167249841784,0.00557618,0.0,59.0,185.65
17575.0,1,Low-Value / At-Risk,91.84297348402684,0.99624145,0.0,484.0,171.7
17576.0,0,High-Value / Low-Risk,1924.7723459573065,0.005981314,28.0,31.0,6867.81
17577.0,1,Low-Value / At-Risk,89.4406810366323,0.99567163,1.0,462.0,348.75
17578.0,0,High-Value / Low-Risk,508.8341145435951,0.01220381,4.0,35.0,1047.33
17579.0,1,Low-Value / At-Risk,109.33002904561616,0.99624145,0.0,395.0,304.38
17580.0,0,High-Value / Low-Risk,408.3881129263079,0.011095628,4.0,69.0,542.3199999999999
17581.0,0,High-Value / Low-Risk,3037.720256840995,0.0057805316,13.0,30.0,11132.27
17582.0,0,High-Value / Low-Risk,493.3343945459746,0.009809164,4.0,53.0,1450.7
17583.0,1,Low-Value / At-Risk,113.70947356110722,0.99624145,0.0,377.0,135.95
17584.0,1,Low-Value / At-Risk,828.9314181936616,0.99567163,3.0,284.0,4067.12
17585.0,0,High-Value / Low-Risk,657.1444337392265,0.009960804,4.0,80.0,1481.76
17586.0,1,Low-Value / At-Risk,100.51314373266484,0.99624145,0.0,436.0,167.4
17587.0,1,Low-Value / At-Risk,98.7648835625142,0.99624145,0.0,445.0,178.71
17588.0,0,High-Value / Low-Risk,645.5968454405171,0.010020739,4.0,49.0,2096.55
17589.0,0,High-Value / Low-Risk,4076.7655212422887,0.009927055,13.0,4.0,12826.7
17591.0,0,High-Value / Low-Risk,702.8591049207107,0.0075093475,5.0,20.0,2200.2700000000004
17592.0,1,Low-Value / At-Risk,81.4516842401165,0.99624145,0.0,555.0,148.3
17593.0,0,High-Value / Low-Risk,1035.751460296753,0.9813452,6.0,169.0,4831.360000000001
17594.0,0,High-Value / Low-Risk,496.0655025132117,0.01505029,2.0,71.0,1819.7
17596.0,0,High-Value / Low-Risk,918.2731822130644,0.0067916494,8.0,8.0,3381.6000000000004
17597.0,0,High-Value / Low-Risk,1218.5159896749497,0.009424022,4.0,30.0,3484.0899999999997
17598.0,1,Low-Value / At-Risk,189.0643226504456,0.9948598,0.0,198.0,409.98
17599.0,1,Low-Value / At-Risk,139.47773661270418,0.99624145,0.0,294.0,52.05
17601.0,0,High-Value / Low-Risk,285.07300642980294,0.014438975,1.0,56.0,421.06
17602.0,0,High-Value / Low-Risk,871.1598236132963,0.9788766,7.0,141.0,3115.21
17603.0,1,Low-Value / At-Risk,198.33836690085624,0.99567163,2.0,434.0,1398.76
17604.0,0,High-Value / Low-Risk,352.75144898308406,0.008562733,5.0,34.0,945.9300000000001
17605.0,1,Low-Value / At-Risk,106.59325685025804,0.99624145,0.0,407.0,160.75
17606.0,1,Low-Value / At-Risk,81.58168092914649,0.99624145,0.0,554.0,87.30000000000001
17607.0,1,Low-Value / At-Risk,192.63322117817592,0.9948598,0.0,193.0,333.81
17608.0,1,Low-Value / At-Risk,147.15846425762416,0.9885274,1.0,266.0,305.11
17609.0,0,High-Value / Low-Risk,423.6021220732677,0.0073518516,5.0,119.0,1312.27
17610.0,1,Low-Value / At-Risk,176.27722122730006,0.99528897,4.0,357.0,1529.49
17611.0,0,High-Value / Low-Risk,1729.0855944697078,0.0067797387,17.0,18.0,6359.7
17612.0,0,High-Value / Low-Risk,1172.127560726898,0.005846484,12.0,31.0,4012.16
17613.0,0,High-Value / Low-Risk,1977.099034831122,0.0079083955,5.0,11.0,2527.01
17615.0,0,High-Value / Low-Risk,427.808245262748,0.009017736,4.0,20.0,675.9
17616.0,0,High-Value / Low-Risk,506.976264955107,0.014992347,2.0,71.0,897.6
17617.0,1,Low-Value / At-Risk,114.21785162030946,0.99624145,0.0,375.0,395.33
17618.0,0,High-Value / Low-Risk,1082.5845224961574,0.006880212,9.0,65.0,3768.44
17619.0,1,Low-Value / At-Risk,254.0586580691507,0.9936521,0.0,129.0,218.52
17621.0,0,High-Value / Low-Risk,740.9006206243143,0.9785161,4.0,129.0,2697.0
17622.0,1,Low-Value / At-Risk,110.07984688679296,0.99558556,1.0,414.0,1130.21
17623.0,1,Low-Value / At-Risk,442.9321703354552,0.9844727,5.0,226.0,1856.6200000000001
17624.0,0,High-Value / Low-Risk,309.6424223401525,0.015055874,2.0,35.0,1125.45
17625.0,0,High-Value / Low-Risk,1115.9861598488244,0.010742608,4.0,74.0,4570.4800000000005
17626.0,1,Low-Value / At-Risk,103.99024933506838,0.99624145,0.0,419.0,254.0
17627.0,1,Low-Value / At-Risk,139.09787388907927,0.99624145,0.0,295.0,296.36
17629.0,0,High-Value / Low-Risk,690.6757251334512,0.00923614,4.0,31.0,1247.59
17630.0,0,High-Value / Low-Risk,423.1619138783783,0.00557618,0.0,49.0,335.5
17631.0,0,High-Value / Low-Risk,298.2840201450177,0.011166721,4.0,49.0,772.71
17633.0,1,Low-Value / At-Risk,219.5120549730394,0.9828205,2.0,196.0,732.55
17634.0,0,High-Value / Low-Risk,1022.0322267325382,0.009367056,4.0,29.0,1814.67
17635.0,1,Low-Value / At-Risk,308.0820860151725,0.98939425,2.0,241.0,1265.58
17638.0,1,Low-Value / At-Risk,105.30718716954448,0.99567163,1.0,464.0,842.4
17639.0,0,High-Value / Low-Risk,353.2990573645689,0.009706075,3.0,93.0,615.17
17640.0,0,High-Value / Low-Risk,650.9846905451873,0.9849606,4.0,196.0,2547.2799999999997
17642.0,1,Low-Value / At-Risk,281.13979305053306,0.9868563,2.0,246.0,1112.2
17643.0,1,Low-Value / At-Risk,209.9388418604624,0.9889839,1.0,190.0,541.25
17644.0,0,High-Value / Low-Risk,1190.1754835236725,0.0066787275,10.0,20.0,4054.73
17646.0,0,High-Value / Low-Risk,1146.4735402803178,0.0061729546,11.0,36.0,4149.79
17647.0,1,Low-Value / At-Risk,91.51407878552706,0.99624145,0.0,486.0,198.60000000000002
17648.0,0,High-Value / Low-Risk,848.1046522579218,0.008491167,2.0,9.0,1526.26
17649.0,1,Low-Value / At-Risk,108.18396540496578,0.99624145,1.0,286.0,710.4
17651.0,1,Low-Value / At-Risk,30.612353021839233,0.99532783,4.0,315.0,1758.5200000000002
17652.0,0,High-Value / Low-Risk,1461.020560781663,0.005222459,2.0,7.0,1443.6
17654.0,1,Low-Value / At-Risk,307.8099372780743,0.00557618,0.0,94.0,117.55
17655.0,0,High-Value / Low-Risk,1445.4921444575386,0.007448947,5.0,27.0,2616.2400000000002
17657.0,1,Low-Value / At-Risk,160.02032321193255,0.9948598,0.0,247.0,126.0
17658.0,0,High-Value / Low-Risk,513.1811992459335,0.00557618,0.0,28.0,317.59999999999997
17659.0,0,High-Value / Low-Risk,1104.6099767723038,0.0067709307,6.0,1.0,1963.35
17660.0,1,Low-Value / At-Risk,81.58168092914649,0.99624145,0.0,554.0,163.47
17662.0,1,Low-Value / At-Risk,73.85365464497517,0.99567163,1.0,478.0,412.92
17663.0,0,High-Value / Low-Risk,1295.181340139246,0.008996063,12.0,15.0,4163.7300000000005
17664.0,0,High-Value / Low-Risk,302.39638555917844,0.016153412,2.0,29.0,887.78
17665.0,1,Low-Value / At-Risk,133.6387391281717,0.99624145,0.0,310.0,563.1
17666.0,1,Low-Value / At-Risk,265.408492490394,0.99558556,2.0,294.0,1319.6399999999999
17667.0,0,High-Value / Low-Risk,969.2052244462092,0.0072584297,5.0,28.0,3251.86
17669.0,0,High-Value / Low-Risk,1053.1471634245115,0.010210726,5.0,27.0,4346.63
17670.0,0,High-Value / Low-Risk,441.5869143644354,0.00557618,0.0,44.0,205.7
17671.0,0,High-Value / Low-Risk,913.1019782655416,0.008491167,2.0,28.0,1617.36
17672.0,0,High-Value / Low-Risk,782.0316593925392,0.97850925,3.0,126.0,3663.41
17673.0,0,High-Value / Low-Risk,1140.3160767418487,0.0067916494,8.0,3.0,3671.71
17674.0,1,Low-Value / At-Risk,198.63305194437112,0.9948598,0.0,185.0,601.32
17675.0,0,High-Value / Low-Risk,7322.535764616577,0.00626204,45.0,4.0,25630.93
17676.0,1,Low-Value / At-Risk,473.5031014506403,0.98474044,4.0,183.0,1678.8600000000001
17677.0,0,High-Value / Low-Risk,7302.025481333689,0.0057805316,23.0,29.0,26592.61
17678.0,0,High-Value / Low-Risk,207.32864405584328,0.020919112,1.0,80.0,599.76
17679.0,1,Low-Value / At-Risk,264.8823283953967,0.99552035,3.0,338.0,1585.5
17680.0,1,Low-Value / At-Risk,168.99147137674103,0.9886308,1.0,200.0,313.05
17681.0,1,Low-Value / At-Risk,56.75650640809729,0.99567163,3.0,414.0,731.2
17682.0,0,High-Value / Low-Risk,993.9102340881252,0.0075581856,7.0,9.0,3089.86
17683.0,1,Low-Value / At-Risk,225.95866371669547,0.9872586,2.0,202.0,819.01
17685.0,0,High-Value / Low-Risk,1179.4056346490247,0.0060596243,9.0,83.0,4264.36
17686.0,0,High-Value / Low-Risk,1749.445098057141,0.009215076,3.0,17.0,5594.099999999999
17687.0,1,Low-Value / At-Risk,165.19833336959886,0.9948598,0.0,237.0,432.68
17688.0,1,Low-Value / At-Risk,181.01646046238608,0.9948598,0.0,210.0,304.2
17689.0,1,Low-Value / At-Risk,200.76523175978627,0.9889839,1.0,205.0,317.08000000000004
17690.0,0,High-Value / Low-Risk,1797.466176215372,0.0057805316,13.0,3.0,5754.08
17691.0,1,Low-Value / At-Risk,326.8411276469294,0.9771314,3.0,175.0,780.05
17692.0,0,High-Value / Low-Risk,1131.4344725559408,0.0060232366,9.0,43.0,2842.96
17694.0,1,Low-Value / At-Risk,278.4353884737703,0.99558556,1.0,328.0,1412.85
17695.0,1,Low-Value / At-Risk,274.11178218625025,0.98650277,2.0,211.0,980.7
17696.0,0,High-Value / Low-Risk,1754.2650739561143,0.0068416097,19.0,2.0,6231.47
17697.0,0,High-Value / Low-Risk,409.4993172816693,0.00557618,0.0,53.0,338.95
17698.0,0,High-Value / Low-Risk,343.1101697305817,0.00557618,0.0,77.0,154.95
17699.0,1,Low-Value / At-Risk,177.63880955821747,0.99558556,1.0,293.0,442.0
17700.0,0,High-Value / Low-Risk,1349.250308503361,0.007924693,10.0,30.0,5270.900000000001
17701.0,0,High-Value / Low-Risk,362.6989776340205,0.00557618,0.0,69.0,417.95
17702.0,0,High-Value / Low-Risk,709.2814363501433,0.008637046,2.0,23.0,1759.47
17703.0,1,Low-Value / At-Risk,166.2744741554259,0.9948598,0.0,235.0,296.1
17704.0,0,High-Value / Low-Risk,399.8208119903727,0.00557618,0.0,56.0,387.29
17705.0,0,High-Value / Low-Risk,335.55638013435373,0.009517262,4.0,32.0,617.6800000000001
17706.0,0,High-Value / Low-Risk,2845.869625253546,0.0057805316,13.0,4.0,11436.76
17707.0,0,High-Value / Low-Risk,271.8677626509938,0.0071092877,7.0,2.0,609.3
17708.0,0,High-Value / Low-Risk,516.3688906104226,0.008406362,3.0,4.0,887.9300000000001
17709.0,1,Low-Value / At-Risk,135.57564209025543,0.99531174,3.0,287.0,533.56
17710.0,1,Low-Value / At-Risk,163.61002894112784,0.9948598,0.0,240.0,293.5
17711.0,0,High-Value / Low-Risk,286.9832829819896,0.00557618,0.0,106.0,220.53000000000003
17713.0,1,Low-Value / At-Risk,386.4835581506058,0.9859016,3.0,199.0,1198.0900000000001
17714.0,0,High-Value / Low-Risk,526.3665790159392,0.98302,4.0,137.0,1410.18
17715.0,0,High-Value / Low-Risk,222.862981571606,0.019909555,1.0,17.0,489.59999999999997
17716.0,0,High-Value / Low-Risk,3086.7079358823885,0.010108459,12.0,66.0,11752.6
17717.0,1,Low-Value / At-Risk,164.6654778492404,0.9948598,0.0,238.0,376.92
17718.0,0,High-Value / Low-Risk,152.24634050034572,0.020275377,1.0,49.0,439.17999999999995
17719.0,0,High-Value / Low-Risk,2019.1645768853205,0.00573896,4.0,7.0,1971.46
17720.0,0,High-Value / Low-Risk,849.6199033627247,0.006811411,7.0,42.0,2105.35
17721.0,1,Low-Value / At-Risk,93.18255188617562,0.99624145,0.0,476.0,307.21000000000004
17722.0,0,High-Value / Low-Risk,2035.9522773337687,0.0076496736,3.0,6.0,4107.2
17723.0,0,High-Value / Low-Risk,948.8339621591392,0.0076496736,3.0,8.0,1263.8000000000002
17725.0,0,High-Value / Low-Risk,1366.728050134565,0.005509227,3.0,9.0,1269.63
17726.0,1,Low-Value / At-Risk,296.4022063623261,0.9671524,6.0,212.0,1092.06
17728.0,1,Low-Value / At-Risk,271.22235676441625,0.9878542,1.0,221.0,1362.75
17729.0,1,Low-Value / At-Risk,105.27565343938517,0.99624145,0.0,413.0,438.65
17730.0,0,High-Value / Low-Risk,1633.1244763703842,0.0061033447,10.0,2.0,4506.72
17731.0,1,Low-Value / At-Risk,85.31452166134791,0.99567163,1.0,438.0,468.88
17732.0,1,Low-Value / At-Risk,355.4591973624685,0.974882,6.0,189.0,2470.3900000000003
17733.0,0,High-Value / Low-Risk,340.81001617382213,0.00557618,0.0,78.0,216.95
17734.0,0,High-Value / Low-Risk,287.0770291320596,0.013687346,3.0,50.0,854.6700000000001
17735.0,0,High-Value / Low-Risk,4627.661225842431,0.00605938,15.0,4.0,10256.07
17738.0,0,High-Value / Low-Risk,927.09197338333,0.0069826986,6.0,99.0,3084.4300000000003
17739.0,0,High-Value / Low-Risk,1665.028144489075,0.005902907,13.0,13.0,6010.01
17740.0,1,Low-Value / At-Risk,186.08085045940152,0.98536193,5.0,206.0,426.90000000000003
17741.0,1,Low-Value / At-Risk,143.29481880584575,0.9882004,1.0,223.0,101.10000000000001
17742.0,0,High-Value / Low-Risk,522.0026762418717,0.981473,9.0,149.0,2045.94
17743.0,1,Low-Value / At-Risk,151.4752457117439,0.9948598,0.0,265.0,229.2
17744.0,0,High-Value / Low-Risk,965.248244863986,0.009630382,4.0,67.0,1615.7
17745.0,1,Low-Value / At-Risk,140.8465457400122,0.99558556,1.0,294.0,600.34
17746.0,0,High-Value / Low-Risk,282.6439391424957,0.016396195,2.0,57.0,904.18
17748.0,1,Low-Value / At-Risk,122.7228898340449,0.99624145,0.0,344.0,358.15
17749.0,0,High-Value / Low-Risk,256.2889877639576,0.020371089,1.0,73.0,720.6700000000001
17751.0,1,Low-Value / At-Risk,164.6654778492404,0.9948598,0.0,238.0,157.86
17752.0,1,Low-Value / At-Risk,205.8468651151679,0.9948598,0.0,176.0,80.64
17753.0,1,Low-Value / At-Risk,177.3360486316681,0.9946694,2.0,281.0,390.55999999999995
17754.0,0,High-Value / Low-Risk,849.9231668025712,0.010763924,7.0,77.0,3069.51
17756.0,1,Low-Value / At-Risk,299.8395023900465,0.9849058,2.0,192.0,733.7
17757.0,0,High-Value / Low-Risk,1975.040749289592,0.0063334485,39.0,8.0,6254.85
17758.0,0,High-Value / Low-Risk,929.8159436404956,0.0070757517,5.0,25.0,2610.66
17759.0,1,Low-Value / At-Risk,206.83026849529216,0.9879637,1.0,210.0,441.91999999999996
17760.0,1,Low-Value / At-Risk,290.94317491145523,0.97874784,3.0,190.0,803.88
17762.0,1,Low-Value / At-Risk,147.96394891819256,0.9948598,0.0,273.0,129.75
17763.0,1,Low-Value / At-Risk,140.40137703347563,0.016996898,2.0,80.0,86.15
17764.0,0,High-Value / Low-Risk,330.3269816678131,0.017222766,3.0,28.0,1066.79
17765.0,0,High-Value / Low-Risk,315.33945589344074,0.00922785,2.0,27.0,421.47
17766.0,1,Low-Value / At-Risk,189.0643226504456,0.9947978,0.0,198.0,299.61
17767.0,1,Low-Value / At-Risk,170.72323186225776,0.9948598,0.0,227.0,141.85
17768.0,1,Low-Value / At-Risk,288.1882924379253,0.98465157,2.0,204.0,1236.33
17769.0,0,High-Value / Low-Risk,1146.989228356485,0.0067916494,8.0,95.0,3989.8599999999997
17770.0,0,High-Value / Low-Risk,891.0611254408635,0.0053616758,3.0,15.0,1143.27
17771.0,1,Low-Value / At-Risk,206.87871871019047,0.983895,2.0,140.0,257.4
17772.0,1,Low-Value / At-Risk,181.66080636263035,0.9948598,0.0,209.0,202.0
17773.0,1,Low-Value / At-Risk,137.79651598879917,0.99567163,1.0,331.0,585.27
17774.0,0,High-Value / Low-Risk,752.5399921360417,0.0132447705,6.0,66.0,2696.63
17775.0,1,Low-Value / At-Risk,357.594012952969,0.00557618,0.0,71.0,56.4
17776.0,1,Low-Value / At-Risk,124.23099320801094,0.9892461,1.0,203.0,337.3
17778.0,1,Low-Value / At-Risk,92.84400496906056,0.99624145,0.0,478.0,197.7
17780.0,1,Low-Value / At-Risk,74.88539527880768,0.99567163,1.0,484.0,352.90999999999997
17781.0,0,High-Value / Low-Risk,360.12831533600365,0.00557618,0.0,70.0,102.0
17782.0,1,Low-Value / At-Risk,188.36638360882347,0.9947978,0.0,199.0,679.02
17783.0,0,High-Value / Low-Risk,191.5687654515482,0.020175306,1.0,64.0,208.85
17784.0,1,Low-Value / At-Risk,116.29768986109048,0.99624145,0.0,367.0,112.86
17785.0,1,Low-Value / At-Risk,160.85510921563238,0.98831475,1.0,262.0,271.44
17786.0,1,Low-Value / At-Risk,247.87923877983857,0.9944782,0.0,134.0,114.85
17787.0,0,High-Value / Low-Risk,709.107677255574,0.9799161,2.0,121.0,2452.45
17789.0,0,High-Value / Low-Risk,167.42428835677427,0.020298894,1.0,98.0,397.15
17790.0,0,High-Value / Low-Risk,766.8337991640813,0.0060342774,12.0,15.0,1715.07
17792.0,1,Low-Value / At-Risk,138.42327774773798,0.99558556,1.0,284.0,370.05
17794.0,1,Low-Value / At-Risk,43.90313808535152,0.99624145,1.0,503.0,147.3
17795.0,0,High-Value / Low-Risk,334.0917491963343,0.00557618,0.0,81.0,163.25
17796.0,0,High-Value / Low-Risk,569.7918422991966,0.9738945,5.0,130.0,1286.09
17797.0,1,Low-Value / At-Risk,329.0694173562389,0.984897,4.0,212.0,1205.44
17798.0,1,Low-Value / At-Risk,108.63273488097136,0.99624145,0.0,398.0,177.19
17799.0,0,High-Value / Low-Risk,1291.9946251175377,0.007295581,12.0,59.0,4674.29
17800.0,0,High-Value / Low-Risk,441.4609432025481,0.011367083,2.0,34.0,354.85
17801.0,1,Low-Value / At-Risk,189.1579287474508,0.9902086,2.0,268.0,798.3299999999999
17802.0,0,High-Value / Low-Risk,850.8206672784289,0.97795206,6.0,189.0,3868.28
17803.0,1,Low-Value / At-Risk,181.66080636263035,0.9948598,0.0,209.0,184.66
17804.0,1,Low-Value / At-Risk,161.43505182983316,0.98989433,2.0,193.0,385.23
17805.0,1,Low-Value / At-Risk,102.32445638175244,0.99624145,0.0,427.0,414.72
17807.0,1,Low-Value / At-Risk,164.4753111695815,0.98989433,2.0,212.0,437.87
17808.0,1,Low-Value / At-Risk,21.46534157826433,0.99558556,3.0,365.0,262.64
17809.0,0,High-Value / Low-Risk,2233.5983607417634,0.006119883,11.0,34.0,8576.18
17810.0,1,Low-Value / At-Risk,58.79504063998916,0.99567163,1.0,485.0,344.86
17811.0,0,High-Value / Low-Risk,3129.1263568543486,0.0061284946,24.0,4.0,5830.9
17812.0,1,Low-Value / At-Risk,305.9234585480642,0.9798456,3.0,185.0,651.28
17814.0,1,Low-Value / At-Risk,470.22190985582944,0.9876917,1.0,192.0,1617.3200000000002
17815.0,1,Low-Value / At-Risk,181.01646046238608,0.9948598,0.0,210.0,591.96
17816.0,0,High-Value / Low-Risk,131.72352327037268,0.017308187,3.0,86.0,97.07000000000001
17817.0,0,High-Value / Low-Risk,481.7666383570949,0.009939144,3.0,94.0,689.87
17818.0,1,Low-Value / At-Risk,81.58168092914649,0.99624145,0.0,554.0,130.18
17819.0,0,High-Value / Low-Risk,1557.1401875260126,0.005971654,9.0,11.0,5776.67
17820.0,1,Low-Value / At-Risk,194.0988711358397,0.9948598,0.0,191.0,183.56
17821.0,1,Low-Value / At-Risk,173.03824599838552,0.9948598,0.0,223.0,334.62
17822.0,1,Low-Value / At-Risk,420.66846459886824,0.982771,1.0,237.0,2179.65
17823.0,1,Low-Value / At-Risk,164.6654778492404,0.9947978,0.0,238.0,494.25
17825.0,1,Low-Value / At-Risk,127.75456921790897,0.9954541,1.0,415.0,731.96
17826.0,1,Low-Value / At-Risk,194.0988711358397,0.9948598,0.0,191.0,134.59
17827.0,0,High-Value / Low-Risk,590.5983764224236,0.013426675,2.0,59.0,1976.3999999999999
17828.0,0,High-Value / Low-Risk,707.484602155113,0.00557618,0.0,1.0,673.16
17829.0,0,High-Value / Low-Risk,1095.0588871353425,0.012201033,4.0,115.0,4756.74
17830.0,0,High-Value / Low-Risk,397.6057395955835,0.0052788644,1.0,78.0,287.65
17833.0,1,Low-Value / At-Risk,83.44622194255159,0.99624145,0.0,540.0,342.36
17834.0,1,Low-Value / At-Risk,244.3612644644081,0.9876917,1.0,231.0,730.47
17838.0,0,High-Value / Low-Risk,1629.9541541666958,0.005971654,9.0,109.0,5631.300000000001
17840.0,1,Low-Value / At-Risk,153.75582821651926,0.9948598,0.0,260.0,185.72
17841.0,0,High-Value / Low-Risk,11925.090306183338,0.0063334485,126.0,1.0,42213.68
17842.0,1,Low-Value / At-Risk,103.99024933506838,0.99624145,0.0,419.0,430.69
17843.0,1,Low-Value / At-Risk,281.03482881513287,0.9876917,1.0,120.0,318.48
17845.0,1,Low-Value / At-Risk,105.33171972373869,0.99558556,1.0,372.0,598.19
17847.0,1,Low-Value / At-Risk,117.65074237133044,0.99558556,1.0,332.0,125.74000000000001
17848.0,0,High-Value / Low-Risk,880.1723612652684,0.0116602015,22.0,66.0,3106.92
17849.0,0,High-Value / Low-Risk,413.4752566044264,0.0068894387,6.0,35.0,1063.76
17850.0,0,High-Value / Low-Risk,587.4646697998124,0.9744455,22.0,189.0,56600.08
17851.0,1,Low-Value / At-Risk,339.252437946476,0.98678166,5.0,239.0,1563.3400000000001
17852.0,1,Low-Value / At-Risk,207.2647159403038,0.9850798,2.0,205.0,548.87
17853.0,1,Low-Value / At-Risk,328.1689848343077,0.9864542,2.0,224.0,1608.19
17854.0,0,High-Value / Low-Risk,359.6117067541342,0.013947151,4.0,2.0,1071.45
17855.0,1,Low-Value / At-Risk,195.58704087078877,0.9948598,0.0,189.0,417.94
17856.0,0,High-Value / Low-Risk,923.2241523496843,0.0052852985,2.0,50.0,1142.6299999999999
17857.0,0,High-Value / Low-Risk,3340.1015159058784,0.006074513,9.0,23.0,10587.039999999999
17858.0,0,High-Value / Low-Risk,2546.9016208808353,0.0067087486,21.0,78.0,10261.79
17859.0,1,Low-Value / At-Risk,264.61537813972967,0.99070215,0.0,121.0,148.21
17860.0,1,Low-Value / At-Risk,279.1417365193336,0.984504,2.0,185.0,1015.54
17861.0,0,High-Value / Low-Risk,960.7227816048988,0.008663339,11.0,70.0,3484.87
17862.0,1,Low-Value / At-Risk,504.01557021825096,0.9766555,3.0,140.0,1279.0900000000001
17863.0,0,High-Value / Low-Risk,1219.883050053678,0.007033725,8.0,71.0,3957.1
17864.0,0,High-Value / Low-Risk,348.8363129830794,0.012636843,2.0,92.0,535.23
17865.0,0,High-Value / Low-Risk,5483.874123785571,0.0068322523,25.0,21.0,20009.73
17866.0,1,Low-Value / At-Risk,227.205266832048,0.99567163,1.0,301.0,805.3000000000001
17867.0,0,High-Value / Low-Risk,367.2481602909287,0.006895343,8.0,20.0,1006.9000000000001
17868.0,1,Low-Value / At-Risk,185.62550203354877,0.9948598,0.0,203.0,234.65
17869.0,0,High-Value / Low-Risk,442.70448765977073,0.01068005,4.0,32.0,918.9399999999999
17870.0,1,Low-Value / At-Risk,440.111143219251,0.9838704,1.0,183.0,1540.1999999999998
17871.0,0,High-Value / Low-Risk,367.08345579022034,0.010619194,4.0,21.0,1118.99
17872.0,1,Low-Value / At-Risk,189.0643226504456,0.9948598,0.0,198.0,235.87
17873.0,0,High-Value / Low-Risk,1673.0452652230842,0.0057805316,13.0,1.0,6114.46
17874.0,0,High-Value / Low-Risk,1106.7292975258988,0.005211679,2.0,2.0,683.46
17875.0,1,Low-Value / At-Risk,88.50325993304786,0.99624145,0.0,505.0,167.1
17876.0,1,Low-Value / At-Risk,753.2044312893642,0.98395836,2.0,216.0,3424.02
17878.0,1,Low-Value / At-Risk,179.7414091935839,0.9947978,0.0,212.0,1032.88
17880.0,1,Low-Value / At-Risk,254.6746064705298,0.98434746,2.0,181.0,824.9200000000001
17881.0,1,Low-Value / At-Risk,264.61537813972967,0.99070215,0.0,121.0,133.35000000000002
17882.0,1,Low-Value / At-Risk,190.475863355498,0.9947978,0.0,196.0,313.46
17883.0,0,High-Value / Low-Risk,199.3642493404613,0.014645113,2.0,63.0,443.42999999999995
17884.0,0,High-Value / Low-Risk,705.3227033447737,0.965417,14.0,128.0,2953.2799999999997
17886.0,0,High-Value / Low-Risk,470.7385391511127,0.009809164,4.0,27.0,1105.03
17888.0,0,High-Value / Low-Risk,468.40596024365976,0.011609163,18.0,29.0,1273.17
17889.0,0,High-Value / Low-Risk,380.48100139288334,0.008803001,4.0,29.0,774.87
17890.0,1,Low-Value / At-Risk,279.50341779182054,0.9799182,1.0,139.0,602.0899999999999
17893.0,0,High-Value / Low-Risk,449.4172193778745,0.00557618,0.0,42.0,112.25
17894.0,0,High-Value / Low-Risk,501.64116431472064,0.0061284946,14.0,102.0,2201.0
17897.0,0,High-Value / Low-Risk,608.4163139366968,0.97266364,6.0,184.0,2406.17
17898.0,0,High-Value / Low-Risk,191.6418517151758,0.013102156,2.0,24.0,246.96
17900.0,0,High-Value / Low-Risk,652.451325230787,0.005509901,0.0,7.0,112.19999999999999
17901.0,1,Low-Value / At-Risk,124.51761404281706,0.99624145,0.0,338.0,149.7
17902.0,1,Low-Value / At-Risk,117.3662999608551,0.99624145,0.0,363.0,216.4
17903.0,1,Low-Value / At-Risk,180.37667753007827,0.9948598,0.0,211.0,381.09
17905.0,0,High-Value / Low-Risk,471.9320498497263,0.9738679,9.0,169.0,1966.9299999999998
17906.0,0,High-Value / Low-Risk,376.12621197573407,0.00557618,0.0,64.0,72.9
17907.0,1,Low-Value / At-Risk,96.5263870821952,0.99624145,0.0,457.0,291.76
17908.0,1,Low-Value / At-Risk,343.70236733828085,0.9833497,4.0,190.0,1411.54
17909.0,1,Low-Value / At-Risk,81.58168092914649,0.99624145,0.0,554.0,132.55
17910.0,1,Low-Value / At-Risk,83.0395341369801,0.99624145,0.0,543.0,261.7
17912.0,1,Low-Value / At-Risk,299.80329909948966,0.97684425,4.0,127.0,372.55
17913.0,0,High-Value / Low-Risk,628.6060388307549,0.9822709,11.0,172.0,3281.89
17915.0,1,Low-Value / At-Risk,116.03357356945848,0.99624145,0.0,368.0,242.13
17916.0,1,Low-Value / At-Risk,78.16969627645706,0.99624145,1.0,445.0,43.870000000000005
17917.0,0,High-Value / Low-Risk,303.1381359526229,0.011584109,1.0,73.0,230.45999999999998
17918.0,1,Low-Value / At-Risk,65.2664640072344,0.99558556,2.0,317.0,388.44
17919.0,1,Low-Value / At-Risk,156.10623240283596,0.9948598,0.0,255.0,536.28
17920.0,0,High-Value / Low-Risk,6004.181958317516,0.011592673,38.0,17.0,21862.15
17921.0,0,High-Value / Low-Risk,831.4628018993718,0.0067709307,6.0,83.0,1877.55
17922.0,1,Low-Value / At-Risk,118.180746090469,0.99624145,0.0,360.0,170.4
17923.0,0,High-Value / Low-Risk,255.10583826178473,0.0140970955,2.0,99.0,497.0
17924.0,0,High-Value / Low-Risk,553.9537157829459,0.014110807,2.0,118.0,1076.4
17925.0,1,Low-Value / At-Risk,195.58704087078877,0.9948598,0.0,189.0,488.16
17926.0,0,High-Value / Low-Risk,373.9525405351462,0.0106305275,3.0,20.0,849.9300000000001
17927.0,1,Low-Value / At-Risk,83.71956856254864,0.99624145,0.0,538.0,294.0
17928.0,0,High-Value / Low-Risk,157.44467493801395,0.020275377,1.0,63.0,206.95999999999998
17929.0,0,High-Value / Low-Risk,721.9302271735651,0.006630903,8.0,71.0,2674.1
17930.0,0,High-Value / Low-Risk,961.7859326598798,0.009261618,8.0,56.0,2925.34
17931.0,0,High-Value / Low-Risk,1010.0654934190036,0.010506443,9.0,72.0,3326.13
17932.0,0,High-Value / Low-Risk,513.1811992459335,0.00557618,0.0,28.0,589.01
17933.0,1,Low-Value / At-Risk,98.00726312415554,0.99624145,0.0,449.0,105.99
17934.0,1,Low-Value / At-Risk,173.03824599838552,0.9948598,0.0,223.0,344.90000000000003
17935.0,1,Low-Value / At-Risk,200.63135522007897,0.9809837,3.0,217.0,540.35
17937.0,0,High-Value / Low-Risk,1372.4772473462706,0.010126993,3.0,74.0,3327.48
17938.0,1,Low-Value / At-Risk,165.19833336959886,0.9948598,0.0,237.0,144.29
17940.0,0,High-Value / Low-Risk,6318.252258604943,0.010923455,7.0,35.0,27831.48
17941.0,1,Low-Value / At-Risk,164.26522808866463,0.99567163,2.0,407.0,1128.72
17944.0,1,Low-Value / At-Risk,163.61002894112784,0.9948598,0.0,240.0,75.41
17945.0,1,Low-Value / At-Risk,87.2940369045399,0.99624145,0.0,513.0,359.5
17946.0,0,High-Value / Low-Risk,518.7977707261388,0.0052788644,1.0,50.0,149.57999999999998
17949.0,0,High-Value / Low-Risk,16949.25369188698,0.007124801,52.0,6.0,61749.0
17950.0,1,Low-Value / At-Risk,373.5450713115639,0.9780809,4.0,182.0,1213.78
17951.0,1,Low-Value / At-Risk,423.6913662062493,0.9839804,2.0,175.0,1037.04
17952.0,1,Low-Value / At-Risk,264.30990387412976,0.9823307,1.0,195.0,819.61
17953.0,1,Low-Value / At-Risk,119.0065850306577,0.99624145,0.0,357.0,150.32
17954.0,0,High-Value / Low-Risk,908.1229951285354,0.005846484,13.0,1.0,3148.92
17955.0,0,High-Value / Low-Risk,397.93255835279825,0.010291817,4.0,15.0,949.9
17956.0,1,Low-Value / At-Risk,370.6371534017109,0.00557618,0.0,66.0,12.75
17958.0,1,Low-Value / At-Risk,82.77060514618431,0.99624145,0.0,545.0,465.42
17959.0,1,Low-Value / At-Risk,106.1504035882756,0.99624145,0.0,409.0,140.75
17960.0,1,Low-Value / At-Risk,108.22993914254432,0.99558556,1.0,339.0,61.300000000000004
17961.0,0,High-Value / Low-Risk,846.2898997333845,0.009053553,67.0,13.0,2573.49
17962.0,1,Low-Value / At-Risk,129.13394423459243,0.9950498,1.0,366.0,583.54
17963.0,1,Low-Value / At-Risk,187.72787677724352,0.9952295,3.0,288.0,651.51
17964.0,1,Low-Value / At-Risk,195.58704087078877,0.9948598,0.0,189.0,523.52
17965.0,0,High-Value / Low-Risk,1609.663852876801,0.005846484,20.0,69.0,5944.69
17966.0,0,High-Value / Low-Risk,338.3448622692341,0.013150731,4.0,1.0,1159.49
17967.0,1,Low-Value / At-Risk,265.0278727824154,0.9876917,1.0,188.0,357.28999999999996
17968.0,1,Low-Value / At-Risk,366.3867209914439,0.97486895,3.0,190.0,888.0400000000001
17969.0,1,Low-Value / At-Risk,135.88562547942,0.9871912,18.0,178.0,2266.94
17970.0,0,High-Value / Low-Risk,513.1811992459335,0.00557618,0.0,28.0,582.59
17971.0,1,Low-Value / At-Risk,116.82954923390326,0.99624145,0.0,365.0,161.94
17972.0,0,High-Value / Low-Risk,393.620077897415,0.00557618,0.0,58.0,136.04
17974.0,0,High-Value / Low-Risk,787.3248751128103,0.007736783,3.0,36.0,1290.04
17975.0,0,High-Value / Low-Risk,2554.3132623500223,0.0061284946,17.0,9.0,5317.84
17976.0,1,Low-Value / At-Risk,195.58704087078877,0.9948598,0.0,189.0,706.38
17977.0,1,Low-Value / At-Risk,176.63114051381973,0.9948598,0.0,217.0,1277.49
17978.0,1,Low-Value / At-Risk,420.9108783527687,0.98076963,3.0,182.0,1461.7599999999998
17979.0,0,High-Value / Low-Risk,345.44172912601016,0.005509901,0.0,76.0,241.67000000000002
17980.0,0,High-Value / Low-Risk,534.2895182937119,0.0085877795,2.0,21.0,784.72
17981.0,1,Low-Value / At-Risk,170.72323186225776,0.9948598,0.0,227.0,239.12
17982.0,1,Low-Value / At-Risk,89.74647362320388,0.99624145,0.0,497.0,138.18
17983.0,1,Low-Value / At-Risk,179.7414091935839,0.9948598,0.0,212.0,171.71
17984.0,1,Low-Value / At-Risk,285.92463312970926,0.9809837,3.0,209.0,1035.09
17987.0,0,High-Value / Low-Risk,459.5551282622238,0.009260914,4.0,2.0,1003.64
17988.0,1,Low-Value / At-Risk,156.3361967811856,0.98765033,6.0,143.0,349.56
17989.0,1,Low-Value / At-Risk,190.475863355498,0.9948598,0.0,196.0,228.83
17990.0,0,High-Value / Low-Risk,427.58592251297495,0.007859004,5.0,53.0,1527.6100000000001
17991.0,0,High-Value / Low-Risk,169.3700110828497,0.014383329,2.0,42.0,318.90000000000003
17992.0,1,Low-Value / At-Risk,183.62171608464033,0.9948598,0.0,206.0,254.13
17993.0,1,Low-Value / At-Risk,100.91009016549596,0.99624145,0.0,434.0,235.19
17994.0,0,High-Value / Low-Risk,683.5831112658876,0.008951037,9.0,6.0,2186.61
17995.0,0,High-Value / Low-Risk,308.7243773701978,0.009155488,2.0,98.0,495.48
17996.0,1,Low-Value / At-Risk,193.73307705976845,0.9829632,1.0,196.0,469.73
17998.0,1,Low-Value / At-Risk,194.706770103073,0.9845471,2.0,197.0,639.24
17999.0,1,Low-Value / At-Risk,331.93267250450157,0.9838704,1.0,183.0,539.1800000000001
18000.0,1,Low-Value / At-Risk,112.70618537162228,0.99624145,0.0,381.0,124.25
18001.0,1,Low-Value / At-Risk,174.10923880620456,0.985036,2.0,266.0,536.61
18002.0,1,Low-Value / At-Risk,152.11755650857816,0.98998696,3.0,192.0,243.17
18003.0,1,Low-Value / At-Risk,192.63322117817592,0.9948598,0.0,193.0,358.61
18004.0,1,Low-Value / At-Risk,203.38461309205277,0.9948598,0.0,179.0,169.47
18006.0,1,Low-Value / At-Risk,215.65978178193853,0.9873143,2.0,198.0,553.18
18007.0,1,Low-Value / At-Risk,181.66080636263035,0.9948598,0.0,209.0,220.32
18008.0,0,High-Value / Low-Risk,5853.078738016306,0.011183941,18.0,20.0,19736.35
18009.0,0,High-Value / Low-Risk,706.734941278811,0.012205706,6.0,52.0,2155.83
18010.0,0,High-Value / Low-Risk,352.6314340180227,0.00557618,0.0,73.0,174.8
18011.0,1,Low-Value / At-Risk,186.61930006346748,0.98888373,1.0,190.0,527.03
18012.0,1,Low-Value / At-Risk,83.44622194255159,0.99624145,0.0,540.0,115.3
18016.0,0,High-Value / Low-Risk,342.77966489906714,0.010589956,4.0,3.0,965.66
18017.0,1,Low-Value / At-Risk,250.58281358498655,0.9876917,1.0,127.0,330.0
18018.0,0,High-Value / Low-Risk,253.31291590471255,0.011468143,2.0,16.0,213.3
18020.0,1,Low-Value / At-Risk,118.180746090469,0.99624145,0.0,360.0,190.48
18021.0,1,Low-Value / At-Risk,109.41138984544868,0.99558556,1.0,326.0,227.06
18022.0,1,Low-Value / At-Risk,351.30472375558395,0.9771314,3.0,202.0,983.05
18025.0,1,Low-Value / At-Risk,355.8244365594349,0.9763288,4.0,196.0,1177.72
18026.0,1,Low-Value / At-Risk,360.1706620224053,0.99558556,1.0,317.0,2074.07
18028.0,1,Low-Value / At-Risk,108.17279637896593,0.99624145,0.0,400.0,192.05
18029.0,1,Low-Value / At-Risk,96.16313858594536,0.99624145,0.0,459.0,433.77
18031.0,1,Low-Value / At-Risk,191.18958281965823,0.9948598,0.0,195.0,462.1
18032.0,1,Low-Value / At-Risk,228.9511931032469,0.9948598,0.0,151.0,73.5
18034.0,1,Low-Value / At-Risk,193.36326330895716,0.9948598,0.0,192.0,369.97
18035.0,1,Low-Value / At-Risk,186.3032030768072,0.9947978,0.0,202.0,546.3399999999999
18036.0,0,High-Value / Low-Risk,442.29800105983526,0.01051979,7.0,62.0,1268.82
18037.0,0,High-Value / Low-Risk,158.73582464352472,0.009973442,12.0,42.0,158.22
18038.0,1,Low-Value / At-Risk,114.73079976387132,0.99624145,0.0,373.0,149.41
18039.0,1,Low-Value / At-Risk,240.33830351600233,0.98275685,3.0,191.0,579.17
18040.0,0,High-Value / Low-Risk,381.7811911825812,0.00557618,0.0,62.0,239.0
18041.0,0,High-Value / Low-Risk,2098.582339530571,0.005981314,27.0,30.0,7200.0
18042.0,1,Low-Value / At-Risk,118.73002478221022,0.99624145,0.0,358.0,116.1
18043.0,0,High-Value / Low-Risk,315.2370533342307,0.011584109,1.0,23.0,768.27
18044.0,0,High-Value / Low-Risk,1021.8759093128544,0.005846484,13.0,15.0,2300.22
18046.0,1,Low-Value / At-Risk,94.91303192494316,0.99624145,0.0,466.0,189.63
18047.0,1,Low-Value / At-Risk,189.0643226504456,0.9947978,0.0,198.0,342.69
18048.0,0,High-Value / Low-Risk,224.75153968840172,0.012706265,1.0,20.0,401.73
18049.0,1,Low-Value / At-Risk,189.76984179452913,0.98858184,1.0,254.0,556.1
18050.0,1,Low-Value / At-Risk,214.61084852483967,0.9850655,1.0,176.0,412.06000000000006
18051.0,1,Low-Value / At-Risk,4.8644845261525465,0.99541795,6.0,451.0,2282.2799999999997
18052.0,1,Low-Value / At-Risk,112.70618537162228,0.99624145,0.0,381.0,10877.18
18053.0,1,Low-Value / At-Risk,85.85712489615275,0.99609214,1.0,342.0,271.05
18054.0,1,Low-Value / At-Risk,181.66080636263035,0.9948598,0.0,209.0,176.5
18055.0,0,High-Value / Low-Risk,3729.709616808741,0.0066748094,8.0,20.0,7773.91
18056.0,0,High-Value / Low-Risk,217.4646258454481,0.019909555,1.0,105.0,554.5999999999999
18057.0,1,Low-Value / At-Risk,320.2193505602439,0.9873143,2.0,210.0,1182.3899999999999
18058.0,1,Low-Value / At-Risk,154.0707655279411,0.99567163,1.0,358.0,603.9
18060.0,1,Low-Value / At-Risk,324.5581512979944,0.98831475,1.0,225.0,1185.46
18061.0,0,High-Value / Low-Risk,1574.570121586115,0.006935941,21.0,23.0,5560.18
18062.0,0,High-Value / Low-Risk,466.2572284613319,0.009809164,4.0,37.0,1398.07
18063.0,1,Low-Value / At-Risk,134.05019830879743,0.9885274,1.0,207.0,186.60000000000002
18064.0,0,High-Value / Low-Risk,1184.750585757537,0.010095003,7.0,52.0,4089.03
18065.0,0,High-Value / Low-Risk,1388.1440327595042,0.005846484,13.0,0.0,4865.95
18066.0,1,Low-Value / At-Risk,296.2304711467925,0.9876917,1.0,203.0,1122.4
18068.0,1,Low-Value / At-Risk,286.9832829819896,0.00557618,0.0,106.0,101.7
18069.0,0,High-Value / Low-Risk,975.1305682646158,0.007783644,6.0,52.0,3177.55
18070.0,1,Low-Value / At-Risk,91.51407878552706,0.99624145,0.0,486.0,314.1
18071.0,0,High-Value / Low-Risk,418.3084811343685,0.011457007,4.0,74.0,1428.63
18072.0,0,High-Value / Low-Risk,697.6694396634877,0.00557618,0.0,2.0,247.44
18073.0,0,High-Value / Low-Risk,1546.3109450109562,0.005222459,2.0,2.0,504.24
18074.0,1,Low-Value / At-Risk,457.5362187376845,0.9884199,1.0,190.0,1509.04
18075.0,0,High-Value / Low-Risk,1867.1783819324364,0.0061284946,15.0,21.0,4442.26
18076.0,1,Low-Value / At-Risk,189.76746307932055,0.9948598,0.0,197.0,151.49
18077.0,0,High-Value / Low-Risk,761.6638745515022,0.0060053263,10.0,43.0,2584.93
18078.0,0,High-Value / Low-Risk,277.7849250424717,0.010755909,3.0,34.0,844.6
18079.0,0,High-Value / Low-Risk,737.8936713609312,0.019160364,1.0,55.0,2203.6099999999997
18080.0,0,High-Value / Low-Risk,390.59167249841784,0.00557618,0.0,59.0,841.4999999999999
18083.0,1,Low-Value / At-Risk,178.48422621859189,0.9948598,0.0,214.0,470.73
18084.0,1,Low-Value / At-Risk,201.844434523245,0.9850655,1.0,200.0,722.45
18085.0,1,Low-Value / At-Risk,520.065050173649,0.97830486,3.0,147.0,1645.75
18086.0,1,Low-Value / At-Risk,313.49965690860137,0.00557618,0.0,91.0,101.34
18087.0,0,High-Value / Low-Risk,3441.703295401462,0.006660206,12.0,107.0,13908.72
18089.0,1,Low-Value / At-Risk,152.37930065855133,0.9948598,0.0,263.0,428.45
18090.0,1,Low-Value / At-Risk,164.6654778492404,0.9948598,0.0,238.0,349.4
18091.0,1,Low-Value / At-Risk,105.93035503342688,0.99624145,0.0,410.0,360.85
18092.0,0,High-Value / Low-Risk,3055.309829280471,0.0057805316,12.0,1.0,11781.22
18093.0,0,High-Value / Low-Risk,1073.2502273211114,0.0072690407,5.0,114.0,3463.7100000000005
18094.0,0,High-Value / Low-Risk,1328.822342155429,0.006734647,7.0,35.0,5151.42
18095.0,0,High-Value / Low-Risk,528.523343000661,0.9812469,4.0,129.0,2303.09
18096.0,1,Low-Value / At-Risk,255.84086439146856,0.9851126,2.0,259.0,874.42
18097.0,0,High-Value / Low-Risk,1005.4853522310082,0.006734647,7.0,22.0,3422.08
18098.0,1,Low-Value / At-Risk,179.11060776298865,0.9948598,0.0,213.0,550.84
18100.0,1,Low-Value / At-Risk,116.29768986109048,0.99624145,0.0,367.0,451.56
18101.0,1,Low-Value / At-Risk,185.6772255760692,0.9840889,2.0,191.0,405.51
18102.0,0,High-Value / Low-Risk,118719.30615718164,0.008573359,49.0,2.0,424805.98
18103.0,1,Low-Value / At-Risk,116.56301231991944,0.99624145,0.0,366.0,105.8
18106.0,1,Low-Value / At-Risk,410.59101321398214,0.9853426,3.0,146.0,1461.46
18107.0,1,Low-Value / At-Risk,154.22022183002937,0.9948598,0.0,259.0,167.13
18108.0,0,High-Value / Low-Risk,191.53978788014737,0.015893774,2.0,71.0,848.81
18109.0,0,High-Value / Low-Risk,1892.4420609905576,0.006073028,22.0,11.0,4325.42
18110.0,1,Low-Value / At-Risk,170.15414047373773,0.9948598,0.0,228.0,199.13
18111.0,1,Low-Value / At-Risk,106.81607309648288,0.99624145,0.0,406.0,405.85
18112.0,1,Low-Value / At-Risk,202.49729192839405,0.98831475,1.0,235.0,423.27
18113.0,1,Low-Value / At-Risk,198.63305194437112,0.9948598,0.0,185.0,152.64
18114.0,0,High-Value / Low-Risk,285.37467640753573,0.00557618,0.0,107.0,220.1
18115.0,1,Low-Value / At-Risk,87.14520465108698,0.99624145,0.0,514.0,9.7
18116.0,0,High-Value / Low-Risk,1141.3422977126247,0.0059836786,11.0,51.0,1987.1399999999999
18118.0,0,High-Value / Low-Risk,3115.090619503033,0.0061284946,17.0,3.0,4596.54
18119.0,1,Low-Value / At-Risk,199.40946829735972,0.9948598,0.0,184.0,362.24
18120.0,0,High-Value / Low-Risk,498.0279123019684,0.00557618,0.0,31.0,111.15
18123.0,1,Low-Value / At-Risk,126.99394392647704,0.99624145,0.0,330.0,95.15
18124.0,1,Low-Value / At-Risk,141.40864048436862,0.99624145,0.0,289.0,111.53
18125.0,0,High-Value / Low-Risk,606.956864903536,0.008766665,2.0,18.0,945.1400000000001
18127.0,1,Low-Value / At-Risk,174.81620299696948,0.9948598,0.0,220.0,212.8
18128.0,1,Low-Value / At-Risk,119.84405771532074,0.99624145,0.0,354.0,420.04
18129.0,0,High-Value / Low-Risk,387.6097621402632,0.00557618,0.0,60.0,112.55
18131.0,1,Low-Value / At-Risk,98.19557573887936,0.99624145,0.0,448.0,222.96
18132.0,1,Low-Value / At-Risk,129.90036996148237,0.99624145,0.0,321.0,226.9
18133.0,0,High-Value / Low-Risk,508.02789100490946,0.00557618,0.0,29.0,931.5
18134.0,1,Low-Value / At-Risk,105.88180638489668,0.99567163,1.0,415.0,445.0
18135.0,0,High-Value / Low-Risk,292.9188746509226,0.007776697,5.0,7.0,677.53
18136.0,0,High-Value / Low-Risk,553.0524257316523,0.011983479,3.0,28.0,1447.88
18137.0,1,Low-Value / At-Risk,116.03357356945848,0.99624145,0.0,368.0,145.99
18138.0,1,Low-Value / At-Risk,277.5956639644973,0.00557618,0.0,112.0,152.65
18140.0,1,Low-Value / At-Risk,141.01818939513575,0.99624145,0.0,290.0,536.41
18141.0,1,Low-Value / At-Risk,233.8677111991991,0.98888373,1.0,218.0,882.47
18142.0,0,High-Value / Low-Risk,493.175187436829,0.00557618,0.0,32.0,282.48
18144.0,0,High-Value / Low-Risk,1004.918178437367,0.005846484,12.0,29.0,3774.9
18145.0,0,High-Value / Low-Risk,1057.41024210597,0.0066056293,8.0,21.0,3780.02
18146.0,0,High-Value / Low-Risk,470.2734103555939,0.00557618,0.0,37.0,76.65
18148.0,1,Low-Value / At-Risk,95.44478724923468,0.99624145,0.0,463.0,114.1
18149.0,0,High-Value / Low-Risk,508.5867404069673,0.009314117,5.0,32.0,1562.31
18150.0,0,High-Value / Low-Risk,571.1737724672217,0.00557618,0.0,18.0,227.58
18151.0,0,High-Value / Low-Risk,410.79776857542697,0.014259584,4.0,106.0,1538.64
18152.0,1,Low-Value / At-Risk,95.44478724923468,0.99624145,0.0,463.0,426.69
18153.0,1,Low-Value / At-Risk,93.18255188617562,0.99624145,0.0,476.0,246.22
18154.0,1,Low-Value / At-Risk,250.485450576506,0.9841001,2.0,205.0,533.4100000000001
18155.0,1,Low-Value / At-Risk,283.78406613190873,0.00557618,0.0,108.0,113.93
18156.0,1,Low-Value / At-Risk,197.8626707005174,0.9948598,0.0,186.0,412.46
18157.0,1,Low-Value / At-Risk,110.99241853542864,0.99624145,0.0,388.0,215.35
18159.0,0,High-Value / Low-Risk,268.8046763637877,0.00557618,0.0,118.0,530.15
18160.0,0,High-Value / Low-Risk,384.17422103764466,0.015161391,1.0,17.0,684.37
18161.0,0,High-Value / Low-Risk,534.0373163264132,0.01355419,2.0,69.0,730.7299999999999
18162.0,1,Low-Value / At-Risk,82.23794168340548,0.99624145,0.0,549.0,379.16
18163.0,1,Low-Value / At-Risk,107.94428565842304,0.99624145,0.0,401.0,728.84
18166.0,1,Low-Value / At-Risk,99.72855268991182,0.99624145,0.0,440.0,175.5
18168.0,0,High-Value / Low-Risk,1052.546625623376,0.005846484,14.0,21.0,3655.12
18170.0,0,High-Value / Low-Risk,666.3333106341724,0.007156772,6.0,34.0,2201.9
18171.0,0,High-Value / Low-Risk,494.7130830056739,0.018418886,5.0,55.0,1670.59
18172.0,0,High-Value / Low-Risk,3865.970105150124,0.0057805316,25.0,28.0,13638.32
18173.0,0,High-Value / Low-Risk,678.3393421078694,0.010957861,3.0,16.0,2318.36
18174.0,1,Low-Value / At-Risk,103.77906304314078,0.99624145,0.0,420.0,58.5
18175.0,1,Low-Value / At-Risk,90.54138586023087,0.99624145,0.0,492.0,176.1
18176.0,1,Low-Value / At-Risk,206.68094753640904,0.9948598,0.0,175.0,476.35
18177.0,0,High-Value / Low-Risk,458.3675449318175,0.007965634,6.0,21.0,1589.1
18178.0,0,High-Value / Low-Risk,1696.7796153889376,0.0062757726,9.0,36.0,5612.870000000001
18179.0,0,High-Value / Low-Risk,579.29131138127,0.0073518516,5.0,69.0,1857.54
18181.0,1,Low-Value / At-Risk,220.9526900331743,0.98385024,3.0,217.0,823.14
18182.0,1,Low-Value / At-Risk,145.02261098968802,0.99624145,0.0,280.0,291.13
18183.0,0,High-Value / Low-Risk,630.3576570904391,0.0052788644,1.0,44.0,632.07
18185.0,0,High-Value / Low-Risk,370.6371534017109,0.00557618,0.0,66.0,304.25
18186.0,1,Low-Value / At-Risk,83.5826716565802,0.99624145,0.0,539.0,329.58
18187.0,1,Low-Value / At-Risk,98.19557573887936,0.99624145,0.0,448.0,724.89
18188.0,0,High-Value / Low-Risk,546.3230522148874,0.010635167,3.0,107.0,1706.15
18189.0,0,High-Value / Low-Risk,286.7512357415618,0.019909555,1.0,84.0,946.59
18190.0,0,High-Value / Low-Risk,266.3551557233285,0.013128671,4.0,9.0,745.62
18191.0,0,High-Value / Low-Risk,243.36137700686223,0.021107282,1.0,78.0,529.4
18193.0,1,Low-Value / At-Risk,260.74868261969664,0.9876917,1.0,197.0,963.5899999999999
18194.0,1,Low-Value / At-Risk,616.3602108644649,0.98868084,4.0,255.0,3188.2000000000003
18195.0,1,Low-Value / At-Risk,184.95272272889355,0.9948598,0.0,204.0,101.16
18196.0,0,High-Value / Low-Risk,387.283286629976,0.020844962,2.0,107.0,1224.04
18197.0,1,Low-Value / At-Risk,110.03633983282542,0.99624145,0.0,392.0,230.1
18198.0,0,High-Value / Low-Risk,2719.290916516352,0.0064146346,10.0,4.0,3500.79
18199.0,1,Low-Value / At-Risk,89.27619466559442,0.99624145,0.0,500.0,344.75
18201.0,1,Low-Value / At-Risk,83.5826716565802,0.99624145,0.0,539.0,447.53
18202.0,0,High-Value / Low-Risk,930.3498554976647,0.007604344,1.0,16.0,1396.99
18203.0,1,Low-Value / At-Risk,154.53629652890663,0.9899401,2.0,198.0,334.0
18204.0,0,High-Value / Low-Risk,635.9792667132612,0.00557618,0.0,9.0,549.43
18206.0,1,Low-Value / At-Risk,115.50892671156778,0.99624145,0.0,370.0,314.65999999999997
18207.0,1,Low-Value / At-Risk,131.57333857191188,0.99624145,0.0,316.0,544.47
18208.0,1,Low-Value / At-Risk,112.45812584609936,0.99624145,0.0,382.0,360.08
18210.0,0,High-Value / Low-Risk,290.9411245152186,0.014438975,1.0,84.0,289.85
18211.0,1,Low-Value / At-Risk,305.9591622595836,0.00557618,0.0,95.0,137.9
18212.0,1,Low-Value / At-Risk,166.2967420418792,0.9895321,1.0,143.0,546.72
18213.0,0,High-Value / Low-Risk,409.4993172816693,0.00557618,0.0,53.0,232.48
18214.0,1,Low-Value / At-Risk,51.43950243424965,0.99558556,3.0,347.0,1780.34
18215.0,1,Low-Value / At-Risk,365.63635227647273,0.98949146,3.0,254.0,1948.15
18217.0,1,Low-Value / At-Risk,95.2082549990374,0.99624145,1.0,330.0,323.29
18218.0,0,High-Value / Low-Risk,366.40473369938206,0.011534242,3.0,28.0,1142.0
18219.0,0,High-Value / Low-Risk,735.9177537110021,0.0061896807,11.0,31.0,2405.43
18220.0,0,High-Value / Low-Risk,559.0731051476887,0.008089015,5.0,43.0,1921.76
18221.0,0,High-Value / Low-Risk,530.4629239972709,0.0087353,2.0,1.0,920.34
18223.0,0,High-Value / Low-Risk,2627.9046861345887,0.0057805316,18.0,22.0,10273.79
18224.0,0,High-Value / Low-Risk,336.30141334578883,0.00557618,0.0,80.0,158.95000000000002
18225.0,0,High-Value / Low-Risk,2643.400343459963,0.0057805316,17.0,21.0,9213.210000000001
18226.0,0,High-Value / Low-Risk,3013.0154346568343,0.0057805316,19.0,2.0,9251.17
18227.0,0,High-Value / Low-Risk,200.60929394297943,0.020457879,1.0,34.0,388.75
18229.0,0,High-Value / Low-Risk,1875.8914008208112,0.0057805316,15.0,1.0,6736.71
18230.0,0,High-Value / Low-Risk,1112.639256269329,0.008895021,4.0,24.0,2735.16
18231.0,0,High-Value / Low-Risk,2089.0748811725584,0.0079025235,24.0,9.0,6875.07
18232.0,0,High-Value / Low-Risk,1136.023450941245,0.0052788644,1.0,9.0,370.98
18233.0,1,Low-Value / At-Risk,238.595630844801,0.9944782,0.0,142.0,440.0
18234.0,1,Low-Value / At-Risk,116.03357356945848,0.99624145,0.0,368.0,179.6
18235.0,0,High-Value / Low-Risk,483.7500132841586,0.00557618,0.0,34.0,430.46
18236.0,0,High-Value / Low-Risk,475.0724846546121,0.0073518516,5.0,3.0,1217.61
18238.0,1,Low-Value / At-Risk,126.365663940929,0.99624145,0.0,332.0,270.92
18239.0,0,High-Value / Low-Risk,1254.8209757749623,0.008377712,5.0,35.0,2150.36
18241.0,0,High-Value / Low-Risk,476.2814860127397,0.009809164,4.0,34.0,1279.73
18242.0,0,High-Value / Low-Risk,609.2618450697839,0.0076433346,5.0,13.0,2066.8
18243.0,1,Low-Value / At-Risk,168.46944133246623,0.9948598,0.0,231.0,515.78
18244.0,1,Low-Value / At-Risk,210.18093312361103,0.9889839,1.0,247.0,568.64
18245.0,0,High-Value / Low-Risk,1659.309304404828,0.0057805316,12.0,28.0,5064.21
18246.0,0,High-Value / Low-Risk,188.39239446914868,0.019909555,1.0,50.0,395.62
18247.0,1,Low-Value / At-Risk,280.92117687252556,0.98680705,2.0,231.0,839.73
18248.0,0,High-Value / Low-Risk,688.1257869048195,0.00557618,0.0,3.0,496.46
18250.0,1,Low-Value / At-Risk,256.61783146891094,0.9936521,0.0,127.0,349.27
18251.0,0,High-Value / Low-Risk,2861.901036636876,0.9811529,6.0,262.0,21964.14
18252.0,1,Low-Value / At-Risk,102.6621175810832,0.99530953,4.0,365.0,1015.4200000000001
18253.0,1,Low-Value / At-Risk,96.16313858594536,0.99624145,0.0,459.0,317.88
18254.0,1,Low-Value / At-Risk,108.63273488097136,0.99624145,0.0,398.0,267.9
18255.0,1,Low-Value / At-Risk,147.96394891819256,0.9948598,0.0,273.0,199.85
18256.0,1,Low-Value / At-Risk,184.95272272889355,0.9948598,0.0,204.0,110.7
18257.0,0,High-Value / Low-Risk,916.8385682745086,0.008066065,6.0,23.0,2968.7200000000003
18258.0,1,Low-Value / At-Risk,182.97721578467613,0.99547136,4.0,281.0,2059.67
18259.0,0,High-Value / Low-Risk,576.6860161276455,0.9799748,4.0,183.0,2355.9000000000005
18260.0,0,High-Value / Low-Risk,2718.9166018051524,0.0057805316,20.0,22.0,9534.98
18262.0,1,Low-Value / At-Risk,178.11712391582842,0.98858184,1.0,210.0,428.06
18263.0,0,High-Value / Low-Risk,362.6989776340205,0.00557618,0.0,69.0,307.59999999999997
18264.0,1,Low-Value / At-Risk,131.91312228261384,0.99624145,0.0,315.0,603.25
18266.0,1,Low-Value / At-Risk,158.0390116095072,0.9948598,0.0,251.0,251.1
18267.0,1,Low-Value / At-Risk,91.02513236438566,0.99624145,0.0,489.0,269.37
18268.0,1,Low-Value / At-Risk,78.637570700039,0.9955788,4.0,408.0,1464.73
18269.0,1,Low-Value / At-Risk,200.1919910841392,0.9948598,0.0,183.0,337.2
18270.0,0,High-Value / Low-Risk,235.5356851179508,0.018909086,1.0,83.0,273.35
18271.0,1,Low-Value / At-Risk,163.39286334447735,0.99567163,1.0,426.0,680.85
18272.0,0,High-Value / Low-Risk,625.5182713575083,0.01073885,4.0,42.0,2287.94
18273.0,0,High-Value / Low-Risk,143.2017379625789,0.020275377,1.0,74.0,204.0
18275.0,1,Low-Value / At-Risk,151.49593867504487,0.99567163,1.0,395.0,741.8499999999999
18276.0,1,Low-Value / At-Risk,353.1620998441736,0.98524183,4.0,209.0,1320.66
18277.0,1,Low-Value / At-Risk,358.714606721062,0.9839205,2.0,214.0,1069.67
18278.0,1,Low-Value / At-Risk,174.21949799642076,0.9948598,0.0,221.0,240.3
18279.0,1,Low-Value / At-Risk,125.12758928149256,0.99624145,0.0,336.0,231.33999999999995
18280.0,0,High-Value / Low-Risk,295.0844755814285,0.015594976,1.0,94.0,488.15
18281.0,1,Low-Value / At-Risk,109.56445552216329,0.99624145,0.0,394.0,120.32
18283.0,0,High-Value / Low-Risk,469.07075028761176,0.006233737,9.0,17.0,1174.87
18284.0,1,Low-Value / At-Risk,159.52034561573055,0.9948598,0.0,248.0,411.68
18285.0,1,Low-Value / At-Risk,93.01297018621337,0.99624145,0.0,477.0,377.0
18286.0,1,Low-Value / At-Risk,265.685097879803,0.99567163,1.0,293.0,1246.43
18287.0,0,High-Value / Low-Risk,825.7571360130432,0.010044102,3.0,18.0,3060.99
